Relation_Count,Branching,Approach,Representation,questionId,prompt_1,prompt_2,Question,Answer,options,question_universe,row_number,group
2,L,SemanticApproach.EXTENSIONAL,Representation.ABSTRACT,0_L_e3,"Imagine there are six people: Autumn, Brooke, Chad, Daniel, Erin and Frank. They have the following relationships to each other:;;;;",;;Here is how to figure out the answer to the following question:;;Who is Chad's enemy's friend?;;;;Here are the steps to arrive at the answer:;;1. Chad's enemy = r;;2. Brooke's friend = k;;;;So the answer is k;;;;Now answer the following question:;;Who is Chad's enemy?,Chad's enemy,r,k;;q;;r;;s;;v;;w,Autumn = w  Autumn's enemy = q  Autumn's friend = k  Daniel's parent = k  Autumn's child = s  ;;Brooke = r  Brooke's enemy = k  Brooke's friend = s  Erin's parent = w    Brooke's child = v  ;;Chad = k    Chad's enemy = r    Chad's friend = w    Frank's parent = r   Chad's child = q    ;;Daniel = q  Daniel's enemy = w  Daniel's friend = v  ;;Erin = s    Erin's enemy = v    Erin's friend = r    ;;Frank = v   Frank's enemy = s   Frank's friend = q   ,16,0
2,L,SemanticApproach.EXTENSIONAL,Representation.ABSTRACT,0_L_e2,"Imagine there are six people: Autumn, Brooke, Chad, Daniel, Erin and Frank. They have the following relationships to each other:;;;;",;;Here is how to figure out the answer to the following question:;;Who is Chad's enemy's friend?;;;;Here are the steps to arrive at the answer:;;1. Chad's enemy = r;;2. Brooke's friend = k;;;;So the answer is k;;;;Now answer the following question:;;Who is Frank's enemy?,Frank's enemy,s,k;;q;;r;;s;;v;;w,Autumn = w  Autumn's enemy = q  Autumn's friend = k  Daniel's parent = k  Autumn's child = s  ;;Brooke = r  Brooke's enemy = k  Brooke's friend = s  Erin's parent = w    Brooke's child = v  ;;Chad = k    Chad's enemy = r    Chad's friend = w    Frank's parent = r   Chad's child = q    ;;Daniel = q  Daniel's enemy = w  Daniel's friend = v  ;;Erin = s    Erin's enemy = v    Erin's friend = r    ;;Frank = v   Frank's enemy = s   Frank's friend = q   ,5,1
2,L,SemanticApproach.EXTENSIONAL,Representation.ABSTRACT,0_L_e2,"Imagine there are six people: Autumn, Brooke, Chad, Daniel, Erin and Frank. They have the following relationships to each other:;;;;",;;Here is how to figure out the answer to the following question:;;Who is Chad's enemy's friend?;;;;Here are the steps to arrive at the answer:;;1. Chad's enemy = r;;2. Brooke's friend = k;;;;So the answer is k;;;;Now answer the following question:;;Who is Frank's enemy?,Frank's enemy,s,k;;q;;r;;s;;v;;w,Autumn = w  Autumn's enemy = q  Autumn's friend = k  Daniel's parent = k  Autumn's child = s  ;;Brooke = r  Brooke's enemy = k  Brooke's friend = s  Erin's parent = w    Brooke's child = v  ;;Chad = k    Chad's enemy = r    Chad's friend = w    Frank's parent = r   Chad's child = q    ;;Daniel = q  Daniel's enemy = w  Daniel's friend = v  ;;Erin = s    Erin's enemy = v    Erin's friend = r    ;;Frank = v   Frank's enemy = s   Frank's friend = q   ,6,2
2,L,SemanticApproach.EXTENSIONAL,Representation.ABSTRACT,0_L_c5,"Imagine there are six people: Autumn, Brooke, Chad, Daniel, Erin and Frank. They have the following relationships to each other:;;;;",;;Here is how to figure out the answer to the following question:;;Who is Chad's enemy's friend?;;;;Here are the steps to arrive at the answer:;;1. Chad's enemy = r;;2. Brooke's friend = k;;;;So the answer is k;;;;Now answer the following question:;;Who is Autumn's child?,Autumn's child,s,k;;q;;r;;s;;v;;w,Autumn = w  Autumn's enemy = q  Autumn's friend = k  Daniel's parent = k  Autumn's child = s  ;;Brooke = r  Brooke's enemy = k  Brooke's friend = s  Erin's parent = w    Brooke's child = v  ;;Chad = k    Chad's enemy = r    Chad's friend = w    Frank's parent = r   Chad's child = q    ;;Daniel = q  Daniel's enemy = w  Daniel's friend = v  ;;Erin = s    Erin's enemy = v    Erin's friend = r    ;;Frank = v   Frank's enemy = s   Frank's friend = q   ,11,3
2,L,SemanticApproach.EXTENSIONAL,Representation.ABSTRACT,0_L_f1,"Imagine there are six people: Autumn, Brooke, Chad, Daniel, Erin and Frank. They have the following relationships to each other:;;;;",;;Here is how to figure out the answer to the following question:;;Who is Chad's enemy's friend?;;;;Here are the steps to arrive at the answer:;;1. Chad's enemy = r;;2. Brooke's friend = k;;;;So the answer is k;;;;Now answer the following question:;;Who is Brooke's friend?,Brooke's friend,s,k;;q;;r;;s;;v;;w,Autumn = w  Autumn's enemy = q  Autumn's friend = k  Daniel's parent = k  Autumn's child = s  ;;Brooke = r  Brooke's enemy = k  Brooke's friend = s  Erin's parent = w    Brooke's child = v  ;;Chad = k    Chad's enemy = r    Chad's friend = w    Frank's parent = r   Chad's child = q    ;;Daniel = q  Daniel's enemy = w  Daniel's friend = v  ;;Erin = s    Erin's enemy = v    Erin's friend = r    ;;Frank = v   Frank's enemy = s   Frank's friend = q   ,19,4
2,L,SemanticApproach.EXTENSIONAL,Representation.ABSTRACT,0_L_e2,"Imagine there are six people: Autumn, Brooke, Chad, Daniel, Erin and Frank. They have the following relationships to each other:;;;;",;;Here is how to figure out the answer to the following question:;;Who is Chad's enemy's friend?;;;;Here are the steps to arrive at the answer:;;1. Chad's enemy = r;;2. Brooke's friend = k;;;;So the answer is k;;;;Now answer the following question:;;Who is Frank's enemy?,Frank's enemy,s,k;;q;;r;;s;;v;;w,Autumn = w  Autumn's enemy = q  Autumn's friend = k  Daniel's parent = k  Autumn's child = s  ;;Brooke = r  Brooke's enemy = k  Brooke's friend = s  Erin's parent = w    Brooke's child = v  ;;Chad = k    Chad's enemy = r    Chad's friend = w    Frank's parent = r   Chad's child = q    ;;Daniel = q  Daniel's enemy = w  Daniel's friend = v  ;;Erin = s    Erin's enemy = v    Erin's friend = r    ;;Frank = v   Frank's enemy = s   Frank's friend = q   ,7,5
2,L,SemanticApproach.EXTENSIONAL,Representation.ABSTRACT,0_L_f0,"Imagine there are six people: Autumn, Brooke, Chad, Daniel, Erin and Frank. They have the following relationships to each other:;;;;",;;Here is how to figure out the answer to the following question:;;Who is Chad's enemy's friend?;;;;Here are the steps to arrive at the answer:;;1. Chad's enemy = r;;2. Brooke's friend = k;;;;So the answer is k;;;;Now answer the following question:;;Who is Daniel's friend?,Daniel's friend,v,k;;q;;r;;s;;v;;w,Autumn = w  Autumn's enemy = q  Autumn's friend = k  Daniel's parent = k  Autumn's child = s  ;;Brooke = r  Brooke's enemy = k  Brooke's friend = s  Erin's parent = w    Brooke's child = v  ;;Chad = k    Chad's enemy = r    Chad's friend = w    Frank's parent = r   Chad's child = q    ;;Daniel = q  Daniel's enemy = w  Daniel's friend = v  ;;Erin = s    Erin's enemy = v    Erin's friend = r    ;;Frank = v   Frank's enemy = s   Frank's friend = q   ,4,6
2,L,SemanticApproach.EXTENSIONAL,Representation.ABSTRACT,0_L_f0,"Imagine there are six people: Autumn, Brooke, Chad, Daniel, Erin and Frank. They have the following relationships to each other:;;;;",;;Here is how to figure out the answer to the following question:;;Who is Chad's enemy's friend?;;;;Here are the steps to arrive at the answer:;;1. Chad's enemy = r;;2. Brooke's friend = k;;;;So the answer is k;;;;Now answer the following question:;;Who is Daniel's friend?,Daniel's friend,v,k;;q;;r;;s;;v;;w,Autumn = w  Autumn's enemy = q  Autumn's friend = k  Daniel's parent = k  Autumn's child = s  ;;Brooke = r  Brooke's enemy = k  Brooke's friend = s  Erin's parent = w    Brooke's child = v  ;;Chad = k    Chad's enemy = r    Chad's friend = w    Frank's parent = r   Chad's child = q    ;;Daniel = q  Daniel's enemy = w  Daniel's friend = v  ;;Erin = s    Erin's enemy = v    Erin's friend = r    ;;Frank = v   Frank's enemy = s   Frank's friend = q   ,2,7
2,L,SemanticApproach.EXTENSIONAL,Representation.ABSTRACT,0_L_f0,"Imagine there are six people: Autumn, Brooke, Chad, Daniel, Erin and Frank. They have the following relationships to each other:;;;;",;;Here is how to figure out the answer to the following question:;;Who is Chad's enemy's friend?;;;;Here are the steps to arrive at the answer:;;1. Chad's enemy = r;;2. Brooke's friend = k;;;;So the answer is k;;;;Now answer the following question:;;Who is Daniel's friend?,Daniel's friend,v,k;;q;;r;;s;;v;;w,Autumn = w  Autumn's enemy = q  Autumn's friend = k  Daniel's parent = k  Autumn's child = s  ;;Brooke = r  Brooke's enemy = k  Brooke's friend = s  Erin's parent = w    Brooke's child = v  ;;Chad = k    Chad's enemy = r    Chad's friend = w    Frank's parent = r   Chad's child = q    ;;Daniel = q  Daniel's enemy = w  Daniel's friend = v  ;;Erin = s    Erin's enemy = v    Erin's friend = r    ;;Frank = v   Frank's enemy = s   Frank's friend = q   ,3,8
2,L,SemanticApproach.EXTENSIONAL,Representation.ABSTRACT,0_L_f1,"Imagine there are six people: Autumn, Brooke, Chad, Daniel, Erin and Frank. They have the following relationships to each other:;;;;",;;Here is how to figure out the answer to the following question:;;Who is Chad's enemy's friend?;;;;Here are the steps to arrive at the answer:;;1. Chad's enemy = r;;2. Brooke's friend = k;;;;So the answer is k;;;;Now answer the following question:;;Who is Brooke's friend?,Brooke's friend,s,k;;q;;r;;s;;v;;w,Autumn = w  Autumn's enemy = q  Autumn's friend = k  Daniel's parent = k  Autumn's child = s  ;;Brooke = r  Brooke's enemy = k  Brooke's friend = s  Erin's parent = w    Brooke's child = v  ;;Chad = k    Chad's enemy = r    Chad's friend = w    Frank's parent = r   Chad's child = q    ;;Daniel = q  Daniel's enemy = w  Daniel's friend = v  ;;Erin = s    Erin's enemy = v    Erin's friend = r    ;;Frank = v   Frank's enemy = s   Frank's friend = q   ,18,9
2,L,SemanticApproach.EXTENSIONAL,Representation.ABSTRACT,0_L_c5,"Imagine there are six people: Autumn, Brooke, Chad, Daniel, Erin and Frank. They have the following relationships to each other:;;;;",;;Here is how to figure out the answer to the following question:;;Who is Chad's enemy's friend?;;;;Here are the steps to arrive at the answer:;;1. Chad's enemy = r;;2. Brooke's friend = k;;;;So the answer is k;;;;Now answer the following question:;;Who is Autumn's child?,Autumn's child,s,k;;q;;r;;s;;v;;w,Autumn = w  Autumn's enemy = q  Autumn's friend = k  Daniel's parent = k  Autumn's child = s  ;;Brooke = r  Brooke's enemy = k  Brooke's friend = s  Erin's parent = w    Brooke's child = v  ;;Chad = k    Chad's enemy = r    Chad's friend = w    Frank's parent = r   Chad's child = q    ;;Daniel = q  Daniel's enemy = w  Daniel's friend = v  ;;Erin = s    Erin's enemy = v    Erin's friend = r    ;;Frank = v   Frank's enemy = s   Frank's friend = q   ,10,10
2,L,SemanticApproach.EXTENSIONAL,Representation.ABSTRACT,0_L_e2,"Imagine there are six people: Autumn, Brooke, Chad, Daniel, Erin and Frank. They have the following relationships to each other:;;;;",;;Here is how to figure out the answer to the following question:;;Who is Chad's enemy's friend?;;;;Here are the steps to arrive at the answer:;;1. Chad's enemy = r;;2. Brooke's friend = k;;;;So the answer is k;;;;Now answer the following question:;;Who is Frank's enemy?,Frank's enemy,s,k;;q;;r;;s;;v;;w,Autumn = w  Autumn's enemy = q  Autumn's friend = k  Daniel's parent = k  Autumn's child = s  ;;Brooke = r  Brooke's enemy = k  Brooke's friend = s  Erin's parent = w    Brooke's child = v  ;;Chad = k    Chad's enemy = r    Chad's friend = w    Frank's parent = r   Chad's child = q    ;;Daniel = q  Daniel's enemy = w  Daniel's friend = v  ;;Erin = s    Erin's enemy = v    Erin's friend = r    ;;Frank = v   Frank's enemy = s   Frank's friend = q   ,8,11
2,L,SemanticApproach.EXTENSIONAL,Representation.ABSTRACT,0_L_f1,"Imagine there are six people: Autumn, Brooke, Chad, Daniel, Erin and Frank. They have the following relationships to each other:;;;;",;;Here is how to figure out the answer to the following question:;;Who is Chad's enemy's friend?;;;;Here are the steps to arrive at the answer:;;1. Chad's enemy = r;;2. Brooke's friend = k;;;;So the answer is k;;;;Now answer the following question:;;Who is Brooke's friend?,Brooke's friend,s,k;;q;;r;;s;;v;;w,Autumn = w  Autumn's enemy = q  Autumn's friend = k  Daniel's parent = k  Autumn's child = s  ;;Brooke = r  Brooke's enemy = k  Brooke's friend = s  Erin's parent = w    Brooke's child = v  ;;Chad = k    Chad's enemy = r    Chad's friend = w    Frank's parent = r   Chad's child = q    ;;Daniel = q  Daniel's enemy = w  Daniel's friend = v  ;;Erin = s    Erin's enemy = v    Erin's friend = r    ;;Frank = v   Frank's enemy = s   Frank's friend = q   ,17,12
2,L,SemanticApproach.EXTENSIONAL,Representation.ABSTRACT,0_L_f1,"Imagine there are six people: Autumn, Brooke, Chad, Daniel, Erin and Frank. They have the following relationships to each other:;;;;",;;Here is how to figure out the answer to the following question:;;Who is Chad's enemy's friend?;;;;Here are the steps to arrive at the answer:;;1. Chad's enemy = r;;2. Brooke's friend = k;;;;So the answer is k;;;;Now answer the following question:;;Who is Brooke's friend?,Brooke's friend,s,k;;q;;r;;s;;v;;w,Autumn = w  Autumn's enemy = q  Autumn's friend = k  Daniel's parent = k  Autumn's child = s  ;;Brooke = r  Brooke's enemy = k  Brooke's friend = s  Erin's parent = w    Brooke's child = v  ;;Chad = k    Chad's enemy = r    Chad's friend = w    Frank's parent = r   Chad's child = q    ;;Daniel = q  Daniel's enemy = w  Daniel's friend = v  ;;Erin = s    Erin's enemy = v    Erin's friend = r    ;;Frank = v   Frank's enemy = s   Frank's friend = q   ,20,13
2,L,SemanticApproach.EXTENSIONAL,Representation.ABSTRACT,0_L_e3,"Imagine there are six people: Autumn, Brooke, Chad, Daniel, Erin and Frank. They have the following relationships to each other:;;;;",;;Here is how to figure out the answer to the following question:;;Who is Chad's enemy's friend?;;;;Here are the steps to arrive at the answer:;;1. Chad's enemy = r;;2. Brooke's friend = k;;;;So the answer is k;;;;Now answer the following question:;;Who is Chad's enemy?,Chad's enemy,r,k;;q;;r;;s;;v;;w,Autumn = w  Autumn's enemy = q  Autumn's friend = k  Daniel's parent = k  Autumn's child = s  ;;Brooke = r  Brooke's enemy = k  Brooke's friend = s  Erin's parent = w    Brooke's child = v  ;;Chad = k    Chad's enemy = r    Chad's friend = w    Frank's parent = r   Chad's child = q    ;;Daniel = q  Daniel's enemy = w  Daniel's friend = v  ;;Erin = s    Erin's enemy = v    Erin's friend = r    ;;Frank = v   Frank's enemy = s   Frank's friend = q   ,15,14
2,L,SemanticApproach.EXTENSIONAL,Representation.ABSTRACT,0_L_f0,"Imagine there are six people: Autumn, Brooke, Chad, Daniel, Erin and Frank. They have the following relationships to each other:;;;;",;;Here is how to figure out the answer to the following question:;;Who is Chad's enemy's friend?;;;;Here are the steps to arrive at the answer:;;1. Chad's enemy = r;;2. Brooke's friend = k;;;;So the answer is k;;;;Now answer the following question:;;Who is Daniel's friend?,Daniel's friend,v,k;;q;;r;;s;;v;;w,Autumn = w  Autumn's enemy = q  Autumn's friend = k  Daniel's parent = k  Autumn's child = s  ;;Brooke = r  Brooke's enemy = k  Brooke's friend = s  Erin's parent = w    Brooke's child = v  ;;Chad = k    Chad's enemy = r    Chad's friend = w    Frank's parent = r   Chad's child = q    ;;Daniel = q  Daniel's enemy = w  Daniel's friend = v  ;;Erin = s    Erin's enemy = v    Erin's friend = r    ;;Frank = v   Frank's enemy = s   Frank's friend = q   ,1,15
2,L,SemanticApproach.EXTENSIONAL,Representation.ABSTRACT,0_L_e3,"Imagine there are six people: Autumn, Brooke, Chad, Daniel, Erin and Frank. They have the following relationships to each other:;;;;",;;Here is how to figure out the answer to the following question:;;Who is Chad's enemy's friend?;;;;Here are the steps to arrive at the answer:;;1. Chad's enemy = r;;2. Brooke's friend = k;;;;So the answer is k;;;;Now answer the following question:;;Who is Chad's enemy?,Chad's enemy,r,k;;q;;r;;s;;v;;w,Autumn = w  Autumn's enemy = q  Autumn's friend = k  Daniel's parent = k  Autumn's child = s  ;;Brooke = r  Brooke's enemy = k  Brooke's friend = s  Erin's parent = w    Brooke's child = v  ;;Chad = k    Chad's enemy = r    Chad's friend = w    Frank's parent = r   Chad's child = q    ;;Daniel = q  Daniel's enemy = w  Daniel's friend = v  ;;Erin = s    Erin's enemy = v    Erin's friend = r    ;;Frank = v   Frank's enemy = s   Frank's friend = q   ,14,16
2,L,SemanticApproach.EXTENSIONAL,Representation.ABSTRACT,0_L_c5,"Imagine there are six people: Autumn, Brooke, Chad, Daniel, Erin and Frank. They have the following relationships to each other:;;;;",;;Here is how to figure out the answer to the following question:;;Who is Chad's enemy's friend?;;;;Here are the steps to arrive at the answer:;;1. Chad's enemy = r;;2. Brooke's friend = k;;;;So the answer is k;;;;Now answer the following question:;;Who is Autumn's child?,Autumn's child,s,k;;q;;r;;s;;v;;w,Autumn = w  Autumn's enemy = q  Autumn's friend = k  Daniel's parent = k  Autumn's child = s  ;;Brooke = r  Brooke's enemy = k  Brooke's friend = s  Erin's parent = w    Brooke's child = v  ;;Chad = k    Chad's enemy = r    Chad's friend = w    Frank's parent = r   Chad's child = q    ;;Daniel = q  Daniel's enemy = w  Daniel's friend = v  ;;Erin = s    Erin's enemy = v    Erin's friend = r    ;;Frank = v   Frank's enemy = s   Frank's friend = q   ,9,17
2,L,SemanticApproach.EXTENSIONAL,Representation.ABSTRACT,0_L_c5,"Imagine there are six people: Autumn, Brooke, Chad, Daniel, Erin and Frank. They have the following relationships to each other:;;;;",;;Here is how to figure out the answer to the following question:;;Who is Chad's enemy's friend?;;;;Here are the steps to arrive at the answer:;;1. Chad's enemy = r;;2. Brooke's friend = k;;;;So the answer is k;;;;Now answer the following question:;;Who is Autumn's child?,Autumn's child,s,k;;q;;r;;s;;v;;w,Autumn = w  Autumn's enemy = q  Autumn's friend = k  Daniel's parent = k  Autumn's child = s  ;;Brooke = r  Brooke's enemy = k  Brooke's friend = s  Erin's parent = w    Brooke's child = v  ;;Chad = k    Chad's enemy = r    Chad's friend = w    Frank's parent = r   Chad's child = q    ;;Daniel = q  Daniel's enemy = w  Daniel's friend = v  ;;Erin = s    Erin's enemy = v    Erin's friend = r    ;;Frank = v   Frank's enemy = s   Frank's friend = q   ,12,18
2,L,SemanticApproach.EXTENSIONAL,Representation.ABSTRACT,0_L_e3,"Imagine there are six people: Autumn, Brooke, Chad, Daniel, Erin and Frank. They have the following relationships to each other:;;;;",;;Here is how to figure out the answer to the following question:;;Who is Chad's enemy's friend?;;;;Here are the steps to arrive at the answer:;;1. Chad's enemy = r;;2. Brooke's friend = k;;;;So the answer is k;;;;Now answer the following question:;;Who is Chad's enemy?,Chad's enemy,r,k;;q;;r;;s;;v;;w,Autumn = w  Autumn's enemy = q  Autumn's friend = k  Daniel's parent = k  Autumn's child = s  ;;Brooke = r  Brooke's enemy = k  Brooke's friend = s  Erin's parent = w    Brooke's child = v  ;;Chad = k    Chad's enemy = r    Chad's friend = w    Frank's parent = r   Chad's child = q    ;;Daniel = q  Daniel's enemy = w  Daniel's friend = v  ;;Erin = s    Erin's enemy = v    Erin's friend = r    ;;Frank = v   Frank's enemy = s   Frank's friend = q   ,13,19
2,L,SemanticApproach.INTENSIONAL,Representation.ABSTRACT,0_L_f1,English phrases can be translated into formulae. Use the following translations to answer the question.;;;;,";;;;Here is an example of how to get a formula for a phrase.;;What is the formula for ""Chad's enemy's friend""?;;;;Here are the steps to arrive at the answer:;;1. Chad's enemy = t(k);;2. Chad's enemy's friend = l(t(k));;;;So the answer is l(t(k));;;;What is the formula for ""Brooke's friend""?",Brooke's friend,l(r),k;;q;;r;;s;;v;;w,Autumn = w  Daniel's friend = l(q)  ;;Brooke = r  Brooke's friend = l(r)  ;;Chad = k    Frank's enemy = t(v)    ;;Daniel = q  Chad's enemy = t(k)     ;;Erin = s    Erin's parent = d(s)    ;;Frank = v   Autumn's child = h(w)   ,20,20
2,L,SemanticApproach.INTENSIONAL,Representation.ABSTRACT,0_L_c5,English phrases can be translated into formulae. Use the following translations to answer the question.;;;;,";;;;Here is an example of how to get a formula for a phrase.;;What is the formula for ""Chad's enemy's friend""?;;;;Here are the steps to arrive at the answer:;;1. Chad's enemy = t(k);;2. Chad's enemy's friend = l(t(k));;;;So the answer is l(t(k));;;;What is the formula for ""Autumn's child""?",Autumn's child,h(w),k;;q;;r;;s;;v;;w,Autumn = w  Daniel's friend = l(q)  ;;Brooke = r  Brooke's friend = l(r)  ;;Chad = k    Frank's enemy = t(v)    ;;Daniel = q  Chad's enemy = t(k)     ;;Erin = s    Erin's parent = d(s)    ;;Frank = v   Autumn's child = h(w)   ,6,21
2,L,SemanticApproach.INTENSIONAL,Representation.ABSTRACT,0_L_c5,English phrases can be translated into formulae. Use the following translations to answer the question.;;;;,";;;;Here is an example of how to get a formula for a phrase.;;What is the formula for ""Chad's enemy's friend""?;;;;Here are the steps to arrive at the answer:;;1. Chad's enemy = t(k);;2. Chad's enemy's friend = l(t(k));;;;So the answer is l(t(k));;;;What is the formula for ""Autumn's child""?",Autumn's child,h(w),k;;q;;r;;s;;v;;w,Autumn = w  Daniel's friend = l(q)  ;;Brooke = r  Brooke's friend = l(r)  ;;Chad = k    Frank's enemy = t(v)    ;;Daniel = q  Chad's enemy = t(k)     ;;Erin = s    Erin's parent = d(s)    ;;Frank = v   Autumn's child = h(w)   ,7,22
2,L,SemanticApproach.INTENSIONAL,Representation.ABSTRACT,0_L_e2,English phrases can be translated into formulae. Use the following translations to answer the question.;;;;,";;;;Here is an example of how to get a formula for a phrase.;;What is the formula for ""Chad's enemy's friend""?;;;;Here are the steps to arrive at the answer:;;1. Chad's enemy = t(k);;2. Chad's enemy's friend = l(t(k));;;;So the answer is l(t(k));;;;What is the formula for ""Frank's enemy""?",Frank's enemy,t(v),k;;q;;r;;s;;v;;w,Autumn = w  Daniel's friend = l(q)  ;;Brooke = r  Brooke's friend = l(r)  ;;Chad = k    Frank's enemy = t(v)    ;;Daniel = q  Chad's enemy = t(k)     ;;Erin = s    Erin's parent = d(s)    ;;Frank = v   Autumn's child = h(w)   ,16,23
2,L,SemanticApproach.INTENSIONAL,Representation.ABSTRACT,0_L_f0,English phrases can be translated into formulae. Use the following translations to answer the question.;;;;,";;;;Here is an example of how to get a formula for a phrase.;;What is the formula for ""Chad's enemy's friend""?;;;;Here are the steps to arrive at the answer:;;1. Chad's enemy = t(k);;2. Chad's enemy's friend = l(t(k));;;;So the answer is l(t(k));;;;What is the formula for ""Daniel's friend""?",Daniel's friend,l(q),k;;q;;r;;s;;v;;w,Autumn = w  Daniel's friend = l(q)  ;;Brooke = r  Brooke's friend = l(r)  ;;Chad = k    Frank's enemy = t(v)    ;;Daniel = q  Chad's enemy = t(k)     ;;Erin = s    Erin's parent = d(s)    ;;Frank = v   Autumn's child = h(w)   ,11,24
2,L,SemanticApproach.INTENSIONAL,Representation.ABSTRACT,0_L_p4,English phrases can be translated into formulae. Use the following translations to answer the question.;;;;,";;;;Here is an example of how to get a formula for a phrase.;;What is the formula for ""Chad's enemy's friend""?;;;;Here are the steps to arrive at the answer:;;1. Chad's enemy = t(k);;2. Chad's enemy's friend = l(t(k));;;;So the answer is l(t(k));;;;What is the formula for ""Erin's parent""?",Erin's parent,d(s),k;;q;;r;;s;;v;;w,Autumn = w  Daniel's friend = l(q)  ;;Brooke = r  Brooke's friend = l(r)  ;;Chad = k    Frank's enemy = t(v)    ;;Daniel = q  Chad's enemy = t(k)     ;;Erin = s    Erin's parent = d(s)    ;;Frank = v   Autumn's child = h(w)   ,4,25
2,L,SemanticApproach.INTENSIONAL,Representation.ABSTRACT,0_L_p4,English phrases can be translated into formulae. Use the following translations to answer the question.;;;;,";;;;Here is an example of how to get a formula for a phrase.;;What is the formula for ""Chad's enemy's friend""?;;;;Here are the steps to arrive at the answer:;;1. Chad's enemy = t(k);;2. Chad's enemy's friend = l(t(k));;;;So the answer is l(t(k));;;;What is the formula for ""Erin's parent""?",Erin's parent,d(s),k;;q;;r;;s;;v;;w,Autumn = w  Daniel's friend = l(q)  ;;Brooke = r  Brooke's friend = l(r)  ;;Chad = k    Frank's enemy = t(v)    ;;Daniel = q  Chad's enemy = t(k)     ;;Erin = s    Erin's parent = d(s)    ;;Frank = v   Autumn's child = h(w)   ,2,26
2,L,SemanticApproach.INTENSIONAL,Representation.ABSTRACT,0_L_p4,English phrases can be translated into formulae. Use the following translations to answer the question.;;;;,";;;;Here is an example of how to get a formula for a phrase.;;What is the formula for ""Chad's enemy's friend""?;;;;Here are the steps to arrive at the answer:;;1. Chad's enemy = t(k);;2. Chad's enemy's friend = l(t(k));;;;So the answer is l(t(k));;;;What is the formula for ""Erin's parent""?",Erin's parent,d(s),k;;q;;r;;s;;v;;w,Autumn = w  Daniel's friend = l(q)  ;;Brooke = r  Brooke's friend = l(r)  ;;Chad = k    Frank's enemy = t(v)    ;;Daniel = q  Chad's enemy = t(k)     ;;Erin = s    Erin's parent = d(s)    ;;Frank = v   Autumn's child = h(w)   ,3,27
2,L,SemanticApproach.INTENSIONAL,Representation.ABSTRACT,0_L_f1,English phrases can be translated into formulae. Use the following translations to answer the question.;;;;,";;;;Here is an example of how to get a formula for a phrase.;;What is the formula for ""Chad's enemy's friend""?;;;;Here are the steps to arrive at the answer:;;1. Chad's enemy = t(k);;2. Chad's enemy's friend = l(t(k));;;;So the answer is l(t(k));;;;What is the formula for ""Brooke's friend""?",Brooke's friend,l(r),k;;q;;r;;s;;v;;w,Autumn = w  Daniel's friend = l(q)  ;;Brooke = r  Brooke's friend = l(r)  ;;Chad = k    Frank's enemy = t(v)    ;;Daniel = q  Chad's enemy = t(k)     ;;Erin = s    Erin's parent = d(s)    ;;Frank = v   Autumn's child = h(w)   ,19,28
2,L,SemanticApproach.INTENSIONAL,Representation.ABSTRACT,0_L_f0,English phrases can be translated into formulae. Use the following translations to answer the question.;;;;,";;;;Here is an example of how to get a formula for a phrase.;;What is the formula for ""Chad's enemy's friend""?;;;;Here are the steps to arrive at the answer:;;1. Chad's enemy = t(k);;2. Chad's enemy's friend = l(t(k));;;;So the answer is l(t(k));;;;What is the formula for ""Daniel's friend""?",Daniel's friend,l(q),k;;q;;r;;s;;v;;w,Autumn = w  Daniel's friend = l(q)  ;;Brooke = r  Brooke's friend = l(r)  ;;Chad = k    Frank's enemy = t(v)    ;;Daniel = q  Chad's enemy = t(k)     ;;Erin = s    Erin's parent = d(s)    ;;Frank = v   Autumn's child = h(w)   ,12,29
2,L,SemanticApproach.INTENSIONAL,Representation.ABSTRACT,0_L_c5,English phrases can be translated into formulae. Use the following translations to answer the question.;;;;,";;;;Here is an example of how to get a formula for a phrase.;;What is the formula for ""Chad's enemy's friend""?;;;;Here are the steps to arrive at the answer:;;1. Chad's enemy = t(k);;2. Chad's enemy's friend = l(t(k));;;;So the answer is l(t(k));;;;What is the formula for ""Autumn's child""?",Autumn's child,h(w),k;;q;;r;;s;;v;;w,Autumn = w  Daniel's friend = l(q)  ;;Brooke = r  Brooke's friend = l(r)  ;;Chad = k    Frank's enemy = t(v)    ;;Daniel = q  Chad's enemy = t(k)     ;;Erin = s    Erin's parent = d(s)    ;;Frank = v   Autumn's child = h(w)   ,8,30
2,L,SemanticApproach.INTENSIONAL,Representation.ABSTRACT,0_L_f0,English phrases can be translated into formulae. Use the following translations to answer the question.;;;;,";;;;Here is an example of how to get a formula for a phrase.;;What is the formula for ""Chad's enemy's friend""?;;;;Here are the steps to arrive at the answer:;;1. Chad's enemy = t(k);;2. Chad's enemy's friend = l(t(k));;;;So the answer is l(t(k));;;;What is the formula for ""Daniel's friend""?",Daniel's friend,l(q),k;;q;;r;;s;;v;;w,Autumn = w  Daniel's friend = l(q)  ;;Brooke = r  Brooke's friend = l(r)  ;;Chad = k    Frank's enemy = t(v)    ;;Daniel = q  Chad's enemy = t(k)     ;;Erin = s    Erin's parent = d(s)    ;;Frank = v   Autumn's child = h(w)   ,10,31
2,L,SemanticApproach.INTENSIONAL,Representation.ABSTRACT,0_L_c5,English phrases can be translated into formulae. Use the following translations to answer the question.;;;;,";;;;Here is an example of how to get a formula for a phrase.;;What is the formula for ""Chad's enemy's friend""?;;;;Here are the steps to arrive at the answer:;;1. Chad's enemy = t(k);;2. Chad's enemy's friend = l(t(k));;;;So the answer is l(t(k));;;;What is the formula for ""Autumn's child""?",Autumn's child,h(w),k;;q;;r;;s;;v;;w,Autumn = w  Daniel's friend = l(q)  ;;Brooke = r  Brooke's friend = l(r)  ;;Chad = k    Frank's enemy = t(v)    ;;Daniel = q  Chad's enemy = t(k)     ;;Erin = s    Erin's parent = d(s)    ;;Frank = v   Autumn's child = h(w)   ,5,32
2,L,SemanticApproach.INTENSIONAL,Representation.ABSTRACT,0_L_p4,English phrases can be translated into formulae. Use the following translations to answer the question.;;;;,";;;;Here is an example of how to get a formula for a phrase.;;What is the formula for ""Chad's enemy's friend""?;;;;Here are the steps to arrive at the answer:;;1. Chad's enemy = t(k);;2. Chad's enemy's friend = l(t(k));;;;So the answer is l(t(k));;;;What is the formula for ""Erin's parent""?",Erin's parent,d(s),k;;q;;r;;s;;v;;w,Autumn = w  Daniel's friend = l(q)  ;;Brooke = r  Brooke's friend = l(r)  ;;Chad = k    Frank's enemy = t(v)    ;;Daniel = q  Chad's enemy = t(k)     ;;Erin = s    Erin's parent = d(s)    ;;Frank = v   Autumn's child = h(w)   ,1,33
2,L,SemanticApproach.INTENSIONAL,Representation.ABSTRACT,0_L_e2,English phrases can be translated into formulae. Use the following translations to answer the question.;;;;,";;;;Here is an example of how to get a formula for a phrase.;;What is the formula for ""Chad's enemy's friend""?;;;;Here are the steps to arrive at the answer:;;1. Chad's enemy = t(k);;2. Chad's enemy's friend = l(t(k));;;;So the answer is l(t(k));;;;What is the formula for ""Frank's enemy""?",Frank's enemy,t(v),k;;q;;r;;s;;v;;w,Autumn = w  Daniel's friend = l(q)  ;;Brooke = r  Brooke's friend = l(r)  ;;Chad = k    Frank's enemy = t(v)    ;;Daniel = q  Chad's enemy = t(k)     ;;Erin = s    Erin's parent = d(s)    ;;Frank = v   Autumn's child = h(w)   ,13,34
2,L,SemanticApproach.INTENSIONAL,Representation.ABSTRACT,0_L_f0,English phrases can be translated into formulae. Use the following translations to answer the question.;;;;,";;;;Here is an example of how to get a formula for a phrase.;;What is the formula for ""Chad's enemy's friend""?;;;;Here are the steps to arrive at the answer:;;1. Chad's enemy = t(k);;2. Chad's enemy's friend = l(t(k));;;;So the answer is l(t(k));;;;What is the formula for ""Daniel's friend""?",Daniel's friend,l(q),k;;q;;r;;s;;v;;w,Autumn = w  Daniel's friend = l(q)  ;;Brooke = r  Brooke's friend = l(r)  ;;Chad = k    Frank's enemy = t(v)    ;;Daniel = q  Chad's enemy = t(k)     ;;Erin = s    Erin's parent = d(s)    ;;Frank = v   Autumn's child = h(w)   ,9,35
2,L,SemanticApproach.INTENSIONAL,Representation.ABSTRACT,0_L_f1,English phrases can be translated into formulae. Use the following translations to answer the question.;;;;,";;;;Here is an example of how to get a formula for a phrase.;;What is the formula for ""Chad's enemy's friend""?;;;;Here are the steps to arrive at the answer:;;1. Chad's enemy = t(k);;2. Chad's enemy's friend = l(t(k));;;;So the answer is l(t(k));;;;What is the formula for ""Brooke's friend""?",Brooke's friend,l(r),k;;q;;r;;s;;v;;w,Autumn = w  Daniel's friend = l(q)  ;;Brooke = r  Brooke's friend = l(r)  ;;Chad = k    Frank's enemy = t(v)    ;;Daniel = q  Chad's enemy = t(k)     ;;Erin = s    Erin's parent = d(s)    ;;Frank = v   Autumn's child = h(w)   ,18,36
2,L,SemanticApproach.INTENSIONAL,Representation.ABSTRACT,0_L_e2,English phrases can be translated into formulae. Use the following translations to answer the question.;;;;,";;;;Here is an example of how to get a formula for a phrase.;;What is the formula for ""Chad's enemy's friend""?;;;;Here are the steps to arrive at the answer:;;1. Chad's enemy = t(k);;2. Chad's enemy's friend = l(t(k));;;;So the answer is l(t(k));;;;What is the formula for ""Frank's enemy""?",Frank's enemy,t(v),k;;q;;r;;s;;v;;w,Autumn = w  Daniel's friend = l(q)  ;;Brooke = r  Brooke's friend = l(r)  ;;Chad = k    Frank's enemy = t(v)    ;;Daniel = q  Chad's enemy = t(k)     ;;Erin = s    Erin's parent = d(s)    ;;Frank = v   Autumn's child = h(w)   ,15,37
2,L,SemanticApproach.INTENSIONAL,Representation.ABSTRACT,0_L_e2,English phrases can be translated into formulae. Use the following translations to answer the question.;;;;,";;;;Here is an example of how to get a formula for a phrase.;;What is the formula for ""Chad's enemy's friend""?;;;;Here are the steps to arrive at the answer:;;1. Chad's enemy = t(k);;2. Chad's enemy's friend = l(t(k));;;;So the answer is l(t(k));;;;What is the formula for ""Frank's enemy""?",Frank's enemy,t(v),k;;q;;r;;s;;v;;w,Autumn = w  Daniel's friend = l(q)  ;;Brooke = r  Brooke's friend = l(r)  ;;Chad = k    Frank's enemy = t(v)    ;;Daniel = q  Chad's enemy = t(k)     ;;Erin = s    Erin's parent = d(s)    ;;Frank = v   Autumn's child = h(w)   ,14,38
2,L,SemanticApproach.INTENSIONAL,Representation.ABSTRACT,0_L_f1,English phrases can be translated into formulae. Use the following translations to answer the question.;;;;,";;;;Here is an example of how to get a formula for a phrase.;;What is the formula for ""Chad's enemy's friend""?;;;;Here are the steps to arrive at the answer:;;1. Chad's enemy = t(k);;2. Chad's enemy's friend = l(t(k));;;;So the answer is l(t(k));;;;What is the formula for ""Brooke's friend""?",Brooke's friend,l(r),k;;q;;r;;s;;v;;w,Autumn = w  Daniel's friend = l(q)  ;;Brooke = r  Brooke's friend = l(r)  ;;Chad = k    Frank's enemy = t(v)    ;;Daniel = q  Chad's enemy = t(k)     ;;Erin = s    Erin's parent = d(s)    ;;Frank = v   Autumn's child = h(w)   ,17,39
2,L,SemanticApproach.EXTENSIONAL,Representation.ENGLISH,0_L_e2,"Imagine there are six people: Autumn, Brooke, Chad, Daniel, Erin and Frank. They have the following relationships to each other:;;;;",;;Here is how to figure out the answer to the following question:;;Who is Chad's enemy's friend?;;;;Here are the steps to arrive at the answer:;;1. Chad's enemy = Brooke;;2. Brooke's friend = Chad;;;;So the answer is Chad;;;;Now answer the following question:;;Who is Frank's enemy?,Frank's enemy,Erin,Autumn;;Brooke;;Chad;;Daniel;;Erin;;Frank,Autumn's enemy = Daniel  Autumn's friend = Chad   Daniel's parent = Chad   Autumn's child = Erin   ;;Brooke's enemy = Chad    Brooke's friend = Erin   Erin's parent = Autumn   Brooke's child = Frank  ;;Chad's enemy = Brooke    Chad's friend = Autumn   Frank's parent = Brooke  Chad's child = Daniel   ;;Daniel's enemy = Autumn  Daniel's friend = Frank  ;;Erin's enemy = Frank     Erin's friend = Brooke   ;;Frank's enemy = Erin     Frank's friend = Daniel  ,20,0
2,L,SemanticApproach.EXTENSIONAL,Representation.ENGLISH,0_L_f0,"Imagine there are six people: Autumn, Brooke, Chad, Daniel, Erin and Frank. They have the following relationships to each other:;;;;",;;Here is how to figure out the answer to the following question:;;Who is Chad's enemy's friend?;;;;Here are the steps to arrive at the answer:;;1. Chad's enemy = Brooke;;2. Brooke's friend = Chad;;;;So the answer is Chad;;;;Now answer the following question:;;Who is Daniel's friend?,Daniel's friend,Frank,Autumn;;Brooke;;Chad;;Daniel;;Erin;;Frank,Autumn's enemy = Daniel  Autumn's friend = Chad   Daniel's parent = Chad   Autumn's child = Erin   ;;Brooke's enemy = Chad    Brooke's friend = Erin   Erin's parent = Autumn   Brooke's child = Frank  ;;Chad's enemy = Brooke    Chad's friend = Autumn   Frank's parent = Brooke  Chad's child = Daniel   ;;Daniel's enemy = Autumn  Daniel's friend = Frank  ;;Erin's enemy = Frank     Erin's friend = Brooke   ;;Frank's enemy = Erin     Frank's friend = Daniel  ,12,1
2,L,SemanticApproach.EXTENSIONAL,Representation.ENGLISH,0_L_e2,"Imagine there are six people: Autumn, Brooke, Chad, Daniel, Erin and Frank. They have the following relationships to each other:;;;;",;;Here is how to figure out the answer to the following question:;;Who is Chad's enemy's friend?;;;;Here are the steps to arrive at the answer:;;1. Chad's enemy = Brooke;;2. Brooke's friend = Chad;;;;So the answer is Chad;;;;Now answer the following question:;;Who is Frank's enemy?,Frank's enemy,Erin,Autumn;;Brooke;;Chad;;Daniel;;Erin;;Frank,Autumn's enemy = Daniel  Autumn's friend = Chad   Daniel's parent = Chad   Autumn's child = Erin   ;;Brooke's enemy = Chad    Brooke's friend = Erin   Erin's parent = Autumn   Brooke's child = Frank  ;;Chad's enemy = Brooke    Chad's friend = Autumn   Frank's parent = Brooke  Chad's child = Daniel   ;;Daniel's enemy = Autumn  Daniel's friend = Frank  ;;Erin's enemy = Frank     Erin's friend = Brooke   ;;Frank's enemy = Erin     Frank's friend = Daniel  ,18,2
2,L,SemanticApproach.EXTENSIONAL,Representation.ENGLISH,0_L_e2,"Imagine there are six people: Autumn, Brooke, Chad, Daniel, Erin and Frank. They have the following relationships to each other:;;;;",;;Here is how to figure out the answer to the following question:;;Who is Chad's enemy's friend?;;;;Here are the steps to arrive at the answer:;;1. Chad's enemy = Brooke;;2. Brooke's friend = Chad;;;;So the answer is Chad;;;;Now answer the following question:;;Who is Frank's enemy?,Frank's enemy,Erin,Autumn;;Brooke;;Chad;;Daniel;;Erin;;Frank,Autumn's enemy = Daniel  Autumn's friend = Chad   Daniel's parent = Chad   Autumn's child = Erin   ;;Brooke's enemy = Chad    Brooke's friend = Erin   Erin's parent = Autumn   Brooke's child = Frank  ;;Chad's enemy = Brooke    Chad's friend = Autumn   Frank's parent = Brooke  Chad's child = Daniel   ;;Daniel's enemy = Autumn  Daniel's friend = Frank  ;;Erin's enemy = Frank     Erin's friend = Brooke   ;;Frank's enemy = Erin     Frank's friend = Daniel  ,17,3
2,L,SemanticApproach.EXTENSIONAL,Representation.ENGLISH,0_L_f0,"Imagine there are six people: Autumn, Brooke, Chad, Daniel, Erin and Frank. They have the following relationships to each other:;;;;",;;Here is how to figure out the answer to the following question:;;Who is Chad's enemy's friend?;;;;Here are the steps to arrive at the answer:;;1. Chad's enemy = Brooke;;2. Brooke's friend = Chad;;;;So the answer is Chad;;;;Now answer the following question:;;Who is Daniel's friend?,Daniel's friend,Frank,Autumn;;Brooke;;Chad;;Daniel;;Erin;;Frank,Autumn's enemy = Daniel  Autumn's friend = Chad   Daniel's parent = Chad   Autumn's child = Erin   ;;Brooke's enemy = Chad    Brooke's friend = Erin   Erin's parent = Autumn   Brooke's child = Frank  ;;Chad's enemy = Brooke    Chad's friend = Autumn   Frank's parent = Brooke  Chad's child = Daniel   ;;Daniel's enemy = Autumn  Daniel's friend = Frank  ;;Erin's enemy = Frank     Erin's friend = Brooke   ;;Frank's enemy = Erin     Frank's friend = Daniel  ,9,4
2,L,SemanticApproach.EXTENSIONAL,Representation.ENGLISH,0_L_e3,"Imagine there are six people: Autumn, Brooke, Chad, Daniel, Erin and Frank. They have the following relationships to each other:;;;;",;;Here is how to figure out the answer to the following question:;;Who is Chad's enemy's friend?;;;;Here are the steps to arrive at the answer:;;1. Chad's enemy = Brooke;;2. Brooke's friend = Chad;;;;So the answer is Chad;;;;Now answer the following question:;;Who is Chad's enemy?,Chad's enemy,Brooke,Autumn;;Brooke;;Chad;;Daniel;;Erin;;Frank,Autumn's enemy = Daniel  Autumn's friend = Chad   Daniel's parent = Chad   Autumn's child = Erin   ;;Brooke's enemy = Chad    Brooke's friend = Erin   Erin's parent = Autumn   Brooke's child = Frank  ;;Chad's enemy = Brooke    Chad's friend = Autumn   Frank's parent = Brooke  Chad's child = Daniel   ;;Daniel's enemy = Autumn  Daniel's friend = Frank  ;;Erin's enemy = Frank     Erin's friend = Brooke   ;;Frank's enemy = Erin     Frank's friend = Daniel  ,7,5
2,L,SemanticApproach.EXTENSIONAL,Representation.ENGLISH,0_L_f1,"Imagine there are six people: Autumn, Brooke, Chad, Daniel, Erin and Frank. They have the following relationships to each other:;;;;",;;Here is how to figure out the answer to the following question:;;Who is Chad's enemy's friend?;;;;Here are the steps to arrive at the answer:;;1. Chad's enemy = Brooke;;2. Brooke's friend = Chad;;;;So the answer is Chad;;;;Now answer the following question:;;Who is Brooke's friend?,Brooke's friend,Erin,Autumn;;Brooke;;Chad;;Daniel;;Erin;;Frank,Autumn's enemy = Daniel  Autumn's friend = Chad   Daniel's parent = Chad   Autumn's child = Erin   ;;Brooke's enemy = Chad    Brooke's friend = Erin   Erin's parent = Autumn   Brooke's child = Frank  ;;Chad's enemy = Brooke    Chad's friend = Autumn   Frank's parent = Brooke  Chad's child = Daniel   ;;Daniel's enemy = Autumn  Daniel's friend = Frank  ;;Erin's enemy = Frank     Erin's friend = Brooke   ;;Frank's enemy = Erin     Frank's friend = Daniel  ,2,6
2,L,SemanticApproach.EXTENSIONAL,Representation.ENGLISH,0_L_p4,"Imagine there are six people: Autumn, Brooke, Chad, Daniel, Erin and Frank. They have the following relationships to each other:;;;;",;;Here is how to figure out the answer to the following question:;;Who is Chad's enemy's friend?;;;;Here are the steps to arrive at the answer:;;1. Chad's enemy = Brooke;;2. Brooke's friend = Chad;;;;So the answer is Chad;;;;Now answer the following question:;;Who is Erin's parent?,Erin's parent,Autumn,Autumn;;Brooke;;Chad;;Daniel;;Erin;;Frank,Autumn's enemy = Daniel  Autumn's friend = Chad   Daniel's parent = Chad   Autumn's child = Erin   ;;Brooke's enemy = Chad    Brooke's friend = Erin   Erin's parent = Autumn   Brooke's child = Frank  ;;Chad's enemy = Brooke    Chad's friend = Autumn   Frank's parent = Brooke  Chad's child = Daniel   ;;Daniel's enemy = Autumn  Daniel's friend = Frank  ;;Erin's enemy = Frank     Erin's friend = Brooke   ;;Frank's enemy = Erin     Frank's friend = Daniel  ,13,7
2,L,SemanticApproach.EXTENSIONAL,Representation.ENGLISH,0_L_p4,"Imagine there are six people: Autumn, Brooke, Chad, Daniel, Erin and Frank. They have the following relationships to each other:;;;;",;;Here is how to figure out the answer to the following question:;;Who is Chad's enemy's friend?;;;;Here are the steps to arrive at the answer:;;1. Chad's enemy = Brooke;;2. Brooke's friend = Chad;;;;So the answer is Chad;;;;Now answer the following question:;;Who is Erin's parent?,Erin's parent,Autumn,Autumn;;Brooke;;Chad;;Daniel;;Erin;;Frank,Autumn's enemy = Daniel  Autumn's friend = Chad   Daniel's parent = Chad   Autumn's child = Erin   ;;Brooke's enemy = Chad    Brooke's friend = Erin   Erin's parent = Autumn   Brooke's child = Frank  ;;Chad's enemy = Brooke    Chad's friend = Autumn   Frank's parent = Brooke  Chad's child = Daniel   ;;Daniel's enemy = Autumn  Daniel's friend = Frank  ;;Erin's enemy = Frank     Erin's friend = Brooke   ;;Frank's enemy = Erin     Frank's friend = Daniel  ,15,8
2,L,SemanticApproach.EXTENSIONAL,Representation.ENGLISH,0_L_f1,"Imagine there are six people: Autumn, Brooke, Chad, Daniel, Erin and Frank. They have the following relationships to each other:;;;;",;;Here is how to figure out the answer to the following question:;;Who is Chad's enemy's friend?;;;;Here are the steps to arrive at the answer:;;1. Chad's enemy = Brooke;;2. Brooke's friend = Chad;;;;So the answer is Chad;;;;Now answer the following question:;;Who is Brooke's friend?,Brooke's friend,Erin,Autumn;;Brooke;;Chad;;Daniel;;Erin;;Frank,Autumn's enemy = Daniel  Autumn's friend = Chad   Daniel's parent = Chad   Autumn's child = Erin   ;;Brooke's enemy = Chad    Brooke's friend = Erin   Erin's parent = Autumn   Brooke's child = Frank  ;;Chad's enemy = Brooke    Chad's friend = Autumn   Frank's parent = Brooke  Chad's child = Daniel   ;;Daniel's enemy = Autumn  Daniel's friend = Frank  ;;Erin's enemy = Frank     Erin's friend = Brooke   ;;Frank's enemy = Erin     Frank's friend = Daniel  ,1,9
2,L,SemanticApproach.EXTENSIONAL,Representation.ENGLISH,0_L_p4,"Imagine there are six people: Autumn, Brooke, Chad, Daniel, Erin and Frank. They have the following relationships to each other:;;;;",;;Here is how to figure out the answer to the following question:;;Who is Chad's enemy's friend?;;;;Here are the steps to arrive at the answer:;;1. Chad's enemy = Brooke;;2. Brooke's friend = Chad;;;;So the answer is Chad;;;;Now answer the following question:;;Who is Erin's parent?,Erin's parent,Autumn,Autumn;;Brooke;;Chad;;Daniel;;Erin;;Frank,Autumn's enemy = Daniel  Autumn's friend = Chad   Daniel's parent = Chad   Autumn's child = Erin   ;;Brooke's enemy = Chad    Brooke's friend = Erin   Erin's parent = Autumn   Brooke's child = Frank  ;;Chad's enemy = Brooke    Chad's friend = Autumn   Frank's parent = Brooke  Chad's child = Daniel   ;;Daniel's enemy = Autumn  Daniel's friend = Frank  ;;Erin's enemy = Frank     Erin's friend = Brooke   ;;Frank's enemy = Erin     Frank's friend = Daniel  ,16,10
2,L,SemanticApproach.EXTENSIONAL,Representation.ENGLISH,0_L_e2,"Imagine there are six people: Autumn, Brooke, Chad, Daniel, Erin and Frank. They have the following relationships to each other:;;;;",;;Here is how to figure out the answer to the following question:;;Who is Chad's enemy's friend?;;;;Here are the steps to arrive at the answer:;;1. Chad's enemy = Brooke;;2. Brooke's friend = Chad;;;;So the answer is Chad;;;;Now answer the following question:;;Who is Frank's enemy?,Frank's enemy,Erin,Autumn;;Brooke;;Chad;;Daniel;;Erin;;Frank,Autumn's enemy = Daniel  Autumn's friend = Chad   Daniel's parent = Chad   Autumn's child = Erin   ;;Brooke's enemy = Chad    Brooke's friend = Erin   Erin's parent = Autumn   Brooke's child = Frank  ;;Chad's enemy = Brooke    Chad's friend = Autumn   Frank's parent = Brooke  Chad's child = Daniel   ;;Daniel's enemy = Autumn  Daniel's friend = Frank  ;;Erin's enemy = Frank     Erin's friend = Brooke   ;;Frank's enemy = Erin     Frank's friend = Daniel  ,19,11
2,L,SemanticApproach.EXTENSIONAL,Representation.ENGLISH,0_L_f1,"Imagine there are six people: Autumn, Brooke, Chad, Daniel, Erin and Frank. They have the following relationships to each other:;;;;",;;Here is how to figure out the answer to the following question:;;Who is Chad's enemy's friend?;;;;Here are the steps to arrive at the answer:;;1. Chad's enemy = Brooke;;2. Brooke's friend = Chad;;;;So the answer is Chad;;;;Now answer the following question:;;Who is Brooke's friend?,Brooke's friend,Erin,Autumn;;Brooke;;Chad;;Daniel;;Erin;;Frank,Autumn's enemy = Daniel  Autumn's friend = Chad   Daniel's parent = Chad   Autumn's child = Erin   ;;Brooke's enemy = Chad    Brooke's friend = Erin   Erin's parent = Autumn   Brooke's child = Frank  ;;Chad's enemy = Brooke    Chad's friend = Autumn   Frank's parent = Brooke  Chad's child = Daniel   ;;Daniel's enemy = Autumn  Daniel's friend = Frank  ;;Erin's enemy = Frank     Erin's friend = Brooke   ;;Frank's enemy = Erin     Frank's friend = Daniel  ,4,12
2,L,SemanticApproach.EXTENSIONAL,Representation.ENGLISH,0_L_e3,"Imagine there are six people: Autumn, Brooke, Chad, Daniel, Erin and Frank. They have the following relationships to each other:;;;;",;;Here is how to figure out the answer to the following question:;;Who is Chad's enemy's friend?;;;;Here are the steps to arrive at the answer:;;1. Chad's enemy = Brooke;;2. Brooke's friend = Chad;;;;So the answer is Chad;;;;Now answer the following question:;;Who is Chad's enemy?,Chad's enemy,Brooke,Autumn;;Brooke;;Chad;;Daniel;;Erin;;Frank,Autumn's enemy = Daniel  Autumn's friend = Chad   Daniel's parent = Chad   Autumn's child = Erin   ;;Brooke's enemy = Chad    Brooke's friend = Erin   Erin's parent = Autumn   Brooke's child = Frank  ;;Chad's enemy = Brooke    Chad's friend = Autumn   Frank's parent = Brooke  Chad's child = Daniel   ;;Daniel's enemy = Autumn  Daniel's friend = Frank  ;;Erin's enemy = Frank     Erin's friend = Brooke   ;;Frank's enemy = Erin     Frank's friend = Daniel  ,6,13
2,L,SemanticApproach.EXTENSIONAL,Representation.ENGLISH,0_L_f0,"Imagine there are six people: Autumn, Brooke, Chad, Daniel, Erin and Frank. They have the following relationships to each other:;;;;",;;Here is how to figure out the answer to the following question:;;Who is Chad's enemy's friend?;;;;Here are the steps to arrive at the answer:;;1. Chad's enemy = Brooke;;2. Brooke's friend = Chad;;;;So the answer is Chad;;;;Now answer the following question:;;Who is Daniel's friend?,Daniel's friend,Frank,Autumn;;Brooke;;Chad;;Daniel;;Erin;;Frank,Autumn's enemy = Daniel  Autumn's friend = Chad   Daniel's parent = Chad   Autumn's child = Erin   ;;Brooke's enemy = Chad    Brooke's friend = Erin   Erin's parent = Autumn   Brooke's child = Frank  ;;Chad's enemy = Brooke    Chad's friend = Autumn   Frank's parent = Brooke  Chad's child = Daniel   ;;Daniel's enemy = Autumn  Daniel's friend = Frank  ;;Erin's enemy = Frank     Erin's friend = Brooke   ;;Frank's enemy = Erin     Frank's friend = Daniel  ,11,14
2,L,SemanticApproach.EXTENSIONAL,Representation.ENGLISH,0_L_f0,"Imagine there are six people: Autumn, Brooke, Chad, Daniel, Erin and Frank. They have the following relationships to each other:;;;;",;;Here is how to figure out the answer to the following question:;;Who is Chad's enemy's friend?;;;;Here are the steps to arrive at the answer:;;1. Chad's enemy = Brooke;;2. Brooke's friend = Chad;;;;So the answer is Chad;;;;Now answer the following question:;;Who is Daniel's friend?,Daniel's friend,Frank,Autumn;;Brooke;;Chad;;Daniel;;Erin;;Frank,Autumn's enemy = Daniel  Autumn's friend = Chad   Daniel's parent = Chad   Autumn's child = Erin   ;;Brooke's enemy = Chad    Brooke's friend = Erin   Erin's parent = Autumn   Brooke's child = Frank  ;;Chad's enemy = Brooke    Chad's friend = Autumn   Frank's parent = Brooke  Chad's child = Daniel   ;;Daniel's enemy = Autumn  Daniel's friend = Frank  ;;Erin's enemy = Frank     Erin's friend = Brooke   ;;Frank's enemy = Erin     Frank's friend = Daniel  ,10,15
2,L,SemanticApproach.EXTENSIONAL,Representation.ENGLISH,0_L_f1,"Imagine there are six people: Autumn, Brooke, Chad, Daniel, Erin and Frank. They have the following relationships to each other:;;;;",;;Here is how to figure out the answer to the following question:;;Who is Chad's enemy's friend?;;;;Here are the steps to arrive at the answer:;;1. Chad's enemy = Brooke;;2. Brooke's friend = Chad;;;;So the answer is Chad;;;;Now answer the following question:;;Who is Brooke's friend?,Brooke's friend,Erin,Autumn;;Brooke;;Chad;;Daniel;;Erin;;Frank,Autumn's enemy = Daniel  Autumn's friend = Chad   Daniel's parent = Chad   Autumn's child = Erin   ;;Brooke's enemy = Chad    Brooke's friend = Erin   Erin's parent = Autumn   Brooke's child = Frank  ;;Chad's enemy = Brooke    Chad's friend = Autumn   Frank's parent = Brooke  Chad's child = Daniel   ;;Daniel's enemy = Autumn  Daniel's friend = Frank  ;;Erin's enemy = Frank     Erin's friend = Brooke   ;;Frank's enemy = Erin     Frank's friend = Daniel  ,3,16
2,L,SemanticApproach.EXTENSIONAL,Representation.ENGLISH,0_L_e3,"Imagine there are six people: Autumn, Brooke, Chad, Daniel, Erin and Frank. They have the following relationships to each other:;;;;",;;Here is how to figure out the answer to the following question:;;Who is Chad's enemy's friend?;;;;Here are the steps to arrive at the answer:;;1. Chad's enemy = Brooke;;2. Brooke's friend = Chad;;;;So the answer is Chad;;;;Now answer the following question:;;Who is Chad's enemy?,Chad's enemy,Brooke,Autumn;;Brooke;;Chad;;Daniel;;Erin;;Frank,Autumn's enemy = Daniel  Autumn's friend = Chad   Daniel's parent = Chad   Autumn's child = Erin   ;;Brooke's enemy = Chad    Brooke's friend = Erin   Erin's parent = Autumn   Brooke's child = Frank  ;;Chad's enemy = Brooke    Chad's friend = Autumn   Frank's parent = Brooke  Chad's child = Daniel   ;;Daniel's enemy = Autumn  Daniel's friend = Frank  ;;Erin's enemy = Frank     Erin's friend = Brooke   ;;Frank's enemy = Erin     Frank's friend = Daniel  ,8,17
2,L,SemanticApproach.EXTENSIONAL,Representation.ENGLISH,0_L_e3,"Imagine there are six people: Autumn, Brooke, Chad, Daniel, Erin and Frank. They have the following relationships to each other:;;;;",;;Here is how to figure out the answer to the following question:;;Who is Chad's enemy's friend?;;;;Here are the steps to arrive at the answer:;;1. Chad's enemy = Brooke;;2. Brooke's friend = Chad;;;;So the answer is Chad;;;;Now answer the following question:;;Who is Chad's enemy?,Chad's enemy,Brooke,Autumn;;Brooke;;Chad;;Daniel;;Erin;;Frank,Autumn's enemy = Daniel  Autumn's friend = Chad   Daniel's parent = Chad   Autumn's child = Erin   ;;Brooke's enemy = Chad    Brooke's friend = Erin   Erin's parent = Autumn   Brooke's child = Frank  ;;Chad's enemy = Brooke    Chad's friend = Autumn   Frank's parent = Brooke  Chad's child = Daniel   ;;Daniel's enemy = Autumn  Daniel's friend = Frank  ;;Erin's enemy = Frank     Erin's friend = Brooke   ;;Frank's enemy = Erin     Frank's friend = Daniel  ,5,18
2,L,SemanticApproach.EXTENSIONAL,Representation.ENGLISH,0_L_p4,"Imagine there are six people: Autumn, Brooke, Chad, Daniel, Erin and Frank. They have the following relationships to each other:;;;;",;;Here is how to figure out the answer to the following question:;;Who is Chad's enemy's friend?;;;;Here are the steps to arrive at the answer:;;1. Chad's enemy = Brooke;;2. Brooke's friend = Chad;;;;So the answer is Chad;;;;Now answer the following question:;;Who is Erin's parent?,Erin's parent,Autumn,Autumn;;Brooke;;Chad;;Daniel;;Erin;;Frank,Autumn's enemy = Daniel  Autumn's friend = Chad   Daniel's parent = Chad   Autumn's child = Erin   ;;Brooke's enemy = Chad    Brooke's friend = Erin   Erin's parent = Autumn   Brooke's child = Frank  ;;Chad's enemy = Brooke    Chad's friend = Autumn   Frank's parent = Brooke  Chad's child = Daniel   ;;Daniel's enemy = Autumn  Daniel's friend = Frank  ;;Erin's enemy = Frank     Erin's friend = Brooke   ;;Frank's enemy = Erin     Frank's friend = Daniel  ,14,19
2,L,SemanticApproach.INTENSIONAL,Representation.ENGLISH,0_L_f0,English phrases can be translated into formulae. Use the following translations to answer the question.;;;;,";;;;Here is an example of how to get a formula for a phrase.;;What is the formula for ""Chad's enemy's friend""?;;;;Here are the steps to arrive at the answer:;;1. Chad's enemy = enemy(chad);;2. Chad's enemy's friend = friend(enemy(chad));;;;So the answer is friend(enemy(chad));;;;What is the formula for ""Daniel's friend""?",Daniel's friend,friend(daniel),Autumn;;Brooke;;Chad;;Daniel;;Erin;;Frank,Daniel's friend = friend(daniel);;Brooke's friend = friend(brooke);;Frank's enemy = enemy(frank);;Chad's enemy = enemy(chad);;Erin's parent = parent(erin);;Autumn's child = child(autumn),17,20
2,L,SemanticApproach.INTENSIONAL,Representation.ENGLISH,0_L_f1,English phrases can be translated into formulae. Use the following translations to answer the question.;;;;,";;;;Here is an example of how to get a formula for a phrase.;;What is the formula for ""Chad's enemy's friend""?;;;;Here are the steps to arrive at the answer:;;1. Chad's enemy = enemy(chad);;2. Chad's enemy's friend = friend(enemy(chad));;;;So the answer is friend(enemy(chad));;;;What is the formula for ""Brooke's friend""?",Brooke's friend,friend(brooke),Autumn;;Brooke;;Chad;;Daniel;;Erin;;Frank,Daniel's friend = friend(daniel);;Brooke's friend = friend(brooke);;Frank's enemy = enemy(frank);;Chad's enemy = enemy(chad);;Erin's parent = parent(erin);;Autumn's child = child(autumn),14,21
2,L,SemanticApproach.INTENSIONAL,Representation.ENGLISH,0_L_e2,English phrases can be translated into formulae. Use the following translations to answer the question.;;;;,";;;;Here is an example of how to get a formula for a phrase.;;What is the formula for ""Chad's enemy's friend""?;;;;Here are the steps to arrive at the answer:;;1. Chad's enemy = enemy(chad);;2. Chad's enemy's friend = friend(enemy(chad));;;;So the answer is friend(enemy(chad));;;;What is the formula for ""Frank's enemy""?",Frank's enemy,enemy(frank),Autumn;;Brooke;;Chad;;Daniel;;Erin;;Frank,Daniel's friend = friend(daniel);;Brooke's friend = friend(brooke);;Frank's enemy = enemy(frank);;Chad's enemy = enemy(chad);;Erin's parent = parent(erin);;Autumn's child = child(autumn),12,22
2,L,SemanticApproach.INTENSIONAL,Representation.ENGLISH,0_L_e2,English phrases can be translated into formulae. Use the following translations to answer the question.;;;;,";;;;Here is an example of how to get a formula for a phrase.;;What is the formula for ""Chad's enemy's friend""?;;;;Here are the steps to arrive at the answer:;;1. Chad's enemy = enemy(chad);;2. Chad's enemy's friend = friend(enemy(chad));;;;So the answer is friend(enemy(chad));;;;What is the formula for ""Frank's enemy""?",Frank's enemy,enemy(frank),Autumn;;Brooke;;Chad;;Daniel;;Erin;;Frank,Daniel's friend = friend(daniel);;Brooke's friend = friend(brooke);;Frank's enemy = enemy(frank);;Chad's enemy = enemy(chad);;Erin's parent = parent(erin);;Autumn's child = child(autumn),9,23
2,L,SemanticApproach.INTENSIONAL,Representation.ENGLISH,0_L_p4,English phrases can be translated into formulae. Use the following translations to answer the question.;;;;,";;;;Here is an example of how to get a formula for a phrase.;;What is the formula for ""Chad's enemy's friend""?;;;;Here are the steps to arrive at the answer:;;1. Chad's enemy = enemy(chad);;2. Chad's enemy's friend = friend(enemy(chad));;;;So the answer is friend(enemy(chad));;;;What is the formula for ""Erin's parent""?",Erin's parent,parent(erin),Autumn;;Brooke;;Chad;;Daniel;;Erin;;Frank,Daniel's friend = friend(daniel);;Brooke's friend = friend(brooke);;Frank's enemy = enemy(frank);;Chad's enemy = enemy(chad);;Erin's parent = parent(erin);;Autumn's child = child(autumn),6,24
2,L,SemanticApproach.INTENSIONAL,Representation.ENGLISH,0_L_e3,English phrases can be translated into formulae. Use the following translations to answer the question.;;;;,";;;;Here is an example of how to get a formula for a phrase.;;What is the formula for ""Chad's enemy's friend""?;;;;Here are the steps to arrive at the answer:;;1. Chad's enemy = enemy(chad);;2. Chad's enemy's friend = friend(enemy(chad));;;;So the answer is friend(enemy(chad));;;;What is the formula for ""Chad's enemy""?",Chad's enemy,enemy(chad),Autumn;;Brooke;;Chad;;Daniel;;Erin;;Frank,Daniel's friend = friend(daniel);;Brooke's friend = friend(brooke);;Frank's enemy = enemy(frank);;Chad's enemy = enemy(chad);;Erin's parent = parent(erin);;Autumn's child = child(autumn),3,25
2,L,SemanticApproach.INTENSIONAL,Representation.ENGLISH,0_L_e2,English phrases can be translated into formulae. Use the following translations to answer the question.;;;;,";;;;Here is an example of how to get a formula for a phrase.;;What is the formula for ""Chad's enemy's friend""?;;;;Here are the steps to arrive at the answer:;;1. Chad's enemy = enemy(chad);;2. Chad's enemy's friend = friend(enemy(chad));;;;So the answer is friend(enemy(chad));;;;What is the formula for ""Frank's enemy""?",Frank's enemy,enemy(frank),Autumn;;Brooke;;Chad;;Daniel;;Erin;;Frank,Daniel's friend = friend(daniel);;Brooke's friend = friend(brooke);;Frank's enemy = enemy(frank);;Chad's enemy = enemy(chad);;Erin's parent = parent(erin);;Autumn's child = child(autumn),11,26
2,L,SemanticApproach.INTENSIONAL,Representation.ENGLISH,0_L_p4,English phrases can be translated into formulae. Use the following translations to answer the question.;;;;,";;;;Here is an example of how to get a formula for a phrase.;;What is the formula for ""Chad's enemy's friend""?;;;;Here are the steps to arrive at the answer:;;1. Chad's enemy = enemy(chad);;2. Chad's enemy's friend = friend(enemy(chad));;;;So the answer is friend(enemy(chad));;;;What is the formula for ""Erin's parent""?",Erin's parent,parent(erin),Autumn;;Brooke;;Chad;;Daniel;;Erin;;Frank,Daniel's friend = friend(daniel);;Brooke's friend = friend(brooke);;Frank's enemy = enemy(frank);;Chad's enemy = enemy(chad);;Erin's parent = parent(erin);;Autumn's child = child(autumn),7,27
2,L,SemanticApproach.INTENSIONAL,Representation.ENGLISH,0_L_f0,English phrases can be translated into formulae. Use the following translations to answer the question.;;;;,";;;;Here is an example of how to get a formula for a phrase.;;What is the formula for ""Chad's enemy's friend""?;;;;Here are the steps to arrive at the answer:;;1. Chad's enemy = enemy(chad);;2. Chad's enemy's friend = friend(enemy(chad));;;;So the answer is friend(enemy(chad));;;;What is the formula for ""Daniel's friend""?",Daniel's friend,friend(daniel),Autumn;;Brooke;;Chad;;Daniel;;Erin;;Frank,Daniel's friend = friend(daniel);;Brooke's friend = friend(brooke);;Frank's enemy = enemy(frank);;Chad's enemy = enemy(chad);;Erin's parent = parent(erin);;Autumn's child = child(autumn),20,28
2,L,SemanticApproach.INTENSIONAL,Representation.ENGLISH,0_L_e2,English phrases can be translated into formulae. Use the following translations to answer the question.;;;;,";;;;Here is an example of how to get a formula for a phrase.;;What is the formula for ""Chad's enemy's friend""?;;;;Here are the steps to arrive at the answer:;;1. Chad's enemy = enemy(chad);;2. Chad's enemy's friend = friend(enemy(chad));;;;So the answer is friend(enemy(chad));;;;What is the formula for ""Frank's enemy""?",Frank's enemy,enemy(frank),Autumn;;Brooke;;Chad;;Daniel;;Erin;;Frank,Daniel's friend = friend(daniel);;Brooke's friend = friend(brooke);;Frank's enemy = enemy(frank);;Chad's enemy = enemy(chad);;Erin's parent = parent(erin);;Autumn's child = child(autumn),10,29
2,L,SemanticApproach.INTENSIONAL,Representation.ENGLISH,0_L_e3,English phrases can be translated into formulae. Use the following translations to answer the question.;;;;,";;;;Here is an example of how to get a formula for a phrase.;;What is the formula for ""Chad's enemy's friend""?;;;;Here are the steps to arrive at the answer:;;1. Chad's enemy = enemy(chad);;2. Chad's enemy's friend = friend(enemy(chad));;;;So the answer is friend(enemy(chad));;;;What is the formula for ""Chad's enemy""?",Chad's enemy,enemy(chad),Autumn;;Brooke;;Chad;;Daniel;;Erin;;Frank,Daniel's friend = friend(daniel);;Brooke's friend = friend(brooke);;Frank's enemy = enemy(frank);;Chad's enemy = enemy(chad);;Erin's parent = parent(erin);;Autumn's child = child(autumn),2,30
2,L,SemanticApproach.INTENSIONAL,Representation.ENGLISH,0_L_f0,English phrases can be translated into formulae. Use the following translations to answer the question.;;;;,";;;;Here is an example of how to get a formula for a phrase.;;What is the formula for ""Chad's enemy's friend""?;;;;Here are the steps to arrive at the answer:;;1. Chad's enemy = enemy(chad);;2. Chad's enemy's friend = friend(enemy(chad));;;;So the answer is friend(enemy(chad));;;;What is the formula for ""Daniel's friend""?",Daniel's friend,friend(daniel),Autumn;;Brooke;;Chad;;Daniel;;Erin;;Frank,Daniel's friend = friend(daniel);;Brooke's friend = friend(brooke);;Frank's enemy = enemy(frank);;Chad's enemy = enemy(chad);;Erin's parent = parent(erin);;Autumn's child = child(autumn),18,31
2,L,SemanticApproach.INTENSIONAL,Representation.ENGLISH,0_L_e3,English phrases can be translated into formulae. Use the following translations to answer the question.;;;;,";;;;Here is an example of how to get a formula for a phrase.;;What is the formula for ""Chad's enemy's friend""?;;;;Here are the steps to arrive at the answer:;;1. Chad's enemy = enemy(chad);;2. Chad's enemy's friend = friend(enemy(chad));;;;So the answer is friend(enemy(chad));;;;What is the formula for ""Chad's enemy""?",Chad's enemy,enemy(chad),Autumn;;Brooke;;Chad;;Daniel;;Erin;;Frank,Daniel's friend = friend(daniel);;Brooke's friend = friend(brooke);;Frank's enemy = enemy(frank);;Chad's enemy = enemy(chad);;Erin's parent = parent(erin);;Autumn's child = child(autumn),1,32
2,L,SemanticApproach.INTENSIONAL,Representation.ENGLISH,0_L_p4,English phrases can be translated into formulae. Use the following translations to answer the question.;;;;,";;;;Here is an example of how to get a formula for a phrase.;;What is the formula for ""Chad's enemy's friend""?;;;;Here are the steps to arrive at the answer:;;1. Chad's enemy = enemy(chad);;2. Chad's enemy's friend = friend(enemy(chad));;;;So the answer is friend(enemy(chad));;;;What is the formula for ""Erin's parent""?",Erin's parent,parent(erin),Autumn;;Brooke;;Chad;;Daniel;;Erin;;Frank,Daniel's friend = friend(daniel);;Brooke's friend = friend(brooke);;Frank's enemy = enemy(frank);;Chad's enemy = enemy(chad);;Erin's parent = parent(erin);;Autumn's child = child(autumn),5,33
2,L,SemanticApproach.INTENSIONAL,Representation.ENGLISH,0_L_f1,English phrases can be translated into formulae. Use the following translations to answer the question.;;;;,";;;;Here is an example of how to get a formula for a phrase.;;What is the formula for ""Chad's enemy's friend""?;;;;Here are the steps to arrive at the answer:;;1. Chad's enemy = enemy(chad);;2. Chad's enemy's friend = friend(enemy(chad));;;;So the answer is friend(enemy(chad));;;;What is the formula for ""Brooke's friend""?",Brooke's friend,friend(brooke),Autumn;;Brooke;;Chad;;Daniel;;Erin;;Frank,Daniel's friend = friend(daniel);;Brooke's friend = friend(brooke);;Frank's enemy = enemy(frank);;Chad's enemy = enemy(chad);;Erin's parent = parent(erin);;Autumn's child = child(autumn),16,34
2,L,SemanticApproach.INTENSIONAL,Representation.ENGLISH,0_L_f0,English phrases can be translated into formulae. Use the following translations to answer the question.;;;;,";;;;Here is an example of how to get a formula for a phrase.;;What is the formula for ""Chad's enemy's friend""?;;;;Here are the steps to arrive at the answer:;;1. Chad's enemy = enemy(chad);;2. Chad's enemy's friend = friend(enemy(chad));;;;So the answer is friend(enemy(chad));;;;What is the formula for ""Daniel's friend""?",Daniel's friend,friend(daniel),Autumn;;Brooke;;Chad;;Daniel;;Erin;;Frank,Daniel's friend = friend(daniel);;Brooke's friend = friend(brooke);;Frank's enemy = enemy(frank);;Chad's enemy = enemy(chad);;Erin's parent = parent(erin);;Autumn's child = child(autumn),19,35
2,L,SemanticApproach.INTENSIONAL,Representation.ENGLISH,0_L_f1,English phrases can be translated into formulae. Use the following translations to answer the question.;;;;,";;;;Here is an example of how to get a formula for a phrase.;;What is the formula for ""Chad's enemy's friend""?;;;;Here are the steps to arrive at the answer:;;1. Chad's enemy = enemy(chad);;2. Chad's enemy's friend = friend(enemy(chad));;;;So the answer is friend(enemy(chad));;;;What is the formula for ""Brooke's friend""?",Brooke's friend,friend(brooke),Autumn;;Brooke;;Chad;;Daniel;;Erin;;Frank,Daniel's friend = friend(daniel);;Brooke's friend = friend(brooke);;Frank's enemy = enemy(frank);;Chad's enemy = enemy(chad);;Erin's parent = parent(erin);;Autumn's child = child(autumn),13,36
2,L,SemanticApproach.INTENSIONAL,Representation.ENGLISH,0_L_e3,English phrases can be translated into formulae. Use the following translations to answer the question.;;;;,";;;;Here is an example of how to get a formula for a phrase.;;What is the formula for ""Chad's enemy's friend""?;;;;Here are the steps to arrive at the answer:;;1. Chad's enemy = enemy(chad);;2. Chad's enemy's friend = friend(enemy(chad));;;;So the answer is friend(enemy(chad));;;;What is the formula for ""Chad's enemy""?",Chad's enemy,enemy(chad),Autumn;;Brooke;;Chad;;Daniel;;Erin;;Frank,Daniel's friend = friend(daniel);;Brooke's friend = friend(brooke);;Frank's enemy = enemy(frank);;Chad's enemy = enemy(chad);;Erin's parent = parent(erin);;Autumn's child = child(autumn),4,37
2,L,SemanticApproach.INTENSIONAL,Representation.ENGLISH,0_L_p4,English phrases can be translated into formulae. Use the following translations to answer the question.;;;;,";;;;Here is an example of how to get a formula for a phrase.;;What is the formula for ""Chad's enemy's friend""?;;;;Here are the steps to arrive at the answer:;;1. Chad's enemy = enemy(chad);;2. Chad's enemy's friend = friend(enemy(chad));;;;So the answer is friend(enemy(chad));;;;What is the formula for ""Erin's parent""?",Erin's parent,parent(erin),Autumn;;Brooke;;Chad;;Daniel;;Erin;;Frank,Daniel's friend = friend(daniel);;Brooke's friend = friend(brooke);;Frank's enemy = enemy(frank);;Chad's enemy = enemy(chad);;Erin's parent = parent(erin);;Autumn's child = child(autumn),8,38
2,L,SemanticApproach.INTENSIONAL,Representation.ENGLISH,0_L_f1,English phrases can be translated into formulae. Use the following translations to answer the question.;;;;,";;;;Here is an example of how to get a formula for a phrase.;;What is the formula for ""Chad's enemy's friend""?;;;;Here are the steps to arrive at the answer:;;1. Chad's enemy = enemy(chad);;2. Chad's enemy's friend = friend(enemy(chad));;;;So the answer is friend(enemy(chad));;;;What is the formula for ""Brooke's friend""?",Brooke's friend,friend(brooke),Autumn;;Brooke;;Chad;;Daniel;;Erin;;Frank,Daniel's friend = friend(daniel);;Brooke's friend = friend(brooke);;Frank's enemy = enemy(frank);;Chad's enemy = enemy(chad);;Erin's parent = parent(erin);;Autumn's child = child(autumn),15,39
4,L,SemanticApproach.EXTENSIONAL,Representation.ABSTRACT,0_L_pee0,"Imagine there are six people: Autumn, Brooke, Chad, Daniel, Erin and Frank. They have the following relationships to each other:;;;;",;;Here is how to figure out the answer to the following question:;;Who is Chad's enemy's friend?;;;;Here are the steps to arrive at the answer:;;1. Chad's enemy = r;;2. Brooke's friend = k;;;;So the answer is k;;;;Now answer the following question:;;Who is Daniel's enemy's enemy's parent?,Daniel's enemy's enemy's parent,k,k;;q;;r;;s;;v;;w,Autumn = w  Autumn's enemy = q  Autumn's friend = k  Daniel's parent = k  Autumn's child = s  ;;Brooke = r  Brooke's enemy = k  Brooke's friend = s  Erin's parent = w    Brooke's child = v  ;;Chad = k    Chad's enemy = r    Chad's friend = w    Frank's parent = r   Chad's child = q    ;;Daniel = q  Daniel's enemy = w  Daniel's friend = v  ;;Erin = s    Erin's enemy = v    Erin's friend = r    ;;Frank = v   Frank's enemy = s   Frank's friend = q   ,47,0
4,L,SemanticApproach.EXTENSIONAL,Representation.ABSTRACT,0_L_epf1,"Imagine there are six people: Autumn, Brooke, Chad, Daniel, Erin and Frank. They have the following relationships to each other:;;;;",;;Here is how to figure out the answer to the following question:;;Who is Chad's enemy's friend?;;;;Here are the steps to arrive at the answer:;;1. Chad's enemy = r;;2. Brooke's friend = k;;;;So the answer is k;;;;Now answer the following question:;;Who is Brooke's friend's parent's enemy?,Brooke's friend's parent's enemy,q,k;;q;;r;;s;;v;;w,Autumn = w  Autumn's enemy = q  Autumn's friend = k  Daniel's parent = k  Autumn's child = s  ;;Brooke = r  Brooke's enemy = k  Brooke's friend = s  Erin's parent = w    Brooke's child = v  ;;Chad = k    Chad's enemy = r    Chad's friend = w    Frank's parent = r   Chad's child = q    ;;Daniel = q  Daniel's enemy = w  Daniel's friend = v  ;;Erin = s    Erin's enemy = v    Erin's friend = r    ;;Frank = v   Frank's enemy = s   Frank's friend = q   ,49,1
4,L,SemanticApproach.EXTENSIONAL,Representation.ABSTRACT,0_L_pff4,"Imagine there are six people: Autumn, Brooke, Chad, Daniel, Erin and Frank. They have the following relationships to each other:;;;;",;;Here is how to figure out the answer to the following question:;;Who is Chad's enemy's friend?;;;;Here are the steps to arrive at the answer:;;1. Chad's enemy = r;;2. Brooke's friend = k;;;;So the answer is k;;;;Now answer the following question:;;Who is Erin's friend's friend's parent?,Erin's friend's friend's parent,w,k;;q;;r;;s;;v;;w,Autumn = w  Autumn's enemy = q  Autumn's friend = k  Daniel's parent = k  Autumn's child = s  ;;Brooke = r  Brooke's enemy = k  Brooke's friend = s  Erin's parent = w    Brooke's child = v  ;;Chad = k    Chad's enemy = r    Chad's friend = w    Frank's parent = r   Chad's child = q    ;;Daniel = q  Daniel's enemy = w  Daniel's friend = v  ;;Erin = s    Erin's enemy = v    Erin's friend = r    ;;Frank = v   Frank's enemy = s   Frank's friend = q   ,23,2
4,L,SemanticApproach.EXTENSIONAL,Representation.ABSTRACT,0_L_fep2,"Imagine there are six people: Autumn, Brooke, Chad, Daniel, Erin and Frank. They have the following relationships to each other:;;;;",;;Here is how to figure out the answer to the following question:;;Who is Chad's enemy's friend?;;;;Here are the steps to arrive at the answer:;;1. Chad's enemy = r;;2. Brooke's friend = k;;;;So the answer is k;;;;Now answer the following question:;;Who is Frank's parent's enemy's friend?,Frank's parent's enemy's friend,w,k;;q;;r;;s;;v;;w,Autumn = w  Autumn's enemy = q  Autumn's friend = k  Daniel's parent = k  Autumn's child = s  ;;Brooke = r  Brooke's enemy = k  Brooke's friend = s  Erin's parent = w    Brooke's child = v  ;;Chad = k    Chad's enemy = r    Chad's friend = w    Frank's parent = r   Chad's child = q    ;;Daniel = q  Daniel's enemy = w  Daniel's friend = v  ;;Erin = s    Erin's enemy = v    Erin's friend = r    ;;Frank = v   Frank's enemy = s   Frank's friend = q   ,36,3
4,L,SemanticApproach.EXTENSIONAL,Representation.ABSTRACT,0_L_cec3,"Imagine there are six people: Autumn, Brooke, Chad, Daniel, Erin and Frank. They have the following relationships to each other:;;;;",;;Here is how to figure out the answer to the following question:;;Who is Chad's enemy's friend?;;;;Here are the steps to arrive at the answer:;;1. Chad's enemy = r;;2. Brooke's friend = k;;;;So the answer is k;;;;Now answer the following question:;;Who is Chad's child's enemy's child?,Chad's child's enemy's child,s,k;;q;;r;;s;;v;;w,Autumn = w  Autumn's enemy = q  Autumn's friend = k  Daniel's parent = k  Autumn's child = s  ;;Brooke = r  Brooke's enemy = k  Brooke's friend = s  Erin's parent = w    Brooke's child = v  ;;Chad = k    Chad's enemy = r    Chad's friend = w    Frank's parent = r   Chad's child = q    ;;Daniel = q  Daniel's enemy = w  Daniel's friend = v  ;;Erin = s    Erin's enemy = v    Erin's friend = r    ;;Frank = v   Frank's enemy = s   Frank's friend = q   ,38,4
4,L,SemanticApproach.EXTENSIONAL,Representation.ABSTRACT,0_L_ffc5,"Imagine there are six people: Autumn, Brooke, Chad, Daniel, Erin and Frank. They have the following relationships to each other:;;;;",;;Here is how to figure out the answer to the following question:;;Who is Chad's enemy's friend?;;;;Here are the steps to arrive at the answer:;;1. Chad's enemy = r;;2. Brooke's friend = k;;;;So the answer is k;;;;Now answer the following question:;;Who is Autumn's child's friend's friend?,Autumn's child's friend's friend,s,k;;q;;r;;s;;v;;w,Autumn = w  Autumn's enemy = q  Autumn's friend = k  Daniel's parent = k  Autumn's child = s  ;;Brooke = r  Brooke's enemy = k  Brooke's friend = s  Erin's parent = w    Brooke's child = v  ;;Chad = k    Chad's enemy = r    Chad's friend = w    Frank's parent = r   Chad's child = q    ;;Daniel = q  Daniel's enemy = w  Daniel's friend = v  ;;Erin = s    Erin's enemy = v    Erin's friend = r    ;;Frank = v   Frank's enemy = s   Frank's friend = q   ,54,5
4,L,SemanticApproach.EXTENSIONAL,Representation.ABSTRACT,0_L_eee4,"Imagine there are six people: Autumn, Brooke, Chad, Daniel, Erin and Frank. They have the following relationships to each other:;;;;",;;Here is how to figure out the answer to the following question:;;Who is Chad's enemy's friend?;;;;Here are the steps to arrive at the answer:;;1. Chad's enemy = r;;2. Brooke's friend = k;;;;So the answer is k;;;;Now answer the following question:;;Who is Erin's enemy's enemy's enemy?,Erin's enemy's enemy's enemy,v,k;;q;;r;;s;;v;;w,Autumn = w  Autumn's enemy = q  Autumn's friend = k  Daniel's parent = k  Autumn's child = s  ;;Brooke = r  Brooke's enemy = k  Brooke's friend = s  Erin's parent = w    Brooke's child = v  ;;Chad = k    Chad's enemy = r    Chad's friend = w    Frank's parent = r   Chad's child = q    ;;Daniel = q  Daniel's enemy = w  Daniel's friend = v  ;;Erin = s    Erin's enemy = v    Erin's friend = r    ;;Frank = v   Frank's enemy = s   Frank's friend = q   ,44,6
4,L,SemanticApproach.EXTENSIONAL,Representation.ABSTRACT,0_L_fpe5,"Imagine there are six people: Autumn, Brooke, Chad, Daniel, Erin and Frank. They have the following relationships to each other:;;;;",;;Here is how to figure out the answer to the following question:;;Who is Chad's enemy's friend?;;;;Here are the steps to arrive at the answer:;;1. Chad's enemy = r;;2. Brooke's friend = k;;;;So the answer is k;;;;Now answer the following question:;;Who is Autumn's enemy's parent's friend?,Autumn's enemy's parent's friend,w,k;;q;;r;;s;;v;;w,Autumn = w  Autumn's enemy = q  Autumn's friend = k  Daniel's parent = k  Autumn's child = s  ;;Brooke = r  Brooke's enemy = k  Brooke's friend = s  Erin's parent = w    Brooke's child = v  ;;Chad = k    Chad's enemy = r    Chad's friend = w    Frank's parent = r   Chad's child = q    ;;Daniel = q  Daniel's enemy = w  Daniel's friend = v  ;;Erin = s    Erin's enemy = v    Erin's friend = r    ;;Frank = v   Frank's enemy = s   Frank's friend = q   ,35,7
4,L,SemanticApproach.EXTENSIONAL,Representation.ABSTRACT,0_L_pec1,"Imagine there are six people: Autumn, Brooke, Chad, Daniel, Erin and Frank. They have the following relationships to each other:;;;;",;;Here is how to figure out the answer to the following question:;;Who is Chad's enemy's friend?;;;;Here are the steps to arrive at the answer:;;1. Chad's enemy = r;;2. Brooke's friend = k;;;;So the answer is k;;;;Now answer the following question:;;Who is Brooke's child's enemy's parent?,Brooke's child's enemy's parent,w,k;;q;;r;;s;;v;;w,Autumn = w  Autumn's enemy = q  Autumn's friend = k  Daniel's parent = k  Autumn's child = s  ;;Brooke = r  Brooke's enemy = k  Brooke's friend = s  Erin's parent = w    Brooke's child = v  ;;Chad = k    Chad's enemy = r    Chad's friend = w    Frank's parent = r   Chad's child = q    ;;Daniel = q  Daniel's enemy = w  Daniel's friend = v  ;;Erin = s    Erin's enemy = v    Erin's friend = r    ;;Frank = v   Frank's enemy = s   Frank's friend = q   ,33,8
4,L,SemanticApproach.EXTENSIONAL,Representation.ABSTRACT,0_L_fcf3,"Imagine there are six people: Autumn, Brooke, Chad, Daniel, Erin and Frank. They have the following relationships to each other:;;;;",;;Here is how to figure out the answer to the following question:;;Who is Chad's enemy's friend?;;;;Here are the steps to arrive at the answer:;;1. Chad's enemy = r;;2. Brooke's friend = k;;;;So the answer is k;;;;Now answer the following question:;;Who is Chad's friend's child's friend?,Chad's friend's child's friend,r,k;;q;;r;;s;;v;;w,Autumn = w  Autumn's enemy = q  Autumn's friend = k  Daniel's parent = k  Autumn's child = s  ;;Brooke = r  Brooke's enemy = k  Brooke's friend = s  Erin's parent = w    Brooke's child = v  ;;Chad = k    Chad's enemy = r    Chad's friend = w    Frank's parent = r   Chad's child = q    ;;Daniel = q  Daniel's enemy = w  Daniel's friend = v  ;;Erin = s    Erin's enemy = v    Erin's friend = r    ;;Frank = v   Frank's enemy = s   Frank's friend = q   ,32,9
4,L,SemanticApproach.EXTENSIONAL,Representation.ABSTRACT,0_L_pcf3,"Imagine there are six people: Autumn, Brooke, Chad, Daniel, Erin and Frank. They have the following relationships to each other:;;;;",;;Here is how to figure out the answer to the following question:;;Who is Chad's enemy's friend?;;;;Here are the steps to arrive at the answer:;;1. Chad's enemy = r;;2. Brooke's friend = k;;;;So the answer is k;;;;Now answer the following question:;;Who is Chad's friend's child's parent?,Chad's friend's child's parent,w,k;;q;;r;;s;;v;;w,Autumn = w  Autumn's enemy = q  Autumn's friend = k  Daniel's parent = k  Autumn's child = s  ;;Brooke = r  Brooke's enemy = k  Brooke's friend = s  Erin's parent = w    Brooke's child = v  ;;Chad = k    Chad's enemy = r    Chad's friend = w    Frank's parent = r   Chad's child = q    ;;Daniel = q  Daniel's enemy = w  Daniel's friend = v  ;;Erin = s    Erin's enemy = v    Erin's friend = r    ;;Frank = v   Frank's enemy = s   Frank's friend = q   ,57,10
4,L,SemanticApproach.EXTENSIONAL,Representation.ABSTRACT,0_L_fep4,"Imagine there are six people: Autumn, Brooke, Chad, Daniel, Erin and Frank. They have the following relationships to each other:;;;;",;;Here is how to figure out the answer to the following question:;;Who is Chad's enemy's friend?;;;;Here are the steps to arrive at the answer:;;1. Chad's enemy = r;;2. Brooke's friend = k;;;;So the answer is k;;;;Now answer the following question:;;Who is Erin's parent's enemy's friend?,Erin's parent's enemy's friend,v,k;;q;;r;;s;;v;;w,Autumn = w  Autumn's enemy = q  Autumn's friend = k  Daniel's parent = k  Autumn's child = s  ;;Brooke = r  Brooke's enemy = k  Brooke's friend = s  Erin's parent = w    Brooke's child = v  ;;Chad = k    Chad's enemy = r    Chad's friend = w    Frank's parent = r   Chad's child = q    ;;Daniel = q  Daniel's enemy = w  Daniel's friend = v  ;;Erin = s    Erin's enemy = v    Erin's friend = r    ;;Frank = v   Frank's enemy = s   Frank's friend = q   ,28,11
4,L,SemanticApproach.EXTENSIONAL,Representation.ABSTRACT,0_L_eep4,"Imagine there are six people: Autumn, Brooke, Chad, Daniel, Erin and Frank. They have the following relationships to each other:;;;;",;;Here is how to figure out the answer to the following question:;;Who is Chad's enemy's friend?;;;;Here are the steps to arrive at the answer:;;1. Chad's enemy = r;;2. Brooke's friend = k;;;;So the answer is k;;;;Now answer the following question:;;Who is Erin's parent's enemy's enemy?,Erin's parent's enemy's enemy,w,k;;q;;r;;s;;v;;w,Autumn = w  Autumn's enemy = q  Autumn's friend = k  Daniel's parent = k  Autumn's child = s  ;;Brooke = r  Brooke's enemy = k  Brooke's friend = s  Erin's parent = w    Brooke's child = v  ;;Chad = k    Chad's enemy = r    Chad's friend = w    Frank's parent = r   Chad's child = q    ;;Daniel = q  Daniel's enemy = w  Daniel's friend = v  ;;Erin = s    Erin's enemy = v    Erin's friend = r    ;;Frank = v   Frank's enemy = s   Frank's friend = q   ,60,12
4,L,SemanticApproach.EXTENSIONAL,Representation.ABSTRACT,0_L_efc3,"Imagine there are six people: Autumn, Brooke, Chad, Daniel, Erin and Frank. They have the following relationships to each other:;;;;",;;Here is how to figure out the answer to the following question:;;Who is Chad's enemy's friend?;;;;Here are the steps to arrive at the answer:;;1. Chad's enemy = r;;2. Brooke's friend = k;;;;So the answer is k;;;;Now answer the following question:;;Who is Chad's child's friend's enemy?,Chad's child's friend's enemy,s,k;;q;;r;;s;;v;;w,Autumn = w  Autumn's enemy = q  Autumn's friend = k  Daniel's parent = k  Autumn's child = s  ;;Brooke = r  Brooke's enemy = k  Brooke's friend = s  Erin's parent = w    Brooke's child = v  ;;Chad = k    Chad's enemy = r    Chad's friend = w    Frank's parent = r   Chad's child = q    ;;Daniel = q  Daniel's enemy = w  Daniel's friend = v  ;;Erin = s    Erin's enemy = v    Erin's friend = r    ;;Frank = v   Frank's enemy = s   Frank's friend = q   ,48,13
4,L,SemanticApproach.EXTENSIONAL,Representation.ABSTRACT,0_L_eec5,"Imagine there are six people: Autumn, Brooke, Chad, Daniel, Erin and Frank. They have the following relationships to each other:;;;;",;;Here is how to figure out the answer to the following question:;;Who is Chad's enemy's friend?;;;;Here are the steps to arrive at the answer:;;1. Chad's enemy = r;;2. Brooke's friend = k;;;;So the answer is k;;;;Now answer the following question:;;Who is Autumn's child's enemy's enemy?,Autumn's child's enemy's enemy,s,k;;q;;r;;s;;v;;w,Autumn = w  Autumn's enemy = q  Autumn's friend = k  Daniel's parent = k  Autumn's child = s  ;;Brooke = r  Brooke's enemy = k  Brooke's friend = s  Erin's parent = w    Brooke's child = v  ;;Chad = k    Chad's enemy = r    Chad's friend = w    Frank's parent = r   Chad's child = q    ;;Daniel = q  Daniel's enemy = w  Daniel's friend = v  ;;Erin = s    Erin's enemy = v    Erin's friend = r    ;;Frank = v   Frank's enemy = s   Frank's friend = q   ,25,14
4,L,SemanticApproach.EXTENSIONAL,Representation.ABSTRACT,0_L_cpe2,"Imagine there are six people: Autumn, Brooke, Chad, Daniel, Erin and Frank. They have the following relationships to each other:;;;;",;;Here is how to figure out the answer to the following question:;;Who is Chad's enemy's friend?;;;;Here are the steps to arrive at the answer:;;1. Chad's enemy = r;;2. Brooke's friend = k;;;;So the answer is k;;;;Now answer the following question:;;Who is Frank's enemy's parent's child?,Frank's enemy's parent's child,s,k;;q;;r;;s;;v;;w,Autumn = w  Autumn's enemy = q  Autumn's friend = k  Daniel's parent = k  Autumn's child = s  ;;Brooke = r  Brooke's enemy = k  Brooke's friend = s  Erin's parent = w    Brooke's child = v  ;;Chad = k    Chad's enemy = r    Chad's friend = w    Frank's parent = r   Chad's child = q    ;;Daniel = q  Daniel's enemy = w  Daniel's friend = v  ;;Erin = s    Erin's enemy = v    Erin's friend = r    ;;Frank = v   Frank's enemy = s   Frank's friend = q   ,37,15
4,L,SemanticApproach.EXTENSIONAL,Representation.ABSTRACT,0_L_cpc3,"Imagine there are six people: Autumn, Brooke, Chad, Daniel, Erin and Frank. They have the following relationships to each other:;;;;",;;Here is how to figure out the answer to the following question:;;Who is Chad's enemy's friend?;;;;Here are the steps to arrive at the answer:;;1. Chad's enemy = r;;2. Brooke's friend = k;;;;So the answer is k;;;;Now answer the following question:;;Who is Chad's child's parent's child?,Chad's child's parent's child,q,k;;q;;r;;s;;v;;w,Autumn = w  Autumn's enemy = q  Autumn's friend = k  Daniel's parent = k  Autumn's child = s  ;;Brooke = r  Brooke's enemy = k  Brooke's friend = s  Erin's parent = w    Brooke's child = v  ;;Chad = k    Chad's enemy = r    Chad's friend = w    Frank's parent = r   Chad's child = q    ;;Daniel = q  Daniel's enemy = w  Daniel's friend = v  ;;Erin = s    Erin's enemy = v    Erin's friend = r    ;;Frank = v   Frank's enemy = s   Frank's friend = q   ,46,16
4,L,SemanticApproach.EXTENSIONAL,Representation.ABSTRACT,0_L_fpf2,"Imagine there are six people: Autumn, Brooke, Chad, Daniel, Erin and Frank. They have the following relationships to each other:;;;;",;;Here is how to figure out the answer to the following question:;;Who is Chad's enemy's friend?;;;;Here are the steps to arrive at the answer:;;1. Chad's enemy = r;;2. Brooke's friend = k;;;;So the answer is k;;;;Now answer the following question:;;Who is Frank's friend's parent's friend?,Frank's friend's parent's friend,w,k;;q;;r;;s;;v;;w,Autumn = w  Autumn's enemy = q  Autumn's friend = k  Daniel's parent = k  Autumn's child = s  ;;Brooke = r  Brooke's enemy = k  Brooke's friend = s  Erin's parent = w    Brooke's child = v  ;;Chad = k    Chad's enemy = r    Chad's friend = w    Frank's parent = r   Chad's child = q    ;;Daniel = q  Daniel's enemy = w  Daniel's friend = v  ;;Erin = s    Erin's enemy = v    Erin's friend = r    ;;Frank = v   Frank's enemy = s   Frank's friend = q   ,30,17
4,L,SemanticApproach.EXTENSIONAL,Representation.ABSTRACT,0_L_epc1,"Imagine there are six people: Autumn, Brooke, Chad, Daniel, Erin and Frank. They have the following relationships to each other:;;;;",;;Here is how to figure out the answer to the following question:;;Who is Chad's enemy's friend?;;;;Here are the steps to arrive at the answer:;;1. Chad's enemy = r;;2. Brooke's friend = k;;;;So the answer is k;;;;Now answer the following question:;;Who is Brooke's child's parent's enemy?,Brooke's child's parent's enemy,k,k;;q;;r;;s;;v;;w,Autumn = w  Autumn's enemy = q  Autumn's friend = k  Daniel's parent = k  Autumn's child = s  ;;Brooke = r  Brooke's enemy = k  Brooke's friend = s  Erin's parent = w    Brooke's child = v  ;;Chad = k    Chad's enemy = r    Chad's friend = w    Frank's parent = r   Chad's child = q    ;;Daniel = q  Daniel's enemy = w  Daniel's friend = v  ;;Erin = s    Erin's enemy = v    Erin's friend = r    ;;Frank = v   Frank's enemy = s   Frank's friend = q   ,56,18
4,L,SemanticApproach.EXTENSIONAL,Representation.ABSTRACT,0_L_cff1,"Imagine there are six people: Autumn, Brooke, Chad, Daniel, Erin and Frank. They have the following relationships to each other:;;;;",;;Here is how to figure out the answer to the following question:;;Who is Chad's enemy's friend?;;;;Here are the steps to arrive at the answer:;;1. Chad's enemy = r;;2. Brooke's friend = k;;;;So the answer is k;;;;Now answer the following question:;;Who is Brooke's friend's friend's child?,Brooke's friend's friend's child,v,k;;q;;r;;s;;v;;w,Autumn = w  Autumn's enemy = q  Autumn's friend = k  Daniel's parent = k  Autumn's child = s  ;;Brooke = r  Brooke's enemy = k  Brooke's friend = s  Erin's parent = w    Brooke's child = v  ;;Chad = k    Chad's enemy = r    Chad's friend = w    Frank's parent = r   Chad's child = q    ;;Daniel = q  Daniel's enemy = w  Daniel's friend = v  ;;Erin = s    Erin's enemy = v    Erin's friend = r    ;;Frank = v   Frank's enemy = s   Frank's friend = q   ,55,19
4,L,SemanticApproach.EXTENSIONAL,Representation.ABSTRACT,0_L_ffe5,"Imagine there are six people: Autumn, Brooke, Chad, Daniel, Erin and Frank. They have the following relationships to each other:;;;;",;;Here is how to figure out the answer to the following question:;;Who is Chad's enemy's friend?;;;;Here are the steps to arrive at the answer:;;1. Chad's enemy = r;;2. Brooke's friend = k;;;;So the answer is k;;;;Now answer the following question:;;Who is Autumn's enemy's friend's friend?,Autumn's enemy's friend's friend,q,k;;q;;r;;s;;v;;w,Autumn = w  Autumn's enemy = q  Autumn's friend = k  Daniel's parent = k  Autumn's child = s  ;;Brooke = r  Brooke's enemy = k  Brooke's friend = s  Erin's parent = w    Brooke's child = v  ;;Chad = k    Chad's enemy = r    Chad's friend = w    Frank's parent = r   Chad's child = q    ;;Daniel = q  Daniel's enemy = w  Daniel's friend = v  ;;Erin = s    Erin's enemy = v    Erin's friend = r    ;;Frank = v   Frank's enemy = s   Frank's friend = q   ,52,20
4,L,SemanticApproach.EXTENSIONAL,Representation.ABSTRACT,0_L_pef1,"Imagine there are six people: Autumn, Brooke, Chad, Daniel, Erin and Frank. They have the following relationships to each other:;;;;",;;Here is how to figure out the answer to the following question:;;Who is Chad's enemy's friend?;;;;Here are the steps to arrive at the answer:;;1. Chad's enemy = r;;2. Brooke's friend = k;;;;So the answer is k;;;;Now answer the following question:;;Who is Brooke's friend's enemy's parent?,Brooke's friend's enemy's parent,r,k;;q;;r;;s;;v;;w,Autumn = w  Autumn's enemy = q  Autumn's friend = k  Daniel's parent = k  Autumn's child = s  ;;Brooke = r  Brooke's enemy = k  Brooke's friend = s  Erin's parent = w    Brooke's child = v  ;;Chad = k    Chad's enemy = r    Chad's friend = w    Frank's parent = r   Chad's child = q    ;;Daniel = q  Daniel's enemy = w  Daniel's friend = v  ;;Erin = s    Erin's enemy = v    Erin's friend = r    ;;Frank = v   Frank's enemy = s   Frank's friend = q   ,42,21
4,L,SemanticApproach.EXTENSIONAL,Representation.ABSTRACT,0_L_fcp2,"Imagine there are six people: Autumn, Brooke, Chad, Daniel, Erin and Frank. They have the following relationships to each other:;;;;",;;Here is how to figure out the answer to the following question:;;Who is Chad's enemy's friend?;;;;Here are the steps to arrive at the answer:;;1. Chad's enemy = r;;2. Brooke's friend = k;;;;So the answer is k;;;;Now answer the following question:;;Who is Frank's parent's child's friend?,Frank's parent's child's friend,q,k;;q;;r;;s;;v;;w,Autumn = w  Autumn's enemy = q  Autumn's friend = k  Daniel's parent = k  Autumn's child = s  ;;Brooke = r  Brooke's enemy = k  Brooke's friend = s  Erin's parent = w    Brooke's child = v  ;;Chad = k    Chad's enemy = r    Chad's friend = w    Frank's parent = r   Chad's child = q    ;;Daniel = q  Daniel's enemy = w  Daniel's friend = v  ;;Erin = s    Erin's enemy = v    Erin's friend = r    ;;Frank = v   Frank's enemy = s   Frank's friend = q   ,27,22
4,L,SemanticApproach.EXTENSIONAL,Representation.ABSTRACT,0_L_cfp0,"Imagine there are six people: Autumn, Brooke, Chad, Daniel, Erin and Frank. They have the following relationships to each other:;;;;",;;Here is how to figure out the answer to the following question:;;Who is Chad's enemy's friend?;;;;Here are the steps to arrive at the answer:;;1. Chad's enemy = r;;2. Brooke's friend = k;;;;So the answer is k;;;;Now answer the following question:;;Who is Daniel's parent's friend's child?,Daniel's parent's friend's child,s,k;;q;;r;;s;;v;;w,Autumn = w  Autumn's enemy = q  Autumn's friend = k  Daniel's parent = k  Autumn's child = s  ;;Brooke = r  Brooke's enemy = k  Brooke's friend = s  Erin's parent = w    Brooke's child = v  ;;Chad = k    Chad's enemy = r    Chad's friend = w    Frank's parent = r   Chad's child = q    ;;Daniel = q  Daniel's enemy = w  Daniel's friend = v  ;;Erin = s    Erin's enemy = v    Erin's friend = r    ;;Frank = v   Frank's enemy = s   Frank's friend = q   ,43,23
4,L,SemanticApproach.EXTENSIONAL,Representation.ABSTRACT,0_L_fef1,"Imagine there are six people: Autumn, Brooke, Chad, Daniel, Erin and Frank. They have the following relationships to each other:;;;;",;;Here is how to figure out the answer to the following question:;;Who is Chad's enemy's friend?;;;;Here are the steps to arrive at the answer:;;1. Chad's enemy = r;;2. Brooke's friend = k;;;;So the answer is k;;;;Now answer the following question:;;Who is Brooke's friend's enemy's friend?,Brooke's friend's enemy's friend,q,k;;q;;r;;s;;v;;w,Autumn = w  Autumn's enemy = q  Autumn's friend = k  Daniel's parent = k  Autumn's child = s  ;;Brooke = r  Brooke's enemy = k  Brooke's friend = s  Erin's parent = w    Brooke's child = v  ;;Chad = k    Chad's enemy = r    Chad's friend = w    Frank's parent = r   Chad's child = q    ;;Daniel = q  Daniel's enemy = w  Daniel's friend = v  ;;Erin = s    Erin's enemy = v    Erin's friend = r    ;;Frank = v   Frank's enemy = s   Frank's friend = q   ,26,24
4,L,SemanticApproach.EXTENSIONAL,Representation.ABSTRACT,0_L_fec5,"Imagine there are six people: Autumn, Brooke, Chad, Daniel, Erin and Frank. They have the following relationships to each other:;;;;",;;Here is how to figure out the answer to the following question:;;Who is Chad's enemy's friend?;;;;Here are the steps to arrive at the answer:;;1. Chad's enemy = r;;2. Brooke's friend = k;;;;So the answer is k;;;;Now answer the following question:;;Who is Autumn's child's enemy's friend?,Autumn's child's enemy's friend,q,k;;q;;r;;s;;v;;w,Autumn = w  Autumn's enemy = q  Autumn's friend = k  Daniel's parent = k  Autumn's child = s  ;;Brooke = r  Brooke's enemy = k  Brooke's friend = s  Erin's parent = w    Brooke's child = v  ;;Chad = k    Chad's enemy = r    Chad's friend = w    Frank's parent = r   Chad's child = q    ;;Daniel = q  Daniel's enemy = w  Daniel's friend = v  ;;Erin = s    Erin's enemy = v    Erin's friend = r    ;;Frank = v   Frank's enemy = s   Frank's friend = q   ,51,25
4,L,SemanticApproach.EXTENSIONAL,Representation.ABSTRACT,0_L_pff0,"Imagine there are six people: Autumn, Brooke, Chad, Daniel, Erin and Frank. They have the following relationships to each other:;;;;",;;Here is how to figure out the answer to the following question:;;Who is Chad's enemy's friend?;;;;Here are the steps to arrive at the answer:;;1. Chad's enemy = r;;2. Brooke's friend = k;;;;So the answer is k;;;;Now answer the following question:;;Who is Daniel's friend's friend's parent?,Daniel's friend's friend's parent,k,k;;q;;r;;s;;v;;w,Autumn = w  Autumn's enemy = q  Autumn's friend = k  Daniel's parent = k  Autumn's child = s  ;;Brooke = r  Brooke's enemy = k  Brooke's friend = s  Erin's parent = w    Brooke's child = v  ;;Chad = k    Chad's enemy = r    Chad's friend = w    Frank's parent = r   Chad's child = q    ;;Daniel = q  Daniel's enemy = w  Daniel's friend = v  ;;Erin = s    Erin's enemy = v    Erin's friend = r    ;;Frank = v   Frank's enemy = s   Frank's friend = q   ,58,26
4,L,SemanticApproach.EXTENSIONAL,Representation.ABSTRACT,0_L_eff4,"Imagine there are six people: Autumn, Brooke, Chad, Daniel, Erin and Frank. They have the following relationships to each other:;;;;",;;Here is how to figure out the answer to the following question:;;Who is Chad's enemy's friend?;;;;Here are the steps to arrive at the answer:;;1. Chad's enemy = r;;2. Brooke's friend = k;;;;So the answer is k;;;;Now answer the following question:;;Who is Erin's friend's friend's enemy?,Erin's friend's friend's enemy,v,k;;q;;r;;s;;v;;w,Autumn = w  Autumn's enemy = q  Autumn's friend = k  Daniel's parent = k  Autumn's child = s  ;;Brooke = r  Brooke's enemy = k  Brooke's friend = s  Erin's parent = w    Brooke's child = v  ;;Chad = k    Chad's enemy = r    Chad's friend = w    Frank's parent = r   Chad's child = q    ;;Daniel = q  Daniel's enemy = w  Daniel's friend = v  ;;Erin = s    Erin's enemy = v    Erin's friend = r    ;;Frank = v   Frank's enemy = s   Frank's friend = q   ,22,27
4,L,SemanticApproach.EXTENSIONAL,Representation.ABSTRACT,0_L_pce1,"Imagine there are six people: Autumn, Brooke, Chad, Daniel, Erin and Frank. They have the following relationships to each other:;;;;",;;Here is how to figure out the answer to the following question:;;Who is Chad's enemy's friend?;;;;Here are the steps to arrive at the answer:;;1. Chad's enemy = r;;2. Brooke's friend = k;;;;So the answer is k;;;;Now answer the following question:;;Who is Brooke's enemy's child's parent?,Brooke's enemy's child's parent,k,k;;q;;r;;s;;v;;w,Autumn = w  Autumn's enemy = q  Autumn's friend = k  Daniel's parent = k  Autumn's child = s  ;;Brooke = r  Brooke's enemy = k  Brooke's friend = s  Erin's parent = w    Brooke's child = v  ;;Chad = k    Chad's enemy = r    Chad's friend = w    Frank's parent = r   Chad's child = q    ;;Daniel = q  Daniel's enemy = w  Daniel's friend = v  ;;Erin = s    Erin's enemy = v    Erin's friend = r    ;;Frank = v   Frank's enemy = s   Frank's friend = q   ,53,28
4,L,SemanticApproach.EXTENSIONAL,Representation.ABSTRACT,0_L_ecf3,"Imagine there are six people: Autumn, Brooke, Chad, Daniel, Erin and Frank. They have the following relationships to each other:;;;;",;;Here is how to figure out the answer to the following question:;;Who is Chad's enemy's friend?;;;;Here are the steps to arrive at the answer:;;1. Chad's enemy = r;;2. Brooke's friend = k;;;;So the answer is k;;;;Now answer the following question:;;Who is Chad's friend's child's enemy?,Chad's friend's child's enemy,v,k;;q;;r;;s;;v;;w,Autumn = w  Autumn's enemy = q  Autumn's friend = k  Daniel's parent = k  Autumn's child = s  ;;Brooke = r  Brooke's enemy = k  Brooke's friend = s  Erin's parent = w    Brooke's child = v  ;;Chad = k    Chad's enemy = r    Chad's friend = w    Frank's parent = r   Chad's child = q    ;;Daniel = q  Daniel's enemy = w  Daniel's friend = v  ;;Erin = s    Erin's enemy = v    Erin's friend = r    ;;Frank = v   Frank's enemy = s   Frank's friend = q   ,39,29
4,L,SemanticApproach.EXTENSIONAL,Representation.ABSTRACT,0_L_cfe2,"Imagine there are six people: Autumn, Brooke, Chad, Daniel, Erin and Frank. They have the following relationships to each other:;;;;",;;Here is how to figure out the answer to the following question:;;Who is Chad's enemy's friend?;;;;Here are the steps to arrive at the answer:;;1. Chad's enemy = r;;2. Brooke's friend = k;;;;So the answer is k;;;;Now answer the following question:;;Who is Frank's enemy's friend's child?,Frank's enemy's friend's child,v,k;;q;;r;;s;;v;;w,Autumn = w  Autumn's enemy = q  Autumn's friend = k  Daniel's parent = k  Autumn's child = s  ;;Brooke = r  Brooke's enemy = k  Brooke's friend = s  Erin's parent = w    Brooke's child = v  ;;Chad = k    Chad's enemy = r    Chad's friend = w    Frank's parent = r   Chad's child = q    ;;Daniel = q  Daniel's enemy = w  Daniel's friend = v  ;;Erin = s    Erin's enemy = v    Erin's friend = r    ;;Frank = v   Frank's enemy = s   Frank's friend = q   ,24,30
4,L,SemanticApproach.EXTENSIONAL,Representation.ABSTRACT,0_L_pee2,"Imagine there are six people: Autumn, Brooke, Chad, Daniel, Erin and Frank. They have the following relationships to each other:;;;;",;;Here is how to figure out the answer to the following question:;;Who is Chad's enemy's friend?;;;;Here are the steps to arrive at the answer:;;1. Chad's enemy = r;;2. Brooke's friend = k;;;;So the answer is k;;;;Now answer the following question:;;Who is Frank's enemy's enemy's parent?,Frank's enemy's enemy's parent,r,k;;q;;r;;s;;v;;w,Autumn = w  Autumn's enemy = q  Autumn's friend = k  Daniel's parent = k  Autumn's child = s  ;;Brooke = r  Brooke's enemy = k  Brooke's friend = s  Erin's parent = w    Brooke's child = v  ;;Chad = k    Chad's enemy = r    Chad's friend = w    Frank's parent = r   Chad's child = q    ;;Daniel = q  Daniel's enemy = w  Daniel's friend = v  ;;Erin = s    Erin's enemy = v    Erin's friend = r    ;;Frank = v   Frank's enemy = s   Frank's friend = q   ,45,31
4,L,SemanticApproach.EXTENSIONAL,Representation.ABSTRACT,0_L_pfc1,"Imagine there are six people: Autumn, Brooke, Chad, Daniel, Erin and Frank. They have the following relationships to each other:;;;;",;;Here is how to figure out the answer to the following question:;;Who is Chad's enemy's friend?;;;;Here are the steps to arrive at the answer:;;1. Chad's enemy = r;;2. Brooke's friend = k;;;;So the answer is k;;;;Now answer the following question:;;Who is Brooke's child's friend's parent?,Brooke's child's friend's parent,k,k;;q;;r;;s;;v;;w,Autumn = w  Autumn's enemy = q  Autumn's friend = k  Daniel's parent = k  Autumn's child = s  ;;Brooke = r  Brooke's enemy = k  Brooke's friend = s  Erin's parent = w    Brooke's child = v  ;;Chad = k    Chad's enemy = r    Chad's friend = w    Frank's parent = r   Chad's child = q    ;;Daniel = q  Daniel's enemy = w  Daniel's friend = v  ;;Erin = s    Erin's enemy = v    Erin's friend = r    ;;Frank = v   Frank's enemy = s   Frank's friend = q   ,34,32
4,L,SemanticApproach.EXTENSIONAL,Representation.ABSTRACT,0_L_efe5,"Imagine there are six people: Autumn, Brooke, Chad, Daniel, Erin and Frank. They have the following relationships to each other:;;;;",;;Here is how to figure out the answer to the following question:;;Who is Chad's enemy's friend?;;;;Here are the steps to arrive at the answer:;;1. Chad's enemy = r;;2. Brooke's friend = k;;;;So the answer is k;;;;Now answer the following question:;;Who is Autumn's enemy's friend's enemy?,Autumn's enemy's friend's enemy,s,k;;q;;r;;s;;v;;w,Autumn = w  Autumn's enemy = q  Autumn's friend = k  Daniel's parent = k  Autumn's child = s  ;;Brooke = r  Brooke's enemy = k  Brooke's friend = s  Erin's parent = w    Brooke's child = v  ;;Chad = k    Chad's enemy = r    Chad's friend = w    Frank's parent = r   Chad's child = q    ;;Daniel = q  Daniel's enemy = w  Daniel's friend = v  ;;Erin = s    Erin's enemy = v    Erin's friend = r    ;;Frank = v   Frank's enemy = s   Frank's friend = q   ,50,33
4,L,SemanticApproach.EXTENSIONAL,Representation.ABSTRACT,0_L_pfe5,"Imagine there are six people: Autumn, Brooke, Chad, Daniel, Erin and Frank. They have the following relationships to each other:;;;;",;;Here is how to figure out the answer to the following question:;;Who is Chad's enemy's friend?;;;;Here are the steps to arrive at the answer:;;1. Chad's enemy = r;;2. Brooke's friend = k;;;;So the answer is k;;;;Now answer the following question:;;Who is Autumn's enemy's friend's parent?,Autumn's enemy's friend's parent,r,k;;q;;r;;s;;v;;w,Autumn = w  Autumn's enemy = q  Autumn's friend = k  Daniel's parent = k  Autumn's child = s  ;;Brooke = r  Brooke's enemy = k  Brooke's friend = s  Erin's parent = w    Brooke's child = v  ;;Chad = k    Chad's enemy = r    Chad's friend = w    Frank's parent = r   Chad's child = q    ;;Daniel = q  Daniel's enemy = w  Daniel's friend = v  ;;Erin = s    Erin's enemy = v    Erin's friend = r    ;;Frank = v   Frank's enemy = s   Frank's friend = q   ,40,34
4,L,SemanticApproach.EXTENSIONAL,Representation.ABSTRACT,0_L_eef1,"Imagine there are six people: Autumn, Brooke, Chad, Daniel, Erin and Frank. They have the following relationships to each other:;;;;",;;Here is how to figure out the answer to the following question:;;Who is Chad's enemy's friend?;;;;Here are the steps to arrive at the answer:;;1. Chad's enemy = r;;2. Brooke's friend = k;;;;So the answer is k;;;;Now answer the following question:;;Who is Brooke's friend's enemy's enemy?,Brooke's friend's enemy's enemy,s,k;;q;;r;;s;;v;;w,Autumn = w  Autumn's enemy = q  Autumn's friend = k  Daniel's parent = k  Autumn's child = s  ;;Brooke = r  Brooke's enemy = k  Brooke's friend = s  Erin's parent = w    Brooke's child = v  ;;Chad = k    Chad's enemy = r    Chad's friend = w    Frank's parent = r   Chad's child = q    ;;Daniel = q  Daniel's enemy = w  Daniel's friend = v  ;;Erin = s    Erin's enemy = v    Erin's friend = r    ;;Frank = v   Frank's enemy = s   Frank's friend = q   ,59,35
4,L,SemanticApproach.EXTENSIONAL,Representation.ABSTRACT,0_L_cpf1,"Imagine there are six people: Autumn, Brooke, Chad, Daniel, Erin and Frank. They have the following relationships to each other:;;;;",;;Here is how to figure out the answer to the following question:;;Who is Chad's enemy's friend?;;;;Here are the steps to arrive at the answer:;;1. Chad's enemy = r;;2. Brooke's friend = k;;;;So the answer is k;;;;Now answer the following question:;;Who is Brooke's friend's parent's child?,Brooke's friend's parent's child,s,k;;q;;r;;s;;v;;w,Autumn = w  Autumn's enemy = q  Autumn's friend = k  Daniel's parent = k  Autumn's child = s  ;;Brooke = r  Brooke's enemy = k  Brooke's friend = s  Erin's parent = w    Brooke's child = v  ;;Chad = k    Chad's enemy = r    Chad's friend = w    Frank's parent = r   Chad's child = q    ;;Daniel = q  Daniel's enemy = w  Daniel's friend = v  ;;Erin = s    Erin's enemy = v    Erin's friend = r    ;;Frank = v   Frank's enemy = s   Frank's friend = q   ,31,36
4,L,SemanticApproach.EXTENSIONAL,Representation.ABSTRACT,0_L_efe1,"Imagine there are six people: Autumn, Brooke, Chad, Daniel, Erin and Frank. They have the following relationships to each other:;;;;",;;Here is how to figure out the answer to the following question:;;Who is Chad's enemy's friend?;;;;Here are the steps to arrive at the answer:;;1. Chad's enemy = r;;2. Brooke's friend = k;;;;So the answer is k;;;;Now answer the following question:;;Who is Brooke's enemy's friend's enemy?,Brooke's enemy's friend's enemy,q,k;;q;;r;;s;;v;;w,Autumn = w  Autumn's enemy = q  Autumn's friend = k  Daniel's parent = k  Autumn's child = s  ;;Brooke = r  Brooke's enemy = k  Brooke's friend = s  Erin's parent = w    Brooke's child = v  ;;Chad = k    Chad's enemy = r    Chad's friend = w    Frank's parent = r   Chad's child = q    ;;Daniel = q  Daniel's enemy = w  Daniel's friend = v  ;;Erin = s    Erin's enemy = v    Erin's friend = r    ;;Frank = v   Frank's enemy = s   Frank's friend = q   ,29,37
4,L,SemanticApproach.EXTENSIONAL,Representation.ABSTRACT,0_L_cfc5,"Imagine there are six people: Autumn, Brooke, Chad, Daniel, Erin and Frank. They have the following relationships to each other:;;;;",;;Here is how to figure out the answer to the following question:;;Who is Chad's enemy's friend?;;;;Here are the steps to arrive at the answer:;;1. Chad's enemy = r;;2. Brooke's friend = k;;;;So the answer is k;;;;Now answer the following question:;;Who is Autumn's child's friend's child?,Autumn's child's friend's child,v,k;;q;;r;;s;;v;;w,Autumn = w  Autumn's enemy = q  Autumn's friend = k  Daniel's parent = k  Autumn's child = s  ;;Brooke = r  Brooke's enemy = k  Brooke's friend = s  Erin's parent = w    Brooke's child = v  ;;Chad = k    Chad's enemy = r    Chad's friend = w    Frank's parent = r   Chad's child = q    ;;Daniel = q  Daniel's enemy = w  Daniel's friend = v  ;;Erin = s    Erin's enemy = v    Erin's friend = r    ;;Frank = v   Frank's enemy = s   Frank's friend = q   ,21,38
4,L,SemanticApproach.EXTENSIONAL,Representation.ABSTRACT,0_L_efp2,"Imagine there are six people: Autumn, Brooke, Chad, Daniel, Erin and Frank. They have the following relationships to each other:;;;;",;;Here is how to figure out the answer to the following question:;;Who is Chad's enemy's friend?;;;;Here are the steps to arrive at the answer:;;1. Chad's enemy = r;;2. Brooke's friend = k;;;;So the answer is k;;;;Now answer the following question:;;Who is Frank's parent's friend's enemy?,Frank's parent's friend's enemy,v,k;;q;;r;;s;;v;;w,Autumn = w  Autumn's enemy = q  Autumn's friend = k  Daniel's parent = k  Autumn's child = s  ;;Brooke = r  Brooke's enemy = k  Brooke's friend = s  Erin's parent = w    Brooke's child = v  ;;Chad = k    Chad's enemy = r    Chad's friend = w    Frank's parent = r   Chad's child = q    ;;Daniel = q  Daniel's enemy = w  Daniel's friend = v  ;;Erin = s    Erin's enemy = v    Erin's friend = r    ;;Frank = v   Frank's enemy = s   Frank's friend = q   ,41,39
4,L,SemanticApproach.INTENSIONAL,Representation.ABSTRACT,0_L_pcf3,English phrases can be translated into formulae. Use the following translations to answer the question.;;;;,";;;;Here is an example of how to get a formula for a phrase.;;What is the formula for ""Chad's enemy's friend""?;;;;Here are the steps to arrive at the answer:;;1. Chad's enemy = t(k);;2. Chad's enemy's friend = l(t(k));;;;So the answer is l(t(k));;;;What is the formula for ""Chad's friend's child's parent""?",Chad's friend's child's parent,d(h(l(k))),k;;q;;r;;s;;v;;w,Autumn = w  Daniel's friend = l(q)  ;;Brooke = r  Brooke's friend = l(r)  ;;Chad = k    Frank's enemy = t(v)    ;;Daniel = q  Chad's enemy = t(k)     ;;Erin = s    Erin's parent = d(s)    ;;Frank = v   Autumn's child = h(w)   ,57,0
4,L,SemanticApproach.INTENSIONAL,Representation.ABSTRACT,0_L_pee0,English phrases can be translated into formulae. Use the following translations to answer the question.;;;;,";;;;Here is an example of how to get a formula for a phrase.;;What is the formula for ""Chad's enemy's friend""?;;;;Here are the steps to arrive at the answer:;;1. Chad's enemy = t(k);;2. Chad's enemy's friend = l(t(k));;;;So the answer is l(t(k));;;;What is the formula for ""Daniel's enemy's enemy's parent""?",Daniel's enemy's enemy's parent,d(t(t(q))),k;;q;;r;;s;;v;;w,Autumn = w  Daniel's friend = l(q)  ;;Brooke = r  Brooke's friend = l(r)  ;;Chad = k    Frank's enemy = t(v)    ;;Daniel = q  Chad's enemy = t(k)     ;;Erin = s    Erin's parent = d(s)    ;;Frank = v   Autumn's child = h(w)   ,47,1
4,L,SemanticApproach.INTENSIONAL,Representation.ABSTRACT,0_L_cfc5,English phrases can be translated into formulae. Use the following translations to answer the question.;;;;,";;;;Here is an example of how to get a formula for a phrase.;;What is the formula for ""Chad's enemy's friend""?;;;;Here are the steps to arrive at the answer:;;1. Chad's enemy = t(k);;2. Chad's enemy's friend = l(t(k));;;;So the answer is l(t(k));;;;What is the formula for ""Autumn's child's friend's child""?",Autumn's child's friend's child,h(l(h(w))),k;;q;;r;;s;;v;;w,Autumn = w  Daniel's friend = l(q)  ;;Brooke = r  Brooke's friend = l(r)  ;;Chad = k    Frank's enemy = t(v)    ;;Daniel = q  Chad's enemy = t(k)     ;;Erin = s    Erin's parent = d(s)    ;;Frank = v   Autumn's child = h(w)   ,21,2
4,L,SemanticApproach.INTENSIONAL,Representation.ABSTRACT,0_L_fpe5,English phrases can be translated into formulae. Use the following translations to answer the question.;;;;,";;;;Here is an example of how to get a formula for a phrase.;;What is the formula for ""Chad's enemy's friend""?;;;;Here are the steps to arrive at the answer:;;1. Chad's enemy = t(k);;2. Chad's enemy's friend = l(t(k));;;;So the answer is l(t(k));;;;What is the formula for ""Autumn's enemy's parent's friend""?",Autumn's enemy's parent's friend,l(d(t(w))),k;;q;;r;;s;;v;;w,Autumn = w  Daniel's friend = l(q)  ;;Brooke = r  Brooke's friend = l(r)  ;;Chad = k    Frank's enemy = t(v)    ;;Daniel = q  Chad's enemy = t(k)     ;;Erin = s    Erin's parent = d(s)    ;;Frank = v   Autumn's child = h(w)   ,35,3
4,L,SemanticApproach.INTENSIONAL,Representation.ABSTRACT,0_L_efe1,English phrases can be translated into formulae. Use the following translations to answer the question.;;;;,";;;;Here is an example of how to get a formula for a phrase.;;What is the formula for ""Chad's enemy's friend""?;;;;Here are the steps to arrive at the answer:;;1. Chad's enemy = t(k);;2. Chad's enemy's friend = l(t(k));;;;So the answer is l(t(k));;;;What is the formula for ""Brooke's enemy's friend's enemy""?",Brooke's enemy's friend's enemy,t(l(t(r))),k;;q;;r;;s;;v;;w,Autumn = w  Daniel's friend = l(q)  ;;Brooke = r  Brooke's friend = l(r)  ;;Chad = k    Frank's enemy = t(v)    ;;Daniel = q  Chad's enemy = t(k)     ;;Erin = s    Erin's parent = d(s)    ;;Frank = v   Autumn's child = h(w)   ,29,4
4,L,SemanticApproach.INTENSIONAL,Representation.ABSTRACT,0_L_pff4,English phrases can be translated into formulae. Use the following translations to answer the question.;;;;,";;;;Here is an example of how to get a formula for a phrase.;;What is the formula for ""Chad's enemy's friend""?;;;;Here are the steps to arrive at the answer:;;1. Chad's enemy = t(k);;2. Chad's enemy's friend = l(t(k));;;;So the answer is l(t(k));;;;What is the formula for ""Erin's friend's friend's parent""?",Erin's friend's friend's parent,d(l(l(s))),k;;q;;r;;s;;v;;w,Autumn = w  Daniel's friend = l(q)  ;;Brooke = r  Brooke's friend = l(r)  ;;Chad = k    Frank's enemy = t(v)    ;;Daniel = q  Chad's enemy = t(k)     ;;Erin = s    Erin's parent = d(s)    ;;Frank = v   Autumn's child = h(w)   ,23,5
4,L,SemanticApproach.INTENSIONAL,Representation.ABSTRACT,0_L_efe5,English phrases can be translated into formulae. Use the following translations to answer the question.;;;;,";;;;Here is an example of how to get a formula for a phrase.;;What is the formula for ""Chad's enemy's friend""?;;;;Here are the steps to arrive at the answer:;;1. Chad's enemy = t(k);;2. Chad's enemy's friend = l(t(k));;;;So the answer is l(t(k));;;;What is the formula for ""Autumn's enemy's friend's enemy""?",Autumn's enemy's friend's enemy,t(l(t(w))),k;;q;;r;;s;;v;;w,Autumn = w  Daniel's friend = l(q)  ;;Brooke = r  Brooke's friend = l(r)  ;;Chad = k    Frank's enemy = t(v)    ;;Daniel = q  Chad's enemy = t(k)     ;;Erin = s    Erin's parent = d(s)    ;;Frank = v   Autumn's child = h(w)   ,50,6
4,L,SemanticApproach.INTENSIONAL,Representation.ABSTRACT,0_L_ecf3,English phrases can be translated into formulae. Use the following translations to answer the question.;;;;,";;;;Here is an example of how to get a formula for a phrase.;;What is the formula for ""Chad's enemy's friend""?;;;;Here are the steps to arrive at the answer:;;1. Chad's enemy = t(k);;2. Chad's enemy's friend = l(t(k));;;;So the answer is l(t(k));;;;What is the formula for ""Chad's friend's child's enemy""?",Chad's friend's child's enemy,t(h(l(k))),k;;q;;r;;s;;v;;w,Autumn = w  Daniel's friend = l(q)  ;;Brooke = r  Brooke's friend = l(r)  ;;Chad = k    Frank's enemy = t(v)    ;;Daniel = q  Chad's enemy = t(k)     ;;Erin = s    Erin's parent = d(s)    ;;Frank = v   Autumn's child = h(w)   ,39,7
4,L,SemanticApproach.INTENSIONAL,Representation.ABSTRACT,0_L_pef1,English phrases can be translated into formulae. Use the following translations to answer the question.;;;;,";;;;Here is an example of how to get a formula for a phrase.;;What is the formula for ""Chad's enemy's friend""?;;;;Here are the steps to arrive at the answer:;;1. Chad's enemy = t(k);;2. Chad's enemy's friend = l(t(k));;;;So the answer is l(t(k));;;;What is the formula for ""Brooke's friend's enemy's parent""?",Brooke's friend's enemy's parent,d(t(l(r))),k;;q;;r;;s;;v;;w,Autumn = w  Daniel's friend = l(q)  ;;Brooke = r  Brooke's friend = l(r)  ;;Chad = k    Frank's enemy = t(v)    ;;Daniel = q  Chad's enemy = t(k)     ;;Erin = s    Erin's parent = d(s)    ;;Frank = v   Autumn's child = h(w)   ,42,8
4,L,SemanticApproach.INTENSIONAL,Representation.ABSTRACT,0_L_cpe2,English phrases can be translated into formulae. Use the following translations to answer the question.;;;;,";;;;Here is an example of how to get a formula for a phrase.;;What is the formula for ""Chad's enemy's friend""?;;;;Here are the steps to arrive at the answer:;;1. Chad's enemy = t(k);;2. Chad's enemy's friend = l(t(k));;;;So the answer is l(t(k));;;;What is the formula for ""Frank's enemy's parent's child""?",Frank's enemy's parent's child,h(d(t(v))),k;;q;;r;;s;;v;;w,Autumn = w  Daniel's friend = l(q)  ;;Brooke = r  Brooke's friend = l(r)  ;;Chad = k    Frank's enemy = t(v)    ;;Daniel = q  Chad's enemy = t(k)     ;;Erin = s    Erin's parent = d(s)    ;;Frank = v   Autumn's child = h(w)   ,37,9
4,L,SemanticApproach.INTENSIONAL,Representation.ABSTRACT,0_L_efc3,English phrases can be translated into formulae. Use the following translations to answer the question.;;;;,";;;;Here is an example of how to get a formula for a phrase.;;What is the formula for ""Chad's enemy's friend""?;;;;Here are the steps to arrive at the answer:;;1. Chad's enemy = t(k);;2. Chad's enemy's friend = l(t(k));;;;So the answer is l(t(k));;;;What is the formula for ""Chad's child's friend's enemy""?",Chad's child's friend's enemy,t(l(h(k))),k;;q;;r;;s;;v;;w,Autumn = w  Daniel's friend = l(q)  ;;Brooke = r  Brooke's friend = l(r)  ;;Chad = k    Frank's enemy = t(v)    ;;Daniel = q  Chad's enemy = t(k)     ;;Erin = s    Erin's parent = d(s)    ;;Frank = v   Autumn's child = h(w)   ,48,10
4,L,SemanticApproach.INTENSIONAL,Representation.ABSTRACT,0_L_ffe5,English phrases can be translated into formulae. Use the following translations to answer the question.;;;;,";;;;Here is an example of how to get a formula for a phrase.;;What is the formula for ""Chad's enemy's friend""?;;;;Here are the steps to arrive at the answer:;;1. Chad's enemy = t(k);;2. Chad's enemy's friend = l(t(k));;;;So the answer is l(t(k));;;;What is the formula for ""Autumn's enemy's friend's friend""?",Autumn's enemy's friend's friend,l(l(t(w))),k;;q;;r;;s;;v;;w,Autumn = w  Daniel's friend = l(q)  ;;Brooke = r  Brooke's friend = l(r)  ;;Chad = k    Frank's enemy = t(v)    ;;Daniel = q  Chad's enemy = t(k)     ;;Erin = s    Erin's parent = d(s)    ;;Frank = v   Autumn's child = h(w)   ,52,11
4,L,SemanticApproach.INTENSIONAL,Representation.ABSTRACT,0_L_epf1,English phrases can be translated into formulae. Use the following translations to answer the question.;;;;,";;;;Here is an example of how to get a formula for a phrase.;;What is the formula for ""Chad's enemy's friend""?;;;;Here are the steps to arrive at the answer:;;1. Chad's enemy = t(k);;2. Chad's enemy's friend = l(t(k));;;;So the answer is l(t(k));;;;What is the formula for ""Brooke's friend's parent's enemy""?",Brooke's friend's parent's enemy,t(d(l(r))),k;;q;;r;;s;;v;;w,Autumn = w  Daniel's friend = l(q)  ;;Brooke = r  Brooke's friend = l(r)  ;;Chad = k    Frank's enemy = t(v)    ;;Daniel = q  Chad's enemy = t(k)     ;;Erin = s    Erin's parent = d(s)    ;;Frank = v   Autumn's child = h(w)   ,49,12
4,L,SemanticApproach.INTENSIONAL,Representation.ABSTRACT,0_L_pee2,English phrases can be translated into formulae. Use the following translations to answer the question.;;;;,";;;;Here is an example of how to get a formula for a phrase.;;What is the formula for ""Chad's enemy's friend""?;;;;Here are the steps to arrive at the answer:;;1. Chad's enemy = t(k);;2. Chad's enemy's friend = l(t(k));;;;So the answer is l(t(k));;;;What is the formula for ""Frank's enemy's enemy's parent""?",Frank's enemy's enemy's parent,d(t(t(v))),k;;q;;r;;s;;v;;w,Autumn = w  Daniel's friend = l(q)  ;;Brooke = r  Brooke's friend = l(r)  ;;Chad = k    Frank's enemy = t(v)    ;;Daniel = q  Chad's enemy = t(k)     ;;Erin = s    Erin's parent = d(s)    ;;Frank = v   Autumn's child = h(w)   ,45,13
4,L,SemanticApproach.INTENSIONAL,Representation.ABSTRACT,0_L_eff4,English phrases can be translated into formulae. Use the following translations to answer the question.;;;;,";;;;Here is an example of how to get a formula for a phrase.;;What is the formula for ""Chad's enemy's friend""?;;;;Here are the steps to arrive at the answer:;;1. Chad's enemy = t(k);;2. Chad's enemy's friend = l(t(k));;;;So the answer is l(t(k));;;;What is the formula for ""Erin's friend's friend's enemy""?",Erin's friend's friend's enemy,t(l(l(s))),k;;q;;r;;s;;v;;w,Autumn = w  Daniel's friend = l(q)  ;;Brooke = r  Brooke's friend = l(r)  ;;Chad = k    Frank's enemy = t(v)    ;;Daniel = q  Chad's enemy = t(k)     ;;Erin = s    Erin's parent = d(s)    ;;Frank = v   Autumn's child = h(w)   ,22,14
4,L,SemanticApproach.INTENSIONAL,Representation.ABSTRACT,0_L_fep2,English phrases can be translated into formulae. Use the following translations to answer the question.;;;;,";;;;Here is an example of how to get a formula for a phrase.;;What is the formula for ""Chad's enemy's friend""?;;;;Here are the steps to arrive at the answer:;;1. Chad's enemy = t(k);;2. Chad's enemy's friend = l(t(k));;;;So the answer is l(t(k));;;;What is the formula for ""Frank's parent's enemy's friend""?",Frank's parent's enemy's friend,l(t(d(v))),k;;q;;r;;s;;v;;w,Autumn = w  Daniel's friend = l(q)  ;;Brooke = r  Brooke's friend = l(r)  ;;Chad = k    Frank's enemy = t(v)    ;;Daniel = q  Chad's enemy = t(k)     ;;Erin = s    Erin's parent = d(s)    ;;Frank = v   Autumn's child = h(w)   ,36,15
4,L,SemanticApproach.INTENSIONAL,Representation.ABSTRACT,0_L_fcp2,English phrases can be translated into formulae. Use the following translations to answer the question.;;;;,";;;;Here is an example of how to get a formula for a phrase.;;What is the formula for ""Chad's enemy's friend""?;;;;Here are the steps to arrive at the answer:;;1. Chad's enemy = t(k);;2. Chad's enemy's friend = l(t(k));;;;So the answer is l(t(k));;;;What is the formula for ""Frank's parent's child's friend""?",Frank's parent's child's friend,l(h(d(v))),k;;q;;r;;s;;v;;w,Autumn = w  Daniel's friend = l(q)  ;;Brooke = r  Brooke's friend = l(r)  ;;Chad = k    Frank's enemy = t(v)    ;;Daniel = q  Chad's enemy = t(k)     ;;Erin = s    Erin's parent = d(s)    ;;Frank = v   Autumn's child = h(w)   ,27,16
4,L,SemanticApproach.INTENSIONAL,Representation.ABSTRACT,0_L_pfe5,English phrases can be translated into formulae. Use the following translations to answer the question.;;;;,";;;;Here is an example of how to get a formula for a phrase.;;What is the formula for ""Chad's enemy's friend""?;;;;Here are the steps to arrive at the answer:;;1. Chad's enemy = t(k);;2. Chad's enemy's friend = l(t(k));;;;So the answer is l(t(k));;;;What is the formula for ""Autumn's enemy's friend's parent""?",Autumn's enemy's friend's parent,d(l(t(w))),k;;q;;r;;s;;v;;w,Autumn = w  Daniel's friend = l(q)  ;;Brooke = r  Brooke's friend = l(r)  ;;Chad = k    Frank's enemy = t(v)    ;;Daniel = q  Chad's enemy = t(k)     ;;Erin = s    Erin's parent = d(s)    ;;Frank = v   Autumn's child = h(w)   ,40,17
4,L,SemanticApproach.INTENSIONAL,Representation.ABSTRACT,0_L_cec3,English phrases can be translated into formulae. Use the following translations to answer the question.;;;;,";;;;Here is an example of how to get a formula for a phrase.;;What is the formula for ""Chad's enemy's friend""?;;;;Here are the steps to arrive at the answer:;;1. Chad's enemy = t(k);;2. Chad's enemy's friend = l(t(k));;;;So the answer is l(t(k));;;;What is the formula for ""Chad's child's enemy's child""?",Chad's child's enemy's child,h(t(h(k))),k;;q;;r;;s;;v;;w,Autumn = w  Daniel's friend = l(q)  ;;Brooke = r  Brooke's friend = l(r)  ;;Chad = k    Frank's enemy = t(v)    ;;Daniel = q  Chad's enemy = t(k)     ;;Erin = s    Erin's parent = d(s)    ;;Frank = v   Autumn's child = h(w)   ,38,18
4,L,SemanticApproach.INTENSIONAL,Representation.ABSTRACT,0_L_eef1,English phrases can be translated into formulae. Use the following translations to answer the question.;;;;,";;;;Here is an example of how to get a formula for a phrase.;;What is the formula for ""Chad's enemy's friend""?;;;;Here are the steps to arrive at the answer:;;1. Chad's enemy = t(k);;2. Chad's enemy's friend = l(t(k));;;;So the answer is l(t(k));;;;What is the formula for ""Brooke's friend's enemy's enemy""?",Brooke's friend's enemy's enemy,t(t(l(r))),k;;q;;r;;s;;v;;w,Autumn = w  Daniel's friend = l(q)  ;;Brooke = r  Brooke's friend = l(r)  ;;Chad = k    Frank's enemy = t(v)    ;;Daniel = q  Chad's enemy = t(k)     ;;Erin = s    Erin's parent = d(s)    ;;Frank = v   Autumn's child = h(w)   ,59,19
4,L,SemanticApproach.INTENSIONAL,Representation.ABSTRACT,0_L_pec1,English phrases can be translated into formulae. Use the following translations to answer the question.;;;;,";;;;Here is an example of how to get a formula for a phrase.;;What is the formula for ""Chad's enemy's friend""?;;;;Here are the steps to arrive at the answer:;;1. Chad's enemy = t(k);;2. Chad's enemy's friend = l(t(k));;;;So the answer is l(t(k));;;;What is the formula for ""Brooke's child's enemy's parent""?",Brooke's child's enemy's parent,d(t(h(r))),k;;q;;r;;s;;v;;w,Autumn = w  Daniel's friend = l(q)  ;;Brooke = r  Brooke's friend = l(r)  ;;Chad = k    Frank's enemy = t(v)    ;;Daniel = q  Chad's enemy = t(k)     ;;Erin = s    Erin's parent = d(s)    ;;Frank = v   Autumn's child = h(w)   ,33,20
4,L,SemanticApproach.INTENSIONAL,Representation.ABSTRACT,0_L_ffc5,English phrases can be translated into formulae. Use the following translations to answer the question.;;;;,";;;;Here is an example of how to get a formula for a phrase.;;What is the formula for ""Chad's enemy's friend""?;;;;Here are the steps to arrive at the answer:;;1. Chad's enemy = t(k);;2. Chad's enemy's friend = l(t(k));;;;So the answer is l(t(k));;;;What is the formula for ""Autumn's child's friend's friend""?",Autumn's child's friend's friend,l(l(h(w))),k;;q;;r;;s;;v;;w,Autumn = w  Daniel's friend = l(q)  ;;Brooke = r  Brooke's friend = l(r)  ;;Chad = k    Frank's enemy = t(v)    ;;Daniel = q  Chad's enemy = t(k)     ;;Erin = s    Erin's parent = d(s)    ;;Frank = v   Autumn's child = h(w)   ,54,21
4,L,SemanticApproach.INTENSIONAL,Representation.ABSTRACT,0_L_fpf2,English phrases can be translated into formulae. Use the following translations to answer the question.;;;;,";;;;Here is an example of how to get a formula for a phrase.;;What is the formula for ""Chad's enemy's friend""?;;;;Here are the steps to arrive at the answer:;;1. Chad's enemy = t(k);;2. Chad's enemy's friend = l(t(k));;;;So the answer is l(t(k));;;;What is the formula for ""Frank's friend's parent's friend""?",Frank's friend's parent's friend,l(d(l(v))),k;;q;;r;;s;;v;;w,Autumn = w  Daniel's friend = l(q)  ;;Brooke = r  Brooke's friend = l(r)  ;;Chad = k    Frank's enemy = t(v)    ;;Daniel = q  Chad's enemy = t(k)     ;;Erin = s    Erin's parent = d(s)    ;;Frank = v   Autumn's child = h(w)   ,30,22
4,L,SemanticApproach.INTENSIONAL,Representation.ABSTRACT,0_L_fep4,English phrases can be translated into formulae. Use the following translations to answer the question.;;;;,";;;;Here is an example of how to get a formula for a phrase.;;What is the formula for ""Chad's enemy's friend""?;;;;Here are the steps to arrive at the answer:;;1. Chad's enemy = t(k);;2. Chad's enemy's friend = l(t(k));;;;So the answer is l(t(k));;;;What is the formula for ""Erin's parent's enemy's friend""?",Erin's parent's enemy's friend,l(t(d(s))),k;;q;;r;;s;;v;;w,Autumn = w  Daniel's friend = l(q)  ;;Brooke = r  Brooke's friend = l(r)  ;;Chad = k    Frank's enemy = t(v)    ;;Daniel = q  Chad's enemy = t(k)     ;;Erin = s    Erin's parent = d(s)    ;;Frank = v   Autumn's child = h(w)   ,28,23
4,L,SemanticApproach.INTENSIONAL,Representation.ABSTRACT,0_L_pfc1,English phrases can be translated into formulae. Use the following translations to answer the question.;;;;,";;;;Here is an example of how to get a formula for a phrase.;;What is the formula for ""Chad's enemy's friend""?;;;;Here are the steps to arrive at the answer:;;1. Chad's enemy = t(k);;2. Chad's enemy's friend = l(t(k));;;;So the answer is l(t(k));;;;What is the formula for ""Brooke's child's friend's parent""?",Brooke's child's friend's parent,d(l(h(r))),k;;q;;r;;s;;v;;w,Autumn = w  Daniel's friend = l(q)  ;;Brooke = r  Brooke's friend = l(r)  ;;Chad = k    Frank's enemy = t(v)    ;;Daniel = q  Chad's enemy = t(k)     ;;Erin = s    Erin's parent = d(s)    ;;Frank = v   Autumn's child = h(w)   ,34,24
4,L,SemanticApproach.INTENSIONAL,Representation.ABSTRACT,0_L_cfp0,English phrases can be translated into formulae. Use the following translations to answer the question.;;;;,";;;;Here is an example of how to get a formula for a phrase.;;What is the formula for ""Chad's enemy's friend""?;;;;Here are the steps to arrive at the answer:;;1. Chad's enemy = t(k);;2. Chad's enemy's friend = l(t(k));;;;So the answer is l(t(k));;;;What is the formula for ""Daniel's parent's friend's child""?",Daniel's parent's friend's child,h(l(d(q))),k;;q;;r;;s;;v;;w,Autumn = w  Daniel's friend = l(q)  ;;Brooke = r  Brooke's friend = l(r)  ;;Chad = k    Frank's enemy = t(v)    ;;Daniel = q  Chad's enemy = t(k)     ;;Erin = s    Erin's parent = d(s)    ;;Frank = v   Autumn's child = h(w)   ,43,25
4,L,SemanticApproach.INTENSIONAL,Representation.ABSTRACT,0_L_eee4,English phrases can be translated into formulae. Use the following translations to answer the question.;;;;,";;;;Here is an example of how to get a formula for a phrase.;;What is the formula for ""Chad's enemy's friend""?;;;;Here are the steps to arrive at the answer:;;1. Chad's enemy = t(k);;2. Chad's enemy's friend = l(t(k));;;;So the answer is l(t(k));;;;What is the formula for ""Erin's enemy's enemy's enemy""?",Erin's enemy's enemy's enemy,t(t(t(s))),k;;q;;r;;s;;v;;w,Autumn = w  Daniel's friend = l(q)  ;;Brooke = r  Brooke's friend = l(r)  ;;Chad = k    Frank's enemy = t(v)    ;;Daniel = q  Chad's enemy = t(k)     ;;Erin = s    Erin's parent = d(s)    ;;Frank = v   Autumn's child = h(w)   ,44,26
4,L,SemanticApproach.INTENSIONAL,Representation.ABSTRACT,0_L_fef1,English phrases can be translated into formulae. Use the following translations to answer the question.;;;;,";;;;Here is an example of how to get a formula for a phrase.;;What is the formula for ""Chad's enemy's friend""?;;;;Here are the steps to arrive at the answer:;;1. Chad's enemy = t(k);;2. Chad's enemy's friend = l(t(k));;;;So the answer is l(t(k));;;;What is the formula for ""Brooke's friend's enemy's friend""?",Brooke's friend's enemy's friend,l(t(l(r))),k;;q;;r;;s;;v;;w,Autumn = w  Daniel's friend = l(q)  ;;Brooke = r  Brooke's friend = l(r)  ;;Chad = k    Frank's enemy = t(v)    ;;Daniel = q  Chad's enemy = t(k)     ;;Erin = s    Erin's parent = d(s)    ;;Frank = v   Autumn's child = h(w)   ,26,27
4,L,SemanticApproach.INTENSIONAL,Representation.ABSTRACT,0_L_eep4,English phrases can be translated into formulae. Use the following translations to answer the question.;;;;,";;;;Here is an example of how to get a formula for a phrase.;;What is the formula for ""Chad's enemy's friend""?;;;;Here are the steps to arrive at the answer:;;1. Chad's enemy = t(k);;2. Chad's enemy's friend = l(t(k));;;;So the answer is l(t(k));;;;What is the formula for ""Erin's parent's enemy's enemy""?",Erin's parent's enemy's enemy,t(t(d(s))),k;;q;;r;;s;;v;;w,Autumn = w  Daniel's friend = l(q)  ;;Brooke = r  Brooke's friend = l(r)  ;;Chad = k    Frank's enemy = t(v)    ;;Daniel = q  Chad's enemy = t(k)     ;;Erin = s    Erin's parent = d(s)    ;;Frank = v   Autumn's child = h(w)   ,60,28
4,L,SemanticApproach.INTENSIONAL,Representation.ABSTRACT,0_L_epc1,English phrases can be translated into formulae. Use the following translations to answer the question.;;;;,";;;;Here is an example of how to get a formula for a phrase.;;What is the formula for ""Chad's enemy's friend""?;;;;Here are the steps to arrive at the answer:;;1. Chad's enemy = t(k);;2. Chad's enemy's friend = l(t(k));;;;So the answer is l(t(k));;;;What is the formula for ""Brooke's child's parent's enemy""?",Brooke's child's parent's enemy,t(d(h(r))),k;;q;;r;;s;;v;;w,Autumn = w  Daniel's friend = l(q)  ;;Brooke = r  Brooke's friend = l(r)  ;;Chad = k    Frank's enemy = t(v)    ;;Daniel = q  Chad's enemy = t(k)     ;;Erin = s    Erin's parent = d(s)    ;;Frank = v   Autumn's child = h(w)   ,56,29
4,L,SemanticApproach.INTENSIONAL,Representation.ABSTRACT,0_L_fec5,English phrases can be translated into formulae. Use the following translations to answer the question.;;;;,";;;;Here is an example of how to get a formula for a phrase.;;What is the formula for ""Chad's enemy's friend""?;;;;Here are the steps to arrive at the answer:;;1. Chad's enemy = t(k);;2. Chad's enemy's friend = l(t(k));;;;So the answer is l(t(k));;;;What is the formula for ""Autumn's child's enemy's friend""?",Autumn's child's enemy's friend,l(t(h(w))),k;;q;;r;;s;;v;;w,Autumn = w  Daniel's friend = l(q)  ;;Brooke = r  Brooke's friend = l(r)  ;;Chad = k    Frank's enemy = t(v)    ;;Daniel = q  Chad's enemy = t(k)     ;;Erin = s    Erin's parent = d(s)    ;;Frank = v   Autumn's child = h(w)   ,51,30
4,L,SemanticApproach.INTENSIONAL,Representation.ABSTRACT,0_L_cff1,English phrases can be translated into formulae. Use the following translations to answer the question.;;;;,";;;;Here is an example of how to get a formula for a phrase.;;What is the formula for ""Chad's enemy's friend""?;;;;Here are the steps to arrive at the answer:;;1. Chad's enemy = t(k);;2. Chad's enemy's friend = l(t(k));;;;So the answer is l(t(k));;;;What is the formula for ""Brooke's friend's friend's child""?",Brooke's friend's friend's child,h(l(l(r))),k;;q;;r;;s;;v;;w,Autumn = w  Daniel's friend = l(q)  ;;Brooke = r  Brooke's friend = l(r)  ;;Chad = k    Frank's enemy = t(v)    ;;Daniel = q  Chad's enemy = t(k)     ;;Erin = s    Erin's parent = d(s)    ;;Frank = v   Autumn's child = h(w)   ,55,31
4,L,SemanticApproach.INTENSIONAL,Representation.ABSTRACT,0_L_pff0,English phrases can be translated into formulae. Use the following translations to answer the question.;;;;,";;;;Here is an example of how to get a formula for a phrase.;;What is the formula for ""Chad's enemy's friend""?;;;;Here are the steps to arrive at the answer:;;1. Chad's enemy = t(k);;2. Chad's enemy's friend = l(t(k));;;;So the answer is l(t(k));;;;What is the formula for ""Daniel's friend's friend's parent""?",Daniel's friend's friend's parent,d(l(l(q))),k;;q;;r;;s;;v;;w,Autumn = w  Daniel's friend = l(q)  ;;Brooke = r  Brooke's friend = l(r)  ;;Chad = k    Frank's enemy = t(v)    ;;Daniel = q  Chad's enemy = t(k)     ;;Erin = s    Erin's parent = d(s)    ;;Frank = v   Autumn's child = h(w)   ,58,32
4,L,SemanticApproach.INTENSIONAL,Representation.ABSTRACT,0_L_eec5,English phrases can be translated into formulae. Use the following translations to answer the question.;;;;,";;;;Here is an example of how to get a formula for a phrase.;;What is the formula for ""Chad's enemy's friend""?;;;;Here are the steps to arrive at the answer:;;1. Chad's enemy = t(k);;2. Chad's enemy's friend = l(t(k));;;;So the answer is l(t(k));;;;What is the formula for ""Autumn's child's enemy's enemy""?",Autumn's child's enemy's enemy,t(t(h(w))),k;;q;;r;;s;;v;;w,Autumn = w  Daniel's friend = l(q)  ;;Brooke = r  Brooke's friend = l(r)  ;;Chad = k    Frank's enemy = t(v)    ;;Daniel = q  Chad's enemy = t(k)     ;;Erin = s    Erin's parent = d(s)    ;;Frank = v   Autumn's child = h(w)   ,25,33
4,L,SemanticApproach.INTENSIONAL,Representation.ABSTRACT,0_L_cpf1,English phrases can be translated into formulae. Use the following translations to answer the question.;;;;,";;;;Here is an example of how to get a formula for a phrase.;;What is the formula for ""Chad's enemy's friend""?;;;;Here are the steps to arrive at the answer:;;1. Chad's enemy = t(k);;2. Chad's enemy's friend = l(t(k));;;;So the answer is l(t(k));;;;What is the formula for ""Brooke's friend's parent's child""?",Brooke's friend's parent's child,h(d(l(r))),k;;q;;r;;s;;v;;w,Autumn = w  Daniel's friend = l(q)  ;;Brooke = r  Brooke's friend = l(r)  ;;Chad = k    Frank's enemy = t(v)    ;;Daniel = q  Chad's enemy = t(k)     ;;Erin = s    Erin's parent = d(s)    ;;Frank = v   Autumn's child = h(w)   ,31,34
4,L,SemanticApproach.INTENSIONAL,Representation.ABSTRACT,0_L_cfe2,English phrases can be translated into formulae. Use the following translations to answer the question.;;;;,";;;;Here is an example of how to get a formula for a phrase.;;What is the formula for ""Chad's enemy's friend""?;;;;Here are the steps to arrive at the answer:;;1. Chad's enemy = t(k);;2. Chad's enemy's friend = l(t(k));;;;So the answer is l(t(k));;;;What is the formula for ""Frank's enemy's friend's child""?",Frank's enemy's friend's child,h(l(t(v))),k;;q;;r;;s;;v;;w,Autumn = w  Daniel's friend = l(q)  ;;Brooke = r  Brooke's friend = l(r)  ;;Chad = k    Frank's enemy = t(v)    ;;Daniel = q  Chad's enemy = t(k)     ;;Erin = s    Erin's parent = d(s)    ;;Frank = v   Autumn's child = h(w)   ,24,35
4,L,SemanticApproach.INTENSIONAL,Representation.ABSTRACT,0_L_pce1,English phrases can be translated into formulae. Use the following translations to answer the question.;;;;,";;;;Here is an example of how to get a formula for a phrase.;;What is the formula for ""Chad's enemy's friend""?;;;;Here are the steps to arrive at the answer:;;1. Chad's enemy = t(k);;2. Chad's enemy's friend = l(t(k));;;;So the answer is l(t(k));;;;What is the formula for ""Brooke's enemy's child's parent""?",Brooke's enemy's child's parent,d(h(t(r))),k;;q;;r;;s;;v;;w,Autumn = w  Daniel's friend = l(q)  ;;Brooke = r  Brooke's friend = l(r)  ;;Chad = k    Frank's enemy = t(v)    ;;Daniel = q  Chad's enemy = t(k)     ;;Erin = s    Erin's parent = d(s)    ;;Frank = v   Autumn's child = h(w)   ,53,36
4,L,SemanticApproach.INTENSIONAL,Representation.ABSTRACT,0_L_efp2,English phrases can be translated into formulae. Use the following translations to answer the question.;;;;,";;;;Here is an example of how to get a formula for a phrase.;;What is the formula for ""Chad's enemy's friend""?;;;;Here are the steps to arrive at the answer:;;1. Chad's enemy = t(k);;2. Chad's enemy's friend = l(t(k));;;;So the answer is l(t(k));;;;What is the formula for ""Frank's parent's friend's enemy""?",Frank's parent's friend's enemy,t(l(d(v))),k;;q;;r;;s;;v;;w,Autumn = w  Daniel's friend = l(q)  ;;Brooke = r  Brooke's friend = l(r)  ;;Chad = k    Frank's enemy = t(v)    ;;Daniel = q  Chad's enemy = t(k)     ;;Erin = s    Erin's parent = d(s)    ;;Frank = v   Autumn's child = h(w)   ,41,37
4,L,SemanticApproach.INTENSIONAL,Representation.ABSTRACT,0_L_cpc3,English phrases can be translated into formulae. Use the following translations to answer the question.;;;;,";;;;Here is an example of how to get a formula for a phrase.;;What is the formula for ""Chad's enemy's friend""?;;;;Here are the steps to arrive at the answer:;;1. Chad's enemy = t(k);;2. Chad's enemy's friend = l(t(k));;;;So the answer is l(t(k));;;;What is the formula for ""Chad's child's parent's child""?",Chad's child's parent's child,h(d(h(k))),k;;q;;r;;s;;v;;w,Autumn = w  Daniel's friend = l(q)  ;;Brooke = r  Brooke's friend = l(r)  ;;Chad = k    Frank's enemy = t(v)    ;;Daniel = q  Chad's enemy = t(k)     ;;Erin = s    Erin's parent = d(s)    ;;Frank = v   Autumn's child = h(w)   ,46,38
4,L,SemanticApproach.INTENSIONAL,Representation.ABSTRACT,0_L_fcf3,English phrases can be translated into formulae. Use the following translations to answer the question.;;;;,";;;;Here is an example of how to get a formula for a phrase.;;What is the formula for ""Chad's enemy's friend""?;;;;Here are the steps to arrive at the answer:;;1. Chad's enemy = t(k);;2. Chad's enemy's friend = l(t(k));;;;So the answer is l(t(k));;;;What is the formula for ""Chad's friend's child's friend""?",Chad's friend's child's friend,l(h(l(k))),k;;q;;r;;s;;v;;w,Autumn = w  Daniel's friend = l(q)  ;;Brooke = r  Brooke's friend = l(r)  ;;Chad = k    Frank's enemy = t(v)    ;;Daniel = q  Chad's enemy = t(k)     ;;Erin = s    Erin's parent = d(s)    ;;Frank = v   Autumn's child = h(w)   ,32,39
4,L,SemanticApproach.EXTENSIONAL,Representation.ENGLISH,0_L_epf1,"Imagine there are six people: Autumn, Brooke, Chad, Daniel, Erin and Frank. They have the following relationships to each other:;;;;",;;Here is how to figure out the answer to the following question:;;Who is Chad's enemy's friend?;;;;Here are the steps to arrive at the answer:;;1. Chad's enemy = Brooke;;2. Brooke's friend = Chad;;;;So the answer is Chad;;;;Now answer the following question:;;Who is Brooke's friend's parent's enemy?,Brooke's friend's parent's enemy,Daniel,Autumn;;Brooke;;Chad;;Daniel;;Erin;;Frank,Autumn's enemy = Daniel  Autumn's friend = Chad   Daniel's parent = Chad   Autumn's child = Erin   ;;Brooke's enemy = Chad    Brooke's friend = Erin   Erin's parent = Autumn   Brooke's child = Frank  ;;Chad's enemy = Brooke    Chad's friend = Autumn   Frank's parent = Brooke  Chad's child = Daniel   ;;Daniel's enemy = Autumn  Daniel's friend = Frank  ;;Erin's enemy = Frank     Erin's friend = Brooke   ;;Frank's enemy = Erin     Frank's friend = Daniel  ,49,0
4,L,SemanticApproach.EXTENSIONAL,Representation.ENGLISH,0_L_fep4,"Imagine there are six people: Autumn, Brooke, Chad, Daniel, Erin and Frank. They have the following relationships to each other:;;;;",;;Here is how to figure out the answer to the following question:;;Who is Chad's enemy's friend?;;;;Here are the steps to arrive at the answer:;;1. Chad's enemy = Brooke;;2. Brooke's friend = Chad;;;;So the answer is Chad;;;;Now answer the following question:;;Who is Erin's parent's enemy's friend?,Erin's parent's enemy's friend,Frank,Autumn;;Brooke;;Chad;;Daniel;;Erin;;Frank,Autumn's enemy = Daniel  Autumn's friend = Chad   Daniel's parent = Chad   Autumn's child = Erin   ;;Brooke's enemy = Chad    Brooke's friend = Erin   Erin's parent = Autumn   Brooke's child = Frank  ;;Chad's enemy = Brooke    Chad's friend = Autumn   Frank's parent = Brooke  Chad's child = Daniel   ;;Daniel's enemy = Autumn  Daniel's friend = Frank  ;;Erin's enemy = Frank     Erin's friend = Brooke   ;;Frank's enemy = Erin     Frank's friend = Daniel  ,28,1
4,L,SemanticApproach.EXTENSIONAL,Representation.ENGLISH,0_L_cfe2,"Imagine there are six people: Autumn, Brooke, Chad, Daniel, Erin and Frank. They have the following relationships to each other:;;;;",;;Here is how to figure out the answer to the following question:;;Who is Chad's enemy's friend?;;;;Here are the steps to arrive at the answer:;;1. Chad's enemy = Brooke;;2. Brooke's friend = Chad;;;;So the answer is Chad;;;;Now answer the following question:;;Who is Frank's enemy's friend's child?,Frank's enemy's friend's child,Frank,Autumn;;Brooke;;Chad;;Daniel;;Erin;;Frank,Autumn's enemy = Daniel  Autumn's friend = Chad   Daniel's parent = Chad   Autumn's child = Erin   ;;Brooke's enemy = Chad    Brooke's friend = Erin   Erin's parent = Autumn   Brooke's child = Frank  ;;Chad's enemy = Brooke    Chad's friend = Autumn   Frank's parent = Brooke  Chad's child = Daniel   ;;Daniel's enemy = Autumn  Daniel's friend = Frank  ;;Erin's enemy = Frank     Erin's friend = Brooke   ;;Frank's enemy = Erin     Frank's friend = Daniel  ,24,2
4,L,SemanticApproach.EXTENSIONAL,Representation.ENGLISH,0_L_fec5,"Imagine there are six people: Autumn, Brooke, Chad, Daniel, Erin and Frank. They have the following relationships to each other:;;;;",;;Here is how to figure out the answer to the following question:;;Who is Chad's enemy's friend?;;;;Here are the steps to arrive at the answer:;;1. Chad's enemy = Brooke;;2. Brooke's friend = Chad;;;;So the answer is Chad;;;;Now answer the following question:;;Who is Autumn's child's enemy's friend?,Autumn's child's enemy's friend,Daniel,Autumn;;Brooke;;Chad;;Daniel;;Erin;;Frank,Autumn's enemy = Daniel  Autumn's friend = Chad   Daniel's parent = Chad   Autumn's child = Erin   ;;Brooke's enemy = Chad    Brooke's friend = Erin   Erin's parent = Autumn   Brooke's child = Frank  ;;Chad's enemy = Brooke    Chad's friend = Autumn   Frank's parent = Brooke  Chad's child = Daniel   ;;Daniel's enemy = Autumn  Daniel's friend = Frank  ;;Erin's enemy = Frank     Erin's friend = Brooke   ;;Frank's enemy = Erin     Frank's friend = Daniel  ,51,3
4,L,SemanticApproach.EXTENSIONAL,Representation.ENGLISH,0_L_cpc3,"Imagine there are six people: Autumn, Brooke, Chad, Daniel, Erin and Frank. They have the following relationships to each other:;;;;",;;Here is how to figure out the answer to the following question:;;Who is Chad's enemy's friend?;;;;Here are the steps to arrive at the answer:;;1. Chad's enemy = Brooke;;2. Brooke's friend = Chad;;;;So the answer is Chad;;;;Now answer the following question:;;Who is Chad's child's parent's child?,Chad's child's parent's child,Daniel,Autumn;;Brooke;;Chad;;Daniel;;Erin;;Frank,Autumn's enemy = Daniel  Autumn's friend = Chad   Daniel's parent = Chad   Autumn's child = Erin   ;;Brooke's enemy = Chad    Brooke's friend = Erin   Erin's parent = Autumn   Brooke's child = Frank  ;;Chad's enemy = Brooke    Chad's friend = Autumn   Frank's parent = Brooke  Chad's child = Daniel   ;;Daniel's enemy = Autumn  Daniel's friend = Frank  ;;Erin's enemy = Frank     Erin's friend = Brooke   ;;Frank's enemy = Erin     Frank's friend = Daniel  ,46,4
4,L,SemanticApproach.EXTENSIONAL,Representation.ENGLISH,0_L_fcp2,"Imagine there are six people: Autumn, Brooke, Chad, Daniel, Erin and Frank. They have the following relationships to each other:;;;;",;;Here is how to figure out the answer to the following question:;;Who is Chad's enemy's friend?;;;;Here are the steps to arrive at the answer:;;1. Chad's enemy = Brooke;;2. Brooke's friend = Chad;;;;So the answer is Chad;;;;Now answer the following question:;;Who is Frank's parent's child's friend?,Frank's parent's child's friend,Daniel,Autumn;;Brooke;;Chad;;Daniel;;Erin;;Frank,Autumn's enemy = Daniel  Autumn's friend = Chad   Daniel's parent = Chad   Autumn's child = Erin   ;;Brooke's enemy = Chad    Brooke's friend = Erin   Erin's parent = Autumn   Brooke's child = Frank  ;;Chad's enemy = Brooke    Chad's friend = Autumn   Frank's parent = Brooke  Chad's child = Daniel   ;;Daniel's enemy = Autumn  Daniel's friend = Frank  ;;Erin's enemy = Frank     Erin's friend = Brooke   ;;Frank's enemy = Erin     Frank's friend = Daniel  ,27,5
4,L,SemanticApproach.EXTENSIONAL,Representation.ENGLISH,0_L_pfc1,"Imagine there are six people: Autumn, Brooke, Chad, Daniel, Erin and Frank. They have the following relationships to each other:;;;;",;;Here is how to figure out the answer to the following question:;;Who is Chad's enemy's friend?;;;;Here are the steps to arrive at the answer:;;1. Chad's enemy = Brooke;;2. Brooke's friend = Chad;;;;So the answer is Chad;;;;Now answer the following question:;;Who is Brooke's child's friend's parent?,Brooke's child's friend's parent,Chad,Autumn;;Brooke;;Chad;;Daniel;;Erin;;Frank,Autumn's enemy = Daniel  Autumn's friend = Chad   Daniel's parent = Chad   Autumn's child = Erin   ;;Brooke's enemy = Chad    Brooke's friend = Erin   Erin's parent = Autumn   Brooke's child = Frank  ;;Chad's enemy = Brooke    Chad's friend = Autumn   Frank's parent = Brooke  Chad's child = Daniel   ;;Daniel's enemy = Autumn  Daniel's friend = Frank  ;;Erin's enemy = Frank     Erin's friend = Brooke   ;;Frank's enemy = Erin     Frank's friend = Daniel  ,34,6
4,L,SemanticApproach.EXTENSIONAL,Representation.ENGLISH,0_L_pef1,"Imagine there are six people: Autumn, Brooke, Chad, Daniel, Erin and Frank. They have the following relationships to each other:;;;;",;;Here is how to figure out the answer to the following question:;;Who is Chad's enemy's friend?;;;;Here are the steps to arrive at the answer:;;1. Chad's enemy = Brooke;;2. Brooke's friend = Chad;;;;So the answer is Chad;;;;Now answer the following question:;;Who is Brooke's friend's enemy's parent?,Brooke's friend's enemy's parent,Brooke,Autumn;;Brooke;;Chad;;Daniel;;Erin;;Frank,Autumn's enemy = Daniel  Autumn's friend = Chad   Daniel's parent = Chad   Autumn's child = Erin   ;;Brooke's enemy = Chad    Brooke's friend = Erin   Erin's parent = Autumn   Brooke's child = Frank  ;;Chad's enemy = Brooke    Chad's friend = Autumn   Frank's parent = Brooke  Chad's child = Daniel   ;;Daniel's enemy = Autumn  Daniel's friend = Frank  ;;Erin's enemy = Frank     Erin's friend = Brooke   ;;Frank's enemy = Erin     Frank's friend = Daniel  ,42,7
4,L,SemanticApproach.EXTENSIONAL,Representation.ENGLISH,0_L_epc1,"Imagine there are six people: Autumn, Brooke, Chad, Daniel, Erin and Frank. They have the following relationships to each other:;;;;",;;Here is how to figure out the answer to the following question:;;Who is Chad's enemy's friend?;;;;Here are the steps to arrive at the answer:;;1. Chad's enemy = Brooke;;2. Brooke's friend = Chad;;;;So the answer is Chad;;;;Now answer the following question:;;Who is Brooke's child's parent's enemy?,Brooke's child's parent's enemy,Chad,Autumn;;Brooke;;Chad;;Daniel;;Erin;;Frank,Autumn's enemy = Daniel  Autumn's friend = Chad   Daniel's parent = Chad   Autumn's child = Erin   ;;Brooke's enemy = Chad    Brooke's friend = Erin   Erin's parent = Autumn   Brooke's child = Frank  ;;Chad's enemy = Brooke    Chad's friend = Autumn   Frank's parent = Brooke  Chad's child = Daniel   ;;Daniel's enemy = Autumn  Daniel's friend = Frank  ;;Erin's enemy = Frank     Erin's friend = Brooke   ;;Frank's enemy = Erin     Frank's friend = Daniel  ,56,8
4,L,SemanticApproach.EXTENSIONAL,Representation.ENGLISH,0_L_efe1,"Imagine there are six people: Autumn, Brooke, Chad, Daniel, Erin and Frank. They have the following relationships to each other:;;;;",;;Here is how to figure out the answer to the following question:;;Who is Chad's enemy's friend?;;;;Here are the steps to arrive at the answer:;;1. Chad's enemy = Brooke;;2. Brooke's friend = Chad;;;;So the answer is Chad;;;;Now answer the following question:;;Who is Brooke's enemy's friend's enemy?,Brooke's enemy's friend's enemy,Daniel,Autumn;;Brooke;;Chad;;Daniel;;Erin;;Frank,Autumn's enemy = Daniel  Autumn's friend = Chad   Daniel's parent = Chad   Autumn's child = Erin   ;;Brooke's enemy = Chad    Brooke's friend = Erin   Erin's parent = Autumn   Brooke's child = Frank  ;;Chad's enemy = Brooke    Chad's friend = Autumn   Frank's parent = Brooke  Chad's child = Daniel   ;;Daniel's enemy = Autumn  Daniel's friend = Frank  ;;Erin's enemy = Frank     Erin's friend = Brooke   ;;Frank's enemy = Erin     Frank's friend = Daniel  ,29,9
4,L,SemanticApproach.EXTENSIONAL,Representation.ENGLISH,0_L_pff0,"Imagine there are six people: Autumn, Brooke, Chad, Daniel, Erin and Frank. They have the following relationships to each other:;;;;",;;Here is how to figure out the answer to the following question:;;Who is Chad's enemy's friend?;;;;Here are the steps to arrive at the answer:;;1. Chad's enemy = Brooke;;2. Brooke's friend = Chad;;;;So the answer is Chad;;;;Now answer the following question:;;Who is Daniel's friend's friend's parent?,Daniel's friend's friend's parent,Chad,Autumn;;Brooke;;Chad;;Daniel;;Erin;;Frank,Autumn's enemy = Daniel  Autumn's friend = Chad   Daniel's parent = Chad   Autumn's child = Erin   ;;Brooke's enemy = Chad    Brooke's friend = Erin   Erin's parent = Autumn   Brooke's child = Frank  ;;Chad's enemy = Brooke    Chad's friend = Autumn   Frank's parent = Brooke  Chad's child = Daniel   ;;Daniel's enemy = Autumn  Daniel's friend = Frank  ;;Erin's enemy = Frank     Erin's friend = Brooke   ;;Frank's enemy = Erin     Frank's friend = Daniel  ,58,10
4,L,SemanticApproach.EXTENSIONAL,Representation.ENGLISH,0_L_pce1,"Imagine there are six people: Autumn, Brooke, Chad, Daniel, Erin and Frank. They have the following relationships to each other:;;;;",;;Here is how to figure out the answer to the following question:;;Who is Chad's enemy's friend?;;;;Here are the steps to arrive at the answer:;;1. Chad's enemy = Brooke;;2. Brooke's friend = Chad;;;;So the answer is Chad;;;;Now answer the following question:;;Who is Brooke's enemy's child's parent?,Brooke's enemy's child's parent,Chad,Autumn;;Brooke;;Chad;;Daniel;;Erin;;Frank,Autumn's enemy = Daniel  Autumn's friend = Chad   Daniel's parent = Chad   Autumn's child = Erin   ;;Brooke's enemy = Chad    Brooke's friend = Erin   Erin's parent = Autumn   Brooke's child = Frank  ;;Chad's enemy = Brooke    Chad's friend = Autumn   Frank's parent = Brooke  Chad's child = Daniel   ;;Daniel's enemy = Autumn  Daniel's friend = Frank  ;;Erin's enemy = Frank     Erin's friend = Brooke   ;;Frank's enemy = Erin     Frank's friend = Daniel  ,53,11
4,L,SemanticApproach.EXTENSIONAL,Representation.ENGLISH,0_L_cfc5,"Imagine there are six people: Autumn, Brooke, Chad, Daniel, Erin and Frank. They have the following relationships to each other:;;;;",;;Here is how to figure out the answer to the following question:;;Who is Chad's enemy's friend?;;;;Here are the steps to arrive at the answer:;;1. Chad's enemy = Brooke;;2. Brooke's friend = Chad;;;;So the answer is Chad;;;;Now answer the following question:;;Who is Autumn's child's friend's child?,Autumn's child's friend's child,Frank,Autumn;;Brooke;;Chad;;Daniel;;Erin;;Frank,Autumn's enemy = Daniel  Autumn's friend = Chad   Daniel's parent = Chad   Autumn's child = Erin   ;;Brooke's enemy = Chad    Brooke's friend = Erin   Erin's parent = Autumn   Brooke's child = Frank  ;;Chad's enemy = Brooke    Chad's friend = Autumn   Frank's parent = Brooke  Chad's child = Daniel   ;;Daniel's enemy = Autumn  Daniel's friend = Frank  ;;Erin's enemy = Frank     Erin's friend = Brooke   ;;Frank's enemy = Erin     Frank's friend = Daniel  ,21,12
4,L,SemanticApproach.EXTENSIONAL,Representation.ENGLISH,0_L_cec3,"Imagine there are six people: Autumn, Brooke, Chad, Daniel, Erin and Frank. They have the following relationships to each other:;;;;",;;Here is how to figure out the answer to the following question:;;Who is Chad's enemy's friend?;;;;Here are the steps to arrive at the answer:;;1. Chad's enemy = Brooke;;2. Brooke's friend = Chad;;;;So the answer is Chad;;;;Now answer the following question:;;Who is Chad's child's enemy's child?,Chad's child's enemy's child,Erin,Autumn;;Brooke;;Chad;;Daniel;;Erin;;Frank,Autumn's enemy = Daniel  Autumn's friend = Chad   Daniel's parent = Chad   Autumn's child = Erin   ;;Brooke's enemy = Chad    Brooke's friend = Erin   Erin's parent = Autumn   Brooke's child = Frank  ;;Chad's enemy = Brooke    Chad's friend = Autumn   Frank's parent = Brooke  Chad's child = Daniel   ;;Daniel's enemy = Autumn  Daniel's friend = Frank  ;;Erin's enemy = Frank     Erin's friend = Brooke   ;;Frank's enemy = Erin     Frank's friend = Daniel  ,38,13
4,L,SemanticApproach.EXTENSIONAL,Representation.ENGLISH,0_L_pff4,"Imagine there are six people: Autumn, Brooke, Chad, Daniel, Erin and Frank. They have the following relationships to each other:;;;;",;;Here is how to figure out the answer to the following question:;;Who is Chad's enemy's friend?;;;;Here are the steps to arrive at the answer:;;1. Chad's enemy = Brooke;;2. Brooke's friend = Chad;;;;So the answer is Chad;;;;Now answer the following question:;;Who is Erin's friend's friend's parent?,Erin's friend's friend's parent,Autumn,Autumn;;Brooke;;Chad;;Daniel;;Erin;;Frank,Autumn's enemy = Daniel  Autumn's friend = Chad   Daniel's parent = Chad   Autumn's child = Erin   ;;Brooke's enemy = Chad    Brooke's friend = Erin   Erin's parent = Autumn   Brooke's child = Frank  ;;Chad's enemy = Brooke    Chad's friend = Autumn   Frank's parent = Brooke  Chad's child = Daniel   ;;Daniel's enemy = Autumn  Daniel's friend = Frank  ;;Erin's enemy = Frank     Erin's friend = Brooke   ;;Frank's enemy = Erin     Frank's friend = Daniel  ,23,14
4,L,SemanticApproach.EXTENSIONAL,Representation.ENGLISH,0_L_ecf3,"Imagine there are six people: Autumn, Brooke, Chad, Daniel, Erin and Frank. They have the following relationships to each other:;;;;",;;Here is how to figure out the answer to the following question:;;Who is Chad's enemy's friend?;;;;Here are the steps to arrive at the answer:;;1. Chad's enemy = Brooke;;2. Brooke's friend = Chad;;;;So the answer is Chad;;;;Now answer the following question:;;Who is Chad's friend's child's enemy?,Chad's friend's child's enemy,Frank,Autumn;;Brooke;;Chad;;Daniel;;Erin;;Frank,Autumn's enemy = Daniel  Autumn's friend = Chad   Daniel's parent = Chad   Autumn's child = Erin   ;;Brooke's enemy = Chad    Brooke's friend = Erin   Erin's parent = Autumn   Brooke's child = Frank  ;;Chad's enemy = Brooke    Chad's friend = Autumn   Frank's parent = Brooke  Chad's child = Daniel   ;;Daniel's enemy = Autumn  Daniel's friend = Frank  ;;Erin's enemy = Frank     Erin's friend = Brooke   ;;Frank's enemy = Erin     Frank's friend = Daniel  ,39,15
4,L,SemanticApproach.EXTENSIONAL,Representation.ENGLISH,0_L_eec5,"Imagine there are six people: Autumn, Brooke, Chad, Daniel, Erin and Frank. They have the following relationships to each other:;;;;",;;Here is how to figure out the answer to the following question:;;Who is Chad's enemy's friend?;;;;Here are the steps to arrive at the answer:;;1. Chad's enemy = Brooke;;2. Brooke's friend = Chad;;;;So the answer is Chad;;;;Now answer the following question:;;Who is Autumn's child's enemy's enemy?,Autumn's child's enemy's enemy,Erin,Autumn;;Brooke;;Chad;;Daniel;;Erin;;Frank,Autumn's enemy = Daniel  Autumn's friend = Chad   Daniel's parent = Chad   Autumn's child = Erin   ;;Brooke's enemy = Chad    Brooke's friend = Erin   Erin's parent = Autumn   Brooke's child = Frank  ;;Chad's enemy = Brooke    Chad's friend = Autumn   Frank's parent = Brooke  Chad's child = Daniel   ;;Daniel's enemy = Autumn  Daniel's friend = Frank  ;;Erin's enemy = Frank     Erin's friend = Brooke   ;;Frank's enemy = Erin     Frank's friend = Daniel  ,25,16
4,L,SemanticApproach.EXTENSIONAL,Representation.ENGLISH,0_L_fcf3,"Imagine there are six people: Autumn, Brooke, Chad, Daniel, Erin and Frank. They have the following relationships to each other:;;;;",;;Here is how to figure out the answer to the following question:;;Who is Chad's enemy's friend?;;;;Here are the steps to arrive at the answer:;;1. Chad's enemy = Brooke;;2. Brooke's friend = Chad;;;;So the answer is Chad;;;;Now answer the following question:;;Who is Chad's friend's child's friend?,Chad's friend's child's friend,Brooke,Autumn;;Brooke;;Chad;;Daniel;;Erin;;Frank,Autumn's enemy = Daniel  Autumn's friend = Chad   Daniel's parent = Chad   Autumn's child = Erin   ;;Brooke's enemy = Chad    Brooke's friend = Erin   Erin's parent = Autumn   Brooke's child = Frank  ;;Chad's enemy = Brooke    Chad's friend = Autumn   Frank's parent = Brooke  Chad's child = Daniel   ;;Daniel's enemy = Autumn  Daniel's friend = Frank  ;;Erin's enemy = Frank     Erin's friend = Brooke   ;;Frank's enemy = Erin     Frank's friend = Daniel  ,32,17
4,L,SemanticApproach.EXTENSIONAL,Representation.ENGLISH,0_L_cpe2,"Imagine there are six people: Autumn, Brooke, Chad, Daniel, Erin and Frank. They have the following relationships to each other:;;;;",;;Here is how to figure out the answer to the following question:;;Who is Chad's enemy's friend?;;;;Here are the steps to arrive at the answer:;;1. Chad's enemy = Brooke;;2. Brooke's friend = Chad;;;;So the answer is Chad;;;;Now answer the following question:;;Who is Frank's enemy's parent's child?,Frank's enemy's parent's child,Erin,Autumn;;Brooke;;Chad;;Daniel;;Erin;;Frank,Autumn's enemy = Daniel  Autumn's friend = Chad   Daniel's parent = Chad   Autumn's child = Erin   ;;Brooke's enemy = Chad    Brooke's friend = Erin   Erin's parent = Autumn   Brooke's child = Frank  ;;Chad's enemy = Brooke    Chad's friend = Autumn   Frank's parent = Brooke  Chad's child = Daniel   ;;Daniel's enemy = Autumn  Daniel's friend = Frank  ;;Erin's enemy = Frank     Erin's friend = Brooke   ;;Frank's enemy = Erin     Frank's friend = Daniel  ,37,18
4,L,SemanticApproach.EXTENSIONAL,Representation.ENGLISH,0_L_pfe5,"Imagine there are six people: Autumn, Brooke, Chad, Daniel, Erin and Frank. They have the following relationships to each other:;;;;",;;Here is how to figure out the answer to the following question:;;Who is Chad's enemy's friend?;;;;Here are the steps to arrive at the answer:;;1. Chad's enemy = Brooke;;2. Brooke's friend = Chad;;;;So the answer is Chad;;;;Now answer the following question:;;Who is Autumn's enemy's friend's parent?,Autumn's enemy's friend's parent,Brooke,Autumn;;Brooke;;Chad;;Daniel;;Erin;;Frank,Autumn's enemy = Daniel  Autumn's friend = Chad   Daniel's parent = Chad   Autumn's child = Erin   ;;Brooke's enemy = Chad    Brooke's friend = Erin   Erin's parent = Autumn   Brooke's child = Frank  ;;Chad's enemy = Brooke    Chad's friend = Autumn   Frank's parent = Brooke  Chad's child = Daniel   ;;Daniel's enemy = Autumn  Daniel's friend = Frank  ;;Erin's enemy = Frank     Erin's friend = Brooke   ;;Frank's enemy = Erin     Frank's friend = Daniel  ,40,19
4,L,SemanticApproach.EXTENSIONAL,Representation.ENGLISH,0_L_pee2,"Imagine there are six people: Autumn, Brooke, Chad, Daniel, Erin and Frank. They have the following relationships to each other:;;;;",;;Here is how to figure out the answer to the following question:;;Who is Chad's enemy's friend?;;;;Here are the steps to arrive at the answer:;;1. Chad's enemy = Brooke;;2. Brooke's friend = Chad;;;;So the answer is Chad;;;;Now answer the following question:;;Who is Frank's enemy's enemy's parent?,Frank's enemy's enemy's parent,Brooke,Autumn;;Brooke;;Chad;;Daniel;;Erin;;Frank,Autumn's enemy = Daniel  Autumn's friend = Chad   Daniel's parent = Chad   Autumn's child = Erin   ;;Brooke's enemy = Chad    Brooke's friend = Erin   Erin's parent = Autumn   Brooke's child = Frank  ;;Chad's enemy = Brooke    Chad's friend = Autumn   Frank's parent = Brooke  Chad's child = Daniel   ;;Daniel's enemy = Autumn  Daniel's friend = Frank  ;;Erin's enemy = Frank     Erin's friend = Brooke   ;;Frank's enemy = Erin     Frank's friend = Daniel  ,45,20
4,L,SemanticApproach.EXTENSIONAL,Representation.ENGLISH,0_L_efc3,"Imagine there are six people: Autumn, Brooke, Chad, Daniel, Erin and Frank. They have the following relationships to each other:;;;;",;;Here is how to figure out the answer to the following question:;;Who is Chad's enemy's friend?;;;;Here are the steps to arrive at the answer:;;1. Chad's enemy = Brooke;;2. Brooke's friend = Chad;;;;So the answer is Chad;;;;Now answer the following question:;;Who is Chad's child's friend's enemy?,Chad's child's friend's enemy,Erin,Autumn;;Brooke;;Chad;;Daniel;;Erin;;Frank,Autumn's enemy = Daniel  Autumn's friend = Chad   Daniel's parent = Chad   Autumn's child = Erin   ;;Brooke's enemy = Chad    Brooke's friend = Erin   Erin's parent = Autumn   Brooke's child = Frank  ;;Chad's enemy = Brooke    Chad's friend = Autumn   Frank's parent = Brooke  Chad's child = Daniel   ;;Daniel's enemy = Autumn  Daniel's friend = Frank  ;;Erin's enemy = Frank     Erin's friend = Brooke   ;;Frank's enemy = Erin     Frank's friend = Daniel  ,48,21
4,L,SemanticApproach.EXTENSIONAL,Representation.ENGLISH,0_L_eef1,"Imagine there are six people: Autumn, Brooke, Chad, Daniel, Erin and Frank. They have the following relationships to each other:;;;;",;;Here is how to figure out the answer to the following question:;;Who is Chad's enemy's friend?;;;;Here are the steps to arrive at the answer:;;1. Chad's enemy = Brooke;;2. Brooke's friend = Chad;;;;So the answer is Chad;;;;Now answer the following question:;;Who is Brooke's friend's enemy's enemy?,Brooke's friend's enemy's enemy,Erin,Autumn;;Brooke;;Chad;;Daniel;;Erin;;Frank,Autumn's enemy = Daniel  Autumn's friend = Chad   Daniel's parent = Chad   Autumn's child = Erin   ;;Brooke's enemy = Chad    Brooke's friend = Erin   Erin's parent = Autumn   Brooke's child = Frank  ;;Chad's enemy = Brooke    Chad's friend = Autumn   Frank's parent = Brooke  Chad's child = Daniel   ;;Daniel's enemy = Autumn  Daniel's friend = Frank  ;;Erin's enemy = Frank     Erin's friend = Brooke   ;;Frank's enemy = Erin     Frank's friend = Daniel  ,59,22
4,L,SemanticApproach.EXTENSIONAL,Representation.ENGLISH,0_L_fpe5,"Imagine there are six people: Autumn, Brooke, Chad, Daniel, Erin and Frank. They have the following relationships to each other:;;;;",;;Here is how to figure out the answer to the following question:;;Who is Chad's enemy's friend?;;;;Here are the steps to arrive at the answer:;;1. Chad's enemy = Brooke;;2. Brooke's friend = Chad;;;;So the answer is Chad;;;;Now answer the following question:;;Who is Autumn's enemy's parent's friend?,Autumn's enemy's parent's friend,Autumn,Autumn;;Brooke;;Chad;;Daniel;;Erin;;Frank,Autumn's enemy = Daniel  Autumn's friend = Chad   Daniel's parent = Chad   Autumn's child = Erin   ;;Brooke's enemy = Chad    Brooke's friend = Erin   Erin's parent = Autumn   Brooke's child = Frank  ;;Chad's enemy = Brooke    Chad's friend = Autumn   Frank's parent = Brooke  Chad's child = Daniel   ;;Daniel's enemy = Autumn  Daniel's friend = Frank  ;;Erin's enemy = Frank     Erin's friend = Brooke   ;;Frank's enemy = Erin     Frank's friend = Daniel  ,35,23
4,L,SemanticApproach.EXTENSIONAL,Representation.ENGLISH,0_L_fpf2,"Imagine there are six people: Autumn, Brooke, Chad, Daniel, Erin and Frank. They have the following relationships to each other:;;;;",;;Here is how to figure out the answer to the following question:;;Who is Chad's enemy's friend?;;;;Here are the steps to arrive at the answer:;;1. Chad's enemy = Brooke;;2. Brooke's friend = Chad;;;;So the answer is Chad;;;;Now answer the following question:;;Who is Frank's friend's parent's friend?,Frank's friend's parent's friend,Autumn,Autumn;;Brooke;;Chad;;Daniel;;Erin;;Frank,Autumn's enemy = Daniel  Autumn's friend = Chad   Daniel's parent = Chad   Autumn's child = Erin   ;;Brooke's enemy = Chad    Brooke's friend = Erin   Erin's parent = Autumn   Brooke's child = Frank  ;;Chad's enemy = Brooke    Chad's friend = Autumn   Frank's parent = Brooke  Chad's child = Daniel   ;;Daniel's enemy = Autumn  Daniel's friend = Frank  ;;Erin's enemy = Frank     Erin's friend = Brooke   ;;Frank's enemy = Erin     Frank's friend = Daniel  ,30,24
4,L,SemanticApproach.EXTENSIONAL,Representation.ENGLISH,0_L_fef1,"Imagine there are six people: Autumn, Brooke, Chad, Daniel, Erin and Frank. They have the following relationships to each other:;;;;",;;Here is how to figure out the answer to the following question:;;Who is Chad's enemy's friend?;;;;Here are the steps to arrive at the answer:;;1. Chad's enemy = Brooke;;2. Brooke's friend = Chad;;;;So the answer is Chad;;;;Now answer the following question:;;Who is Brooke's friend's enemy's friend?,Brooke's friend's enemy's friend,Daniel,Autumn;;Brooke;;Chad;;Daniel;;Erin;;Frank,Autumn's enemy = Daniel  Autumn's friend = Chad   Daniel's parent = Chad   Autumn's child = Erin   ;;Brooke's enemy = Chad    Brooke's friend = Erin   Erin's parent = Autumn   Brooke's child = Frank  ;;Chad's enemy = Brooke    Chad's friend = Autumn   Frank's parent = Brooke  Chad's child = Daniel   ;;Daniel's enemy = Autumn  Daniel's friend = Frank  ;;Erin's enemy = Frank     Erin's friend = Brooke   ;;Frank's enemy = Erin     Frank's friend = Daniel  ,26,25
4,L,SemanticApproach.EXTENSIONAL,Representation.ENGLISH,0_L_fep2,"Imagine there are six people: Autumn, Brooke, Chad, Daniel, Erin and Frank. They have the following relationships to each other:;;;;",;;Here is how to figure out the answer to the following question:;;Who is Chad's enemy's friend?;;;;Here are the steps to arrive at the answer:;;1. Chad's enemy = Brooke;;2. Brooke's friend = Chad;;;;So the answer is Chad;;;;Now answer the following question:;;Who is Frank's parent's enemy's friend?,Frank's parent's enemy's friend,Autumn,Autumn;;Brooke;;Chad;;Daniel;;Erin;;Frank,Autumn's enemy = Daniel  Autumn's friend = Chad   Daniel's parent = Chad   Autumn's child = Erin   ;;Brooke's enemy = Chad    Brooke's friend = Erin   Erin's parent = Autumn   Brooke's child = Frank  ;;Chad's enemy = Brooke    Chad's friend = Autumn   Frank's parent = Brooke  Chad's child = Daniel   ;;Daniel's enemy = Autumn  Daniel's friend = Frank  ;;Erin's enemy = Frank     Erin's friend = Brooke   ;;Frank's enemy = Erin     Frank's friend = Daniel  ,36,26
4,L,SemanticApproach.EXTENSIONAL,Representation.ENGLISH,0_L_pee0,"Imagine there are six people: Autumn, Brooke, Chad, Daniel, Erin and Frank. They have the following relationships to each other:;;;;",;;Here is how to figure out the answer to the following question:;;Who is Chad's enemy's friend?;;;;Here are the steps to arrive at the answer:;;1. Chad's enemy = Brooke;;2. Brooke's friend = Chad;;;;So the answer is Chad;;;;Now answer the following question:;;Who is Daniel's enemy's enemy's parent?,Daniel's enemy's enemy's parent,Chad,Autumn;;Brooke;;Chad;;Daniel;;Erin;;Frank,Autumn's enemy = Daniel  Autumn's friend = Chad   Daniel's parent = Chad   Autumn's child = Erin   ;;Brooke's enemy = Chad    Brooke's friend = Erin   Erin's parent = Autumn   Brooke's child = Frank  ;;Chad's enemy = Brooke    Chad's friend = Autumn   Frank's parent = Brooke  Chad's child = Daniel   ;;Daniel's enemy = Autumn  Daniel's friend = Frank  ;;Erin's enemy = Frank     Erin's friend = Brooke   ;;Frank's enemy = Erin     Frank's friend = Daniel  ,47,27
4,L,SemanticApproach.EXTENSIONAL,Representation.ENGLISH,0_L_cfp0,"Imagine there are six people: Autumn, Brooke, Chad, Daniel, Erin and Frank. They have the following relationships to each other:;;;;",;;Here is how to figure out the answer to the following question:;;Who is Chad's enemy's friend?;;;;Here are the steps to arrive at the answer:;;1. Chad's enemy = Brooke;;2. Brooke's friend = Chad;;;;So the answer is Chad;;;;Now answer the following question:;;Who is Daniel's parent's friend's child?,Daniel's parent's friend's child,Erin,Autumn;;Brooke;;Chad;;Daniel;;Erin;;Frank,Autumn's enemy = Daniel  Autumn's friend = Chad   Daniel's parent = Chad   Autumn's child = Erin   ;;Brooke's enemy = Chad    Brooke's friend = Erin   Erin's parent = Autumn   Brooke's child = Frank  ;;Chad's enemy = Brooke    Chad's friend = Autumn   Frank's parent = Brooke  Chad's child = Daniel   ;;Daniel's enemy = Autumn  Daniel's friend = Frank  ;;Erin's enemy = Frank     Erin's friend = Brooke   ;;Frank's enemy = Erin     Frank's friend = Daniel  ,43,28
4,L,SemanticApproach.EXTENSIONAL,Representation.ENGLISH,0_L_eff4,"Imagine there are six people: Autumn, Brooke, Chad, Daniel, Erin and Frank. They have the following relationships to each other:;;;;",;;Here is how to figure out the answer to the following question:;;Who is Chad's enemy's friend?;;;;Here are the steps to arrive at the answer:;;1. Chad's enemy = Brooke;;2. Brooke's friend = Chad;;;;So the answer is Chad;;;;Now answer the following question:;;Who is Erin's friend's friend's enemy?,Erin's friend's friend's enemy,Frank,Autumn;;Brooke;;Chad;;Daniel;;Erin;;Frank,Autumn's enemy = Daniel  Autumn's friend = Chad   Daniel's parent = Chad   Autumn's child = Erin   ;;Brooke's enemy = Chad    Brooke's friend = Erin   Erin's parent = Autumn   Brooke's child = Frank  ;;Chad's enemy = Brooke    Chad's friend = Autumn   Frank's parent = Brooke  Chad's child = Daniel   ;;Daniel's enemy = Autumn  Daniel's friend = Frank  ;;Erin's enemy = Frank     Erin's friend = Brooke   ;;Frank's enemy = Erin     Frank's friend = Daniel  ,22,29
4,L,SemanticApproach.EXTENSIONAL,Representation.ENGLISH,0_L_cff1,"Imagine there are six people: Autumn, Brooke, Chad, Daniel, Erin and Frank. They have the following relationships to each other:;;;;",;;Here is how to figure out the answer to the following question:;;Who is Chad's enemy's friend?;;;;Here are the steps to arrive at the answer:;;1. Chad's enemy = Brooke;;2. Brooke's friend = Chad;;;;So the answer is Chad;;;;Now answer the following question:;;Who is Brooke's friend's friend's child?,Brooke's friend's friend's child,Frank,Autumn;;Brooke;;Chad;;Daniel;;Erin;;Frank,Autumn's enemy = Daniel  Autumn's friend = Chad   Daniel's parent = Chad   Autumn's child = Erin   ;;Brooke's enemy = Chad    Brooke's friend = Erin   Erin's parent = Autumn   Brooke's child = Frank  ;;Chad's enemy = Brooke    Chad's friend = Autumn   Frank's parent = Brooke  Chad's child = Daniel   ;;Daniel's enemy = Autumn  Daniel's friend = Frank  ;;Erin's enemy = Frank     Erin's friend = Brooke   ;;Frank's enemy = Erin     Frank's friend = Daniel  ,55,30
4,L,SemanticApproach.EXTENSIONAL,Representation.ENGLISH,0_L_eep4,"Imagine there are six people: Autumn, Brooke, Chad, Daniel, Erin and Frank. They have the following relationships to each other:;;;;",;;Here is how to figure out the answer to the following question:;;Who is Chad's enemy's friend?;;;;Here are the steps to arrive at the answer:;;1. Chad's enemy = Brooke;;2. Brooke's friend = Chad;;;;So the answer is Chad;;;;Now answer the following question:;;Who is Erin's parent's enemy's enemy?,Erin's parent's enemy's enemy,Autumn,Autumn;;Brooke;;Chad;;Daniel;;Erin;;Frank,Autumn's enemy = Daniel  Autumn's friend = Chad   Daniel's parent = Chad   Autumn's child = Erin   ;;Brooke's enemy = Chad    Brooke's friend = Erin   Erin's parent = Autumn   Brooke's child = Frank  ;;Chad's enemy = Brooke    Chad's friend = Autumn   Frank's parent = Brooke  Chad's child = Daniel   ;;Daniel's enemy = Autumn  Daniel's friend = Frank  ;;Erin's enemy = Frank     Erin's friend = Brooke   ;;Frank's enemy = Erin     Frank's friend = Daniel  ,60,31
4,L,SemanticApproach.EXTENSIONAL,Representation.ENGLISH,0_L_efp2,"Imagine there are six people: Autumn, Brooke, Chad, Daniel, Erin and Frank. They have the following relationships to each other:;;;;",;;Here is how to figure out the answer to the following question:;;Who is Chad's enemy's friend?;;;;Here are the steps to arrive at the answer:;;1. Chad's enemy = Brooke;;2. Brooke's friend = Chad;;;;So the answer is Chad;;;;Now answer the following question:;;Who is Frank's parent's friend's enemy?,Frank's parent's friend's enemy,Frank,Autumn;;Brooke;;Chad;;Daniel;;Erin;;Frank,Autumn's enemy = Daniel  Autumn's friend = Chad   Daniel's parent = Chad   Autumn's child = Erin   ;;Brooke's enemy = Chad    Brooke's friend = Erin   Erin's parent = Autumn   Brooke's child = Frank  ;;Chad's enemy = Brooke    Chad's friend = Autumn   Frank's parent = Brooke  Chad's child = Daniel   ;;Daniel's enemy = Autumn  Daniel's friend = Frank  ;;Erin's enemy = Frank     Erin's friend = Brooke   ;;Frank's enemy = Erin     Frank's friend = Daniel  ,41,32
4,L,SemanticApproach.EXTENSIONAL,Representation.ENGLISH,0_L_eee4,"Imagine there are six people: Autumn, Brooke, Chad, Daniel, Erin and Frank. They have the following relationships to each other:;;;;",;;Here is how to figure out the answer to the following question:;;Who is Chad's enemy's friend?;;;;Here are the steps to arrive at the answer:;;1. Chad's enemy = Brooke;;2. Brooke's friend = Chad;;;;So the answer is Chad;;;;Now answer the following question:;;Who is Erin's enemy's enemy's enemy?,Erin's enemy's enemy's enemy,Frank,Autumn;;Brooke;;Chad;;Daniel;;Erin;;Frank,Autumn's enemy = Daniel  Autumn's friend = Chad   Daniel's parent = Chad   Autumn's child = Erin   ;;Brooke's enemy = Chad    Brooke's friend = Erin   Erin's parent = Autumn   Brooke's child = Frank  ;;Chad's enemy = Brooke    Chad's friend = Autumn   Frank's parent = Brooke  Chad's child = Daniel   ;;Daniel's enemy = Autumn  Daniel's friend = Frank  ;;Erin's enemy = Frank     Erin's friend = Brooke   ;;Frank's enemy = Erin     Frank's friend = Daniel  ,44,33
4,L,SemanticApproach.EXTENSIONAL,Representation.ENGLISH,0_L_cpf1,"Imagine there are six people: Autumn, Brooke, Chad, Daniel, Erin and Frank. They have the following relationships to each other:;;;;",;;Here is how to figure out the answer to the following question:;;Who is Chad's enemy's friend?;;;;Here are the steps to arrive at the answer:;;1. Chad's enemy = Brooke;;2. Brooke's friend = Chad;;;;So the answer is Chad;;;;Now answer the following question:;;Who is Brooke's friend's parent's child?,Brooke's friend's parent's child,Erin,Autumn;;Brooke;;Chad;;Daniel;;Erin;;Frank,Autumn's enemy = Daniel  Autumn's friend = Chad   Daniel's parent = Chad   Autumn's child = Erin   ;;Brooke's enemy = Chad    Brooke's friend = Erin   Erin's parent = Autumn   Brooke's child = Frank  ;;Chad's enemy = Brooke    Chad's friend = Autumn   Frank's parent = Brooke  Chad's child = Daniel   ;;Daniel's enemy = Autumn  Daniel's friend = Frank  ;;Erin's enemy = Frank     Erin's friend = Brooke   ;;Frank's enemy = Erin     Frank's friend = Daniel  ,31,34
4,L,SemanticApproach.EXTENSIONAL,Representation.ENGLISH,0_L_efe5,"Imagine there are six people: Autumn, Brooke, Chad, Daniel, Erin and Frank. They have the following relationships to each other:;;;;",;;Here is how to figure out the answer to the following question:;;Who is Chad's enemy's friend?;;;;Here are the steps to arrive at the answer:;;1. Chad's enemy = Brooke;;2. Brooke's friend = Chad;;;;So the answer is Chad;;;;Now answer the following question:;;Who is Autumn's enemy's friend's enemy?,Autumn's enemy's friend's enemy,Erin,Autumn;;Brooke;;Chad;;Daniel;;Erin;;Frank,Autumn's enemy = Daniel  Autumn's friend = Chad   Daniel's parent = Chad   Autumn's child = Erin   ;;Brooke's enemy = Chad    Brooke's friend = Erin   Erin's parent = Autumn   Brooke's child = Frank  ;;Chad's enemy = Brooke    Chad's friend = Autumn   Frank's parent = Brooke  Chad's child = Daniel   ;;Daniel's enemy = Autumn  Daniel's friend = Frank  ;;Erin's enemy = Frank     Erin's friend = Brooke   ;;Frank's enemy = Erin     Frank's friend = Daniel  ,50,35
4,L,SemanticApproach.EXTENSIONAL,Representation.ENGLISH,0_L_pec1,"Imagine there are six people: Autumn, Brooke, Chad, Daniel, Erin and Frank. They have the following relationships to each other:;;;;",;;Here is how to figure out the answer to the following question:;;Who is Chad's enemy's friend?;;;;Here are the steps to arrive at the answer:;;1. Chad's enemy = Brooke;;2. Brooke's friend = Chad;;;;So the answer is Chad;;;;Now answer the following question:;;Who is Brooke's child's enemy's parent?,Brooke's child's enemy's parent,Autumn,Autumn;;Brooke;;Chad;;Daniel;;Erin;;Frank,Autumn's enemy = Daniel  Autumn's friend = Chad   Daniel's parent = Chad   Autumn's child = Erin   ;;Brooke's enemy = Chad    Brooke's friend = Erin   Erin's parent = Autumn   Brooke's child = Frank  ;;Chad's enemy = Brooke    Chad's friend = Autumn   Frank's parent = Brooke  Chad's child = Daniel   ;;Daniel's enemy = Autumn  Daniel's friend = Frank  ;;Erin's enemy = Frank     Erin's friend = Brooke   ;;Frank's enemy = Erin     Frank's friend = Daniel  ,33,36
4,L,SemanticApproach.EXTENSIONAL,Representation.ENGLISH,0_L_ffe5,"Imagine there are six people: Autumn, Brooke, Chad, Daniel, Erin and Frank. They have the following relationships to each other:;;;;",;;Here is how to figure out the answer to the following question:;;Who is Chad's enemy's friend?;;;;Here are the steps to arrive at the answer:;;1. Chad's enemy = Brooke;;2. Brooke's friend = Chad;;;;So the answer is Chad;;;;Now answer the following question:;;Who is Autumn's enemy's friend's friend?,Autumn's enemy's friend's friend,Daniel,Autumn;;Brooke;;Chad;;Daniel;;Erin;;Frank,Autumn's enemy = Daniel  Autumn's friend = Chad   Daniel's parent = Chad   Autumn's child = Erin   ;;Brooke's enemy = Chad    Brooke's friend = Erin   Erin's parent = Autumn   Brooke's child = Frank  ;;Chad's enemy = Brooke    Chad's friend = Autumn   Frank's parent = Brooke  Chad's child = Daniel   ;;Daniel's enemy = Autumn  Daniel's friend = Frank  ;;Erin's enemy = Frank     Erin's friend = Brooke   ;;Frank's enemy = Erin     Frank's friend = Daniel  ,52,37
4,L,SemanticApproach.EXTENSIONAL,Representation.ENGLISH,0_L_ffc5,"Imagine there are six people: Autumn, Brooke, Chad, Daniel, Erin and Frank. They have the following relationships to each other:;;;;",;;Here is how to figure out the answer to the following question:;;Who is Chad's enemy's friend?;;;;Here are the steps to arrive at the answer:;;1. Chad's enemy = Brooke;;2. Brooke's friend = Chad;;;;So the answer is Chad;;;;Now answer the following question:;;Who is Autumn's child's friend's friend?,Autumn's child's friend's friend,Erin,Autumn;;Brooke;;Chad;;Daniel;;Erin;;Frank,Autumn's enemy = Daniel  Autumn's friend = Chad   Daniel's parent = Chad   Autumn's child = Erin   ;;Brooke's enemy = Chad    Brooke's friend = Erin   Erin's parent = Autumn   Brooke's child = Frank  ;;Chad's enemy = Brooke    Chad's friend = Autumn   Frank's parent = Brooke  Chad's child = Daniel   ;;Daniel's enemy = Autumn  Daniel's friend = Frank  ;;Erin's enemy = Frank     Erin's friend = Brooke   ;;Frank's enemy = Erin     Frank's friend = Daniel  ,54,38
4,L,SemanticApproach.EXTENSIONAL,Representation.ENGLISH,0_L_pcf3,"Imagine there are six people: Autumn, Brooke, Chad, Daniel, Erin and Frank. They have the following relationships to each other:;;;;",;;Here is how to figure out the answer to the following question:;;Who is Chad's enemy's friend?;;;;Here are the steps to arrive at the answer:;;1. Chad's enemy = Brooke;;2. Brooke's friend = Chad;;;;So the answer is Chad;;;;Now answer the following question:;;Who is Chad's friend's child's parent?,Chad's friend's child's parent,Autumn,Autumn;;Brooke;;Chad;;Daniel;;Erin;;Frank,Autumn's enemy = Daniel  Autumn's friend = Chad   Daniel's parent = Chad   Autumn's child = Erin   ;;Brooke's enemy = Chad    Brooke's friend = Erin   Erin's parent = Autumn   Brooke's child = Frank  ;;Chad's enemy = Brooke    Chad's friend = Autumn   Frank's parent = Brooke  Chad's child = Daniel   ;;Daniel's enemy = Autumn  Daniel's friend = Frank  ;;Erin's enemy = Frank     Erin's friend = Brooke   ;;Frank's enemy = Erin     Frank's friend = Daniel  ,57,39
4,L,SemanticApproach.INTENSIONAL,Representation.ENGLISH,0_L_fcf3,English phrases can be translated into formulae. Use the following translations to answer the question.;;;;,";;;;Here is an example of how to get a formula for a phrase.;;What is the formula for ""Chad's enemy's friend""?;;;;Here are the steps to arrive at the answer:;;1. Chad's enemy = enemy(chad);;2. Chad's enemy's friend = friend(enemy(chad));;;;So the answer is friend(enemy(chad));;;;What is the formula for ""Chad's friend's child's friend""?",Chad's friend's child's friend,friend(child(friend(chad))),Autumn;;Brooke;;Chad;;Daniel;;Erin;;Frank,Daniel's friend = friend(daniel);;Brooke's friend = friend(brooke);;Frank's enemy = enemy(frank);;Chad's enemy = enemy(chad);;Erin's parent = parent(erin);;Autumn's child = child(autumn),32,0
4,L,SemanticApproach.INTENSIONAL,Representation.ENGLISH,0_L_eec5,English phrases can be translated into formulae. Use the following translations to answer the question.;;;;,";;;;Here is an example of how to get a formula for a phrase.;;What is the formula for ""Chad's enemy's friend""?;;;;Here are the steps to arrive at the answer:;;1. Chad's enemy = enemy(chad);;2. Chad's enemy's friend = friend(enemy(chad));;;;So the answer is friend(enemy(chad));;;;What is the formula for ""Autumn's child's enemy's enemy""?",Autumn's child's enemy's enemy,enemy(enemy(child(autumn))),Autumn;;Brooke;;Chad;;Daniel;;Erin;;Frank,Daniel's friend = friend(daniel);;Brooke's friend = friend(brooke);;Frank's enemy = enemy(frank);;Chad's enemy = enemy(chad);;Erin's parent = parent(erin);;Autumn's child = child(autumn),25,1
4,L,SemanticApproach.INTENSIONAL,Representation.ENGLISH,0_L_cec3,English phrases can be translated into formulae. Use the following translations to answer the question.;;;;,";;;;Here is an example of how to get a formula for a phrase.;;What is the formula for ""Chad's enemy's friend""?;;;;Here are the steps to arrive at the answer:;;1. Chad's enemy = enemy(chad);;2. Chad's enemy's friend = friend(enemy(chad));;;;So the answer is friend(enemy(chad));;;;What is the formula for ""Chad's child's enemy's child""?",Chad's child's enemy's child,child(enemy(child(chad))),Autumn;;Brooke;;Chad;;Daniel;;Erin;;Frank,Daniel's friend = friend(daniel);;Brooke's friend = friend(brooke);;Frank's enemy = enemy(frank);;Chad's enemy = enemy(chad);;Erin's parent = parent(erin);;Autumn's child = child(autumn),38,2
4,L,SemanticApproach.INTENSIONAL,Representation.ENGLISH,0_L_fpe5,English phrases can be translated into formulae. Use the following translations to answer the question.;;;;,";;;;Here is an example of how to get a formula for a phrase.;;What is the formula for ""Chad's enemy's friend""?;;;;Here are the steps to arrive at the answer:;;1. Chad's enemy = enemy(chad);;2. Chad's enemy's friend = friend(enemy(chad));;;;So the answer is friend(enemy(chad));;;;What is the formula for ""Autumn's enemy's parent's friend""?",Autumn's enemy's parent's friend,friend(parent(enemy(autumn))),Autumn;;Brooke;;Chad;;Daniel;;Erin;;Frank,Daniel's friend = friend(daniel);;Brooke's friend = friend(brooke);;Frank's enemy = enemy(frank);;Chad's enemy = enemy(chad);;Erin's parent = parent(erin);;Autumn's child = child(autumn),35,3
4,L,SemanticApproach.INTENSIONAL,Representation.ENGLISH,0_L_pfc1,English phrases can be translated into formulae. Use the following translations to answer the question.;;;;,";;;;Here is an example of how to get a formula for a phrase.;;What is the formula for ""Chad's enemy's friend""?;;;;Here are the steps to arrive at the answer:;;1. Chad's enemy = enemy(chad);;2. Chad's enemy's friend = friend(enemy(chad));;;;So the answer is friend(enemy(chad));;;;What is the formula for ""Brooke's child's friend's parent""?",Brooke's child's friend's parent,parent(friend(child(brooke))),Autumn;;Brooke;;Chad;;Daniel;;Erin;;Frank,Daniel's friend = friend(daniel);;Brooke's friend = friend(brooke);;Frank's enemy = enemy(frank);;Chad's enemy = enemy(chad);;Erin's parent = parent(erin);;Autumn's child = child(autumn),34,4
4,L,SemanticApproach.INTENSIONAL,Representation.ENGLISH,0_L_fef1,English phrases can be translated into formulae. Use the following translations to answer the question.;;;;,";;;;Here is an example of how to get a formula for a phrase.;;What is the formula for ""Chad's enemy's friend""?;;;;Here are the steps to arrive at the answer:;;1. Chad's enemy = enemy(chad);;2. Chad's enemy's friend = friend(enemy(chad));;;;So the answer is friend(enemy(chad));;;;What is the formula for ""Brooke's friend's enemy's friend""?",Brooke's friend's enemy's friend,friend(enemy(friend(brooke))),Autumn;;Brooke;;Chad;;Daniel;;Erin;;Frank,Daniel's friend = friend(daniel);;Brooke's friend = friend(brooke);;Frank's enemy = enemy(frank);;Chad's enemy = enemy(chad);;Erin's parent = parent(erin);;Autumn's child = child(autumn),26,5
4,L,SemanticApproach.INTENSIONAL,Representation.ENGLISH,0_L_cff1,English phrases can be translated into formulae. Use the following translations to answer the question.;;;;,";;;;Here is an example of how to get a formula for a phrase.;;What is the formula for ""Chad's enemy's friend""?;;;;Here are the steps to arrive at the answer:;;1. Chad's enemy = enemy(chad);;2. Chad's enemy's friend = friend(enemy(chad));;;;So the answer is friend(enemy(chad));;;;What is the formula for ""Brooke's friend's friend's child""?",Brooke's friend's friend's child,child(friend(friend(brooke))),Autumn;;Brooke;;Chad;;Daniel;;Erin;;Frank,Daniel's friend = friend(daniel);;Brooke's friend = friend(brooke);;Frank's enemy = enemy(frank);;Chad's enemy = enemy(chad);;Erin's parent = parent(erin);;Autumn's child = child(autumn),55,6
4,L,SemanticApproach.INTENSIONAL,Representation.ENGLISH,0_L_efe5,English phrases can be translated into formulae. Use the following translations to answer the question.;;;;,";;;;Here is an example of how to get a formula for a phrase.;;What is the formula for ""Chad's enemy's friend""?;;;;Here are the steps to arrive at the answer:;;1. Chad's enemy = enemy(chad);;2. Chad's enemy's friend = friend(enemy(chad));;;;So the answer is friend(enemy(chad));;;;What is the formula for ""Autumn's enemy's friend's enemy""?",Autumn's enemy's friend's enemy,enemy(friend(enemy(autumn))),Autumn;;Brooke;;Chad;;Daniel;;Erin;;Frank,Daniel's friend = friend(daniel);;Brooke's friend = friend(brooke);;Frank's enemy = enemy(frank);;Chad's enemy = enemy(chad);;Erin's parent = parent(erin);;Autumn's child = child(autumn),50,7
4,L,SemanticApproach.INTENSIONAL,Representation.ENGLISH,0_L_eef1,English phrases can be translated into formulae. Use the following translations to answer the question.;;;;,";;;;Here is an example of how to get a formula for a phrase.;;What is the formula for ""Chad's enemy's friend""?;;;;Here are the steps to arrive at the answer:;;1. Chad's enemy = enemy(chad);;2. Chad's enemy's friend = friend(enemy(chad));;;;So the answer is friend(enemy(chad));;;;What is the formula for ""Brooke's friend's enemy's enemy""?",Brooke's friend's enemy's enemy,enemy(enemy(friend(brooke))),Autumn;;Brooke;;Chad;;Daniel;;Erin;;Frank,Daniel's friend = friend(daniel);;Brooke's friend = friend(brooke);;Frank's enemy = enemy(frank);;Chad's enemy = enemy(chad);;Erin's parent = parent(erin);;Autumn's child = child(autumn),59,8
4,L,SemanticApproach.INTENSIONAL,Representation.ENGLISH,0_L_fep4,English phrases can be translated into formulae. Use the following translations to answer the question.;;;;,";;;;Here is an example of how to get a formula for a phrase.;;What is the formula for ""Chad's enemy's friend""?;;;;Here are the steps to arrive at the answer:;;1. Chad's enemy = enemy(chad);;2. Chad's enemy's friend = friend(enemy(chad));;;;So the answer is friend(enemy(chad));;;;What is the formula for ""Erin's parent's enemy's friend""?",Erin's parent's enemy's friend,friend(enemy(parent(erin))),Autumn;;Brooke;;Chad;;Daniel;;Erin;;Frank,Daniel's friend = friend(daniel);;Brooke's friend = friend(brooke);;Frank's enemy = enemy(frank);;Chad's enemy = enemy(chad);;Erin's parent = parent(erin);;Autumn's child = child(autumn),28,9
4,L,SemanticApproach.INTENSIONAL,Representation.ENGLISH,0_L_cfc5,English phrases can be translated into formulae. Use the following translations to answer the question.;;;;,";;;;Here is an example of how to get a formula for a phrase.;;What is the formula for ""Chad's enemy's friend""?;;;;Here are the steps to arrive at the answer:;;1. Chad's enemy = enemy(chad);;2. Chad's enemy's friend = friend(enemy(chad));;;;So the answer is friend(enemy(chad));;;;What is the formula for ""Autumn's child's friend's child""?",Autumn's child's friend's child,child(friend(child(autumn))),Autumn;;Brooke;;Chad;;Daniel;;Erin;;Frank,Daniel's friend = friend(daniel);;Brooke's friend = friend(brooke);;Frank's enemy = enemy(frank);;Chad's enemy = enemy(chad);;Erin's parent = parent(erin);;Autumn's child = child(autumn),21,10
4,L,SemanticApproach.INTENSIONAL,Representation.ENGLISH,0_L_eep4,English phrases can be translated into formulae. Use the following translations to answer the question.;;;;,";;;;Here is an example of how to get a formula for a phrase.;;What is the formula for ""Chad's enemy's friend""?;;;;Here are the steps to arrive at the answer:;;1. Chad's enemy = enemy(chad);;2. Chad's enemy's friend = friend(enemy(chad));;;;So the answer is friend(enemy(chad));;;;What is the formula for ""Erin's parent's enemy's enemy""?",Erin's parent's enemy's enemy,enemy(enemy(parent(erin))),Autumn;;Brooke;;Chad;;Daniel;;Erin;;Frank,Daniel's friend = friend(daniel);;Brooke's friend = friend(brooke);;Frank's enemy = enemy(frank);;Chad's enemy = enemy(chad);;Erin's parent = parent(erin);;Autumn's child = child(autumn),60,11
4,L,SemanticApproach.INTENSIONAL,Representation.ENGLISH,0_L_pec1,English phrases can be translated into formulae. Use the following translations to answer the question.;;;;,";;;;Here is an example of how to get a formula for a phrase.;;What is the formula for ""Chad's enemy's friend""?;;;;Here are the steps to arrive at the answer:;;1. Chad's enemy = enemy(chad);;2. Chad's enemy's friend = friend(enemy(chad));;;;So the answer is friend(enemy(chad));;;;What is the formula for ""Brooke's child's enemy's parent""?",Brooke's child's enemy's parent,parent(enemy(child(brooke))),Autumn;;Brooke;;Chad;;Daniel;;Erin;;Frank,Daniel's friend = friend(daniel);;Brooke's friend = friend(brooke);;Frank's enemy = enemy(frank);;Chad's enemy = enemy(chad);;Erin's parent = parent(erin);;Autumn's child = child(autumn),33,12
4,L,SemanticApproach.INTENSIONAL,Representation.ENGLISH,0_L_cfe2,English phrases can be translated into formulae. Use the following translations to answer the question.;;;;,";;;;Here is an example of how to get a formula for a phrase.;;What is the formula for ""Chad's enemy's friend""?;;;;Here are the steps to arrive at the answer:;;1. Chad's enemy = enemy(chad);;2. Chad's enemy's friend = friend(enemy(chad));;;;So the answer is friend(enemy(chad));;;;What is the formula for ""Frank's enemy's friend's child""?",Frank's enemy's friend's child,child(friend(enemy(frank))),Autumn;;Brooke;;Chad;;Daniel;;Erin;;Frank,Daniel's friend = friend(daniel);;Brooke's friend = friend(brooke);;Frank's enemy = enemy(frank);;Chad's enemy = enemy(chad);;Erin's parent = parent(erin);;Autumn's child = child(autumn),24,13
4,L,SemanticApproach.INTENSIONAL,Representation.ENGLISH,0_L_epc1,English phrases can be translated into formulae. Use the following translations to answer the question.;;;;,";;;;Here is an example of how to get a formula for a phrase.;;What is the formula for ""Chad's enemy's friend""?;;;;Here are the steps to arrive at the answer:;;1. Chad's enemy = enemy(chad);;2. Chad's enemy's friend = friend(enemy(chad));;;;So the answer is friend(enemy(chad));;;;What is the formula for ""Brooke's child's parent's enemy""?",Brooke's child's parent's enemy,enemy(parent(child(brooke))),Autumn;;Brooke;;Chad;;Daniel;;Erin;;Frank,Daniel's friend = friend(daniel);;Brooke's friend = friend(brooke);;Frank's enemy = enemy(frank);;Chad's enemy = enemy(chad);;Erin's parent = parent(erin);;Autumn's child = child(autumn),56,14
4,L,SemanticApproach.INTENSIONAL,Representation.ENGLISH,0_L_cpe2,English phrases can be translated into formulae. Use the following translations to answer the question.;;;;,";;;;Here is an example of how to get a formula for a phrase.;;What is the formula for ""Chad's enemy's friend""?;;;;Here are the steps to arrive at the answer:;;1. Chad's enemy = enemy(chad);;2. Chad's enemy's friend = friend(enemy(chad));;;;So the answer is friend(enemy(chad));;;;What is the formula for ""Frank's enemy's parent's child""?",Frank's enemy's parent's child,child(parent(enemy(frank))),Autumn;;Brooke;;Chad;;Daniel;;Erin;;Frank,Daniel's friend = friend(daniel);;Brooke's friend = friend(brooke);;Frank's enemy = enemy(frank);;Chad's enemy = enemy(chad);;Erin's parent = parent(erin);;Autumn's child = child(autumn),37,15
4,L,SemanticApproach.INTENSIONAL,Representation.ENGLISH,0_L_pff0,English phrases can be translated into formulae. Use the following translations to answer the question.;;;;,";;;;Here is an example of how to get a formula for a phrase.;;What is the formula for ""Chad's enemy's friend""?;;;;Here are the steps to arrive at the answer:;;1. Chad's enemy = enemy(chad);;2. Chad's enemy's friend = friend(enemy(chad));;;;So the answer is friend(enemy(chad));;;;What is the formula for ""Daniel's friend's friend's parent""?",Daniel's friend's friend's parent,parent(friend(friend(daniel))),Autumn;;Brooke;;Chad;;Daniel;;Erin;;Frank,Daniel's friend = friend(daniel);;Brooke's friend = friend(brooke);;Frank's enemy = enemy(frank);;Chad's enemy = enemy(chad);;Erin's parent = parent(erin);;Autumn's child = child(autumn),58,16
4,L,SemanticApproach.INTENSIONAL,Representation.ENGLISH,0_L_fpf2,English phrases can be translated into formulae. Use the following translations to answer the question.;;;;,";;;;Here is an example of how to get a formula for a phrase.;;What is the formula for ""Chad's enemy's friend""?;;;;Here are the steps to arrive at the answer:;;1. Chad's enemy = enemy(chad);;2. Chad's enemy's friend = friend(enemy(chad));;;;So the answer is friend(enemy(chad));;;;What is the formula for ""Frank's friend's parent's friend""?",Frank's friend's parent's friend,friend(parent(friend(frank))),Autumn;;Brooke;;Chad;;Daniel;;Erin;;Frank,Daniel's friend = friend(daniel);;Brooke's friend = friend(brooke);;Frank's enemy = enemy(frank);;Chad's enemy = enemy(chad);;Erin's parent = parent(erin);;Autumn's child = child(autumn),30,17
4,L,SemanticApproach.INTENSIONAL,Representation.ENGLISH,0_L_cpc3,English phrases can be translated into formulae. Use the following translations to answer the question.;;;;,";;;;Here is an example of how to get a formula for a phrase.;;What is the formula for ""Chad's enemy's friend""?;;;;Here are the steps to arrive at the answer:;;1. Chad's enemy = enemy(chad);;2. Chad's enemy's friend = friend(enemy(chad));;;;So the answer is friend(enemy(chad));;;;What is the formula for ""Chad's child's parent's child""?",Chad's child's parent's child,child(parent(child(chad))),Autumn;;Brooke;;Chad;;Daniel;;Erin;;Frank,Daniel's friend = friend(daniel);;Brooke's friend = friend(brooke);;Frank's enemy = enemy(frank);;Chad's enemy = enemy(chad);;Erin's parent = parent(erin);;Autumn's child = child(autumn),46,18
4,L,SemanticApproach.INTENSIONAL,Representation.ENGLISH,0_L_pfe5,English phrases can be translated into formulae. Use the following translations to answer the question.;;;;,";;;;Here is an example of how to get a formula for a phrase.;;What is the formula for ""Chad's enemy's friend""?;;;;Here are the steps to arrive at the answer:;;1. Chad's enemy = enemy(chad);;2. Chad's enemy's friend = friend(enemy(chad));;;;So the answer is friend(enemy(chad));;;;What is the formula for ""Autumn's enemy's friend's parent""?",Autumn's enemy's friend's parent,parent(friend(enemy(autumn))),Autumn;;Brooke;;Chad;;Daniel;;Erin;;Frank,Daniel's friend = friend(daniel);;Brooke's friend = friend(brooke);;Frank's enemy = enemy(frank);;Chad's enemy = enemy(chad);;Erin's parent = parent(erin);;Autumn's child = child(autumn),40,19
4,L,SemanticApproach.INTENSIONAL,Representation.ENGLISH,0_L_pee2,English phrases can be translated into formulae. Use the following translations to answer the question.;;;;,";;;;Here is an example of how to get a formula for a phrase.;;What is the formula for ""Chad's enemy's friend""?;;;;Here are the steps to arrive at the answer:;;1. Chad's enemy = enemy(chad);;2. Chad's enemy's friend = friend(enemy(chad));;;;So the answer is friend(enemy(chad));;;;What is the formula for ""Frank's enemy's enemy's parent""?",Frank's enemy's enemy's parent,parent(enemy(enemy(frank))),Autumn;;Brooke;;Chad;;Daniel;;Erin;;Frank,Daniel's friend = friend(daniel);;Brooke's friend = friend(brooke);;Frank's enemy = enemy(frank);;Chad's enemy = enemy(chad);;Erin's parent = parent(erin);;Autumn's child = child(autumn),45,20
4,L,SemanticApproach.INTENSIONAL,Representation.ENGLISH,0_L_pce1,English phrases can be translated into formulae. Use the following translations to answer the question.;;;;,";;;;Here is an example of how to get a formula for a phrase.;;What is the formula for ""Chad's enemy's friend""?;;;;Here are the steps to arrive at the answer:;;1. Chad's enemy = enemy(chad);;2. Chad's enemy's friend = friend(enemy(chad));;;;So the answer is friend(enemy(chad));;;;What is the formula for ""Brooke's enemy's child's parent""?",Brooke's enemy's child's parent,parent(child(enemy(brooke))),Autumn;;Brooke;;Chad;;Daniel;;Erin;;Frank,Daniel's friend = friend(daniel);;Brooke's friend = friend(brooke);;Frank's enemy = enemy(frank);;Chad's enemy = enemy(chad);;Erin's parent = parent(erin);;Autumn's child = child(autumn),53,21
4,L,SemanticApproach.INTENSIONAL,Representation.ENGLISH,0_L_fcp2,English phrases can be translated into formulae. Use the following translations to answer the question.;;;;,";;;;Here is an example of how to get a formula for a phrase.;;What is the formula for ""Chad's enemy's friend""?;;;;Here are the steps to arrive at the answer:;;1. Chad's enemy = enemy(chad);;2. Chad's enemy's friend = friend(enemy(chad));;;;So the answer is friend(enemy(chad));;;;What is the formula for ""Frank's parent's child's friend""?",Frank's parent's child's friend,friend(child(parent(frank))),Autumn;;Brooke;;Chad;;Daniel;;Erin;;Frank,Daniel's friend = friend(daniel);;Brooke's friend = friend(brooke);;Frank's enemy = enemy(frank);;Chad's enemy = enemy(chad);;Erin's parent = parent(erin);;Autumn's child = child(autumn),27,22
4,L,SemanticApproach.INTENSIONAL,Representation.ENGLISH,0_L_eff4,English phrases can be translated into formulae. Use the following translations to answer the question.;;;;,";;;;Here is an example of how to get a formula for a phrase.;;What is the formula for ""Chad's enemy's friend""?;;;;Here are the steps to arrive at the answer:;;1. Chad's enemy = enemy(chad);;2. Chad's enemy's friend = friend(enemy(chad));;;;So the answer is friend(enemy(chad));;;;What is the formula for ""Erin's friend's friend's enemy""?",Erin's friend's friend's enemy,enemy(friend(friend(erin))),Autumn;;Brooke;;Chad;;Daniel;;Erin;;Frank,Daniel's friend = friend(daniel);;Brooke's friend = friend(brooke);;Frank's enemy = enemy(frank);;Chad's enemy = enemy(chad);;Erin's parent = parent(erin);;Autumn's child = child(autumn),22,23
4,L,SemanticApproach.INTENSIONAL,Representation.ENGLISH,0_L_eee4,English phrases can be translated into formulae. Use the following translations to answer the question.;;;;,";;;;Here is an example of how to get a formula for a phrase.;;What is the formula for ""Chad's enemy's friend""?;;;;Here are the steps to arrive at the answer:;;1. Chad's enemy = enemy(chad);;2. Chad's enemy's friend = friend(enemy(chad));;;;So the answer is friend(enemy(chad));;;;What is the formula for ""Erin's enemy's enemy's enemy""?",Erin's enemy's enemy's enemy,enemy(enemy(enemy(erin))),Autumn;;Brooke;;Chad;;Daniel;;Erin;;Frank,Daniel's friend = friend(daniel);;Brooke's friend = friend(brooke);;Frank's enemy = enemy(frank);;Chad's enemy = enemy(chad);;Erin's parent = parent(erin);;Autumn's child = child(autumn),44,24
4,L,SemanticApproach.INTENSIONAL,Representation.ENGLISH,0_L_fep2,English phrases can be translated into formulae. Use the following translations to answer the question.;;;;,";;;;Here is an example of how to get a formula for a phrase.;;What is the formula for ""Chad's enemy's friend""?;;;;Here are the steps to arrive at the answer:;;1. Chad's enemy = enemy(chad);;2. Chad's enemy's friend = friend(enemy(chad));;;;So the answer is friend(enemy(chad));;;;What is the formula for ""Frank's parent's enemy's friend""?",Frank's parent's enemy's friend,friend(enemy(parent(frank))),Autumn;;Brooke;;Chad;;Daniel;;Erin;;Frank,Daniel's friend = friend(daniel);;Brooke's friend = friend(brooke);;Frank's enemy = enemy(frank);;Chad's enemy = enemy(chad);;Erin's parent = parent(erin);;Autumn's child = child(autumn),36,25
4,L,SemanticApproach.INTENSIONAL,Representation.ENGLISH,0_L_efp2,English phrases can be translated into formulae. Use the following translations to answer the question.;;;;,";;;;Here is an example of how to get a formula for a phrase.;;What is the formula for ""Chad's enemy's friend""?;;;;Here are the steps to arrive at the answer:;;1. Chad's enemy = enemy(chad);;2. Chad's enemy's friend = friend(enemy(chad));;;;So the answer is friend(enemy(chad));;;;What is the formula for ""Frank's parent's friend's enemy""?",Frank's parent's friend's enemy,enemy(friend(parent(frank))),Autumn;;Brooke;;Chad;;Daniel;;Erin;;Frank,Daniel's friend = friend(daniel);;Brooke's friend = friend(brooke);;Frank's enemy = enemy(frank);;Chad's enemy = enemy(chad);;Erin's parent = parent(erin);;Autumn's child = child(autumn),41,26
4,L,SemanticApproach.INTENSIONAL,Representation.ENGLISH,0_L_cpf1,English phrases can be translated into formulae. Use the following translations to answer the question.;;;;,";;;;Here is an example of how to get a formula for a phrase.;;What is the formula for ""Chad's enemy's friend""?;;;;Here are the steps to arrive at the answer:;;1. Chad's enemy = enemy(chad);;2. Chad's enemy's friend = friend(enemy(chad));;;;So the answer is friend(enemy(chad));;;;What is the formula for ""Brooke's friend's parent's child""?",Brooke's friend's parent's child,child(parent(friend(brooke))),Autumn;;Brooke;;Chad;;Daniel;;Erin;;Frank,Daniel's friend = friend(daniel);;Brooke's friend = friend(brooke);;Frank's enemy = enemy(frank);;Chad's enemy = enemy(chad);;Erin's parent = parent(erin);;Autumn's child = child(autumn),31,27
4,L,SemanticApproach.INTENSIONAL,Representation.ENGLISH,0_L_cfp0,English phrases can be translated into formulae. Use the following translations to answer the question.;;;;,";;;;Here is an example of how to get a formula for a phrase.;;What is the formula for ""Chad's enemy's friend""?;;;;Here are the steps to arrive at the answer:;;1. Chad's enemy = enemy(chad);;2. Chad's enemy's friend = friend(enemy(chad));;;;So the answer is friend(enemy(chad));;;;What is the formula for ""Daniel's parent's friend's child""?",Daniel's parent's friend's child,child(friend(parent(daniel))),Autumn;;Brooke;;Chad;;Daniel;;Erin;;Frank,Daniel's friend = friend(daniel);;Brooke's friend = friend(brooke);;Frank's enemy = enemy(frank);;Chad's enemy = enemy(chad);;Erin's parent = parent(erin);;Autumn's child = child(autumn),43,28
4,L,SemanticApproach.INTENSIONAL,Representation.ENGLISH,0_L_epf1,English phrases can be translated into formulae. Use the following translations to answer the question.;;;;,";;;;Here is an example of how to get a formula for a phrase.;;What is the formula for ""Chad's enemy's friend""?;;;;Here are the steps to arrive at the answer:;;1. Chad's enemy = enemy(chad);;2. Chad's enemy's friend = friend(enemy(chad));;;;So the answer is friend(enemy(chad));;;;What is the formula for ""Brooke's friend's parent's enemy""?",Brooke's friend's parent's enemy,enemy(parent(friend(brooke))),Autumn;;Brooke;;Chad;;Daniel;;Erin;;Frank,Daniel's friend = friend(daniel);;Brooke's friend = friend(brooke);;Frank's enemy = enemy(frank);;Chad's enemy = enemy(chad);;Erin's parent = parent(erin);;Autumn's child = child(autumn),49,29
4,L,SemanticApproach.INTENSIONAL,Representation.ENGLISH,0_L_efc3,English phrases can be translated into formulae. Use the following translations to answer the question.;;;;,";;;;Here is an example of how to get a formula for a phrase.;;What is the formula for ""Chad's enemy's friend""?;;;;Here are the steps to arrive at the answer:;;1. Chad's enemy = enemy(chad);;2. Chad's enemy's friend = friend(enemy(chad));;;;So the answer is friend(enemy(chad));;;;What is the formula for ""Chad's child's friend's enemy""?",Chad's child's friend's enemy,enemy(friend(child(chad))),Autumn;;Brooke;;Chad;;Daniel;;Erin;;Frank,Daniel's friend = friend(daniel);;Brooke's friend = friend(brooke);;Frank's enemy = enemy(frank);;Chad's enemy = enemy(chad);;Erin's parent = parent(erin);;Autumn's child = child(autumn),48,30
4,L,SemanticApproach.INTENSIONAL,Representation.ENGLISH,0_L_pee0,English phrases can be translated into formulae. Use the following translations to answer the question.;;;;,";;;;Here is an example of how to get a formula for a phrase.;;What is the formula for ""Chad's enemy's friend""?;;;;Here are the steps to arrive at the answer:;;1. Chad's enemy = enemy(chad);;2. Chad's enemy's friend = friend(enemy(chad));;;;So the answer is friend(enemy(chad));;;;What is the formula for ""Daniel's enemy's enemy's parent""?",Daniel's enemy's enemy's parent,parent(enemy(enemy(daniel))),Autumn;;Brooke;;Chad;;Daniel;;Erin;;Frank,Daniel's friend = friend(daniel);;Brooke's friend = friend(brooke);;Frank's enemy = enemy(frank);;Chad's enemy = enemy(chad);;Erin's parent = parent(erin);;Autumn's child = child(autumn),47,31
4,L,SemanticApproach.INTENSIONAL,Representation.ENGLISH,0_L_pef1,English phrases can be translated into formulae. Use the following translations to answer the question.;;;;,";;;;Here is an example of how to get a formula for a phrase.;;What is the formula for ""Chad's enemy's friend""?;;;;Here are the steps to arrive at the answer:;;1. Chad's enemy = enemy(chad);;2. Chad's enemy's friend = friend(enemy(chad));;;;So the answer is friend(enemy(chad));;;;What is the formula for ""Brooke's friend's enemy's parent""?",Brooke's friend's enemy's parent,parent(enemy(friend(brooke))),Autumn;;Brooke;;Chad;;Daniel;;Erin;;Frank,Daniel's friend = friend(daniel);;Brooke's friend = friend(brooke);;Frank's enemy = enemy(frank);;Chad's enemy = enemy(chad);;Erin's parent = parent(erin);;Autumn's child = child(autumn),42,32
4,L,SemanticApproach.INTENSIONAL,Representation.ENGLISH,0_L_pff4,English phrases can be translated into formulae. Use the following translations to answer the question.;;;;,";;;;Here is an example of how to get a formula for a phrase.;;What is the formula for ""Chad's enemy's friend""?;;;;Here are the steps to arrive at the answer:;;1. Chad's enemy = enemy(chad);;2. Chad's enemy's friend = friend(enemy(chad));;;;So the answer is friend(enemy(chad));;;;What is the formula for ""Erin's friend's friend's parent""?",Erin's friend's friend's parent,parent(friend(friend(erin))),Autumn;;Brooke;;Chad;;Daniel;;Erin;;Frank,Daniel's friend = friend(daniel);;Brooke's friend = friend(brooke);;Frank's enemy = enemy(frank);;Chad's enemy = enemy(chad);;Erin's parent = parent(erin);;Autumn's child = child(autumn),23,33
4,L,SemanticApproach.INTENSIONAL,Representation.ENGLISH,0_L_ffc5,English phrases can be translated into formulae. Use the following translations to answer the question.;;;;,";;;;Here is an example of how to get a formula for a phrase.;;What is the formula for ""Chad's enemy's friend""?;;;;Here are the steps to arrive at the answer:;;1. Chad's enemy = enemy(chad);;2. Chad's enemy's friend = friend(enemy(chad));;;;So the answer is friend(enemy(chad));;;;What is the formula for ""Autumn's child's friend's friend""?",Autumn's child's friend's friend,friend(friend(child(autumn))),Autumn;;Brooke;;Chad;;Daniel;;Erin;;Frank,Daniel's friend = friend(daniel);;Brooke's friend = friend(brooke);;Frank's enemy = enemy(frank);;Chad's enemy = enemy(chad);;Erin's parent = parent(erin);;Autumn's child = child(autumn),54,34
4,L,SemanticApproach.INTENSIONAL,Representation.ENGLISH,0_L_fec5,English phrases can be translated into formulae. Use the following translations to answer the question.;;;;,";;;;Here is an example of how to get a formula for a phrase.;;What is the formula for ""Chad's enemy's friend""?;;;;Here are the steps to arrive at the answer:;;1. Chad's enemy = enemy(chad);;2. Chad's enemy's friend = friend(enemy(chad));;;;So the answer is friend(enemy(chad));;;;What is the formula for ""Autumn's child's enemy's friend""?",Autumn's child's enemy's friend,friend(enemy(child(autumn))),Autumn;;Brooke;;Chad;;Daniel;;Erin;;Frank,Daniel's friend = friend(daniel);;Brooke's friend = friend(brooke);;Frank's enemy = enemy(frank);;Chad's enemy = enemy(chad);;Erin's parent = parent(erin);;Autumn's child = child(autumn),51,35
4,L,SemanticApproach.INTENSIONAL,Representation.ENGLISH,0_L_ecf3,English phrases can be translated into formulae. Use the following translations to answer the question.;;;;,";;;;Here is an example of how to get a formula for a phrase.;;What is the formula for ""Chad's enemy's friend""?;;;;Here are the steps to arrive at the answer:;;1. Chad's enemy = enemy(chad);;2. Chad's enemy's friend = friend(enemy(chad));;;;So the answer is friend(enemy(chad));;;;What is the formula for ""Chad's friend's child's enemy""?",Chad's friend's child's enemy,enemy(child(friend(chad))),Autumn;;Brooke;;Chad;;Daniel;;Erin;;Frank,Daniel's friend = friend(daniel);;Brooke's friend = friend(brooke);;Frank's enemy = enemy(frank);;Chad's enemy = enemy(chad);;Erin's parent = parent(erin);;Autumn's child = child(autumn),39,36
4,L,SemanticApproach.INTENSIONAL,Representation.ENGLISH,0_L_efe1,English phrases can be translated into formulae. Use the following translations to answer the question.;;;;,";;;;Here is an example of how to get a formula for a phrase.;;What is the formula for ""Chad's enemy's friend""?;;;;Here are the steps to arrive at the answer:;;1. Chad's enemy = enemy(chad);;2. Chad's enemy's friend = friend(enemy(chad));;;;So the answer is friend(enemy(chad));;;;What is the formula for ""Brooke's enemy's friend's enemy""?",Brooke's enemy's friend's enemy,enemy(friend(enemy(brooke))),Autumn;;Brooke;;Chad;;Daniel;;Erin;;Frank,Daniel's friend = friend(daniel);;Brooke's friend = friend(brooke);;Frank's enemy = enemy(frank);;Chad's enemy = enemy(chad);;Erin's parent = parent(erin);;Autumn's child = child(autumn),29,37
4,L,SemanticApproach.INTENSIONAL,Representation.ENGLISH,0_L_pcf3,English phrases can be translated into formulae. Use the following translations to answer the question.;;;;,";;;;Here is an example of how to get a formula for a phrase.;;What is the formula for ""Chad's enemy's friend""?;;;;Here are the steps to arrive at the answer:;;1. Chad's enemy = enemy(chad);;2. Chad's enemy's friend = friend(enemy(chad));;;;So the answer is friend(enemy(chad));;;;What is the formula for ""Chad's friend's child's parent""?",Chad's friend's child's parent,parent(child(friend(chad))),Autumn;;Brooke;;Chad;;Daniel;;Erin;;Frank,Daniel's friend = friend(daniel);;Brooke's friend = friend(brooke);;Frank's enemy = enemy(frank);;Chad's enemy = enemy(chad);;Erin's parent = parent(erin);;Autumn's child = child(autumn),57,38
4,L,SemanticApproach.INTENSIONAL,Representation.ENGLISH,0_L_ffe5,English phrases can be translated into formulae. Use the following translations to answer the question.;;;;,";;;;Here is an example of how to get a formula for a phrase.;;What is the formula for ""Chad's enemy's friend""?;;;;Here are the steps to arrive at the answer:;;1. Chad's enemy = enemy(chad);;2. Chad's enemy's friend = friend(enemy(chad));;;;So the answer is friend(enemy(chad));;;;What is the formula for ""Autumn's enemy's friend's friend""?",Autumn's enemy's friend's friend,friend(friend(enemy(autumn))),Autumn;;Brooke;;Chad;;Daniel;;Erin;;Frank,Daniel's friend = friend(daniel);;Brooke's friend = friend(brooke);;Frank's enemy = enemy(frank);;Chad's enemy = enemy(chad);;Erin's parent = parent(erin);;Autumn's child = child(autumn),52,39
5,L,SemanticApproach.EXTENSIONAL,Representation.ABSTRACT,0_L_epec5,"Imagine there are six people: Autumn, Brooke, Chad, Daniel, Erin and Frank. They have the following relationships to each other:;;;;",;;Here is how to figure out the answer to the following question:;;Who is Chad's enemy's friend?;;;;Here are the steps to arrive at the answer:;;1. Chad's enemy = r;;2. Brooke's friend = k;;;;So the answer is k;;;;Now answer the following question:;;Who is Autumn's child's enemy's parent's enemy?,Autumn's child's enemy's parent's enemy,k,k;;q;;r;;s;;v;;w,Autumn = w  Autumn's enemy = q  Autumn's friend = k  Daniel's parent = k  Autumn's child = s  ;;Brooke = r  Brooke's enemy = k  Brooke's friend = s  Erin's parent = w    Brooke's child = v  ;;Chad = k    Chad's enemy = r    Chad's friend = w    Frank's parent = r   Chad's child = q    ;;Daniel = q  Daniel's enemy = w  Daniel's friend = v  ;;Erin = s    Erin's enemy = v    Erin's friend = r    ;;Frank = v   Frank's enemy = s   Frank's friend = q   ,62,0
5,L,SemanticApproach.EXTENSIONAL,Representation.ABSTRACT,0_L_pepf1,"Imagine there are six people: Autumn, Brooke, Chad, Daniel, Erin and Frank. They have the following relationships to each other:;;;;",;;Here is how to figure out the answer to the following question:;;Who is Chad's enemy's friend?;;;;Here are the steps to arrive at the answer:;;1. Chad's enemy = r;;2. Brooke's friend = k;;;;So the answer is k;;;;Now answer the following question:;;Who is Brooke's friend's parent's enemy's parent?,Brooke's friend's parent's enemy's parent,k,k;;q;;r;;s;;v;;w,Autumn = w  Autumn's enemy = q  Autumn's friend = k  Daniel's parent = k  Autumn's child = s  ;;Brooke = r  Brooke's enemy = k  Brooke's friend = s  Erin's parent = w    Brooke's child = v  ;;Chad = k    Chad's enemy = r    Chad's friend = w    Frank's parent = r   Chad's child = q    ;;Daniel = q  Daniel's enemy = w  Daniel's friend = v  ;;Erin = s    Erin's enemy = v    Erin's friend = r    ;;Frank = v   Frank's enemy = s   Frank's friend = q   ,95,1
5,L,SemanticApproach.EXTENSIONAL,Representation.ABSTRACT,0_L_cpef0,"Imagine there are six people: Autumn, Brooke, Chad, Daniel, Erin and Frank. They have the following relationships to each other:;;;;",;;Here is how to figure out the answer to the following question:;;Who is Chad's enemy's friend?;;;;Here are the steps to arrive at the answer:;;1. Chad's enemy = r;;2. Brooke's friend = k;;;;So the answer is k;;;;Now answer the following question:;;Who is Daniel's friend's enemy's parent's child?,Daniel's friend's enemy's parent's child,s,k;;q;;r;;s;;v;;w,Autumn = w  Autumn's enemy = q  Autumn's friend = k  Daniel's parent = k  Autumn's child = s  ;;Brooke = r  Brooke's enemy = k  Brooke's friend = s  Erin's parent = w    Brooke's child = v  ;;Chad = k    Chad's enemy = r    Chad's friend = w    Frank's parent = r   Chad's child = q    ;;Daniel = q  Daniel's enemy = w  Daniel's friend = v  ;;Erin = s    Erin's enemy = v    Erin's friend = r    ;;Frank = v   Frank's enemy = s   Frank's friend = q   ,97,2
5,L,SemanticApproach.EXTENSIONAL,Representation.ABSTRACT,0_L_fecf3,"Imagine there are six people: Autumn, Brooke, Chad, Daniel, Erin and Frank. They have the following relationships to each other:;;;;",;;Here is how to figure out the answer to the following question:;;Who is Chad's enemy's friend?;;;;Here are the steps to arrive at the answer:;;1. Chad's enemy = r;;2. Brooke's friend = k;;;;So the answer is k;;;;Now answer the following question:;;Who is Chad's friend's child's enemy's friend?,Chad's friend's child's enemy's friend,q,k;;q;;r;;s;;v;;w,Autumn = w  Autumn's enemy = q  Autumn's friend = k  Daniel's parent = k  Autumn's child = s  ;;Brooke = r  Brooke's enemy = k  Brooke's friend = s  Erin's parent = w    Brooke's child = v  ;;Chad = k    Chad's enemy = r    Chad's friend = w    Frank's parent = r   Chad's child = q    ;;Daniel = q  Daniel's enemy = w  Daniel's friend = v  ;;Erin = s    Erin's enemy = v    Erin's friend = r    ;;Frank = v   Frank's enemy = s   Frank's friend = q   ,82,3
5,L,SemanticApproach.EXTENSIONAL,Representation.ABSTRACT,0_L_ceep4,"Imagine there are six people: Autumn, Brooke, Chad, Daniel, Erin and Frank. They have the following relationships to each other:;;;;",;;Here is how to figure out the answer to the following question:;;Who is Chad's enemy's friend?;;;;Here are the steps to arrive at the answer:;;1. Chad's enemy = r;;2. Brooke's friend = k;;;;So the answer is k;;;;Now answer the following question:;;Who is Erin's parent's enemy's enemy's child?,Erin's parent's enemy's enemy's child,s,k;;q;;r;;s;;v;;w,Autumn = w  Autumn's enemy = q  Autumn's friend = k  Daniel's parent = k  Autumn's child = s  ;;Brooke = r  Brooke's enemy = k  Brooke's friend = s  Erin's parent = w    Brooke's child = v  ;;Chad = k    Chad's enemy = r    Chad's friend = w    Frank's parent = r   Chad's child = q    ;;Daniel = q  Daniel's enemy = w  Daniel's friend = v  ;;Erin = s    Erin's enemy = v    Erin's friend = r    ;;Frank = v   Frank's enemy = s   Frank's friend = q   ,74,4
5,L,SemanticApproach.EXTENSIONAL,Representation.ABSTRACT,0_L_peff2,"Imagine there are six people: Autumn, Brooke, Chad, Daniel, Erin and Frank. They have the following relationships to each other:;;;;",;;Here is how to figure out the answer to the following question:;;Who is Chad's enemy's friend?;;;;Here are the steps to arrive at the answer:;;1. Chad's enemy = r;;2. Brooke's friend = k;;;;So the answer is k;;;;Now answer the following question:;;Who is Frank's friend's friend's enemy's parent?,Frank's friend's friend's enemy's parent,w,k;;q;;r;;s;;v;;w,Autumn = w  Autumn's enemy = q  Autumn's friend = k  Daniel's parent = k  Autumn's child = s  ;;Brooke = r  Brooke's enemy = k  Brooke's friend = s  Erin's parent = w    Brooke's child = v  ;;Chad = k    Chad's enemy = r    Chad's friend = w    Frank's parent = r   Chad's child = q    ;;Daniel = q  Daniel's enemy = w  Daniel's friend = v  ;;Erin = s    Erin's enemy = v    Erin's friend = r    ;;Frank = v   Frank's enemy = s   Frank's friend = q   ,63,5
5,L,SemanticApproach.EXTENSIONAL,Representation.ABSTRACT,0_L_epff4,"Imagine there are six people: Autumn, Brooke, Chad, Daniel, Erin and Frank. They have the following relationships to each other:;;;;",;;Here is how to figure out the answer to the following question:;;Who is Chad's enemy's friend?;;;;Here are the steps to arrive at the answer:;;1. Chad's enemy = r;;2. Brooke's friend = k;;;;So the answer is k;;;;Now answer the following question:;;Who is Erin's friend's friend's parent's enemy?,Erin's friend's friend's parent's enemy,q,k;;q;;r;;s;;v;;w,Autumn = w  Autumn's enemy = q  Autumn's friend = k  Daniel's parent = k  Autumn's child = s  ;;Brooke = r  Brooke's enemy = k  Brooke's friend = s  Erin's parent = w    Brooke's child = v  ;;Chad = k    Chad's enemy = r    Chad's friend = w    Frank's parent = r   Chad's child = q    ;;Daniel = q  Daniel's enemy = w  Daniel's friend = v  ;;Erin = s    Erin's enemy = v    Erin's friend = r    ;;Frank = v   Frank's enemy = s   Frank's friend = q   ,96,6
5,L,SemanticApproach.EXTENSIONAL,Representation.ABSTRACT,0_L_pecf4,"Imagine there are six people: Autumn, Brooke, Chad, Daniel, Erin and Frank. They have the following relationships to each other:;;;;",;;Here is how to figure out the answer to the following question:;;Who is Chad's enemy's friend?;;;;Here are the steps to arrive at the answer:;;1. Chad's enemy = r;;2. Brooke's friend = k;;;;So the answer is k;;;;Now answer the following question:;;Who is Erin's friend's child's enemy's parent?,Erin's friend's child's enemy's parent,w,k;;q;;r;;s;;v;;w,Autumn = w  Autumn's enemy = q  Autumn's friend = k  Daniel's parent = k  Autumn's child = s  ;;Brooke = r  Brooke's enemy = k  Brooke's friend = s  Erin's parent = w    Brooke's child = v  ;;Chad = k    Chad's enemy = r    Chad's friend = w    Frank's parent = r   Chad's child = q    ;;Daniel = q  Daniel's enemy = w  Daniel's friend = v  ;;Erin = s    Erin's enemy = v    Erin's friend = r    ;;Frank = v   Frank's enemy = s   Frank's friend = q   ,87,7
5,L,SemanticApproach.EXTENSIONAL,Representation.ABSTRACT,0_L_eefe5,"Imagine there are six people: Autumn, Brooke, Chad, Daniel, Erin and Frank. They have the following relationships to each other:;;;;",;;Here is how to figure out the answer to the following question:;;Who is Chad's enemy's friend?;;;;Here are the steps to arrive at the answer:;;1. Chad's enemy = r;;2. Brooke's friend = k;;;;So the answer is k;;;;Now answer the following question:;;Who is Autumn's enemy's friend's enemy's enemy?,Autumn's enemy's friend's enemy's enemy,v,k;;q;;r;;s;;v;;w,Autumn = w  Autumn's enemy = q  Autumn's friend = k  Daniel's parent = k  Autumn's child = s  ;;Brooke = r  Brooke's enemy = k  Brooke's friend = s  Erin's parent = w    Brooke's child = v  ;;Chad = k    Chad's enemy = r    Chad's friend = w    Frank's parent = r   Chad's child = q    ;;Daniel = q  Daniel's enemy = w  Daniel's friend = v  ;;Erin = s    Erin's enemy = v    Erin's friend = r    ;;Frank = v   Frank's enemy = s   Frank's friend = q   ,80,8
5,L,SemanticApproach.EXTENSIONAL,Representation.ABSTRACT,0_L_efcf4,"Imagine there are six people: Autumn, Brooke, Chad, Daniel, Erin and Frank. They have the following relationships to each other:;;;;",;;Here is how to figure out the answer to the following question:;;Who is Chad's enemy's friend?;;;;Here are the steps to arrive at the answer:;;1. Chad's enemy = r;;2. Brooke's friend = k;;;;So the answer is k;;;;Now answer the following question:;;Who is Erin's friend's child's friend's enemy?,Erin's friend's child's friend's enemy,w,k;;q;;r;;s;;v;;w,Autumn = w  Autumn's enemy = q  Autumn's friend = k  Daniel's parent = k  Autumn's child = s  ;;Brooke = r  Brooke's enemy = k  Brooke's friend = s  Erin's parent = w    Brooke's child = v  ;;Chad = k    Chad's enemy = r    Chad's friend = w    Frank's parent = r   Chad's child = q    ;;Daniel = q  Daniel's enemy = w  Daniel's friend = v  ;;Erin = s    Erin's enemy = v    Erin's friend = r    ;;Frank = v   Frank's enemy = s   Frank's friend = q   ,100,9
5,L,SemanticApproach.EXTENSIONAL,Representation.ABSTRACT,0_L_efpf2,"Imagine there are six people: Autumn, Brooke, Chad, Daniel, Erin and Frank. They have the following relationships to each other:;;;;",;;Here is how to figure out the answer to the following question:;;Who is Chad's enemy's friend?;;;;Here are the steps to arrive at the answer:;;1. Chad's enemy = r;;2. Brooke's friend = k;;;;So the answer is k;;;;Now answer the following question:;;Who is Frank's friend's parent's friend's enemy?,Frank's friend's parent's friend's enemy,q,k;;q;;r;;s;;v;;w,Autumn = w  Autumn's enemy = q  Autumn's friend = k  Daniel's parent = k  Autumn's child = s  ;;Brooke = r  Brooke's enemy = k  Brooke's friend = s  Erin's parent = w    Brooke's child = v  ;;Chad = k    Chad's enemy = r    Chad's friend = w    Frank's parent = r   Chad's child = q    ;;Daniel = q  Daniel's enemy = w  Daniel's friend = v  ;;Erin = s    Erin's enemy = v    Erin's friend = r    ;;Frank = v   Frank's enemy = s   Frank's friend = q   ,73,10
5,L,SemanticApproach.EXTENSIONAL,Representation.ABSTRACT,0_L_pcef4,"Imagine there are six people: Autumn, Brooke, Chad, Daniel, Erin and Frank. They have the following relationships to each other:;;;;",;;Here is how to figure out the answer to the following question:;;Who is Chad's enemy's friend?;;;;Here are the steps to arrive at the answer:;;1. Chad's enemy = r;;2. Brooke's friend = k;;;;So the answer is k;;;;Now answer the following question:;;Who is Erin's friend's enemy's child's parent?,Erin's friend's enemy's child's parent,k,k;;q;;r;;s;;v;;w,Autumn = w  Autumn's enemy = q  Autumn's friend = k  Daniel's parent = k  Autumn's child = s  ;;Brooke = r  Brooke's enemy = k  Brooke's friend = s  Erin's parent = w    Brooke's child = v  ;;Chad = k    Chad's enemy = r    Chad's friend = w    Frank's parent = r   Chad's child = q    ;;Daniel = q  Daniel's enemy = w  Daniel's friend = v  ;;Erin = s    Erin's enemy = v    Erin's friend = r    ;;Frank = v   Frank's enemy = s   Frank's friend = q   ,91,11
5,L,SemanticApproach.EXTENSIONAL,Representation.ABSTRACT,0_L_cefc5,"Imagine there are six people: Autumn, Brooke, Chad, Daniel, Erin and Frank. They have the following relationships to each other:;;;;",;;Here is how to figure out the answer to the following question:;;Who is Chad's enemy's friend?;;;;Here are the steps to arrive at the answer:;;1. Chad's enemy = r;;2. Brooke's friend = k;;;;So the answer is k;;;;Now answer the following question:;;Who is Autumn's child's friend's enemy's child?,Autumn's child's friend's enemy's child,q,k;;q;;r;;s;;v;;w,Autumn = w  Autumn's enemy = q  Autumn's friend = k  Daniel's parent = k  Autumn's child = s  ;;Brooke = r  Brooke's enemy = k  Brooke's friend = s  Erin's parent = w    Brooke's child = v  ;;Chad = k    Chad's enemy = r    Chad's friend = w    Frank's parent = r   Chad's child = q    ;;Daniel = q  Daniel's enemy = w  Daniel's friend = v  ;;Erin = s    Erin's enemy = v    Erin's friend = r    ;;Frank = v   Frank's enemy = s   Frank's friend = q   ,93,12
5,L,SemanticApproach.EXTENSIONAL,Representation.ABSTRACT,0_L_effc3,"Imagine there are six people: Autumn, Brooke, Chad, Daniel, Erin and Frank. They have the following relationships to each other:;;;;",;;Here is how to figure out the answer to the following question:;;Who is Chad's enemy's friend?;;;;Here are the steps to arrive at the answer:;;1. Chad's enemy = r;;2. Brooke's friend = k;;;;So the answer is k;;;;Now answer the following question:;;Who is Chad's child's friend's friend's enemy?,Chad's child's friend's friend's enemy,w,k;;q;;r;;s;;v;;w,Autumn = w  Autumn's enemy = q  Autumn's friend = k  Daniel's parent = k  Autumn's child = s  ;;Brooke = r  Brooke's enemy = k  Brooke's friend = s  Erin's parent = w    Brooke's child = v  ;;Chad = k    Chad's enemy = r    Chad's friend = w    Frank's parent = r   Chad's child = q    ;;Daniel = q  Daniel's enemy = w  Daniel's friend = v  ;;Erin = s    Erin's enemy = v    Erin's friend = r    ;;Frank = v   Frank's enemy = s   Frank's friend = q   ,90,13
5,L,SemanticApproach.EXTENSIONAL,Representation.ABSTRACT,0_L_cpep4,"Imagine there are six people: Autumn, Brooke, Chad, Daniel, Erin and Frank. They have the following relationships to each other:;;;;",;;Here is how to figure out the answer to the following question:;;Who is Chad's enemy's friend?;;;;Here are the steps to arrive at the answer:;;1. Chad's enemy = r;;2. Brooke's friend = k;;;;So the answer is k;;;;Now answer the following question:;;Who is Erin's parent's enemy's parent's child?,Erin's parent's enemy's parent's child,q,k;;q;;r;;s;;v;;w,Autumn = w  Autumn's enemy = q  Autumn's friend = k  Daniel's parent = k  Autumn's child = s  ;;Brooke = r  Brooke's enemy = k  Brooke's friend = s  Erin's parent = w    Brooke's child = v  ;;Chad = k    Chad's enemy = r    Chad's friend = w    Frank's parent = r   Chad's child = q    ;;Daniel = q  Daniel's enemy = w  Daniel's friend = v  ;;Erin = s    Erin's enemy = v    Erin's friend = r    ;;Frank = v   Frank's enemy = s   Frank's friend = q   ,71,14
5,L,SemanticApproach.EXTENSIONAL,Representation.ABSTRACT,0_L_cpfc3,"Imagine there are six people: Autumn, Brooke, Chad, Daniel, Erin and Frank. They have the following relationships to each other:;;;;",;;Here is how to figure out the answer to the following question:;;Who is Chad's enemy's friend?;;;;Here are the steps to arrive at the answer:;;1. Chad's enemy = r;;2. Brooke's friend = k;;;;So the answer is k;;;;Now answer the following question:;;Who is Chad's child's friend's parent's child?,Chad's child's friend's parent's child,v,k;;q;;r;;s;;v;;w,Autumn = w  Autumn's enemy = q  Autumn's friend = k  Daniel's parent = k  Autumn's child = s  ;;Brooke = r  Brooke's enemy = k  Brooke's friend = s  Erin's parent = w    Brooke's child = v  ;;Chad = k    Chad's enemy = r    Chad's friend = w    Frank's parent = r   Chad's child = q    ;;Daniel = q  Daniel's enemy = w  Daniel's friend = v  ;;Erin = s    Erin's enemy = v    Erin's friend = r    ;;Frank = v   Frank's enemy = s   Frank's friend = q   ,92,15
5,L,SemanticApproach.EXTENSIONAL,Representation.ABSTRACT,0_L_feff1,"Imagine there are six people: Autumn, Brooke, Chad, Daniel, Erin and Frank. They have the following relationships to each other:;;;;",;;Here is how to figure out the answer to the following question:;;Who is Chad's enemy's friend?;;;;Here are the steps to arrive at the answer:;;1. Chad's enemy = r;;2. Brooke's friend = k;;;;So the answer is k;;;;Now answer the following question:;;Who is Brooke's friend's friend's enemy's friend?,Brooke's friend's friend's enemy's friend,w,k;;q;;r;;s;;v;;w,Autumn = w  Autumn's enemy = q  Autumn's friend = k  Daniel's parent = k  Autumn's child = s  ;;Brooke = r  Brooke's enemy = k  Brooke's friend = s  Erin's parent = w    Brooke's child = v  ;;Chad = k    Chad's enemy = r    Chad's friend = w    Frank's parent = r   Chad's child = q    ;;Daniel = q  Daniel's enemy = w  Daniel's friend = v  ;;Erin = s    Erin's enemy = v    Erin's friend = r    ;;Frank = v   Frank's enemy = s   Frank's friend = q   ,86,16
5,L,SemanticApproach.EXTENSIONAL,Representation.ABSTRACT,0_L_effc5,"Imagine there are six people: Autumn, Brooke, Chad, Daniel, Erin and Frank. They have the following relationships to each other:;;;;",;;Here is how to figure out the answer to the following question:;;Who is Chad's enemy's friend?;;;;Here are the steps to arrive at the answer:;;1. Chad's enemy = r;;2. Brooke's friend = k;;;;So the answer is k;;;;Now answer the following question:;;Who is Autumn's child's friend's friend's enemy?,Autumn's child's friend's friend's enemy,v,k;;q;;r;;s;;v;;w,Autumn = w  Autumn's enemy = q  Autumn's friend = k  Daniel's parent = k  Autumn's child = s  ;;Brooke = r  Brooke's enemy = k  Brooke's friend = s  Erin's parent = w    Brooke's child = v  ;;Chad = k    Chad's enemy = r    Chad's friend = w    Frank's parent = r   Chad's child = q    ;;Daniel = q  Daniel's enemy = w  Daniel's friend = v  ;;Erin = s    Erin's enemy = v    Erin's friend = r    ;;Frank = v   Frank's enemy = s   Frank's friend = q   ,68,17
5,L,SemanticApproach.EXTENSIONAL,Representation.ABSTRACT,0_L_peee5,"Imagine there are six people: Autumn, Brooke, Chad, Daniel, Erin and Frank. They have the following relationships to each other:;;;;",;;Here is how to figure out the answer to the following question:;;Who is Chad's enemy's friend?;;;;Here are the steps to arrive at the answer:;;1. Chad's enemy = r;;2. Brooke's friend = k;;;;So the answer is k;;;;Now answer the following question:;;Who is Autumn's enemy's enemy's enemy's parent?,Autumn's enemy's enemy's enemy's parent,k,k;;q;;r;;s;;v;;w,Autumn = w  Autumn's enemy = q  Autumn's friend = k  Daniel's parent = k  Autumn's child = s  ;;Brooke = r  Brooke's enemy = k  Brooke's friend = s  Erin's parent = w    Brooke's child = v  ;;Chad = k    Chad's enemy = r    Chad's friend = w    Frank's parent = r   Chad's child = q    ;;Daniel = q  Daniel's enemy = w  Daniel's friend = v  ;;Erin = s    Erin's enemy = v    Erin's friend = r    ;;Frank = v   Frank's enemy = s   Frank's friend = q   ,79,18
5,L,SemanticApproach.EXTENSIONAL,Representation.ABSTRACT,0_L_ffee0,"Imagine there are six people: Autumn, Brooke, Chad, Daniel, Erin and Frank. They have the following relationships to each other:;;;;",;;Here is how to figure out the answer to the following question:;;Who is Chad's enemy's friend?;;;;Here are the steps to arrive at the answer:;;1. Chad's enemy = r;;2. Brooke's friend = k;;;;So the answer is k;;;;Now answer the following question:;;Who is Daniel's enemy's enemy's friend's friend?,Daniel's enemy's enemy's friend's friend,q,k;;q;;r;;s;;v;;w,Autumn = w  Autumn's enemy = q  Autumn's friend = k  Daniel's parent = k  Autumn's child = s  ;;Brooke = r  Brooke's enemy = k  Brooke's friend = s  Erin's parent = w    Brooke's child = v  ;;Chad = k    Chad's enemy = r    Chad's friend = w    Frank's parent = r   Chad's child = q    ;;Daniel = q  Daniel's enemy = w  Daniel's friend = v  ;;Erin = s    Erin's enemy = v    Erin's friend = r    ;;Frank = v   Frank's enemy = s   Frank's friend = q   ,76,19
5,L,SemanticApproach.EXTENSIONAL,Representation.ABSTRACT,0_L_fcpc5,"Imagine there are six people: Autumn, Brooke, Chad, Daniel, Erin and Frank. They have the following relationships to each other:;;;;",;;Here is how to figure out the answer to the following question:;;Who is Chad's enemy's friend?;;;;Here are the steps to arrive at the answer:;;1. Chad's enemy = r;;2. Brooke's friend = k;;;;So the answer is k;;;;Now answer the following question:;;Who is Autumn's child's parent's child's friend?,Autumn's child's parent's child's friend,r,k;;q;;r;;s;;v;;w,Autumn = w  Autumn's enemy = q  Autumn's friend = k  Daniel's parent = k  Autumn's child = s  ;;Brooke = r  Brooke's enemy = k  Brooke's friend = s  Erin's parent = w    Brooke's child = v  ;;Chad = k    Chad's enemy = r    Chad's friend = w    Frank's parent = r   Chad's child = q    ;;Daniel = q  Daniel's enemy = w  Daniel's friend = v  ;;Erin = s    Erin's enemy = v    Erin's friend = r    ;;Frank = v   Frank's enemy = s   Frank's friend = q   ,83,20
5,L,SemanticApproach.EXTENSIONAL,Representation.ABSTRACT,0_L_efec5,"Imagine there are six people: Autumn, Brooke, Chad, Daniel, Erin and Frank. They have the following relationships to each other:;;;;",;;Here is how to figure out the answer to the following question:;;Who is Chad's enemy's friend?;;;;Here are the steps to arrive at the answer:;;1. Chad's enemy = r;;2. Brooke's friend = k;;;;So the answer is k;;;;Now answer the following question:;;Who is Autumn's child's enemy's friend's enemy?,Autumn's child's enemy's friend's enemy,w,k;;q;;r;;s;;v;;w,Autumn = w  Autumn's enemy = q  Autumn's friend = k  Daniel's parent = k  Autumn's child = s  ;;Brooke = r  Brooke's enemy = k  Brooke's friend = s  Erin's parent = w    Brooke's child = v  ;;Chad = k    Chad's enemy = r    Chad's friend = w    Frank's parent = r   Chad's child = q    ;;Daniel = q  Daniel's enemy = w  Daniel's friend = v  ;;Erin = s    Erin's enemy = v    Erin's friend = r    ;;Frank = v   Frank's enemy = s   Frank's friend = q   ,99,21
5,L,SemanticApproach.EXTENSIONAL,Representation.ABSTRACT,0_L_cece1,"Imagine there are six people: Autumn, Brooke, Chad, Daniel, Erin and Frank. They have the following relationships to each other:;;;;",;;Here is how to figure out the answer to the following question:;;Who is Chad's enemy's friend?;;;;Here are the steps to arrive at the answer:;;1. Chad's enemy = r;;2. Brooke's friend = k;;;;So the answer is k;;;;Now answer the following question:;;Who is Brooke's enemy's child's enemy's child?,Brooke's enemy's child's enemy's child,s,k;;q;;r;;s;;v;;w,Autumn = w  Autumn's enemy = q  Autumn's friend = k  Daniel's parent = k  Autumn's child = s  ;;Brooke = r  Brooke's enemy = k  Brooke's friend = s  Erin's parent = w    Brooke's child = v  ;;Chad = k    Chad's enemy = r    Chad's friend = w    Frank's parent = r   Chad's child = q    ;;Daniel = q  Daniel's enemy = w  Daniel's friend = v  ;;Erin = s    Erin's enemy = v    Erin's friend = r    ;;Frank = v   Frank's enemy = s   Frank's friend = q   ,70,22
5,L,SemanticApproach.EXTENSIONAL,Representation.ABSTRACT,0_L_pfcp0,"Imagine there are six people: Autumn, Brooke, Chad, Daniel, Erin and Frank. They have the following relationships to each other:;;;;",;;Here is how to figure out the answer to the following question:;;Who is Chad's enemy's friend?;;;;Here are the steps to arrive at the answer:;;1. Chad's enemy = r;;2. Brooke's friend = k;;;;So the answer is k;;;;Now answer the following question:;;Who is Daniel's parent's child's friend's parent?,Daniel's parent's child's friend's parent,r,k;;q;;r;;s;;v;;w,Autumn = w  Autumn's enemy = q  Autumn's friend = k  Daniel's parent = k  Autumn's child = s  ;;Brooke = r  Brooke's enemy = k  Brooke's friend = s  Erin's parent = w    Brooke's child = v  ;;Chad = k    Chad's enemy = r    Chad's friend = w    Frank's parent = r   Chad's child = q    ;;Daniel = q  Daniel's enemy = w  Daniel's friend = v  ;;Erin = s    Erin's enemy = v    Erin's friend = r    ;;Frank = v   Frank's enemy = s   Frank's friend = q   ,72,23
5,L,SemanticApproach.EXTENSIONAL,Representation.ABSTRACT,0_L_fpee0,"Imagine there are six people: Autumn, Brooke, Chad, Daniel, Erin and Frank. They have the following relationships to each other:;;;;",;;Here is how to figure out the answer to the following question:;;Who is Chad's enemy's friend?;;;;Here are the steps to arrive at the answer:;;1. Chad's enemy = r;;2. Brooke's friend = k;;;;So the answer is k;;;;Now answer the following question:;;Who is Daniel's enemy's enemy's parent's friend?,Daniel's enemy's enemy's parent's friend,w,k;;q;;r;;s;;v;;w,Autumn = w  Autumn's enemy = q  Autumn's friend = k  Daniel's parent = k  Autumn's child = s  ;;Brooke = r  Brooke's enemy = k  Brooke's friend = s  Erin's parent = w    Brooke's child = v  ;;Chad = k    Chad's enemy = r    Chad's friend = w    Frank's parent = r   Chad's child = q    ;;Daniel = q  Daniel's enemy = w  Daniel's friend = v  ;;Erin = s    Erin's enemy = v    Erin's friend = r    ;;Frank = v   Frank's enemy = s   Frank's friend = q   ,84,24
5,L,SemanticApproach.EXTENSIONAL,Representation.ABSTRACT,0_L_efpc3,"Imagine there are six people: Autumn, Brooke, Chad, Daniel, Erin and Frank. They have the following relationships to each other:;;;;",;;Here is how to figure out the answer to the following question:;;Who is Chad's enemy's friend?;;;;Here are the steps to arrive at the answer:;;1. Chad's enemy = r;;2. Brooke's friend = k;;;;So the answer is k;;;;Now answer the following question:;;Who is Chad's child's parent's friend's enemy?,Chad's child's parent's friend's enemy,q,k;;q;;r;;s;;v;;w,Autumn = w  Autumn's enemy = q  Autumn's friend = k  Daniel's parent = k  Autumn's child = s  ;;Brooke = r  Brooke's enemy = k  Brooke's friend = s  Erin's parent = w    Brooke's child = v  ;;Chad = k    Chad's enemy = r    Chad's friend = w    Frank's parent = r   Chad's child = q    ;;Daniel = q  Daniel's enemy = w  Daniel's friend = v  ;;Erin = s    Erin's enemy = v    Erin's friend = r    ;;Frank = v   Frank's enemy = s   Frank's friend = q   ,66,25
5,L,SemanticApproach.EXTENSIONAL,Representation.ABSTRACT,0_L_pcee5,"Imagine there are six people: Autumn, Brooke, Chad, Daniel, Erin and Frank. They have the following relationships to each other:;;;;",;;Here is how to figure out the answer to the following question:;;Who is Chad's enemy's friend?;;;;Here are the steps to arrive at the answer:;;1. Chad's enemy = r;;2. Brooke's friend = k;;;;So the answer is k;;;;Now answer the following question:;;Who is Autumn's enemy's enemy's child's parent?,Autumn's enemy's enemy's child's parent,w,k;;q;;r;;s;;v;;w,Autumn = w  Autumn's enemy = q  Autumn's friend = k  Daniel's parent = k  Autumn's child = s  ;;Brooke = r  Brooke's enemy = k  Brooke's friend = s  Erin's parent = w    Brooke's child = v  ;;Chad = k    Chad's enemy = r    Chad's friend = w    Frank's parent = r   Chad's child = q    ;;Daniel = q  Daniel's enemy = w  Daniel's friend = v  ;;Erin = s    Erin's enemy = v    Erin's friend = r    ;;Frank = v   Frank's enemy = s   Frank's friend = q   ,65,26
5,L,SemanticApproach.EXTENSIONAL,Representation.ABSTRACT,0_L_ffcf4,"Imagine there are six people: Autumn, Brooke, Chad, Daniel, Erin and Frank. They have the following relationships to each other:;;;;",;;Here is how to figure out the answer to the following question:;;Who is Chad's enemy's friend?;;;;Here are the steps to arrive at the answer:;;1. Chad's enemy = r;;2. Brooke's friend = k;;;;So the answer is k;;;;Now answer the following question:;;Who is Erin's friend's child's friend's friend?,Erin's friend's child's friend's friend,v,k;;q;;r;;s;;v;;w,Autumn = w  Autumn's enemy = q  Autumn's friend = k  Daniel's parent = k  Autumn's child = s  ;;Brooke = r  Brooke's enemy = k  Brooke's friend = s  Erin's parent = w    Brooke's child = v  ;;Chad = k    Chad's enemy = r    Chad's friend = w    Frank's parent = r   Chad's child = q    ;;Daniel = q  Daniel's enemy = w  Daniel's friend = v  ;;Erin = s    Erin's enemy = v    Erin's friend = r    ;;Frank = v   Frank's enemy = s   Frank's friend = q   ,94,27
5,L,SemanticApproach.EXTENSIONAL,Representation.ABSTRACT,0_L_pepc5,"Imagine there are six people: Autumn, Brooke, Chad, Daniel, Erin and Frank. They have the following relationships to each other:;;;;",;;Here is how to figure out the answer to the following question:;;Who is Chad's enemy's friend?;;;;Here are the steps to arrive at the answer:;;1. Chad's enemy = r;;2. Brooke's friend = k;;;;So the answer is k;;;;Now answer the following question:;;Who is Autumn's child's parent's enemy's parent?,Autumn's child's parent's enemy's parent,k,k;;q;;r;;s;;v;;w,Autumn = w  Autumn's enemy = q  Autumn's friend = k  Daniel's parent = k  Autumn's child = s  ;;Brooke = r  Brooke's enemy = k  Brooke's friend = s  Erin's parent = w    Brooke's child = v  ;;Chad = k    Chad's enemy = r    Chad's friend = w    Frank's parent = r   Chad's child = q    ;;Daniel = q  Daniel's enemy = w  Daniel's friend = v  ;;Erin = s    Erin's enemy = v    Erin's friend = r    ;;Frank = v   Frank's enemy = s   Frank's friend = q   ,81,28
5,L,SemanticApproach.EXTENSIONAL,Representation.ABSTRACT,0_L_ecee5,"Imagine there are six people: Autumn, Brooke, Chad, Daniel, Erin and Frank. They have the following relationships to each other:;;;;",;;Here is how to figure out the answer to the following question:;;Who is Chad's enemy's friend?;;;;Here are the steps to arrive at the answer:;;1. Chad's enemy = r;;2. Brooke's friend = k;;;;So the answer is k;;;;Now answer the following question:;;Who is Autumn's enemy's enemy's child's enemy?,Autumn's enemy's enemy's child's enemy,v,k;;q;;r;;s;;v;;w,Autumn = w  Autumn's enemy = q  Autumn's friend = k  Daniel's parent = k  Autumn's child = s  ;;Brooke = r  Brooke's enemy = k  Brooke's friend = s  Erin's parent = w    Brooke's child = v  ;;Chad = k    Chad's enemy = r    Chad's friend = w    Frank's parent = r   Chad's child = q    ;;Daniel = q  Daniel's enemy = w  Daniel's friend = v  ;;Erin = s    Erin's enemy = v    Erin's friend = r    ;;Frank = v   Frank's enemy = s   Frank's friend = q   ,88,29
5,L,SemanticApproach.EXTENSIONAL,Representation.ABSTRACT,0_L_pffe5,"Imagine there are six people: Autumn, Brooke, Chad, Daniel, Erin and Frank. They have the following relationships to each other:;;;;",;;Here is how to figure out the answer to the following question:;;Who is Chad's enemy's friend?;;;;Here are the steps to arrive at the answer:;;1. Chad's enemy = r;;2. Brooke's friend = k;;;;So the answer is k;;;;Now answer the following question:;;Who is Autumn's enemy's friend's friend's parent?,Autumn's enemy's friend's friend's parent,k,k;;q;;r;;s;;v;;w,Autumn = w  Autumn's enemy = q  Autumn's friend = k  Daniel's parent = k  Autumn's child = s  ;;Brooke = r  Brooke's enemy = k  Brooke's friend = s  Erin's parent = w    Brooke's child = v  ;;Chad = k    Chad's enemy = r    Chad's friend = w    Frank's parent = r   Chad's child = q    ;;Daniel = q  Daniel's enemy = w  Daniel's friend = v  ;;Erin = s    Erin's enemy = v    Erin's friend = r    ;;Frank = v   Frank's enemy = s   Frank's friend = q   ,89,30
5,L,SemanticApproach.EXTENSIONAL,Representation.ABSTRACT,0_L_eeef0,"Imagine there are six people: Autumn, Brooke, Chad, Daniel, Erin and Frank. They have the following relationships to each other:;;;;",;;Here is how to figure out the answer to the following question:;;Who is Chad's enemy's friend?;;;;Here are the steps to arrive at the answer:;;1. Chad's enemy = r;;2. Brooke's friend = k;;;;So the answer is k;;;;Now answer the following question:;;Who is Daniel's friend's enemy's enemy's enemy?,Daniel's friend's enemy's enemy's enemy,s,k;;q;;r;;s;;v;;w,Autumn = w  Autumn's enemy = q  Autumn's friend = k  Daniel's parent = k  Autumn's child = s  ;;Brooke = r  Brooke's enemy = k  Brooke's friend = s  Erin's parent = w    Brooke's child = v  ;;Chad = k    Chad's enemy = r    Chad's friend = w    Frank's parent = r   Chad's child = q    ;;Daniel = q  Daniel's enemy = w  Daniel's friend = v  ;;Erin = s    Erin's enemy = v    Erin's friend = r    ;;Frank = v   Frank's enemy = s   Frank's friend = q   ,78,31
5,L,SemanticApproach.EXTENSIONAL,Representation.ABSTRACT,0_L_ffpc1,"Imagine there are six people: Autumn, Brooke, Chad, Daniel, Erin and Frank. They have the following relationships to each other:;;;;",;;Here is how to figure out the answer to the following question:;;Who is Chad's enemy's friend?;;;;Here are the steps to arrive at the answer:;;1. Chad's enemy = r;;2. Brooke's friend = k;;;;So the answer is k;;;;Now answer the following question:;;Who is Brooke's child's parent's friend's friend?,Brooke's child's parent's friend's friend,r,k;;q;;r;;s;;v;;w,Autumn = w  Autumn's enemy = q  Autumn's friend = k  Daniel's parent = k  Autumn's child = s  ;;Brooke = r  Brooke's enemy = k  Brooke's friend = s  Erin's parent = w    Brooke's child = v  ;;Chad = k    Chad's enemy = r    Chad's friend = w    Frank's parent = r   Chad's child = q    ;;Daniel = q  Daniel's enemy = w  Daniel's friend = v  ;;Erin = s    Erin's enemy = v    Erin's friend = r    ;;Frank = v   Frank's enemy = s   Frank's friend = q   ,75,32
5,L,SemanticApproach.EXTENSIONAL,Representation.ABSTRACT,0_L_feee5,"Imagine there are six people: Autumn, Brooke, Chad, Daniel, Erin and Frank. They have the following relationships to each other:;;;;",;;Here is how to figure out the answer to the following question:;;Who is Chad's enemy's friend?;;;;Here are the steps to arrive at the answer:;;1. Chad's enemy = r;;2. Brooke's friend = k;;;;So the answer is k;;;;Now answer the following question:;;Who is Autumn's enemy's enemy's enemy's friend?,Autumn's enemy's enemy's enemy's friend,v,k;;q;;r;;s;;v;;w,Autumn = w  Autumn's enemy = q  Autumn's friend = k  Daniel's parent = k  Autumn's child = s  ;;Brooke = r  Brooke's enemy = k  Brooke's friend = s  Erin's parent = w    Brooke's child = v  ;;Chad = k    Chad's enemy = r    Chad's friend = w    Frank's parent = r   Chad's child = q    ;;Daniel = q  Daniel's enemy = w  Daniel's friend = v  ;;Erin = s    Erin's enemy = v    Erin's friend = r    ;;Frank = v   Frank's enemy = s   Frank's friend = q   ,69,33
5,L,SemanticApproach.EXTENSIONAL,Representation.ABSTRACT,0_L_fcec3,"Imagine there are six people: Autumn, Brooke, Chad, Daniel, Erin and Frank. They have the following relationships to each other:;;;;",;;Here is how to figure out the answer to the following question:;;Who is Chad's enemy's friend?;;;;Here are the steps to arrive at the answer:;;1. Chad's enemy = r;;2. Brooke's friend = k;;;;So the answer is k;;;;Now answer the following question:;;Who is Chad's child's enemy's child's friend?,Chad's child's enemy's child's friend,r,k;;q;;r;;s;;v;;w,Autumn = w  Autumn's enemy = q  Autumn's friend = k  Daniel's parent = k  Autumn's child = s  ;;Brooke = r  Brooke's enemy = k  Brooke's friend = s  Erin's parent = w    Brooke's child = v  ;;Chad = k    Chad's enemy = r    Chad's friend = w    Frank's parent = r   Chad's child = q    ;;Daniel = q  Daniel's enemy = w  Daniel's friend = v  ;;Erin = s    Erin's enemy = v    Erin's friend = r    ;;Frank = v   Frank's enemy = s   Frank's friend = q   ,64,34
5,L,SemanticApproach.EXTENSIONAL,Representation.ABSTRACT,0_L_eeee0,"Imagine there are six people: Autumn, Brooke, Chad, Daniel, Erin and Frank. They have the following relationships to each other:;;;;",;;Here is how to figure out the answer to the following question:;;Who is Chad's enemy's friend?;;;;Here are the steps to arrive at the answer:;;1. Chad's enemy = r;;2. Brooke's friend = k;;;;So the answer is k;;;;Now answer the following question:;;Who is Daniel's enemy's enemy's enemy's enemy?,Daniel's enemy's enemy's enemy's enemy,q,k;;q;;r;;s;;v;;w,Autumn = w  Autumn's enemy = q  Autumn's friend = k  Daniel's parent = k  Autumn's child = s  ;;Brooke = r  Brooke's enemy = k  Brooke's friend = s  Erin's parent = w    Brooke's child = v  ;;Chad = k    Chad's enemy = r    Chad's friend = w    Frank's parent = r   Chad's child = q    ;;Daniel = q  Daniel's enemy = w  Daniel's friend = v  ;;Erin = s    Erin's enemy = v    Erin's friend = r    ;;Frank = v   Frank's enemy = s   Frank's friend = q   ,85,35
5,L,SemanticApproach.EXTENSIONAL,Representation.ABSTRACT,0_L_epff2,"Imagine there are six people: Autumn, Brooke, Chad, Daniel, Erin and Frank. They have the following relationships to each other:;;;;",;;Here is how to figure out the answer to the following question:;;Who is Chad's enemy's friend?;;;;Here are the steps to arrive at the answer:;;1. Chad's enemy = r;;2. Brooke's friend = k;;;;So the answer is k;;;;Now answer the following question:;;Who is Frank's friend's friend's parent's enemy?,Frank's friend's friend's parent's enemy,k,k;;q;;r;;s;;v;;w,Autumn = w  Autumn's enemy = q  Autumn's friend = k  Daniel's parent = k  Autumn's child = s  ;;Brooke = r  Brooke's enemy = k  Brooke's friend = s  Erin's parent = w    Brooke's child = v  ;;Chad = k    Chad's enemy = r    Chad's friend = w    Frank's parent = r   Chad's child = q    ;;Daniel = q  Daniel's enemy = w  Daniel's friend = v  ;;Erin = s    Erin's enemy = v    Erin's friend = r    ;;Frank = v   Frank's enemy = s   Frank's friend = q   ,98,36
5,L,SemanticApproach.EXTENSIONAL,Representation.ABSTRACT,0_L_fpef1,"Imagine there are six people: Autumn, Brooke, Chad, Daniel, Erin and Frank. They have the following relationships to each other:;;;;",;;Here is how to figure out the answer to the following question:;;Who is Chad's enemy's friend?;;;;Here are the steps to arrive at the answer:;;1. Chad's enemy = r;;2. Brooke's friend = k;;;;So the answer is k;;;;Now answer the following question:;;Who is Brooke's friend's enemy's parent's friend?,Brooke's friend's enemy's parent's friend,s,k;;q;;r;;s;;v;;w,Autumn = w  Autumn's enemy = q  Autumn's friend = k  Daniel's parent = k  Autumn's child = s  ;;Brooke = r  Brooke's enemy = k  Brooke's friend = s  Erin's parent = w    Brooke's child = v  ;;Chad = k    Chad's enemy = r    Chad's friend = w    Frank's parent = r   Chad's child = q    ;;Daniel = q  Daniel's enemy = w  Daniel's friend = v  ;;Erin = s    Erin's enemy = v    Erin's friend = r    ;;Frank = v   Frank's enemy = s   Frank's friend = q   ,77,37
5,L,SemanticApproach.EXTENSIONAL,Representation.ABSTRACT,0_L_fffp2,"Imagine there are six people: Autumn, Brooke, Chad, Daniel, Erin and Frank. They have the following relationships to each other:;;;;",;;Here is how to figure out the answer to the following question:;;Who is Chad's enemy's friend?;;;;Here are the steps to arrive at the answer:;;1. Chad's enemy = r;;2. Brooke's friend = k;;;;So the answer is k;;;;Now answer the following question:;;Who is Frank's parent's friend's friend's friend?,Frank's parent's friend's friend's friend,s,k;;q;;r;;s;;v;;w,Autumn = w  Autumn's enemy = q  Autumn's friend = k  Daniel's parent = k  Autumn's child = s  ;;Brooke = r  Brooke's enemy = k  Brooke's friend = s  Erin's parent = w    Brooke's child = v  ;;Chad = k    Chad's enemy = r    Chad's friend = w    Frank's parent = r   Chad's child = q    ;;Daniel = q  Daniel's enemy = w  Daniel's friend = v  ;;Erin = s    Erin's enemy = v    Erin's friend = r    ;;Frank = v   Frank's enemy = s   Frank's friend = q   ,67,38
5,L,SemanticApproach.EXTENSIONAL,Representation.ABSTRACT,0_L_fepe2,"Imagine there are six people: Autumn, Brooke, Chad, Daniel, Erin and Frank. They have the following relationships to each other:;;;;",;;Here is how to figure out the answer to the following question:;;Who is Chad's enemy's friend?;;;;Here are the steps to arrive at the answer:;;1. Chad's enemy = r;;2. Brooke's friend = k;;;;So the answer is k;;;;Now answer the following question:;;Who is Frank's enemy's parent's enemy's friend?,Frank's enemy's parent's enemy's friend,v,k;;q;;r;;s;;v;;w,Autumn = w  Autumn's enemy = q  Autumn's friend = k  Daniel's parent = k  Autumn's child = s  ;;Brooke = r  Brooke's enemy = k  Brooke's friend = s  Erin's parent = w    Brooke's child = v  ;;Chad = k    Chad's enemy = r    Chad's friend = w    Frank's parent = r   Chad's child = q    ;;Daniel = q  Daniel's enemy = w  Daniel's friend = v  ;;Erin = s    Erin's enemy = v    Erin's friend = r    ;;Frank = v   Frank's enemy = s   Frank's friend = q   ,61,39
5,L,SemanticApproach.INTENSIONAL,Representation.ABSTRACT,0_L_epff2,English phrases can be translated into formulae. Use the following translations to answer the question.;;;;,";;;;Here is an example of how to get a formula for a phrase.;;What is the formula for ""Chad's enemy's friend""?;;;;Here are the steps to arrive at the answer:;;1. Chad's enemy = t(k);;2. Chad's enemy's friend = l(t(k));;;;So the answer is l(t(k));;;;What is the formula for ""Frank's friend's friend's parent's enemy""?",Frank's friend's friend's parent's enemy,t(d(l(l(v)))),k;;q;;r;;s;;v;;w,Autumn = w  Daniel's friend = l(q)  ;;Brooke = r  Brooke's friend = l(r)  ;;Chad = k    Frank's enemy = t(v)    ;;Daniel = q  Chad's enemy = t(k)     ;;Erin = s    Erin's parent = d(s)    ;;Frank = v   Autumn's child = h(w)   ,98,0
5,L,SemanticApproach.INTENSIONAL,Representation.ABSTRACT,0_L_pepf1,English phrases can be translated into formulae. Use the following translations to answer the question.;;;;,";;;;Here is an example of how to get a formula for a phrase.;;What is the formula for ""Chad's enemy's friend""?;;;;Here are the steps to arrive at the answer:;;1. Chad's enemy = t(k);;2. Chad's enemy's friend = l(t(k));;;;So the answer is l(t(k));;;;What is the formula for ""Brooke's friend's parent's enemy's parent""?",Brooke's friend's parent's enemy's parent,d(t(d(l(r)))),k;;q;;r;;s;;v;;w,Autumn = w  Daniel's friend = l(q)  ;;Brooke = r  Brooke's friend = l(r)  ;;Chad = k    Frank's enemy = t(v)    ;;Daniel = q  Chad's enemy = t(k)     ;;Erin = s    Erin's parent = d(s)    ;;Frank = v   Autumn's child = h(w)   ,95,1
5,L,SemanticApproach.INTENSIONAL,Representation.ABSTRACT,0_L_pcee5,English phrases can be translated into formulae. Use the following translations to answer the question.;;;;,";;;;Here is an example of how to get a formula for a phrase.;;What is the formula for ""Chad's enemy's friend""?;;;;Here are the steps to arrive at the answer:;;1. Chad's enemy = t(k);;2. Chad's enemy's friend = l(t(k));;;;So the answer is l(t(k));;;;What is the formula for ""Autumn's enemy's enemy's child's parent""?",Autumn's enemy's enemy's child's parent,d(h(t(t(w)))),k;;q;;r;;s;;v;;w,Autumn = w  Daniel's friend = l(q)  ;;Brooke = r  Brooke's friend = l(r)  ;;Chad = k    Frank's enemy = t(v)    ;;Daniel = q  Chad's enemy = t(k)     ;;Erin = s    Erin's parent = d(s)    ;;Frank = v   Autumn's child = h(w)   ,65,2
5,L,SemanticApproach.INTENSIONAL,Representation.ABSTRACT,0_L_efpc3,English phrases can be translated into formulae. Use the following translations to answer the question.;;;;,";;;;Here is an example of how to get a formula for a phrase.;;What is the formula for ""Chad's enemy's friend""?;;;;Here are the steps to arrive at the answer:;;1. Chad's enemy = t(k);;2. Chad's enemy's friend = l(t(k));;;;So the answer is l(t(k));;;;What is the formula for ""Chad's child's parent's friend's enemy""?",Chad's child's parent's friend's enemy,t(l(d(h(k)))),k;;q;;r;;s;;v;;w,Autumn = w  Daniel's friend = l(q)  ;;Brooke = r  Brooke's friend = l(r)  ;;Chad = k    Frank's enemy = t(v)    ;;Daniel = q  Chad's enemy = t(k)     ;;Erin = s    Erin's parent = d(s)    ;;Frank = v   Autumn's child = h(w)   ,66,3
5,L,SemanticApproach.INTENSIONAL,Representation.ABSTRACT,0_L_efec5,English phrases can be translated into formulae. Use the following translations to answer the question.;;;;,";;;;Here is an example of how to get a formula for a phrase.;;What is the formula for ""Chad's enemy's friend""?;;;;Here are the steps to arrive at the answer:;;1. Chad's enemy = t(k);;2. Chad's enemy's friend = l(t(k));;;;So the answer is l(t(k));;;;What is the formula for ""Autumn's child's enemy's friend's enemy""?",Autumn's child's enemy's friend's enemy,t(l(t(h(w)))),k;;q;;r;;s;;v;;w,Autumn = w  Daniel's friend = l(q)  ;;Brooke = r  Brooke's friend = l(r)  ;;Chad = k    Frank's enemy = t(v)    ;;Daniel = q  Chad's enemy = t(k)     ;;Erin = s    Erin's parent = d(s)    ;;Frank = v   Autumn's child = h(w)   ,99,4
5,L,SemanticApproach.INTENSIONAL,Representation.ABSTRACT,0_L_effc5,English phrases can be translated into formulae. Use the following translations to answer the question.;;;;,";;;;Here is an example of how to get a formula for a phrase.;;What is the formula for ""Chad's enemy's friend""?;;;;Here are the steps to arrive at the answer:;;1. Chad's enemy = t(k);;2. Chad's enemy's friend = l(t(k));;;;So the answer is l(t(k));;;;What is the formula for ""Autumn's child's friend's friend's enemy""?",Autumn's child's friend's friend's enemy,t(l(l(h(w)))),k;;q;;r;;s;;v;;w,Autumn = w  Daniel's friend = l(q)  ;;Brooke = r  Brooke's friend = l(r)  ;;Chad = k    Frank's enemy = t(v)    ;;Daniel = q  Chad's enemy = t(k)     ;;Erin = s    Erin's parent = d(s)    ;;Frank = v   Autumn's child = h(w)   ,68,5
5,L,SemanticApproach.INTENSIONAL,Representation.ABSTRACT,0_L_fpee0,English phrases can be translated into formulae. Use the following translations to answer the question.;;;;,";;;;Here is an example of how to get a formula for a phrase.;;What is the formula for ""Chad's enemy's friend""?;;;;Here are the steps to arrive at the answer:;;1. Chad's enemy = t(k);;2. Chad's enemy's friend = l(t(k));;;;So the answer is l(t(k));;;;What is the formula for ""Daniel's enemy's enemy's parent's friend""?",Daniel's enemy's enemy's parent's friend,l(d(t(t(q)))),k;;q;;r;;s;;v;;w,Autumn = w  Daniel's friend = l(q)  ;;Brooke = r  Brooke's friend = l(r)  ;;Chad = k    Frank's enemy = t(v)    ;;Daniel = q  Chad's enemy = t(k)     ;;Erin = s    Erin's parent = d(s)    ;;Frank = v   Autumn's child = h(w)   ,84,6
5,L,SemanticApproach.INTENSIONAL,Representation.ABSTRACT,0_L_fepe2,English phrases can be translated into formulae. Use the following translations to answer the question.;;;;,";;;;Here is an example of how to get a formula for a phrase.;;What is the formula for ""Chad's enemy's friend""?;;;;Here are the steps to arrive at the answer:;;1. Chad's enemy = t(k);;2. Chad's enemy's friend = l(t(k));;;;So the answer is l(t(k));;;;What is the formula for ""Frank's enemy's parent's enemy's friend""?",Frank's enemy's parent's enemy's friend,l(t(d(t(v)))),k;;q;;r;;s;;v;;w,Autumn = w  Daniel's friend = l(q)  ;;Brooke = r  Brooke's friend = l(r)  ;;Chad = k    Frank's enemy = t(v)    ;;Daniel = q  Chad's enemy = t(k)     ;;Erin = s    Erin's parent = d(s)    ;;Frank = v   Autumn's child = h(w)   ,61,7
5,L,SemanticApproach.INTENSIONAL,Representation.ABSTRACT,0_L_ecee5,English phrases can be translated into formulae. Use the following translations to answer the question.;;;;,";;;;Here is an example of how to get a formula for a phrase.;;What is the formula for ""Chad's enemy's friend""?;;;;Here are the steps to arrive at the answer:;;1. Chad's enemy = t(k);;2. Chad's enemy's friend = l(t(k));;;;So the answer is l(t(k));;;;What is the formula for ""Autumn's enemy's enemy's child's enemy""?",Autumn's enemy's enemy's child's enemy,t(h(t(t(w)))),k;;q;;r;;s;;v;;w,Autumn = w  Daniel's friend = l(q)  ;;Brooke = r  Brooke's friend = l(r)  ;;Chad = k    Frank's enemy = t(v)    ;;Daniel = q  Chad's enemy = t(k)     ;;Erin = s    Erin's parent = d(s)    ;;Frank = v   Autumn's child = h(w)   ,88,8
5,L,SemanticApproach.INTENSIONAL,Representation.ABSTRACT,0_L_fcec3,English phrases can be translated into formulae. Use the following translations to answer the question.;;;;,";;;;Here is an example of how to get a formula for a phrase.;;What is the formula for ""Chad's enemy's friend""?;;;;Here are the steps to arrive at the answer:;;1. Chad's enemy = t(k);;2. Chad's enemy's friend = l(t(k));;;;So the answer is l(t(k));;;;What is the formula for ""Chad's child's enemy's child's friend""?",Chad's child's enemy's child's friend,l(h(t(h(k)))),k;;q;;r;;s;;v;;w,Autumn = w  Daniel's friend = l(q)  ;;Brooke = r  Brooke's friend = l(r)  ;;Chad = k    Frank's enemy = t(v)    ;;Daniel = q  Chad's enemy = t(k)     ;;Erin = s    Erin's parent = d(s)    ;;Frank = v   Autumn's child = h(w)   ,64,9
5,L,SemanticApproach.INTENSIONAL,Representation.ABSTRACT,0_L_effc3,English phrases can be translated into formulae. Use the following translations to answer the question.;;;;,";;;;Here is an example of how to get a formula for a phrase.;;What is the formula for ""Chad's enemy's friend""?;;;;Here are the steps to arrive at the answer:;;1. Chad's enemy = t(k);;2. Chad's enemy's friend = l(t(k));;;;So the answer is l(t(k));;;;What is the formula for ""Chad's child's friend's friend's enemy""?",Chad's child's friend's friend's enemy,t(l(l(h(k)))),k;;q;;r;;s;;v;;w,Autumn = w  Daniel's friend = l(q)  ;;Brooke = r  Brooke's friend = l(r)  ;;Chad = k    Frank's enemy = t(v)    ;;Daniel = q  Chad's enemy = t(k)     ;;Erin = s    Erin's parent = d(s)    ;;Frank = v   Autumn's child = h(w)   ,90,10
5,L,SemanticApproach.INTENSIONAL,Representation.ABSTRACT,0_L_ffee0,English phrases can be translated into formulae. Use the following translations to answer the question.;;;;,";;;;Here is an example of how to get a formula for a phrase.;;What is the formula for ""Chad's enemy's friend""?;;;;Here are the steps to arrive at the answer:;;1. Chad's enemy = t(k);;2. Chad's enemy's friend = l(t(k));;;;So the answer is l(t(k));;;;What is the formula for ""Daniel's enemy's enemy's friend's friend""?",Daniel's enemy's enemy's friend's friend,l(l(t(t(q)))),k;;q;;r;;s;;v;;w,Autumn = w  Daniel's friend = l(q)  ;;Brooke = r  Brooke's friend = l(r)  ;;Chad = k    Frank's enemy = t(v)    ;;Daniel = q  Chad's enemy = t(k)     ;;Erin = s    Erin's parent = d(s)    ;;Frank = v   Autumn's child = h(w)   ,76,11
5,L,SemanticApproach.INTENSIONAL,Representation.ABSTRACT,0_L_ffpc1,English phrases can be translated into formulae. Use the following translations to answer the question.;;;;,";;;;Here is an example of how to get a formula for a phrase.;;What is the formula for ""Chad's enemy's friend""?;;;;Here are the steps to arrive at the answer:;;1. Chad's enemy = t(k);;2. Chad's enemy's friend = l(t(k));;;;So the answer is l(t(k));;;;What is the formula for ""Brooke's child's parent's friend's friend""?",Brooke's child's parent's friend's friend,l(l(d(h(r)))),k;;q;;r;;s;;v;;w,Autumn = w  Daniel's friend = l(q)  ;;Brooke = r  Brooke's friend = l(r)  ;;Chad = k    Frank's enemy = t(v)    ;;Daniel = q  Chad's enemy = t(k)     ;;Erin = s    Erin's parent = d(s)    ;;Frank = v   Autumn's child = h(w)   ,75,12
5,L,SemanticApproach.INTENSIONAL,Representation.ABSTRACT,0_L_fecf3,English phrases can be translated into formulae. Use the following translations to answer the question.;;;;,";;;;Here is an example of how to get a formula for a phrase.;;What is the formula for ""Chad's enemy's friend""?;;;;Here are the steps to arrive at the answer:;;1. Chad's enemy = t(k);;2. Chad's enemy's friend = l(t(k));;;;So the answer is l(t(k));;;;What is the formula for ""Chad's friend's child's enemy's friend""?",Chad's friend's child's enemy's friend,l(t(h(l(k)))),k;;q;;r;;s;;v;;w,Autumn = w  Daniel's friend = l(q)  ;;Brooke = r  Brooke's friend = l(r)  ;;Chad = k    Frank's enemy = t(v)    ;;Daniel = q  Chad's enemy = t(k)     ;;Erin = s    Erin's parent = d(s)    ;;Frank = v   Autumn's child = h(w)   ,82,13
5,L,SemanticApproach.INTENSIONAL,Representation.ABSTRACT,0_L_efcf4,English phrases can be translated into formulae. Use the following translations to answer the question.;;;;,";;;;Here is an example of how to get a formula for a phrase.;;What is the formula for ""Chad's enemy's friend""?;;;;Here are the steps to arrive at the answer:;;1. Chad's enemy = t(k);;2. Chad's enemy's friend = l(t(k));;;;So the answer is l(t(k));;;;What is the formula for ""Erin's friend's child's friend's enemy""?",Erin's friend's child's friend's enemy,t(l(h(l(s)))),k;;q;;r;;s;;v;;w,Autumn = w  Daniel's friend = l(q)  ;;Brooke = r  Brooke's friend = l(r)  ;;Chad = k    Frank's enemy = t(v)    ;;Daniel = q  Chad's enemy = t(k)     ;;Erin = s    Erin's parent = d(s)    ;;Frank = v   Autumn's child = h(w)   ,100,14
5,L,SemanticApproach.INTENSIONAL,Representation.ABSTRACT,0_L_cpep4,English phrases can be translated into formulae. Use the following translations to answer the question.;;;;,";;;;Here is an example of how to get a formula for a phrase.;;What is the formula for ""Chad's enemy's friend""?;;;;Here are the steps to arrive at the answer:;;1. Chad's enemy = t(k);;2. Chad's enemy's friend = l(t(k));;;;So the answer is l(t(k));;;;What is the formula for ""Erin's parent's enemy's parent's child""?",Erin's parent's enemy's parent's child,h(d(t(d(s)))),k;;q;;r;;s;;v;;w,Autumn = w  Daniel's friend = l(q)  ;;Brooke = r  Brooke's friend = l(r)  ;;Chad = k    Frank's enemy = t(v)    ;;Daniel = q  Chad's enemy = t(k)     ;;Erin = s    Erin's parent = d(s)    ;;Frank = v   Autumn's child = h(w)   ,71,15
5,L,SemanticApproach.INTENSIONAL,Representation.ABSTRACT,0_L_feee5,English phrases can be translated into formulae. Use the following translations to answer the question.;;;;,";;;;Here is an example of how to get a formula for a phrase.;;What is the formula for ""Chad's enemy's friend""?;;;;Here are the steps to arrive at the answer:;;1. Chad's enemy = t(k);;2. Chad's enemy's friend = l(t(k));;;;So the answer is l(t(k));;;;What is the formula for ""Autumn's enemy's enemy's enemy's friend""?",Autumn's enemy's enemy's enemy's friend,l(t(t(t(w)))),k;;q;;r;;s;;v;;w,Autumn = w  Daniel's friend = l(q)  ;;Brooke = r  Brooke's friend = l(r)  ;;Chad = k    Frank's enemy = t(v)    ;;Daniel = q  Chad's enemy = t(k)     ;;Erin = s    Erin's parent = d(s)    ;;Frank = v   Autumn's child = h(w)   ,69,16
5,L,SemanticApproach.INTENSIONAL,Representation.ABSTRACT,0_L_pcef4,English phrases can be translated into formulae. Use the following translations to answer the question.;;;;,";;;;Here is an example of how to get a formula for a phrase.;;What is the formula for ""Chad's enemy's friend""?;;;;Here are the steps to arrive at the answer:;;1. Chad's enemy = t(k);;2. Chad's enemy's friend = l(t(k));;;;So the answer is l(t(k));;;;What is the formula for ""Erin's friend's enemy's child's parent""?",Erin's friend's enemy's child's parent,d(h(t(l(s)))),k;;q;;r;;s;;v;;w,Autumn = w  Daniel's friend = l(q)  ;;Brooke = r  Brooke's friend = l(r)  ;;Chad = k    Frank's enemy = t(v)    ;;Daniel = q  Chad's enemy = t(k)     ;;Erin = s    Erin's parent = d(s)    ;;Frank = v   Autumn's child = h(w)   ,91,17
5,L,SemanticApproach.INTENSIONAL,Representation.ABSTRACT,0_L_pffe5,English phrases can be translated into formulae. Use the following translations to answer the question.;;;;,";;;;Here is an example of how to get a formula for a phrase.;;What is the formula for ""Chad's enemy's friend""?;;;;Here are the steps to arrive at the answer:;;1. Chad's enemy = t(k);;2. Chad's enemy's friend = l(t(k));;;;So the answer is l(t(k));;;;What is the formula for ""Autumn's enemy's friend's friend's parent""?",Autumn's enemy's friend's friend's parent,d(l(l(t(w)))),k;;q;;r;;s;;v;;w,Autumn = w  Daniel's friend = l(q)  ;;Brooke = r  Brooke's friend = l(r)  ;;Chad = k    Frank's enemy = t(v)    ;;Daniel = q  Chad's enemy = t(k)     ;;Erin = s    Erin's parent = d(s)    ;;Frank = v   Autumn's child = h(w)   ,89,18
5,L,SemanticApproach.INTENSIONAL,Representation.ABSTRACT,0_L_feff1,English phrases can be translated into formulae. Use the following translations to answer the question.;;;;,";;;;Here is an example of how to get a formula for a phrase.;;What is the formula for ""Chad's enemy's friend""?;;;;Here are the steps to arrive at the answer:;;1. Chad's enemy = t(k);;2. Chad's enemy's friend = l(t(k));;;;So the answer is l(t(k));;;;What is the formula for ""Brooke's friend's friend's enemy's friend""?",Brooke's friend's friend's enemy's friend,l(t(l(l(r)))),k;;q;;r;;s;;v;;w,Autumn = w  Daniel's friend = l(q)  ;;Brooke = r  Brooke's friend = l(r)  ;;Chad = k    Frank's enemy = t(v)    ;;Daniel = q  Chad's enemy = t(k)     ;;Erin = s    Erin's parent = d(s)    ;;Frank = v   Autumn's child = h(w)   ,86,19
5,L,SemanticApproach.INTENSIONAL,Representation.ABSTRACT,0_L_efpf2,English phrases can be translated into formulae. Use the following translations to answer the question.;;;;,";;;;Here is an example of how to get a formula for a phrase.;;What is the formula for ""Chad's enemy's friend""?;;;;Here are the steps to arrive at the answer:;;1. Chad's enemy = t(k);;2. Chad's enemy's friend = l(t(k));;;;So the answer is l(t(k));;;;What is the formula for ""Frank's friend's parent's friend's enemy""?",Frank's friend's parent's friend's enemy,t(l(d(l(v)))),k;;q;;r;;s;;v;;w,Autumn = w  Daniel's friend = l(q)  ;;Brooke = r  Brooke's friend = l(r)  ;;Chad = k    Frank's enemy = t(v)    ;;Daniel = q  Chad's enemy = t(k)     ;;Erin = s    Erin's parent = d(s)    ;;Frank = v   Autumn's child = h(w)   ,73,20
5,L,SemanticApproach.INTENSIONAL,Representation.ABSTRACT,0_L_cpef0,English phrases can be translated into formulae. Use the following translations to answer the question.;;;;,";;;;Here is an example of how to get a formula for a phrase.;;What is the formula for ""Chad's enemy's friend""?;;;;Here are the steps to arrive at the answer:;;1. Chad's enemy = t(k);;2. Chad's enemy's friend = l(t(k));;;;So the answer is l(t(k));;;;What is the formula for ""Daniel's friend's enemy's parent's child""?",Daniel's friend's enemy's parent's child,h(d(t(l(q)))),k;;q;;r;;s;;v;;w,Autumn = w  Daniel's friend = l(q)  ;;Brooke = r  Brooke's friend = l(r)  ;;Chad = k    Frank's enemy = t(v)    ;;Daniel = q  Chad's enemy = t(k)     ;;Erin = s    Erin's parent = d(s)    ;;Frank = v   Autumn's child = h(w)   ,97,21
5,L,SemanticApproach.INTENSIONAL,Representation.ABSTRACT,0_L_eefe5,English phrases can be translated into formulae. Use the following translations to answer the question.;;;;,";;;;Here is an example of how to get a formula for a phrase.;;What is the formula for ""Chad's enemy's friend""?;;;;Here are the steps to arrive at the answer:;;1. Chad's enemy = t(k);;2. Chad's enemy's friend = l(t(k));;;;So the answer is l(t(k));;;;What is the formula for ""Autumn's enemy's friend's enemy's enemy""?",Autumn's enemy's friend's enemy's enemy,t(t(l(t(w)))),k;;q;;r;;s;;v;;w,Autumn = w  Daniel's friend = l(q)  ;;Brooke = r  Brooke's friend = l(r)  ;;Chad = k    Frank's enemy = t(v)    ;;Daniel = q  Chad's enemy = t(k)     ;;Erin = s    Erin's parent = d(s)    ;;Frank = v   Autumn's child = h(w)   ,80,22
5,L,SemanticApproach.INTENSIONAL,Representation.ABSTRACT,0_L_cpfc3,English phrases can be translated into formulae. Use the following translations to answer the question.;;;;,";;;;Here is an example of how to get a formula for a phrase.;;What is the formula for ""Chad's enemy's friend""?;;;;Here are the steps to arrive at the answer:;;1. Chad's enemy = t(k);;2. Chad's enemy's friend = l(t(k));;;;So the answer is l(t(k));;;;What is the formula for ""Chad's child's friend's parent's child""?",Chad's child's friend's parent's child,h(d(l(h(k)))),k;;q;;r;;s;;v;;w,Autumn = w  Daniel's friend = l(q)  ;;Brooke = r  Brooke's friend = l(r)  ;;Chad = k    Frank's enemy = t(v)    ;;Daniel = q  Chad's enemy = t(k)     ;;Erin = s    Erin's parent = d(s)    ;;Frank = v   Autumn's child = h(w)   ,92,23
5,L,SemanticApproach.INTENSIONAL,Representation.ABSTRACT,0_L_fffp2,English phrases can be translated into formulae. Use the following translations to answer the question.;;;;,";;;;Here is an example of how to get a formula for a phrase.;;What is the formula for ""Chad's enemy's friend""?;;;;Here are the steps to arrive at the answer:;;1. Chad's enemy = t(k);;2. Chad's enemy's friend = l(t(k));;;;So the answer is l(t(k));;;;What is the formula for ""Frank's parent's friend's friend's friend""?",Frank's parent's friend's friend's friend,l(l(l(d(v)))),k;;q;;r;;s;;v;;w,Autumn = w  Daniel's friend = l(q)  ;;Brooke = r  Brooke's friend = l(r)  ;;Chad = k    Frank's enemy = t(v)    ;;Daniel = q  Chad's enemy = t(k)     ;;Erin = s    Erin's parent = d(s)    ;;Frank = v   Autumn's child = h(w)   ,67,24
5,L,SemanticApproach.INTENSIONAL,Representation.ABSTRACT,0_L_pecf4,English phrases can be translated into formulae. Use the following translations to answer the question.;;;;,";;;;Here is an example of how to get a formula for a phrase.;;What is the formula for ""Chad's enemy's friend""?;;;;Here are the steps to arrive at the answer:;;1. Chad's enemy = t(k);;2. Chad's enemy's friend = l(t(k));;;;So the answer is l(t(k));;;;What is the formula for ""Erin's friend's child's enemy's parent""?",Erin's friend's child's enemy's parent,d(t(h(l(s)))),k;;q;;r;;s;;v;;w,Autumn = w  Daniel's friend = l(q)  ;;Brooke = r  Brooke's friend = l(r)  ;;Chad = k    Frank's enemy = t(v)    ;;Daniel = q  Chad's enemy = t(k)     ;;Erin = s    Erin's parent = d(s)    ;;Frank = v   Autumn's child = h(w)   ,87,25
5,L,SemanticApproach.INTENSIONAL,Representation.ABSTRACT,0_L_cefc5,English phrases can be translated into formulae. Use the following translations to answer the question.;;;;,";;;;Here is an example of how to get a formula for a phrase.;;What is the formula for ""Chad's enemy's friend""?;;;;Here are the steps to arrive at the answer:;;1. Chad's enemy = t(k);;2. Chad's enemy's friend = l(t(k));;;;So the answer is l(t(k));;;;What is the formula for ""Autumn's child's friend's enemy's child""?",Autumn's child's friend's enemy's child,h(t(l(h(w)))),k;;q;;r;;s;;v;;w,Autumn = w  Daniel's friend = l(q)  ;;Brooke = r  Brooke's friend = l(r)  ;;Chad = k    Frank's enemy = t(v)    ;;Daniel = q  Chad's enemy = t(k)     ;;Erin = s    Erin's parent = d(s)    ;;Frank = v   Autumn's child = h(w)   ,93,26
5,L,SemanticApproach.INTENSIONAL,Representation.ABSTRACT,0_L_pfcp0,English phrases can be translated into formulae. Use the following translations to answer the question.;;;;,";;;;Here is an example of how to get a formula for a phrase.;;What is the formula for ""Chad's enemy's friend""?;;;;Here are the steps to arrive at the answer:;;1. Chad's enemy = t(k);;2. Chad's enemy's friend = l(t(k));;;;So the answer is l(t(k));;;;What is the formula for ""Daniel's parent's child's friend's parent""?",Daniel's parent's child's friend's parent,d(l(h(d(q)))),k;;q;;r;;s;;v;;w,Autumn = w  Daniel's friend = l(q)  ;;Brooke = r  Brooke's friend = l(r)  ;;Chad = k    Frank's enemy = t(v)    ;;Daniel = q  Chad's enemy = t(k)     ;;Erin = s    Erin's parent = d(s)    ;;Frank = v   Autumn's child = h(w)   ,72,27
5,L,SemanticApproach.INTENSIONAL,Representation.ABSTRACT,0_L_ceep4,English phrases can be translated into formulae. Use the following translations to answer the question.;;;;,";;;;Here is an example of how to get a formula for a phrase.;;What is the formula for ""Chad's enemy's friend""?;;;;Here are the steps to arrive at the answer:;;1. Chad's enemy = t(k);;2. Chad's enemy's friend = l(t(k));;;;So the answer is l(t(k));;;;What is the formula for ""Erin's parent's enemy's enemy's child""?",Erin's parent's enemy's enemy's child,h(t(t(d(s)))),k;;q;;r;;s;;v;;w,Autumn = w  Daniel's friend = l(q)  ;;Brooke = r  Brooke's friend = l(r)  ;;Chad = k    Frank's enemy = t(v)    ;;Daniel = q  Chad's enemy = t(k)     ;;Erin = s    Erin's parent = d(s)    ;;Frank = v   Autumn's child = h(w)   ,74,28
5,L,SemanticApproach.INTENSIONAL,Representation.ABSTRACT,0_L_ffcf4,English phrases can be translated into formulae. Use the following translations to answer the question.;;;;,";;;;Here is an example of how to get a formula for a phrase.;;What is the formula for ""Chad's enemy's friend""?;;;;Here are the steps to arrive at the answer:;;1. Chad's enemy = t(k);;2. Chad's enemy's friend = l(t(k));;;;So the answer is l(t(k));;;;What is the formula for ""Erin's friend's child's friend's friend""?",Erin's friend's child's friend's friend,l(l(h(l(s)))),k;;q;;r;;s;;v;;w,Autumn = w  Daniel's friend = l(q)  ;;Brooke = r  Brooke's friend = l(r)  ;;Chad = k    Frank's enemy = t(v)    ;;Daniel = q  Chad's enemy = t(k)     ;;Erin = s    Erin's parent = d(s)    ;;Frank = v   Autumn's child = h(w)   ,94,29
5,L,SemanticApproach.INTENSIONAL,Representation.ABSTRACT,0_L_fcpc5,English phrases can be translated into formulae. Use the following translations to answer the question.;;;;,";;;;Here is an example of how to get a formula for a phrase.;;What is the formula for ""Chad's enemy's friend""?;;;;Here are the steps to arrive at the answer:;;1. Chad's enemy = t(k);;2. Chad's enemy's friend = l(t(k));;;;So the answer is l(t(k));;;;What is the formula for ""Autumn's child's parent's child's friend""?",Autumn's child's parent's child's friend,l(h(d(h(w)))),k;;q;;r;;s;;v;;w,Autumn = w  Daniel's friend = l(q)  ;;Brooke = r  Brooke's friend = l(r)  ;;Chad = k    Frank's enemy = t(v)    ;;Daniel = q  Chad's enemy = t(k)     ;;Erin = s    Erin's parent = d(s)    ;;Frank = v   Autumn's child = h(w)   ,83,30
5,L,SemanticApproach.INTENSIONAL,Representation.ABSTRACT,0_L_fpef1,English phrases can be translated into formulae. Use the following translations to answer the question.;;;;,";;;;Here is an example of how to get a formula for a phrase.;;What is the formula for ""Chad's enemy's friend""?;;;;Here are the steps to arrive at the answer:;;1. Chad's enemy = t(k);;2. Chad's enemy's friend = l(t(k));;;;So the answer is l(t(k));;;;What is the formula for ""Brooke's friend's enemy's parent's friend""?",Brooke's friend's enemy's parent's friend,l(d(t(l(r)))),k;;q;;r;;s;;v;;w,Autumn = w  Daniel's friend = l(q)  ;;Brooke = r  Brooke's friend = l(r)  ;;Chad = k    Frank's enemy = t(v)    ;;Daniel = q  Chad's enemy = t(k)     ;;Erin = s    Erin's parent = d(s)    ;;Frank = v   Autumn's child = h(w)   ,77,31
5,L,SemanticApproach.INTENSIONAL,Representation.ABSTRACT,0_L_eeee0,English phrases can be translated into formulae. Use the following translations to answer the question.;;;;,";;;;Here is an example of how to get a formula for a phrase.;;What is the formula for ""Chad's enemy's friend""?;;;;Here are the steps to arrive at the answer:;;1. Chad's enemy = t(k);;2. Chad's enemy's friend = l(t(k));;;;So the answer is l(t(k));;;;What is the formula for ""Daniel's enemy's enemy's enemy's enemy""?",Daniel's enemy's enemy's enemy's enemy,t(t(t(t(q)))),k;;q;;r;;s;;v;;w,Autumn = w  Daniel's friend = l(q)  ;;Brooke = r  Brooke's friend = l(r)  ;;Chad = k    Frank's enemy = t(v)    ;;Daniel = q  Chad's enemy = t(k)     ;;Erin = s    Erin's parent = d(s)    ;;Frank = v   Autumn's child = h(w)   ,85,32
5,L,SemanticApproach.INTENSIONAL,Representation.ABSTRACT,0_L_pepc5,English phrases can be translated into formulae. Use the following translations to answer the question.;;;;,";;;;Here is an example of how to get a formula for a phrase.;;What is the formula for ""Chad's enemy's friend""?;;;;Here are the steps to arrive at the answer:;;1. Chad's enemy = t(k);;2. Chad's enemy's friend = l(t(k));;;;So the answer is l(t(k));;;;What is the formula for ""Autumn's child's parent's enemy's parent""?",Autumn's child's parent's enemy's parent,d(t(d(h(w)))),k;;q;;r;;s;;v;;w,Autumn = w  Daniel's friend = l(q)  ;;Brooke = r  Brooke's friend = l(r)  ;;Chad = k    Frank's enemy = t(v)    ;;Daniel = q  Chad's enemy = t(k)     ;;Erin = s    Erin's parent = d(s)    ;;Frank = v   Autumn's child = h(w)   ,81,33
5,L,SemanticApproach.INTENSIONAL,Representation.ABSTRACT,0_L_cece1,English phrases can be translated into formulae. Use the following translations to answer the question.;;;;,";;;;Here is an example of how to get a formula for a phrase.;;What is the formula for ""Chad's enemy's friend""?;;;;Here are the steps to arrive at the answer:;;1. Chad's enemy = t(k);;2. Chad's enemy's friend = l(t(k));;;;So the answer is l(t(k));;;;What is the formula for ""Brooke's enemy's child's enemy's child""?",Brooke's enemy's child's enemy's child,h(t(h(t(r)))),k;;q;;r;;s;;v;;w,Autumn = w  Daniel's friend = l(q)  ;;Brooke = r  Brooke's friend = l(r)  ;;Chad = k    Frank's enemy = t(v)    ;;Daniel = q  Chad's enemy = t(k)     ;;Erin = s    Erin's parent = d(s)    ;;Frank = v   Autumn's child = h(w)   ,70,34
5,L,SemanticApproach.INTENSIONAL,Representation.ABSTRACT,0_L_epff4,English phrases can be translated into formulae. Use the following translations to answer the question.;;;;,";;;;Here is an example of how to get a formula for a phrase.;;What is the formula for ""Chad's enemy's friend""?;;;;Here are the steps to arrive at the answer:;;1. Chad's enemy = t(k);;2. Chad's enemy's friend = l(t(k));;;;So the answer is l(t(k));;;;What is the formula for ""Erin's friend's friend's parent's enemy""?",Erin's friend's friend's parent's enemy,t(d(l(l(s)))),k;;q;;r;;s;;v;;w,Autumn = w  Daniel's friend = l(q)  ;;Brooke = r  Brooke's friend = l(r)  ;;Chad = k    Frank's enemy = t(v)    ;;Daniel = q  Chad's enemy = t(k)     ;;Erin = s    Erin's parent = d(s)    ;;Frank = v   Autumn's child = h(w)   ,96,35
5,L,SemanticApproach.INTENSIONAL,Representation.ABSTRACT,0_L_peff2,English phrases can be translated into formulae. Use the following translations to answer the question.;;;;,";;;;Here is an example of how to get a formula for a phrase.;;What is the formula for ""Chad's enemy's friend""?;;;;Here are the steps to arrive at the answer:;;1. Chad's enemy = t(k);;2. Chad's enemy's friend = l(t(k));;;;So the answer is l(t(k));;;;What is the formula for ""Frank's friend's friend's enemy's parent""?",Frank's friend's friend's enemy's parent,d(t(l(l(v)))),k;;q;;r;;s;;v;;w,Autumn = w  Daniel's friend = l(q)  ;;Brooke = r  Brooke's friend = l(r)  ;;Chad = k    Frank's enemy = t(v)    ;;Daniel = q  Chad's enemy = t(k)     ;;Erin = s    Erin's parent = d(s)    ;;Frank = v   Autumn's child = h(w)   ,63,36
5,L,SemanticApproach.INTENSIONAL,Representation.ABSTRACT,0_L_eeef0,English phrases can be translated into formulae. Use the following translations to answer the question.;;;;,";;;;Here is an example of how to get a formula for a phrase.;;What is the formula for ""Chad's enemy's friend""?;;;;Here are the steps to arrive at the answer:;;1. Chad's enemy = t(k);;2. Chad's enemy's friend = l(t(k));;;;So the answer is l(t(k));;;;What is the formula for ""Daniel's friend's enemy's enemy's enemy""?",Daniel's friend's enemy's enemy's enemy,t(t(t(l(q)))),k;;q;;r;;s;;v;;w,Autumn = w  Daniel's friend = l(q)  ;;Brooke = r  Brooke's friend = l(r)  ;;Chad = k    Frank's enemy = t(v)    ;;Daniel = q  Chad's enemy = t(k)     ;;Erin = s    Erin's parent = d(s)    ;;Frank = v   Autumn's child = h(w)   ,78,37
5,L,SemanticApproach.INTENSIONAL,Representation.ABSTRACT,0_L_peee5,English phrases can be translated into formulae. Use the following translations to answer the question.;;;;,";;;;Here is an example of how to get a formula for a phrase.;;What is the formula for ""Chad's enemy's friend""?;;;;Here are the steps to arrive at the answer:;;1. Chad's enemy = t(k);;2. Chad's enemy's friend = l(t(k));;;;So the answer is l(t(k));;;;What is the formula for ""Autumn's enemy's enemy's enemy's parent""?",Autumn's enemy's enemy's enemy's parent,d(t(t(t(w)))),k;;q;;r;;s;;v;;w,Autumn = w  Daniel's friend = l(q)  ;;Brooke = r  Brooke's friend = l(r)  ;;Chad = k    Frank's enemy = t(v)    ;;Daniel = q  Chad's enemy = t(k)     ;;Erin = s    Erin's parent = d(s)    ;;Frank = v   Autumn's child = h(w)   ,79,38
5,L,SemanticApproach.INTENSIONAL,Representation.ABSTRACT,0_L_epec5,English phrases can be translated into formulae. Use the following translations to answer the question.;;;;,";;;;Here is an example of how to get a formula for a phrase.;;What is the formula for ""Chad's enemy's friend""?;;;;Here are the steps to arrive at the answer:;;1. Chad's enemy = t(k);;2. Chad's enemy's friend = l(t(k));;;;So the answer is l(t(k));;;;What is the formula for ""Autumn's child's enemy's parent's enemy""?",Autumn's child's enemy's parent's enemy,t(d(t(h(w)))),k;;q;;r;;s;;v;;w,Autumn = w  Daniel's friend = l(q)  ;;Brooke = r  Brooke's friend = l(r)  ;;Chad = k    Frank's enemy = t(v)    ;;Daniel = q  Chad's enemy = t(k)     ;;Erin = s    Erin's parent = d(s)    ;;Frank = v   Autumn's child = h(w)   ,62,39
5,L,SemanticApproach.EXTENSIONAL,Representation.ENGLISH,0_L_ffpc1,"Imagine there are six people: Autumn, Brooke, Chad, Daniel, Erin and Frank. They have the following relationships to each other:;;;;",;;Here is how to figure out the answer to the following question:;;Who is Chad's enemy's friend?;;;;Here are the steps to arrive at the answer:;;1. Chad's enemy = Brooke;;2. Brooke's friend = Chad;;;;So the answer is Chad;;;;Now answer the following question:;;Who is Brooke's child's parent's friend's friend?,Brooke's child's parent's friend's friend,Brooke,Autumn;;Brooke;;Chad;;Daniel;;Erin;;Frank,Autumn's enemy = Daniel  Autumn's friend = Chad   Daniel's parent = Chad   Autumn's child = Erin   ;;Brooke's enemy = Chad    Brooke's friend = Erin   Erin's parent = Autumn   Brooke's child = Frank  ;;Chad's enemy = Brooke    Chad's friend = Autumn   Frank's parent = Brooke  Chad's child = Daniel   ;;Daniel's enemy = Autumn  Daniel's friend = Frank  ;;Erin's enemy = Frank     Erin's friend = Brooke   ;;Frank's enemy = Erin     Frank's friend = Daniel  ,75,0
5,L,SemanticApproach.EXTENSIONAL,Representation.ENGLISH,0_L_cece1,"Imagine there are six people: Autumn, Brooke, Chad, Daniel, Erin and Frank. They have the following relationships to each other:;;;;",;;Here is how to figure out the answer to the following question:;;Who is Chad's enemy's friend?;;;;Here are the steps to arrive at the answer:;;1. Chad's enemy = Brooke;;2. Brooke's friend = Chad;;;;So the answer is Chad;;;;Now answer the following question:;;Who is Brooke's enemy's child's enemy's child?,Brooke's enemy's child's enemy's child,Erin,Autumn;;Brooke;;Chad;;Daniel;;Erin;;Frank,Autumn's enemy = Daniel  Autumn's friend = Chad   Daniel's parent = Chad   Autumn's child = Erin   ;;Brooke's enemy = Chad    Brooke's friend = Erin   Erin's parent = Autumn   Brooke's child = Frank  ;;Chad's enemy = Brooke    Chad's friend = Autumn   Frank's parent = Brooke  Chad's child = Daniel   ;;Daniel's enemy = Autumn  Daniel's friend = Frank  ;;Erin's enemy = Frank     Erin's friend = Brooke   ;;Frank's enemy = Erin     Frank's friend = Daniel  ,70,1
5,L,SemanticApproach.EXTENSIONAL,Representation.ENGLISH,0_L_ffee0,"Imagine there are six people: Autumn, Brooke, Chad, Daniel, Erin and Frank. They have the following relationships to each other:;;;;",;;Here is how to figure out the answer to the following question:;;Who is Chad's enemy's friend?;;;;Here are the steps to arrive at the answer:;;1. Chad's enemy = Brooke;;2. Brooke's friend = Chad;;;;So the answer is Chad;;;;Now answer the following question:;;Who is Daniel's enemy's enemy's friend's friend?,Daniel's enemy's enemy's friend's friend,Daniel,Autumn;;Brooke;;Chad;;Daniel;;Erin;;Frank,Autumn's enemy = Daniel  Autumn's friend = Chad   Daniel's parent = Chad   Autumn's child = Erin   ;;Brooke's enemy = Chad    Brooke's friend = Erin   Erin's parent = Autumn   Brooke's child = Frank  ;;Chad's enemy = Brooke    Chad's friend = Autumn   Frank's parent = Brooke  Chad's child = Daniel   ;;Daniel's enemy = Autumn  Daniel's friend = Frank  ;;Erin's enemy = Frank     Erin's friend = Brooke   ;;Frank's enemy = Erin     Frank's friend = Daniel  ,76,2
5,L,SemanticApproach.EXTENSIONAL,Representation.ENGLISH,0_L_pffe5,"Imagine there are six people: Autumn, Brooke, Chad, Daniel, Erin and Frank. They have the following relationships to each other:;;;;",;;Here is how to figure out the answer to the following question:;;Who is Chad's enemy's friend?;;;;Here are the steps to arrive at the answer:;;1. Chad's enemy = Brooke;;2. Brooke's friend = Chad;;;;So the answer is Chad;;;;Now answer the following question:;;Who is Autumn's enemy's friend's friend's parent?,Autumn's enemy's friend's friend's parent,Chad,Autumn;;Brooke;;Chad;;Daniel;;Erin;;Frank,Autumn's enemy = Daniel  Autumn's friend = Chad   Daniel's parent = Chad   Autumn's child = Erin   ;;Brooke's enemy = Chad    Brooke's friend = Erin   Erin's parent = Autumn   Brooke's child = Frank  ;;Chad's enemy = Brooke    Chad's friend = Autumn   Frank's parent = Brooke  Chad's child = Daniel   ;;Daniel's enemy = Autumn  Daniel's friend = Frank  ;;Erin's enemy = Frank     Erin's friend = Brooke   ;;Frank's enemy = Erin     Frank's friend = Daniel  ,89,3
5,L,SemanticApproach.EXTENSIONAL,Representation.ENGLISH,0_L_fpef1,"Imagine there are six people: Autumn, Brooke, Chad, Daniel, Erin and Frank. They have the following relationships to each other:;;;;",;;Here is how to figure out the answer to the following question:;;Who is Chad's enemy's friend?;;;;Here are the steps to arrive at the answer:;;1. Chad's enemy = Brooke;;2. Brooke's friend = Chad;;;;So the answer is Chad;;;;Now answer the following question:;;Who is Brooke's friend's enemy's parent's friend?,Brooke's friend's enemy's parent's friend,Erin,Autumn;;Brooke;;Chad;;Daniel;;Erin;;Frank,Autumn's enemy = Daniel  Autumn's friend = Chad   Daniel's parent = Chad   Autumn's child = Erin   ;;Brooke's enemy = Chad    Brooke's friend = Erin   Erin's parent = Autumn   Brooke's child = Frank  ;;Chad's enemy = Brooke    Chad's friend = Autumn   Frank's parent = Brooke  Chad's child = Daniel   ;;Daniel's enemy = Autumn  Daniel's friend = Frank  ;;Erin's enemy = Frank     Erin's friend = Brooke   ;;Frank's enemy = Erin     Frank's friend = Daniel  ,77,4
5,L,SemanticApproach.EXTENSIONAL,Representation.ENGLISH,0_L_eeee0,"Imagine there are six people: Autumn, Brooke, Chad, Daniel, Erin and Frank. They have the following relationships to each other:;;;;",;;Here is how to figure out the answer to the following question:;;Who is Chad's enemy's friend?;;;;Here are the steps to arrive at the answer:;;1. Chad's enemy = Brooke;;2. Brooke's friend = Chad;;;;So the answer is Chad;;;;Now answer the following question:;;Who is Daniel's enemy's enemy's enemy's enemy?,Daniel's enemy's enemy's enemy's enemy,Daniel,Autumn;;Brooke;;Chad;;Daniel;;Erin;;Frank,Autumn's enemy = Daniel  Autumn's friend = Chad   Daniel's parent = Chad   Autumn's child = Erin   ;;Brooke's enemy = Chad    Brooke's friend = Erin   Erin's parent = Autumn   Brooke's child = Frank  ;;Chad's enemy = Brooke    Chad's friend = Autumn   Frank's parent = Brooke  Chad's child = Daniel   ;;Daniel's enemy = Autumn  Daniel's friend = Frank  ;;Erin's enemy = Frank     Erin's friend = Brooke   ;;Frank's enemy = Erin     Frank's friend = Daniel  ,85,5
5,L,SemanticApproach.EXTENSIONAL,Representation.ENGLISH,0_L_pepc5,"Imagine there are six people: Autumn, Brooke, Chad, Daniel, Erin and Frank. They have the following relationships to each other:;;;;",;;Here is how to figure out the answer to the following question:;;Who is Chad's enemy's friend?;;;;Here are the steps to arrive at the answer:;;1. Chad's enemy = Brooke;;2. Brooke's friend = Chad;;;;So the answer is Chad;;;;Now answer the following question:;;Who is Autumn's child's parent's enemy's parent?,Autumn's child's parent's enemy's parent,Chad,Autumn;;Brooke;;Chad;;Daniel;;Erin;;Frank,Autumn's enemy = Daniel  Autumn's friend = Chad   Daniel's parent = Chad   Autumn's child = Erin   ;;Brooke's enemy = Chad    Brooke's friend = Erin   Erin's parent = Autumn   Brooke's child = Frank  ;;Chad's enemy = Brooke    Chad's friend = Autumn   Frank's parent = Brooke  Chad's child = Daniel   ;;Daniel's enemy = Autumn  Daniel's friend = Frank  ;;Erin's enemy = Frank     Erin's friend = Brooke   ;;Frank's enemy = Erin     Frank's friend = Daniel  ,81,6
5,L,SemanticApproach.EXTENSIONAL,Representation.ENGLISH,0_L_feee5,"Imagine there are six people: Autumn, Brooke, Chad, Daniel, Erin and Frank. They have the following relationships to each other:;;;;",;;Here is how to figure out the answer to the following question:;;Who is Chad's enemy's friend?;;;;Here are the steps to arrive at the answer:;;1. Chad's enemy = Brooke;;2. Brooke's friend = Chad;;;;So the answer is Chad;;;;Now answer the following question:;;Who is Autumn's enemy's enemy's enemy's friend?,Autumn's enemy's enemy's enemy's friend,Frank,Autumn;;Brooke;;Chad;;Daniel;;Erin;;Frank,Autumn's enemy = Daniel  Autumn's friend = Chad   Daniel's parent = Chad   Autumn's child = Erin   ;;Brooke's enemy = Chad    Brooke's friend = Erin   Erin's parent = Autumn   Brooke's child = Frank  ;;Chad's enemy = Brooke    Chad's friend = Autumn   Frank's parent = Brooke  Chad's child = Daniel   ;;Daniel's enemy = Autumn  Daniel's friend = Frank  ;;Erin's enemy = Frank     Erin's friend = Brooke   ;;Frank's enemy = Erin     Frank's friend = Daniel  ,69,7
5,L,SemanticApproach.EXTENSIONAL,Representation.ENGLISH,0_L_pcef4,"Imagine there are six people: Autumn, Brooke, Chad, Daniel, Erin and Frank. They have the following relationships to each other:;;;;",;;Here is how to figure out the answer to the following question:;;Who is Chad's enemy's friend?;;;;Here are the steps to arrive at the answer:;;1. Chad's enemy = Brooke;;2. Brooke's friend = Chad;;;;So the answer is Chad;;;;Now answer the following question:;;Who is Erin's friend's enemy's child's parent?,Erin's friend's enemy's child's parent,Chad,Autumn;;Brooke;;Chad;;Daniel;;Erin;;Frank,Autumn's enemy = Daniel  Autumn's friend = Chad   Daniel's parent = Chad   Autumn's child = Erin   ;;Brooke's enemy = Chad    Brooke's friend = Erin   Erin's parent = Autumn   Brooke's child = Frank  ;;Chad's enemy = Brooke    Chad's friend = Autumn   Frank's parent = Brooke  Chad's child = Daniel   ;;Daniel's enemy = Autumn  Daniel's friend = Frank  ;;Erin's enemy = Frank     Erin's friend = Brooke   ;;Frank's enemy = Erin     Frank's friend = Daniel  ,91,8
5,L,SemanticApproach.EXTENSIONAL,Representation.ENGLISH,0_L_cefc5,"Imagine there are six people: Autumn, Brooke, Chad, Daniel, Erin and Frank. They have the following relationships to each other:;;;;",;;Here is how to figure out the answer to the following question:;;Who is Chad's enemy's friend?;;;;Here are the steps to arrive at the answer:;;1. Chad's enemy = Brooke;;2. Brooke's friend = Chad;;;;So the answer is Chad;;;;Now answer the following question:;;Who is Autumn's child's friend's enemy's child?,Autumn's child's friend's enemy's child,Daniel,Autumn;;Brooke;;Chad;;Daniel;;Erin;;Frank,Autumn's enemy = Daniel  Autumn's friend = Chad   Daniel's parent = Chad   Autumn's child = Erin   ;;Brooke's enemy = Chad    Brooke's friend = Erin   Erin's parent = Autumn   Brooke's child = Frank  ;;Chad's enemy = Brooke    Chad's friend = Autumn   Frank's parent = Brooke  Chad's child = Daniel   ;;Daniel's enemy = Autumn  Daniel's friend = Frank  ;;Erin's enemy = Frank     Erin's friend = Brooke   ;;Frank's enemy = Erin     Frank's friend = Daniel  ,93,9
5,L,SemanticApproach.EXTENSIONAL,Representation.ENGLISH,0_L_ffcf4,"Imagine there are six people: Autumn, Brooke, Chad, Daniel, Erin and Frank. They have the following relationships to each other:;;;;",;;Here is how to figure out the answer to the following question:;;Who is Chad's enemy's friend?;;;;Here are the steps to arrive at the answer:;;1. Chad's enemy = Brooke;;2. Brooke's friend = Chad;;;;So the answer is Chad;;;;Now answer the following question:;;Who is Erin's friend's child's friend's friend?,Erin's friend's child's friend's friend,Frank,Autumn;;Brooke;;Chad;;Daniel;;Erin;;Frank,Autumn's enemy = Daniel  Autumn's friend = Chad   Daniel's parent = Chad   Autumn's child = Erin   ;;Brooke's enemy = Chad    Brooke's friend = Erin   Erin's parent = Autumn   Brooke's child = Frank  ;;Chad's enemy = Brooke    Chad's friend = Autumn   Frank's parent = Brooke  Chad's child = Daniel   ;;Daniel's enemy = Autumn  Daniel's friend = Frank  ;;Erin's enemy = Frank     Erin's friend = Brooke   ;;Frank's enemy = Erin     Frank's friend = Daniel  ,94,10
5,L,SemanticApproach.EXTENSIONAL,Representation.ENGLISH,0_L_pepf1,"Imagine there are six people: Autumn, Brooke, Chad, Daniel, Erin and Frank. They have the following relationships to each other:;;;;",;;Here is how to figure out the answer to the following question:;;Who is Chad's enemy's friend?;;;;Here are the steps to arrive at the answer:;;1. Chad's enemy = Brooke;;2. Brooke's friend = Chad;;;;So the answer is Chad;;;;Now answer the following question:;;Who is Brooke's friend's parent's enemy's parent?,Brooke's friend's parent's enemy's parent,Chad,Autumn;;Brooke;;Chad;;Daniel;;Erin;;Frank,Autumn's enemy = Daniel  Autumn's friend = Chad   Daniel's parent = Chad   Autumn's child = Erin   ;;Brooke's enemy = Chad    Brooke's friend = Erin   Erin's parent = Autumn   Brooke's child = Frank  ;;Chad's enemy = Brooke    Chad's friend = Autumn   Frank's parent = Brooke  Chad's child = Daniel   ;;Daniel's enemy = Autumn  Daniel's friend = Frank  ;;Erin's enemy = Frank     Erin's friend = Brooke   ;;Frank's enemy = Erin     Frank's friend = Daniel  ,95,11
5,L,SemanticApproach.EXTENSIONAL,Representation.ENGLISH,0_L_peff2,"Imagine there are six people: Autumn, Brooke, Chad, Daniel, Erin and Frank. They have the following relationships to each other:;;;;",;;Here is how to figure out the answer to the following question:;;Who is Chad's enemy's friend?;;;;Here are the steps to arrive at the answer:;;1. Chad's enemy = Brooke;;2. Brooke's friend = Chad;;;;So the answer is Chad;;;;Now answer the following question:;;Who is Frank's friend's friend's enemy's parent?,Frank's friend's friend's enemy's parent,Autumn,Autumn;;Brooke;;Chad;;Daniel;;Erin;;Frank,Autumn's enemy = Daniel  Autumn's friend = Chad   Daniel's parent = Chad   Autumn's child = Erin   ;;Brooke's enemy = Chad    Brooke's friend = Erin   Erin's parent = Autumn   Brooke's child = Frank  ;;Chad's enemy = Brooke    Chad's friend = Autumn   Frank's parent = Brooke  Chad's child = Daniel   ;;Daniel's enemy = Autumn  Daniel's friend = Frank  ;;Erin's enemy = Frank     Erin's friend = Brooke   ;;Frank's enemy = Erin     Frank's friend = Daniel  ,63,12
5,L,SemanticApproach.EXTENSIONAL,Representation.ENGLISH,0_L_cpfc3,"Imagine there are six people: Autumn, Brooke, Chad, Daniel, Erin and Frank. They have the following relationships to each other:;;;;",;;Here is how to figure out the answer to the following question:;;Who is Chad's enemy's friend?;;;;Here are the steps to arrive at the answer:;;1. Chad's enemy = Brooke;;2. Brooke's friend = Chad;;;;So the answer is Chad;;;;Now answer the following question:;;Who is Chad's child's friend's parent's child?,Chad's child's friend's parent's child,Frank,Autumn;;Brooke;;Chad;;Daniel;;Erin;;Frank,Autumn's enemy = Daniel  Autumn's friend = Chad   Daniel's parent = Chad   Autumn's child = Erin   ;;Brooke's enemy = Chad    Brooke's friend = Erin   Erin's parent = Autumn   Brooke's child = Frank  ;;Chad's enemy = Brooke    Chad's friend = Autumn   Frank's parent = Brooke  Chad's child = Daniel   ;;Daniel's enemy = Autumn  Daniel's friend = Frank  ;;Erin's enemy = Frank     Erin's friend = Brooke   ;;Frank's enemy = Erin     Frank's friend = Daniel  ,92,13
5,L,SemanticApproach.EXTENSIONAL,Representation.ENGLISH,0_L_peee5,"Imagine there are six people: Autumn, Brooke, Chad, Daniel, Erin and Frank. They have the following relationships to each other:;;;;",;;Here is how to figure out the answer to the following question:;;Who is Chad's enemy's friend?;;;;Here are the steps to arrive at the answer:;;1. Chad's enemy = Brooke;;2. Brooke's friend = Chad;;;;So the answer is Chad;;;;Now answer the following question:;;Who is Autumn's enemy's enemy's enemy's parent?,Autumn's enemy's enemy's enemy's parent,Chad,Autumn;;Brooke;;Chad;;Daniel;;Erin;;Frank,Autumn's enemy = Daniel  Autumn's friend = Chad   Daniel's parent = Chad   Autumn's child = Erin   ;;Brooke's enemy = Chad    Brooke's friend = Erin   Erin's parent = Autumn   Brooke's child = Frank  ;;Chad's enemy = Brooke    Chad's friend = Autumn   Frank's parent = Brooke  Chad's child = Daniel   ;;Daniel's enemy = Autumn  Daniel's friend = Frank  ;;Erin's enemy = Frank     Erin's friend = Brooke   ;;Frank's enemy = Erin     Frank's friend = Daniel  ,79,14
5,L,SemanticApproach.EXTENSIONAL,Representation.ENGLISH,0_L_ecee5,"Imagine there are six people: Autumn, Brooke, Chad, Daniel, Erin and Frank. They have the following relationships to each other:;;;;",;;Here is how to figure out the answer to the following question:;;Who is Chad's enemy's friend?;;;;Here are the steps to arrive at the answer:;;1. Chad's enemy = Brooke;;2. Brooke's friend = Chad;;;;So the answer is Chad;;;;Now answer the following question:;;Who is Autumn's enemy's enemy's child's enemy?,Autumn's enemy's enemy's child's enemy,Frank,Autumn;;Brooke;;Chad;;Daniel;;Erin;;Frank,Autumn's enemy = Daniel  Autumn's friend = Chad   Daniel's parent = Chad   Autumn's child = Erin   ;;Brooke's enemy = Chad    Brooke's friend = Erin   Erin's parent = Autumn   Brooke's child = Frank  ;;Chad's enemy = Brooke    Chad's friend = Autumn   Frank's parent = Brooke  Chad's child = Daniel   ;;Daniel's enemy = Autumn  Daniel's friend = Frank  ;;Erin's enemy = Frank     Erin's friend = Brooke   ;;Frank's enemy = Erin     Frank's friend = Daniel  ,88,15
5,L,SemanticApproach.EXTENSIONAL,Representation.ENGLISH,0_L_fffp2,"Imagine there are six people: Autumn, Brooke, Chad, Daniel, Erin and Frank. They have the following relationships to each other:;;;;",;;Here is how to figure out the answer to the following question:;;Who is Chad's enemy's friend?;;;;Here are the steps to arrive at the answer:;;1. Chad's enemy = Brooke;;2. Brooke's friend = Chad;;;;So the answer is Chad;;;;Now answer the following question:;;Who is Frank's parent's friend's friend's friend?,Frank's parent's friend's friend's friend,Erin,Autumn;;Brooke;;Chad;;Daniel;;Erin;;Frank,Autumn's enemy = Daniel  Autumn's friend = Chad   Daniel's parent = Chad   Autumn's child = Erin   ;;Brooke's enemy = Chad    Brooke's friend = Erin   Erin's parent = Autumn   Brooke's child = Frank  ;;Chad's enemy = Brooke    Chad's friend = Autumn   Frank's parent = Brooke  Chad's child = Daniel   ;;Daniel's enemy = Autumn  Daniel's friend = Frank  ;;Erin's enemy = Frank     Erin's friend = Brooke   ;;Frank's enemy = Erin     Frank's friend = Daniel  ,67,16
5,L,SemanticApproach.EXTENSIONAL,Representation.ENGLISH,0_L_eeef0,"Imagine there are six people: Autumn, Brooke, Chad, Daniel, Erin and Frank. They have the following relationships to each other:;;;;",;;Here is how to figure out the answer to the following question:;;Who is Chad's enemy's friend?;;;;Here are the steps to arrive at the answer:;;1. Chad's enemy = Brooke;;2. Brooke's friend = Chad;;;;So the answer is Chad;;;;Now answer the following question:;;Who is Daniel's friend's enemy's enemy's enemy?,Daniel's friend's enemy's enemy's enemy,Erin,Autumn;;Brooke;;Chad;;Daniel;;Erin;;Frank,Autumn's enemy = Daniel  Autumn's friend = Chad   Daniel's parent = Chad   Autumn's child = Erin   ;;Brooke's enemy = Chad    Brooke's friend = Erin   Erin's parent = Autumn   Brooke's child = Frank  ;;Chad's enemy = Brooke    Chad's friend = Autumn   Frank's parent = Brooke  Chad's child = Daniel   ;;Daniel's enemy = Autumn  Daniel's friend = Frank  ;;Erin's enemy = Frank     Erin's friend = Brooke   ;;Frank's enemy = Erin     Frank's friend = Daniel  ,78,17
5,L,SemanticApproach.EXTENSIONAL,Representation.ENGLISH,0_L_fcec3,"Imagine there are six people: Autumn, Brooke, Chad, Daniel, Erin and Frank. They have the following relationships to each other:;;;;",;;Here is how to figure out the answer to the following question:;;Who is Chad's enemy's friend?;;;;Here are the steps to arrive at the answer:;;1. Chad's enemy = Brooke;;2. Brooke's friend = Chad;;;;So the answer is Chad;;;;Now answer the following question:;;Who is Chad's child's enemy's child's friend?,Chad's child's enemy's child's friend,Brooke,Autumn;;Brooke;;Chad;;Daniel;;Erin;;Frank,Autumn's enemy = Daniel  Autumn's friend = Chad   Daniel's parent = Chad   Autumn's child = Erin   ;;Brooke's enemy = Chad    Brooke's friend = Erin   Erin's parent = Autumn   Brooke's child = Frank  ;;Chad's enemy = Brooke    Chad's friend = Autumn   Frank's parent = Brooke  Chad's child = Daniel   ;;Daniel's enemy = Autumn  Daniel's friend = Frank  ;;Erin's enemy = Frank     Erin's friend = Brooke   ;;Frank's enemy = Erin     Frank's friend = Daniel  ,64,18
5,L,SemanticApproach.EXTENSIONAL,Representation.ENGLISH,0_L_cpef0,"Imagine there are six people: Autumn, Brooke, Chad, Daniel, Erin and Frank. They have the following relationships to each other:;;;;",;;Here is how to figure out the answer to the following question:;;Who is Chad's enemy's friend?;;;;Here are the steps to arrive at the answer:;;1. Chad's enemy = Brooke;;2. Brooke's friend = Chad;;;;So the answer is Chad;;;;Now answer the following question:;;Who is Daniel's friend's enemy's parent's child?,Daniel's friend's enemy's parent's child,Erin,Autumn;;Brooke;;Chad;;Daniel;;Erin;;Frank,Autumn's enemy = Daniel  Autumn's friend = Chad   Daniel's parent = Chad   Autumn's child = Erin   ;;Brooke's enemy = Chad    Brooke's friend = Erin   Erin's parent = Autumn   Brooke's child = Frank  ;;Chad's enemy = Brooke    Chad's friend = Autumn   Frank's parent = Brooke  Chad's child = Daniel   ;;Daniel's enemy = Autumn  Daniel's friend = Frank  ;;Erin's enemy = Frank     Erin's friend = Brooke   ;;Frank's enemy = Erin     Frank's friend = Daniel  ,97,19
5,L,SemanticApproach.EXTENSIONAL,Representation.ENGLISH,0_L_eefe5,"Imagine there are six people: Autumn, Brooke, Chad, Daniel, Erin and Frank. They have the following relationships to each other:;;;;",;;Here is how to figure out the answer to the following question:;;Who is Chad's enemy's friend?;;;;Here are the steps to arrive at the answer:;;1. Chad's enemy = Brooke;;2. Brooke's friend = Chad;;;;So the answer is Chad;;;;Now answer the following question:;;Who is Autumn's enemy's friend's enemy's enemy?,Autumn's enemy's friend's enemy's enemy,Frank,Autumn;;Brooke;;Chad;;Daniel;;Erin;;Frank,Autumn's enemy = Daniel  Autumn's friend = Chad   Daniel's parent = Chad   Autumn's child = Erin   ;;Brooke's enemy = Chad    Brooke's friend = Erin   Erin's parent = Autumn   Brooke's child = Frank  ;;Chad's enemy = Brooke    Chad's friend = Autumn   Frank's parent = Brooke  Chad's child = Daniel   ;;Daniel's enemy = Autumn  Daniel's friend = Frank  ;;Erin's enemy = Frank     Erin's friend = Brooke   ;;Frank's enemy = Erin     Frank's friend = Daniel  ,80,20
5,L,SemanticApproach.EXTENSIONAL,Representation.ENGLISH,0_L_pfcp0,"Imagine there are six people: Autumn, Brooke, Chad, Daniel, Erin and Frank. They have the following relationships to each other:;;;;",;;Here is how to figure out the answer to the following question:;;Who is Chad's enemy's friend?;;;;Here are the steps to arrive at the answer:;;1. Chad's enemy = Brooke;;2. Brooke's friend = Chad;;;;So the answer is Chad;;;;Now answer the following question:;;Who is Daniel's parent's child's friend's parent?,Daniel's parent's child's friend's parent,Brooke,Autumn;;Brooke;;Chad;;Daniel;;Erin;;Frank,Autumn's enemy = Daniel  Autumn's friend = Chad   Daniel's parent = Chad   Autumn's child = Erin   ;;Brooke's enemy = Chad    Brooke's friend = Erin   Erin's parent = Autumn   Brooke's child = Frank  ;;Chad's enemy = Brooke    Chad's friend = Autumn   Frank's parent = Brooke  Chad's child = Daniel   ;;Daniel's enemy = Autumn  Daniel's friend = Frank  ;;Erin's enemy = Frank     Erin's friend = Brooke   ;;Frank's enemy = Erin     Frank's friend = Daniel  ,72,21
5,L,SemanticApproach.EXTENSIONAL,Representation.ENGLISH,0_L_efec5,"Imagine there are six people: Autumn, Brooke, Chad, Daniel, Erin and Frank. They have the following relationships to each other:;;;;",;;Here is how to figure out the answer to the following question:;;Who is Chad's enemy's friend?;;;;Here are the steps to arrive at the answer:;;1. Chad's enemy = Brooke;;2. Brooke's friend = Chad;;;;So the answer is Chad;;;;Now answer the following question:;;Who is Autumn's child's enemy's friend's enemy?,Autumn's child's enemy's friend's enemy,Autumn,Autumn;;Brooke;;Chad;;Daniel;;Erin;;Frank,Autumn's enemy = Daniel  Autumn's friend = Chad   Daniel's parent = Chad   Autumn's child = Erin   ;;Brooke's enemy = Chad    Brooke's friend = Erin   Erin's parent = Autumn   Brooke's child = Frank  ;;Chad's enemy = Brooke    Chad's friend = Autumn   Frank's parent = Brooke  Chad's child = Daniel   ;;Daniel's enemy = Autumn  Daniel's friend = Frank  ;;Erin's enemy = Frank     Erin's friend = Brooke   ;;Frank's enemy = Erin     Frank's friend = Daniel  ,99,22
5,L,SemanticApproach.EXTENSIONAL,Representation.ENGLISH,0_L_pecf4,"Imagine there are six people: Autumn, Brooke, Chad, Daniel, Erin and Frank. They have the following relationships to each other:;;;;",;;Here is how to figure out the answer to the following question:;;Who is Chad's enemy's friend?;;;;Here are the steps to arrive at the answer:;;1. Chad's enemy = Brooke;;2. Brooke's friend = Chad;;;;So the answer is Chad;;;;Now answer the following question:;;Who is Erin's friend's child's enemy's parent?,Erin's friend's child's enemy's parent,Autumn,Autumn;;Brooke;;Chad;;Daniel;;Erin;;Frank,Autumn's enemy = Daniel  Autumn's friend = Chad   Daniel's parent = Chad   Autumn's child = Erin   ;;Brooke's enemy = Chad    Brooke's friend = Erin   Erin's parent = Autumn   Brooke's child = Frank  ;;Chad's enemy = Brooke    Chad's friend = Autumn   Frank's parent = Brooke  Chad's child = Daniel   ;;Daniel's enemy = Autumn  Daniel's friend = Frank  ;;Erin's enemy = Frank     Erin's friend = Brooke   ;;Frank's enemy = Erin     Frank's friend = Daniel  ,87,23
5,L,SemanticApproach.EXTENSIONAL,Representation.ENGLISH,0_L_fpee0,"Imagine there are six people: Autumn, Brooke, Chad, Daniel, Erin and Frank. They have the following relationships to each other:;;;;",;;Here is how to figure out the answer to the following question:;;Who is Chad's enemy's friend?;;;;Here are the steps to arrive at the answer:;;1. Chad's enemy = Brooke;;2. Brooke's friend = Chad;;;;So the answer is Chad;;;;Now answer the following question:;;Who is Daniel's enemy's enemy's parent's friend?,Daniel's enemy's enemy's parent's friend,Autumn,Autumn;;Brooke;;Chad;;Daniel;;Erin;;Frank,Autumn's enemy = Daniel  Autumn's friend = Chad   Daniel's parent = Chad   Autumn's child = Erin   ;;Brooke's enemy = Chad    Brooke's friend = Erin   Erin's parent = Autumn   Brooke's child = Frank  ;;Chad's enemy = Brooke    Chad's friend = Autumn   Frank's parent = Brooke  Chad's child = Daniel   ;;Daniel's enemy = Autumn  Daniel's friend = Frank  ;;Erin's enemy = Frank     Erin's friend = Brooke   ;;Frank's enemy = Erin     Frank's friend = Daniel  ,84,24
5,L,SemanticApproach.EXTENSIONAL,Representation.ENGLISH,0_L_feff1,"Imagine there are six people: Autumn, Brooke, Chad, Daniel, Erin and Frank. They have the following relationships to each other:;;;;",;;Here is how to figure out the answer to the following question:;;Who is Chad's enemy's friend?;;;;Here are the steps to arrive at the answer:;;1. Chad's enemy = Brooke;;2. Brooke's friend = Chad;;;;So the answer is Chad;;;;Now answer the following question:;;Who is Brooke's friend's friend's enemy's friend?,Brooke's friend's friend's enemy's friend,Autumn,Autumn;;Brooke;;Chad;;Daniel;;Erin;;Frank,Autumn's enemy = Daniel  Autumn's friend = Chad   Daniel's parent = Chad   Autumn's child = Erin   ;;Brooke's enemy = Chad    Brooke's friend = Erin   Erin's parent = Autumn   Brooke's child = Frank  ;;Chad's enemy = Brooke    Chad's friend = Autumn   Frank's parent = Brooke  Chad's child = Daniel   ;;Daniel's enemy = Autumn  Daniel's friend = Frank  ;;Erin's enemy = Frank     Erin's friend = Brooke   ;;Frank's enemy = Erin     Frank's friend = Daniel  ,86,25
5,L,SemanticApproach.EXTENSIONAL,Representation.ENGLISH,0_L_fecf3,"Imagine there are six people: Autumn, Brooke, Chad, Daniel, Erin and Frank. They have the following relationships to each other:;;;;",;;Here is how to figure out the answer to the following question:;;Who is Chad's enemy's friend?;;;;Here are the steps to arrive at the answer:;;1. Chad's enemy = Brooke;;2. Brooke's friend = Chad;;;;So the answer is Chad;;;;Now answer the following question:;;Who is Chad's friend's child's enemy's friend?,Chad's friend's child's enemy's friend,Daniel,Autumn;;Brooke;;Chad;;Daniel;;Erin;;Frank,Autumn's enemy = Daniel  Autumn's friend = Chad   Daniel's parent = Chad   Autumn's child = Erin   ;;Brooke's enemy = Chad    Brooke's friend = Erin   Erin's parent = Autumn   Brooke's child = Frank  ;;Chad's enemy = Brooke    Chad's friend = Autumn   Frank's parent = Brooke  Chad's child = Daniel   ;;Daniel's enemy = Autumn  Daniel's friend = Frank  ;;Erin's enemy = Frank     Erin's friend = Brooke   ;;Frank's enemy = Erin     Frank's friend = Daniel  ,82,26
5,L,SemanticApproach.EXTENSIONAL,Representation.ENGLISH,0_L_effc5,"Imagine there are six people: Autumn, Brooke, Chad, Daniel, Erin and Frank. They have the following relationships to each other:;;;;",;;Here is how to figure out the answer to the following question:;;Who is Chad's enemy's friend?;;;;Here are the steps to arrive at the answer:;;1. Chad's enemy = Brooke;;2. Brooke's friend = Chad;;;;So the answer is Chad;;;;Now answer the following question:;;Who is Autumn's child's friend's friend's enemy?,Autumn's child's friend's friend's enemy,Frank,Autumn;;Brooke;;Chad;;Daniel;;Erin;;Frank,Autumn's enemy = Daniel  Autumn's friend = Chad   Daniel's parent = Chad   Autumn's child = Erin   ;;Brooke's enemy = Chad    Brooke's friend = Erin   Erin's parent = Autumn   Brooke's child = Frank  ;;Chad's enemy = Brooke    Chad's friend = Autumn   Frank's parent = Brooke  Chad's child = Daniel   ;;Daniel's enemy = Autumn  Daniel's friend = Frank  ;;Erin's enemy = Frank     Erin's friend = Brooke   ;;Frank's enemy = Erin     Frank's friend = Daniel  ,68,27
5,L,SemanticApproach.EXTENSIONAL,Representation.ENGLISH,0_L_fcpc5,"Imagine there are six people: Autumn, Brooke, Chad, Daniel, Erin and Frank. They have the following relationships to each other:;;;;",;;Here is how to figure out the answer to the following question:;;Who is Chad's enemy's friend?;;;;Here are the steps to arrive at the answer:;;1. Chad's enemy = Brooke;;2. Brooke's friend = Chad;;;;So the answer is Chad;;;;Now answer the following question:;;Who is Autumn's child's parent's child's friend?,Autumn's child's parent's child's friend,Brooke,Autumn;;Brooke;;Chad;;Daniel;;Erin;;Frank,Autumn's enemy = Daniel  Autumn's friend = Chad   Daniel's parent = Chad   Autumn's child = Erin   ;;Brooke's enemy = Chad    Brooke's friend = Erin   Erin's parent = Autumn   Brooke's child = Frank  ;;Chad's enemy = Brooke    Chad's friend = Autumn   Frank's parent = Brooke  Chad's child = Daniel   ;;Daniel's enemy = Autumn  Daniel's friend = Frank  ;;Erin's enemy = Frank     Erin's friend = Brooke   ;;Frank's enemy = Erin     Frank's friend = Daniel  ,83,28
5,L,SemanticApproach.EXTENSIONAL,Representation.ENGLISH,0_L_efpc3,"Imagine there are six people: Autumn, Brooke, Chad, Daniel, Erin and Frank. They have the following relationships to each other:;;;;",;;Here is how to figure out the answer to the following question:;;Who is Chad's enemy's friend?;;;;Here are the steps to arrive at the answer:;;1. Chad's enemy = Brooke;;2. Brooke's friend = Chad;;;;So the answer is Chad;;;;Now answer the following question:;;Who is Chad's child's parent's friend's enemy?,Chad's child's parent's friend's enemy,Daniel,Autumn;;Brooke;;Chad;;Daniel;;Erin;;Frank,Autumn's enemy = Daniel  Autumn's friend = Chad   Daniel's parent = Chad   Autumn's child = Erin   ;;Brooke's enemy = Chad    Brooke's friend = Erin   Erin's parent = Autumn   Brooke's child = Frank  ;;Chad's enemy = Brooke    Chad's friend = Autumn   Frank's parent = Brooke  Chad's child = Daniel   ;;Daniel's enemy = Autumn  Daniel's friend = Frank  ;;Erin's enemy = Frank     Erin's friend = Brooke   ;;Frank's enemy = Erin     Frank's friend = Daniel  ,66,29
5,L,SemanticApproach.EXTENSIONAL,Representation.ENGLISH,0_L_epff2,"Imagine there are six people: Autumn, Brooke, Chad, Daniel, Erin and Frank. They have the following relationships to each other:;;;;",;;Here is how to figure out the answer to the following question:;;Who is Chad's enemy's friend?;;;;Here are the steps to arrive at the answer:;;1. Chad's enemy = Brooke;;2. Brooke's friend = Chad;;;;So the answer is Chad;;;;Now answer the following question:;;Who is Frank's friend's friend's parent's enemy?,Frank's friend's friend's parent's enemy,Chad,Autumn;;Brooke;;Chad;;Daniel;;Erin;;Frank,Autumn's enemy = Daniel  Autumn's friend = Chad   Daniel's parent = Chad   Autumn's child = Erin   ;;Brooke's enemy = Chad    Brooke's friend = Erin   Erin's parent = Autumn   Brooke's child = Frank  ;;Chad's enemy = Brooke    Chad's friend = Autumn   Frank's parent = Brooke  Chad's child = Daniel   ;;Daniel's enemy = Autumn  Daniel's friend = Frank  ;;Erin's enemy = Frank     Erin's friend = Brooke   ;;Frank's enemy = Erin     Frank's friend = Daniel  ,98,30
5,L,SemanticApproach.EXTENSIONAL,Representation.ENGLISH,0_L_cpep4,"Imagine there are six people: Autumn, Brooke, Chad, Daniel, Erin and Frank. They have the following relationships to each other:;;;;",;;Here is how to figure out the answer to the following question:;;Who is Chad's enemy's friend?;;;;Here are the steps to arrive at the answer:;;1. Chad's enemy = Brooke;;2. Brooke's friend = Chad;;;;So the answer is Chad;;;;Now answer the following question:;;Who is Erin's parent's enemy's parent's child?,Erin's parent's enemy's parent's child,Daniel,Autumn;;Brooke;;Chad;;Daniel;;Erin;;Frank,Autumn's enemy = Daniel  Autumn's friend = Chad   Daniel's parent = Chad   Autumn's child = Erin   ;;Brooke's enemy = Chad    Brooke's friend = Erin   Erin's parent = Autumn   Brooke's child = Frank  ;;Chad's enemy = Brooke    Chad's friend = Autumn   Frank's parent = Brooke  Chad's child = Daniel   ;;Daniel's enemy = Autumn  Daniel's friend = Frank  ;;Erin's enemy = Frank     Erin's friend = Brooke   ;;Frank's enemy = Erin     Frank's friend = Daniel  ,71,31
5,L,SemanticApproach.EXTENSIONAL,Representation.ENGLISH,0_L_effc3,"Imagine there are six people: Autumn, Brooke, Chad, Daniel, Erin and Frank. They have the following relationships to each other:;;;;",;;Here is how to figure out the answer to the following question:;;Who is Chad's enemy's friend?;;;;Here are the steps to arrive at the answer:;;1. Chad's enemy = Brooke;;2. Brooke's friend = Chad;;;;So the answer is Chad;;;;Now answer the following question:;;Who is Chad's child's friend's friend's enemy?,Chad's child's friend's friend's enemy,Autumn,Autumn;;Brooke;;Chad;;Daniel;;Erin;;Frank,Autumn's enemy = Daniel  Autumn's friend = Chad   Daniel's parent = Chad   Autumn's child = Erin   ;;Brooke's enemy = Chad    Brooke's friend = Erin   Erin's parent = Autumn   Brooke's child = Frank  ;;Chad's enemy = Brooke    Chad's friend = Autumn   Frank's parent = Brooke  Chad's child = Daniel   ;;Daniel's enemy = Autumn  Daniel's friend = Frank  ;;Erin's enemy = Frank     Erin's friend = Brooke   ;;Frank's enemy = Erin     Frank's friend = Daniel  ,90,32
5,L,SemanticApproach.EXTENSIONAL,Representation.ENGLISH,0_L_efpf2,"Imagine there are six people: Autumn, Brooke, Chad, Daniel, Erin and Frank. They have the following relationships to each other:;;;;",;;Here is how to figure out the answer to the following question:;;Who is Chad's enemy's friend?;;;;Here are the steps to arrive at the answer:;;1. Chad's enemy = Brooke;;2. Brooke's friend = Chad;;;;So the answer is Chad;;;;Now answer the following question:;;Who is Frank's friend's parent's friend's enemy?,Frank's friend's parent's friend's enemy,Daniel,Autumn;;Brooke;;Chad;;Daniel;;Erin;;Frank,Autumn's enemy = Daniel  Autumn's friend = Chad   Daniel's parent = Chad   Autumn's child = Erin   ;;Brooke's enemy = Chad    Brooke's friend = Erin   Erin's parent = Autumn   Brooke's child = Frank  ;;Chad's enemy = Brooke    Chad's friend = Autumn   Frank's parent = Brooke  Chad's child = Daniel   ;;Daniel's enemy = Autumn  Daniel's friend = Frank  ;;Erin's enemy = Frank     Erin's friend = Brooke   ;;Frank's enemy = Erin     Frank's friend = Daniel  ,73,33
5,L,SemanticApproach.EXTENSIONAL,Representation.ENGLISH,0_L_pcee5,"Imagine there are six people: Autumn, Brooke, Chad, Daniel, Erin and Frank. They have the following relationships to each other:;;;;",;;Here is how to figure out the answer to the following question:;;Who is Chad's enemy's friend?;;;;Here are the steps to arrive at the answer:;;1. Chad's enemy = Brooke;;2. Brooke's friend = Chad;;;;So the answer is Chad;;;;Now answer the following question:;;Who is Autumn's enemy's enemy's child's parent?,Autumn's enemy's enemy's child's parent,Autumn,Autumn;;Brooke;;Chad;;Daniel;;Erin;;Frank,Autumn's enemy = Daniel  Autumn's friend = Chad   Daniel's parent = Chad   Autumn's child = Erin   ;;Brooke's enemy = Chad    Brooke's friend = Erin   Erin's parent = Autumn   Brooke's child = Frank  ;;Chad's enemy = Brooke    Chad's friend = Autumn   Frank's parent = Brooke  Chad's child = Daniel   ;;Daniel's enemy = Autumn  Daniel's friend = Frank  ;;Erin's enemy = Frank     Erin's friend = Brooke   ;;Frank's enemy = Erin     Frank's friend = Daniel  ,65,34
5,L,SemanticApproach.EXTENSIONAL,Representation.ENGLISH,0_L_ceep4,"Imagine there are six people: Autumn, Brooke, Chad, Daniel, Erin and Frank. They have the following relationships to each other:;;;;",;;Here is how to figure out the answer to the following question:;;Who is Chad's enemy's friend?;;;;Here are the steps to arrive at the answer:;;1. Chad's enemy = Brooke;;2. Brooke's friend = Chad;;;;So the answer is Chad;;;;Now answer the following question:;;Who is Erin's parent's enemy's enemy's child?,Erin's parent's enemy's enemy's child,Erin,Autumn;;Brooke;;Chad;;Daniel;;Erin;;Frank,Autumn's enemy = Daniel  Autumn's friend = Chad   Daniel's parent = Chad   Autumn's child = Erin   ;;Brooke's enemy = Chad    Brooke's friend = Erin   Erin's parent = Autumn   Brooke's child = Frank  ;;Chad's enemy = Brooke    Chad's friend = Autumn   Frank's parent = Brooke  Chad's child = Daniel   ;;Daniel's enemy = Autumn  Daniel's friend = Frank  ;;Erin's enemy = Frank     Erin's friend = Brooke   ;;Frank's enemy = Erin     Frank's friend = Daniel  ,74,35
5,L,SemanticApproach.EXTENSIONAL,Representation.ENGLISH,0_L_efcf4,"Imagine there are six people: Autumn, Brooke, Chad, Daniel, Erin and Frank. They have the following relationships to each other:;;;;",;;Here is how to figure out the answer to the following question:;;Who is Chad's enemy's friend?;;;;Here are the steps to arrive at the answer:;;1. Chad's enemy = Brooke;;2. Brooke's friend = Chad;;;;So the answer is Chad;;;;Now answer the following question:;;Who is Erin's friend's child's friend's enemy?,Erin's friend's child's friend's enemy,Autumn,Autumn;;Brooke;;Chad;;Daniel;;Erin;;Frank,Autumn's enemy = Daniel  Autumn's friend = Chad   Daniel's parent = Chad   Autumn's child = Erin   ;;Brooke's enemy = Chad    Brooke's friend = Erin   Erin's parent = Autumn   Brooke's child = Frank  ;;Chad's enemy = Brooke    Chad's friend = Autumn   Frank's parent = Brooke  Chad's child = Daniel   ;;Daniel's enemy = Autumn  Daniel's friend = Frank  ;;Erin's enemy = Frank     Erin's friend = Brooke   ;;Frank's enemy = Erin     Frank's friend = Daniel  ,100,36
5,L,SemanticApproach.EXTENSIONAL,Representation.ENGLISH,0_L_epff4,"Imagine there are six people: Autumn, Brooke, Chad, Daniel, Erin and Frank. They have the following relationships to each other:;;;;",;;Here is how to figure out the answer to the following question:;;Who is Chad's enemy's friend?;;;;Here are the steps to arrive at the answer:;;1. Chad's enemy = Brooke;;2. Brooke's friend = Chad;;;;So the answer is Chad;;;;Now answer the following question:;;Who is Erin's friend's friend's parent's enemy?,Erin's friend's friend's parent's enemy,Daniel,Autumn;;Brooke;;Chad;;Daniel;;Erin;;Frank,Autumn's enemy = Daniel  Autumn's friend = Chad   Daniel's parent = Chad   Autumn's child = Erin   ;;Brooke's enemy = Chad    Brooke's friend = Erin   Erin's parent = Autumn   Brooke's child = Frank  ;;Chad's enemy = Brooke    Chad's friend = Autumn   Frank's parent = Brooke  Chad's child = Daniel   ;;Daniel's enemy = Autumn  Daniel's friend = Frank  ;;Erin's enemy = Frank     Erin's friend = Brooke   ;;Frank's enemy = Erin     Frank's friend = Daniel  ,96,37
5,L,SemanticApproach.EXTENSIONAL,Representation.ENGLISH,0_L_fepe2,"Imagine there are six people: Autumn, Brooke, Chad, Daniel, Erin and Frank. They have the following relationships to each other:;;;;",;;Here is how to figure out the answer to the following question:;;Who is Chad's enemy's friend?;;;;Here are the steps to arrive at the answer:;;1. Chad's enemy = Brooke;;2. Brooke's friend = Chad;;;;So the answer is Chad;;;;Now answer the following question:;;Who is Frank's enemy's parent's enemy's friend?,Frank's enemy's parent's enemy's friend,Frank,Autumn;;Brooke;;Chad;;Daniel;;Erin;;Frank,Autumn's enemy = Daniel  Autumn's friend = Chad   Daniel's parent = Chad   Autumn's child = Erin   ;;Brooke's enemy = Chad    Brooke's friend = Erin   Erin's parent = Autumn   Brooke's child = Frank  ;;Chad's enemy = Brooke    Chad's friend = Autumn   Frank's parent = Brooke  Chad's child = Daniel   ;;Daniel's enemy = Autumn  Daniel's friend = Frank  ;;Erin's enemy = Frank     Erin's friend = Brooke   ;;Frank's enemy = Erin     Frank's friend = Daniel  ,61,38
5,L,SemanticApproach.EXTENSIONAL,Representation.ENGLISH,0_L_epec5,"Imagine there are six people: Autumn, Brooke, Chad, Daniel, Erin and Frank. They have the following relationships to each other:;;;;",;;Here is how to figure out the answer to the following question:;;Who is Chad's enemy's friend?;;;;Here are the steps to arrive at the answer:;;1. Chad's enemy = Brooke;;2. Brooke's friend = Chad;;;;So the answer is Chad;;;;Now answer the following question:;;Who is Autumn's child's enemy's parent's enemy?,Autumn's child's enemy's parent's enemy,Chad,Autumn;;Brooke;;Chad;;Daniel;;Erin;;Frank,Autumn's enemy = Daniel  Autumn's friend = Chad   Daniel's parent = Chad   Autumn's child = Erin   ;;Brooke's enemy = Chad    Brooke's friend = Erin   Erin's parent = Autumn   Brooke's child = Frank  ;;Chad's enemy = Brooke    Chad's friend = Autumn   Frank's parent = Brooke  Chad's child = Daniel   ;;Daniel's enemy = Autumn  Daniel's friend = Frank  ;;Erin's enemy = Frank     Erin's friend = Brooke   ;;Frank's enemy = Erin     Frank's friend = Daniel  ,62,39
5,L,SemanticApproach.INTENSIONAL,Representation.ENGLISH,0_L_eefe5,English phrases can be translated into formulae. Use the following translations to answer the question.;;;;,";;;;Here is an example of how to get a formula for a phrase.;;What is the formula for ""Chad's enemy's friend""?;;;;Here are the steps to arrive at the answer:;;1. Chad's enemy = enemy(chad);;2. Chad's enemy's friend = friend(enemy(chad));;;;So the answer is friend(enemy(chad));;;;What is the formula for ""Autumn's enemy's friend's enemy's enemy""?",Autumn's enemy's friend's enemy's enemy,enemy(enemy(friend(enemy(autumn)))),Autumn;;Brooke;;Chad;;Daniel;;Erin;;Frank,Daniel's friend = friend(daniel);;Brooke's friend = friend(brooke);;Frank's enemy = enemy(frank);;Chad's enemy = enemy(chad);;Erin's parent = parent(erin);;Autumn's child = child(autumn),80,0
5,L,SemanticApproach.INTENSIONAL,Representation.ENGLISH,0_L_fcec3,English phrases can be translated into formulae. Use the following translations to answer the question.;;;;,";;;;Here is an example of how to get a formula for a phrase.;;What is the formula for ""Chad's enemy's friend""?;;;;Here are the steps to arrive at the answer:;;1. Chad's enemy = enemy(chad);;2. Chad's enemy's friend = friend(enemy(chad));;;;So the answer is friend(enemy(chad));;;;What is the formula for ""Chad's child's enemy's child's friend""?",Chad's child's enemy's child's friend,friend(child(enemy(child(chad)))),Autumn;;Brooke;;Chad;;Daniel;;Erin;;Frank,Daniel's friend = friend(daniel);;Brooke's friend = friend(brooke);;Frank's enemy = enemy(frank);;Chad's enemy = enemy(chad);;Erin's parent = parent(erin);;Autumn's child = child(autumn),64,1
5,L,SemanticApproach.INTENSIONAL,Representation.ENGLISH,0_L_fecf3,English phrases can be translated into formulae. Use the following translations to answer the question.;;;;,";;;;Here is an example of how to get a formula for a phrase.;;What is the formula for ""Chad's enemy's friend""?;;;;Here are the steps to arrive at the answer:;;1. Chad's enemy = enemy(chad);;2. Chad's enemy's friend = friend(enemy(chad));;;;So the answer is friend(enemy(chad));;;;What is the formula for ""Chad's friend's child's enemy's friend""?",Chad's friend's child's enemy's friend,friend(enemy(child(friend(chad)))),Autumn;;Brooke;;Chad;;Daniel;;Erin;;Frank,Daniel's friend = friend(daniel);;Brooke's friend = friend(brooke);;Frank's enemy = enemy(frank);;Chad's enemy = enemy(chad);;Erin's parent = parent(erin);;Autumn's child = child(autumn),82,2
5,L,SemanticApproach.INTENSIONAL,Representation.ENGLISH,0_L_cpep4,English phrases can be translated into formulae. Use the following translations to answer the question.;;;;,";;;;Here is an example of how to get a formula for a phrase.;;What is the formula for ""Chad's enemy's friend""?;;;;Here are the steps to arrive at the answer:;;1. Chad's enemy = enemy(chad);;2. Chad's enemy's friend = friend(enemy(chad));;;;So the answer is friend(enemy(chad));;;;What is the formula for ""Erin's parent's enemy's parent's child""?",Erin's parent's enemy's parent's child,child(parent(enemy(parent(erin)))),Autumn;;Brooke;;Chad;;Daniel;;Erin;;Frank,Daniel's friend = friend(daniel);;Brooke's friend = friend(brooke);;Frank's enemy = enemy(frank);;Chad's enemy = enemy(chad);;Erin's parent = parent(erin);;Autumn's child = child(autumn),71,3
5,L,SemanticApproach.INTENSIONAL,Representation.ENGLISH,0_L_feee5,English phrases can be translated into formulae. Use the following translations to answer the question.;;;;,";;;;Here is an example of how to get a formula for a phrase.;;What is the formula for ""Chad's enemy's friend""?;;;;Here are the steps to arrive at the answer:;;1. Chad's enemy = enemy(chad);;2. Chad's enemy's friend = friend(enemy(chad));;;;So the answer is friend(enemy(chad));;;;What is the formula for ""Autumn's enemy's enemy's enemy's friend""?",Autumn's enemy's enemy's enemy's friend,friend(enemy(enemy(enemy(autumn)))),Autumn;;Brooke;;Chad;;Daniel;;Erin;;Frank,Daniel's friend = friend(daniel);;Brooke's friend = friend(brooke);;Frank's enemy = enemy(frank);;Chad's enemy = enemy(chad);;Erin's parent = parent(erin);;Autumn's child = child(autumn),69,4
5,L,SemanticApproach.INTENSIONAL,Representation.ENGLISH,0_L_feff1,English phrases can be translated into formulae. Use the following translations to answer the question.;;;;,";;;;Here is an example of how to get a formula for a phrase.;;What is the formula for ""Chad's enemy's friend""?;;;;Here are the steps to arrive at the answer:;;1. Chad's enemy = enemy(chad);;2. Chad's enemy's friend = friend(enemy(chad));;;;So the answer is friend(enemy(chad));;;;What is the formula for ""Brooke's friend's friend's enemy's friend""?",Brooke's friend's friend's enemy's friend,friend(enemy(friend(friend(brooke)))),Autumn;;Brooke;;Chad;;Daniel;;Erin;;Frank,Daniel's friend = friend(daniel);;Brooke's friend = friend(brooke);;Frank's enemy = enemy(frank);;Chad's enemy = enemy(chad);;Erin's parent = parent(erin);;Autumn's child = child(autumn),86,5
5,L,SemanticApproach.INTENSIONAL,Representation.ENGLISH,0_L_fcpc5,English phrases can be translated into formulae. Use the following translations to answer the question.;;;;,";;;;Here is an example of how to get a formula for a phrase.;;What is the formula for ""Chad's enemy's friend""?;;;;Here are the steps to arrive at the answer:;;1. Chad's enemy = enemy(chad);;2. Chad's enemy's friend = friend(enemy(chad));;;;So the answer is friend(enemy(chad));;;;What is the formula for ""Autumn's child's parent's child's friend""?",Autumn's child's parent's child's friend,friend(child(parent(child(autumn)))),Autumn;;Brooke;;Chad;;Daniel;;Erin;;Frank,Daniel's friend = friend(daniel);;Brooke's friend = friend(brooke);;Frank's enemy = enemy(frank);;Chad's enemy = enemy(chad);;Erin's parent = parent(erin);;Autumn's child = child(autumn),83,6
5,L,SemanticApproach.INTENSIONAL,Representation.ENGLISH,0_L_efcf4,English phrases can be translated into formulae. Use the following translations to answer the question.;;;;,";;;;Here is an example of how to get a formula for a phrase.;;What is the formula for ""Chad's enemy's friend""?;;;;Here are the steps to arrive at the answer:;;1. Chad's enemy = enemy(chad);;2. Chad's enemy's friend = friend(enemy(chad));;;;So the answer is friend(enemy(chad));;;;What is the formula for ""Erin's friend's child's friend's enemy""?",Erin's friend's child's friend's enemy,enemy(friend(child(friend(erin)))),Autumn;;Brooke;;Chad;;Daniel;;Erin;;Frank,Daniel's friend = friend(daniel);;Brooke's friend = friend(brooke);;Frank's enemy = enemy(frank);;Chad's enemy = enemy(chad);;Erin's parent = parent(erin);;Autumn's child = child(autumn),100,7
5,L,SemanticApproach.INTENSIONAL,Representation.ENGLISH,0_L_pcef4,English phrases can be translated into formulae. Use the following translations to answer the question.;;;;,";;;;Here is an example of how to get a formula for a phrase.;;What is the formula for ""Chad's enemy's friend""?;;;;Here are the steps to arrive at the answer:;;1. Chad's enemy = enemy(chad);;2. Chad's enemy's friend = friend(enemy(chad));;;;So the answer is friend(enemy(chad));;;;What is the formula for ""Erin's friend's enemy's child's parent""?",Erin's friend's enemy's child's parent,parent(child(enemy(friend(erin)))),Autumn;;Brooke;;Chad;;Daniel;;Erin;;Frank,Daniel's friend = friend(daniel);;Brooke's friend = friend(brooke);;Frank's enemy = enemy(frank);;Chad's enemy = enemy(chad);;Erin's parent = parent(erin);;Autumn's child = child(autumn),91,8
5,L,SemanticApproach.INTENSIONAL,Representation.ENGLISH,0_L_cefc5,English phrases can be translated into formulae. Use the following translations to answer the question.;;;;,";;;;Here is an example of how to get a formula for a phrase.;;What is the formula for ""Chad's enemy's friend""?;;;;Here are the steps to arrive at the answer:;;1. Chad's enemy = enemy(chad);;2. Chad's enemy's friend = friend(enemy(chad));;;;So the answer is friend(enemy(chad));;;;What is the formula for ""Autumn's child's friend's enemy's child""?",Autumn's child's friend's enemy's child,child(enemy(friend(child(autumn)))),Autumn;;Brooke;;Chad;;Daniel;;Erin;;Frank,Daniel's friend = friend(daniel);;Brooke's friend = friend(brooke);;Frank's enemy = enemy(frank);;Chad's enemy = enemy(chad);;Erin's parent = parent(erin);;Autumn's child = child(autumn),93,9
5,L,SemanticApproach.INTENSIONAL,Representation.ENGLISH,0_L_cpfc3,English phrases can be translated into formulae. Use the following translations to answer the question.;;;;,";;;;Here is an example of how to get a formula for a phrase.;;What is the formula for ""Chad's enemy's friend""?;;;;Here are the steps to arrive at the answer:;;1. Chad's enemy = enemy(chad);;2. Chad's enemy's friend = friend(enemy(chad));;;;So the answer is friend(enemy(chad));;;;What is the formula for ""Chad's child's friend's parent's child""?",Chad's child's friend's parent's child,child(parent(friend(child(chad)))),Autumn;;Brooke;;Chad;;Daniel;;Erin;;Frank,Daniel's friend = friend(daniel);;Brooke's friend = friend(brooke);;Frank's enemy = enemy(frank);;Chad's enemy = enemy(chad);;Erin's parent = parent(erin);;Autumn's child = child(autumn),92,10
5,L,SemanticApproach.INTENSIONAL,Representation.ENGLISH,0_L_fpef1,English phrases can be translated into formulae. Use the following translations to answer the question.;;;;,";;;;Here is an example of how to get a formula for a phrase.;;What is the formula for ""Chad's enemy's friend""?;;;;Here are the steps to arrive at the answer:;;1. Chad's enemy = enemy(chad);;2. Chad's enemy's friend = friend(enemy(chad));;;;So the answer is friend(enemy(chad));;;;What is the formula for ""Brooke's friend's enemy's parent's friend""?",Brooke's friend's enemy's parent's friend,friend(parent(enemy(friend(brooke)))),Autumn;;Brooke;;Chad;;Daniel;;Erin;;Frank,Daniel's friend = friend(daniel);;Brooke's friend = friend(brooke);;Frank's enemy = enemy(frank);;Chad's enemy = enemy(chad);;Erin's parent = parent(erin);;Autumn's child = child(autumn),77,11
5,L,SemanticApproach.INTENSIONAL,Representation.ENGLISH,0_L_efpf2,English phrases can be translated into formulae. Use the following translations to answer the question.;;;;,";;;;Here is an example of how to get a formula for a phrase.;;What is the formula for ""Chad's enemy's friend""?;;;;Here are the steps to arrive at the answer:;;1. Chad's enemy = enemy(chad);;2. Chad's enemy's friend = friend(enemy(chad));;;;So the answer is friend(enemy(chad));;;;What is the formula for ""Frank's friend's parent's friend's enemy""?",Frank's friend's parent's friend's enemy,enemy(friend(parent(friend(frank)))),Autumn;;Brooke;;Chad;;Daniel;;Erin;;Frank,Daniel's friend = friend(daniel);;Brooke's friend = friend(brooke);;Frank's enemy = enemy(frank);;Chad's enemy = enemy(chad);;Erin's parent = parent(erin);;Autumn's child = child(autumn),73,12
5,L,SemanticApproach.INTENSIONAL,Representation.ENGLISH,0_L_eeef0,English phrases can be translated into formulae. Use the following translations to answer the question.;;;;,";;;;Here is an example of how to get a formula for a phrase.;;What is the formula for ""Chad's enemy's friend""?;;;;Here are the steps to arrive at the answer:;;1. Chad's enemy = enemy(chad);;2. Chad's enemy's friend = friend(enemy(chad));;;;So the answer is friend(enemy(chad));;;;What is the formula for ""Daniel's friend's enemy's enemy's enemy""?",Daniel's friend's enemy's enemy's enemy,enemy(enemy(enemy(friend(daniel)))),Autumn;;Brooke;;Chad;;Daniel;;Erin;;Frank,Daniel's friend = friend(daniel);;Brooke's friend = friend(brooke);;Frank's enemy = enemy(frank);;Chad's enemy = enemy(chad);;Erin's parent = parent(erin);;Autumn's child = child(autumn),78,13
5,L,SemanticApproach.INTENSIONAL,Representation.ENGLISH,0_L_ffee0,English phrases can be translated into formulae. Use the following translations to answer the question.;;;;,";;;;Here is an example of how to get a formula for a phrase.;;What is the formula for ""Chad's enemy's friend""?;;;;Here are the steps to arrive at the answer:;;1. Chad's enemy = enemy(chad);;2. Chad's enemy's friend = friend(enemy(chad));;;;So the answer is friend(enemy(chad));;;;What is the formula for ""Daniel's enemy's enemy's friend's friend""?",Daniel's enemy's enemy's friend's friend,friend(friend(enemy(enemy(daniel)))),Autumn;;Brooke;;Chad;;Daniel;;Erin;;Frank,Daniel's friend = friend(daniel);;Brooke's friend = friend(brooke);;Frank's enemy = enemy(frank);;Chad's enemy = enemy(chad);;Erin's parent = parent(erin);;Autumn's child = child(autumn),76,14
5,L,SemanticApproach.INTENSIONAL,Representation.ENGLISH,0_L_cpef0,English phrases can be translated into formulae. Use the following translations to answer the question.;;;;,";;;;Here is an example of how to get a formula for a phrase.;;What is the formula for ""Chad's enemy's friend""?;;;;Here are the steps to arrive at the answer:;;1. Chad's enemy = enemy(chad);;2. Chad's enemy's friend = friend(enemy(chad));;;;So the answer is friend(enemy(chad));;;;What is the formula for ""Daniel's friend's enemy's parent's child""?",Daniel's friend's enemy's parent's child,child(parent(enemy(friend(daniel)))),Autumn;;Brooke;;Chad;;Daniel;;Erin;;Frank,Daniel's friend = friend(daniel);;Brooke's friend = friend(brooke);;Frank's enemy = enemy(frank);;Chad's enemy = enemy(chad);;Erin's parent = parent(erin);;Autumn's child = child(autumn),97,15
5,L,SemanticApproach.INTENSIONAL,Representation.ENGLISH,0_L_pepf1,English phrases can be translated into formulae. Use the following translations to answer the question.;;;;,";;;;Here is an example of how to get a formula for a phrase.;;What is the formula for ""Chad's enemy's friend""?;;;;Here are the steps to arrive at the answer:;;1. Chad's enemy = enemy(chad);;2. Chad's enemy's friend = friend(enemy(chad));;;;So the answer is friend(enemy(chad));;;;What is the formula for ""Brooke's friend's parent's enemy's parent""?",Brooke's friend's parent's enemy's parent,parent(enemy(parent(friend(brooke)))),Autumn;;Brooke;;Chad;;Daniel;;Erin;;Frank,Daniel's friend = friend(daniel);;Brooke's friend = friend(brooke);;Frank's enemy = enemy(frank);;Chad's enemy = enemy(chad);;Erin's parent = parent(erin);;Autumn's child = child(autumn),95,16
5,L,SemanticApproach.INTENSIONAL,Representation.ENGLISH,0_L_effc3,English phrases can be translated into formulae. Use the following translations to answer the question.;;;;,";;;;Here is an example of how to get a formula for a phrase.;;What is the formula for ""Chad's enemy's friend""?;;;;Here are the steps to arrive at the answer:;;1. Chad's enemy = enemy(chad);;2. Chad's enemy's friend = friend(enemy(chad));;;;So the answer is friend(enemy(chad));;;;What is the formula for ""Chad's child's friend's friend's enemy""?",Chad's child's friend's friend's enemy,enemy(friend(friend(child(chad)))),Autumn;;Brooke;;Chad;;Daniel;;Erin;;Frank,Daniel's friend = friend(daniel);;Brooke's friend = friend(brooke);;Frank's enemy = enemy(frank);;Chad's enemy = enemy(chad);;Erin's parent = parent(erin);;Autumn's child = child(autumn),90,17
5,L,SemanticApproach.INTENSIONAL,Representation.ENGLISH,0_L_ceep4,English phrases can be translated into formulae. Use the following translations to answer the question.;;;;,";;;;Here is an example of how to get a formula for a phrase.;;What is the formula for ""Chad's enemy's friend""?;;;;Here are the steps to arrive at the answer:;;1. Chad's enemy = enemy(chad);;2. Chad's enemy's friend = friend(enemy(chad));;;;So the answer is friend(enemy(chad));;;;What is the formula for ""Erin's parent's enemy's enemy's child""?",Erin's parent's enemy's enemy's child,child(enemy(enemy(parent(erin)))),Autumn;;Brooke;;Chad;;Daniel;;Erin;;Frank,Daniel's friend = friend(daniel);;Brooke's friend = friend(brooke);;Frank's enemy = enemy(frank);;Chad's enemy = enemy(chad);;Erin's parent = parent(erin);;Autumn's child = child(autumn),74,18
5,L,SemanticApproach.INTENSIONAL,Representation.ENGLISH,0_L_pepc5,English phrases can be translated into formulae. Use the following translations to answer the question.;;;;,";;;;Here is an example of how to get a formula for a phrase.;;What is the formula for ""Chad's enemy's friend""?;;;;Here are the steps to arrive at the answer:;;1. Chad's enemy = enemy(chad);;2. Chad's enemy's friend = friend(enemy(chad));;;;So the answer is friend(enemy(chad));;;;What is the formula for ""Autumn's child's parent's enemy's parent""?",Autumn's child's parent's enemy's parent,parent(enemy(parent(child(autumn)))),Autumn;;Brooke;;Chad;;Daniel;;Erin;;Frank,Daniel's friend = friend(daniel);;Brooke's friend = friend(brooke);;Frank's enemy = enemy(frank);;Chad's enemy = enemy(chad);;Erin's parent = parent(erin);;Autumn's child = child(autumn),81,19
5,L,SemanticApproach.INTENSIONAL,Representation.ENGLISH,0_L_pfcp0,English phrases can be translated into formulae. Use the following translations to answer the question.;;;;,";;;;Here is an example of how to get a formula for a phrase.;;What is the formula for ""Chad's enemy's friend""?;;;;Here are the steps to arrive at the answer:;;1. Chad's enemy = enemy(chad);;2. Chad's enemy's friend = friend(enemy(chad));;;;So the answer is friend(enemy(chad));;;;What is the formula for ""Daniel's parent's child's friend's parent""?",Daniel's parent's child's friend's parent,parent(friend(child(parent(daniel)))),Autumn;;Brooke;;Chad;;Daniel;;Erin;;Frank,Daniel's friend = friend(daniel);;Brooke's friend = friend(brooke);;Frank's enemy = enemy(frank);;Chad's enemy = enemy(chad);;Erin's parent = parent(erin);;Autumn's child = child(autumn),72,20
5,L,SemanticApproach.INTENSIONAL,Representation.ENGLISH,0_L_epec5,English phrases can be translated into formulae. Use the following translations to answer the question.;;;;,";;;;Here is an example of how to get a formula for a phrase.;;What is the formula for ""Chad's enemy's friend""?;;;;Here are the steps to arrive at the answer:;;1. Chad's enemy = enemy(chad);;2. Chad's enemy's friend = friend(enemy(chad));;;;So the answer is friend(enemy(chad));;;;What is the formula for ""Autumn's child's enemy's parent's enemy""?",Autumn's child's enemy's parent's enemy,enemy(parent(enemy(child(autumn)))),Autumn;;Brooke;;Chad;;Daniel;;Erin;;Frank,Daniel's friend = friend(daniel);;Brooke's friend = friend(brooke);;Frank's enemy = enemy(frank);;Chad's enemy = enemy(chad);;Erin's parent = parent(erin);;Autumn's child = child(autumn),62,21
5,L,SemanticApproach.INTENSIONAL,Representation.ENGLISH,0_L_epff4,English phrases can be translated into formulae. Use the following translations to answer the question.;;;;,";;;;Here is an example of how to get a formula for a phrase.;;What is the formula for ""Chad's enemy's friend""?;;;;Here are the steps to arrive at the answer:;;1. Chad's enemy = enemy(chad);;2. Chad's enemy's friend = friend(enemy(chad));;;;So the answer is friend(enemy(chad));;;;What is the formula for ""Erin's friend's friend's parent's enemy""?",Erin's friend's friend's parent's enemy,enemy(parent(friend(friend(erin)))),Autumn;;Brooke;;Chad;;Daniel;;Erin;;Frank,Daniel's friend = friend(daniel);;Brooke's friend = friend(brooke);;Frank's enemy = enemy(frank);;Chad's enemy = enemy(chad);;Erin's parent = parent(erin);;Autumn's child = child(autumn),96,22
5,L,SemanticApproach.INTENSIONAL,Representation.ENGLISH,0_L_pecf4,English phrases can be translated into formulae. Use the following translations to answer the question.;;;;,";;;;Here is an example of how to get a formula for a phrase.;;What is the formula for ""Chad's enemy's friend""?;;;;Here are the steps to arrive at the answer:;;1. Chad's enemy = enemy(chad);;2. Chad's enemy's friend = friend(enemy(chad));;;;So the answer is friend(enemy(chad));;;;What is the formula for ""Erin's friend's child's enemy's parent""?",Erin's friend's child's enemy's parent,parent(enemy(child(friend(erin)))),Autumn;;Brooke;;Chad;;Daniel;;Erin;;Frank,Daniel's friend = friend(daniel);;Brooke's friend = friend(brooke);;Frank's enemy = enemy(frank);;Chad's enemy = enemy(chad);;Erin's parent = parent(erin);;Autumn's child = child(autumn),87,23
5,L,SemanticApproach.INTENSIONAL,Representation.ENGLISH,0_L_fepe2,English phrases can be translated into formulae. Use the following translations to answer the question.;;;;,";;;;Here is an example of how to get a formula for a phrase.;;What is the formula for ""Chad's enemy's friend""?;;;;Here are the steps to arrive at the answer:;;1. Chad's enemy = enemy(chad);;2. Chad's enemy's friend = friend(enemy(chad));;;;So the answer is friend(enemy(chad));;;;What is the formula for ""Frank's enemy's parent's enemy's friend""?",Frank's enemy's parent's enemy's friend,friend(enemy(parent(enemy(frank)))),Autumn;;Brooke;;Chad;;Daniel;;Erin;;Frank,Daniel's friend = friend(daniel);;Brooke's friend = friend(brooke);;Frank's enemy = enemy(frank);;Chad's enemy = enemy(chad);;Erin's parent = parent(erin);;Autumn's child = child(autumn),61,24
5,L,SemanticApproach.INTENSIONAL,Representation.ENGLISH,0_L_efpc3,English phrases can be translated into formulae. Use the following translations to answer the question.;;;;,";;;;Here is an example of how to get a formula for a phrase.;;What is the formula for ""Chad's enemy's friend""?;;;;Here are the steps to arrive at the answer:;;1. Chad's enemy = enemy(chad);;2. Chad's enemy's friend = friend(enemy(chad));;;;So the answer is friend(enemy(chad));;;;What is the formula for ""Chad's child's parent's friend's enemy""?",Chad's child's parent's friend's enemy,enemy(friend(parent(child(chad)))),Autumn;;Brooke;;Chad;;Daniel;;Erin;;Frank,Daniel's friend = friend(daniel);;Brooke's friend = friend(brooke);;Frank's enemy = enemy(frank);;Chad's enemy = enemy(chad);;Erin's parent = parent(erin);;Autumn's child = child(autumn),66,25
5,L,SemanticApproach.INTENSIONAL,Representation.ENGLISH,0_L_ffpc1,English phrases can be translated into formulae. Use the following translations to answer the question.;;;;,";;;;Here is an example of how to get a formula for a phrase.;;What is the formula for ""Chad's enemy's friend""?;;;;Here are the steps to arrive at the answer:;;1. Chad's enemy = enemy(chad);;2. Chad's enemy's friend = friend(enemy(chad));;;;So the answer is friend(enemy(chad));;;;What is the formula for ""Brooke's child's parent's friend's friend""?",Brooke's child's parent's friend's friend,friend(friend(parent(child(brooke)))),Autumn;;Brooke;;Chad;;Daniel;;Erin;;Frank,Daniel's friend = friend(daniel);;Brooke's friend = friend(brooke);;Frank's enemy = enemy(frank);;Chad's enemy = enemy(chad);;Erin's parent = parent(erin);;Autumn's child = child(autumn),75,26
5,L,SemanticApproach.INTENSIONAL,Representation.ENGLISH,0_L_eeee0,English phrases can be translated into formulae. Use the following translations to answer the question.;;;;,";;;;Here is an example of how to get a formula for a phrase.;;What is the formula for ""Chad's enemy's friend""?;;;;Here are the steps to arrive at the answer:;;1. Chad's enemy = enemy(chad);;2. Chad's enemy's friend = friend(enemy(chad));;;;So the answer is friend(enemy(chad));;;;What is the formula for ""Daniel's enemy's enemy's enemy's enemy""?",Daniel's enemy's enemy's enemy's enemy,enemy(enemy(enemy(enemy(daniel)))),Autumn;;Brooke;;Chad;;Daniel;;Erin;;Frank,Daniel's friend = friend(daniel);;Brooke's friend = friend(brooke);;Frank's enemy = enemy(frank);;Chad's enemy = enemy(chad);;Erin's parent = parent(erin);;Autumn's child = child(autumn),85,27
5,L,SemanticApproach.INTENSIONAL,Representation.ENGLISH,0_L_fpee0,English phrases can be translated into formulae. Use the following translations to answer the question.;;;;,";;;;Here is an example of how to get a formula for a phrase.;;What is the formula for ""Chad's enemy's friend""?;;;;Here are the steps to arrive at the answer:;;1. Chad's enemy = enemy(chad);;2. Chad's enemy's friend = friend(enemy(chad));;;;So the answer is friend(enemy(chad));;;;What is the formula for ""Daniel's enemy's enemy's parent's friend""?",Daniel's enemy's enemy's parent's friend,friend(parent(enemy(enemy(daniel)))),Autumn;;Brooke;;Chad;;Daniel;;Erin;;Frank,Daniel's friend = friend(daniel);;Brooke's friend = friend(brooke);;Frank's enemy = enemy(frank);;Chad's enemy = enemy(chad);;Erin's parent = parent(erin);;Autumn's child = child(autumn),84,28
5,L,SemanticApproach.INTENSIONAL,Representation.ENGLISH,0_L_fffp2,English phrases can be translated into formulae. Use the following translations to answer the question.;;;;,";;;;Here is an example of how to get a formula for a phrase.;;What is the formula for ""Chad's enemy's friend""?;;;;Here are the steps to arrive at the answer:;;1. Chad's enemy = enemy(chad);;2. Chad's enemy's friend = friend(enemy(chad));;;;So the answer is friend(enemy(chad));;;;What is the formula for ""Frank's parent's friend's friend's friend""?",Frank's parent's friend's friend's friend,friend(friend(friend(parent(frank)))),Autumn;;Brooke;;Chad;;Daniel;;Erin;;Frank,Daniel's friend = friend(daniel);;Brooke's friend = friend(brooke);;Frank's enemy = enemy(frank);;Chad's enemy = enemy(chad);;Erin's parent = parent(erin);;Autumn's child = child(autumn),67,29
5,L,SemanticApproach.INTENSIONAL,Representation.ENGLISH,0_L_cece1,English phrases can be translated into formulae. Use the following translations to answer the question.;;;;,";;;;Here is an example of how to get a formula for a phrase.;;What is the formula for ""Chad's enemy's friend""?;;;;Here are the steps to arrive at the answer:;;1. Chad's enemy = enemy(chad);;2. Chad's enemy's friend = friend(enemy(chad));;;;So the answer is friend(enemy(chad));;;;What is the formula for ""Brooke's enemy's child's enemy's child""?",Brooke's enemy's child's enemy's child,child(enemy(child(enemy(brooke)))),Autumn;;Brooke;;Chad;;Daniel;;Erin;;Frank,Daniel's friend = friend(daniel);;Brooke's friend = friend(brooke);;Frank's enemy = enemy(frank);;Chad's enemy = enemy(chad);;Erin's parent = parent(erin);;Autumn's child = child(autumn),70,30
5,L,SemanticApproach.INTENSIONAL,Representation.ENGLISH,0_L_peff2,English phrases can be translated into formulae. Use the following translations to answer the question.;;;;,";;;;Here is an example of how to get a formula for a phrase.;;What is the formula for ""Chad's enemy's friend""?;;;;Here are the steps to arrive at the answer:;;1. Chad's enemy = enemy(chad);;2. Chad's enemy's friend = friend(enemy(chad));;;;So the answer is friend(enemy(chad));;;;What is the formula for ""Frank's friend's friend's enemy's parent""?",Frank's friend's friend's enemy's parent,parent(enemy(friend(friend(frank)))),Autumn;;Brooke;;Chad;;Daniel;;Erin;;Frank,Daniel's friend = friend(daniel);;Brooke's friend = friend(brooke);;Frank's enemy = enemy(frank);;Chad's enemy = enemy(chad);;Erin's parent = parent(erin);;Autumn's child = child(autumn),63,31
5,L,SemanticApproach.INTENSIONAL,Representation.ENGLISH,0_L_pffe5,English phrases can be translated into formulae. Use the following translations to answer the question.;;;;,";;;;Here is an example of how to get a formula for a phrase.;;What is the formula for ""Chad's enemy's friend""?;;;;Here are the steps to arrive at the answer:;;1. Chad's enemy = enemy(chad);;2. Chad's enemy's friend = friend(enemy(chad));;;;So the answer is friend(enemy(chad));;;;What is the formula for ""Autumn's enemy's friend's friend's parent""?",Autumn's enemy's friend's friend's parent,parent(friend(friend(enemy(autumn)))),Autumn;;Brooke;;Chad;;Daniel;;Erin;;Frank,Daniel's friend = friend(daniel);;Brooke's friend = friend(brooke);;Frank's enemy = enemy(frank);;Chad's enemy = enemy(chad);;Erin's parent = parent(erin);;Autumn's child = child(autumn),89,32
5,L,SemanticApproach.INTENSIONAL,Representation.ENGLISH,0_L_pcee5,English phrases can be translated into formulae. Use the following translations to answer the question.;;;;,";;;;Here is an example of how to get a formula for a phrase.;;What is the formula for ""Chad's enemy's friend""?;;;;Here are the steps to arrive at the answer:;;1. Chad's enemy = enemy(chad);;2. Chad's enemy's friend = friend(enemy(chad));;;;So the answer is friend(enemy(chad));;;;What is the formula for ""Autumn's enemy's enemy's child's parent""?",Autumn's enemy's enemy's child's parent,parent(child(enemy(enemy(autumn)))),Autumn;;Brooke;;Chad;;Daniel;;Erin;;Frank,Daniel's friend = friend(daniel);;Brooke's friend = friend(brooke);;Frank's enemy = enemy(frank);;Chad's enemy = enemy(chad);;Erin's parent = parent(erin);;Autumn's child = child(autumn),65,33
5,L,SemanticApproach.INTENSIONAL,Representation.ENGLISH,0_L_effc5,English phrases can be translated into formulae. Use the following translations to answer the question.;;;;,";;;;Here is an example of how to get a formula for a phrase.;;What is the formula for ""Chad's enemy's friend""?;;;;Here are the steps to arrive at the answer:;;1. Chad's enemy = enemy(chad);;2. Chad's enemy's friend = friend(enemy(chad));;;;So the answer is friend(enemy(chad));;;;What is the formula for ""Autumn's child's friend's friend's enemy""?",Autumn's child's friend's friend's enemy,enemy(friend(friend(child(autumn)))),Autumn;;Brooke;;Chad;;Daniel;;Erin;;Frank,Daniel's friend = friend(daniel);;Brooke's friend = friend(brooke);;Frank's enemy = enemy(frank);;Chad's enemy = enemy(chad);;Erin's parent = parent(erin);;Autumn's child = child(autumn),68,34
5,L,SemanticApproach.INTENSIONAL,Representation.ENGLISH,0_L_efec5,English phrases can be translated into formulae. Use the following translations to answer the question.;;;;,";;;;Here is an example of how to get a formula for a phrase.;;What is the formula for ""Chad's enemy's friend""?;;;;Here are the steps to arrive at the answer:;;1. Chad's enemy = enemy(chad);;2. Chad's enemy's friend = friend(enemy(chad));;;;So the answer is friend(enemy(chad));;;;What is the formula for ""Autumn's child's enemy's friend's enemy""?",Autumn's child's enemy's friend's enemy,enemy(friend(enemy(child(autumn)))),Autumn;;Brooke;;Chad;;Daniel;;Erin;;Frank,Daniel's friend = friend(daniel);;Brooke's friend = friend(brooke);;Frank's enemy = enemy(frank);;Chad's enemy = enemy(chad);;Erin's parent = parent(erin);;Autumn's child = child(autumn),99,35
5,L,SemanticApproach.INTENSIONAL,Representation.ENGLISH,0_L_ecee5,English phrases can be translated into formulae. Use the following translations to answer the question.;;;;,";;;;Here is an example of how to get a formula for a phrase.;;What is the formula for ""Chad's enemy's friend""?;;;;Here are the steps to arrive at the answer:;;1. Chad's enemy = enemy(chad);;2. Chad's enemy's friend = friend(enemy(chad));;;;So the answer is friend(enemy(chad));;;;What is the formula for ""Autumn's enemy's enemy's child's enemy""?",Autumn's enemy's enemy's child's enemy,enemy(child(enemy(enemy(autumn)))),Autumn;;Brooke;;Chad;;Daniel;;Erin;;Frank,Daniel's friend = friend(daniel);;Brooke's friend = friend(brooke);;Frank's enemy = enemy(frank);;Chad's enemy = enemy(chad);;Erin's parent = parent(erin);;Autumn's child = child(autumn),88,36
5,L,SemanticApproach.INTENSIONAL,Representation.ENGLISH,0_L_epff2,English phrases can be translated into formulae. Use the following translations to answer the question.;;;;,";;;;Here is an example of how to get a formula for a phrase.;;What is the formula for ""Chad's enemy's friend""?;;;;Here are the steps to arrive at the answer:;;1. Chad's enemy = enemy(chad);;2. Chad's enemy's friend = friend(enemy(chad));;;;So the answer is friend(enemy(chad));;;;What is the formula for ""Frank's friend's friend's parent's enemy""?",Frank's friend's friend's parent's enemy,enemy(parent(friend(friend(frank)))),Autumn;;Brooke;;Chad;;Daniel;;Erin;;Frank,Daniel's friend = friend(daniel);;Brooke's friend = friend(brooke);;Frank's enemy = enemy(frank);;Chad's enemy = enemy(chad);;Erin's parent = parent(erin);;Autumn's child = child(autumn),98,37
5,L,SemanticApproach.INTENSIONAL,Representation.ENGLISH,0_L_ffcf4,English phrases can be translated into formulae. Use the following translations to answer the question.;;;;,";;;;Here is an example of how to get a formula for a phrase.;;What is the formula for ""Chad's enemy's friend""?;;;;Here are the steps to arrive at the answer:;;1. Chad's enemy = enemy(chad);;2. Chad's enemy's friend = friend(enemy(chad));;;;So the answer is friend(enemy(chad));;;;What is the formula for ""Erin's friend's child's friend's friend""?",Erin's friend's child's friend's friend,friend(friend(child(friend(erin)))),Autumn;;Brooke;;Chad;;Daniel;;Erin;;Frank,Daniel's friend = friend(daniel);;Brooke's friend = friend(brooke);;Frank's enemy = enemy(frank);;Chad's enemy = enemy(chad);;Erin's parent = parent(erin);;Autumn's child = child(autumn),94,38
5,L,SemanticApproach.INTENSIONAL,Representation.ENGLISH,0_L_peee5,English phrases can be translated into formulae. Use the following translations to answer the question.;;;;,";;;;Here is an example of how to get a formula for a phrase.;;What is the formula for ""Chad's enemy's friend""?;;;;Here are the steps to arrive at the answer:;;1. Chad's enemy = enemy(chad);;2. Chad's enemy's friend = friend(enemy(chad));;;;So the answer is friend(enemy(chad));;;;What is the formula for ""Autumn's enemy's enemy's enemy's parent""?",Autumn's enemy's enemy's enemy's parent,parent(enemy(enemy(enemy(autumn)))),Autumn;;Brooke;;Chad;;Daniel;;Erin;;Frank,Daniel's friend = friend(daniel);;Brooke's friend = friend(brooke);;Frank's enemy = enemy(frank);;Chad's enemy = enemy(chad);;Erin's parent = parent(erin);;Autumn's child = child(autumn),79,39
