Relation_Count,Branching,Approach,Representation,questionId,prompt_1,prompt_2,Question,Answer,options,question_universe,row_number,group
2,L,SemanticApproach.EXTENSIONAL,Representation.ABSTRACT,0_L_f1,"Imagine there are six people: Amber, Bryan, Christina, Dana, Elizabeth and Felicia. They have the following relationships to each other:;;;;",;;Here is how to figure out the answer to the following question:;;Who is Amber's parent's enemy?;;;;Here are the steps to arrive at the answer:;;1. Amber's parent = t;;2. Bryan's enemy = y;;;;So the answer is y;;;;Now answer the following question:;;Who is Amber's friend?,Amber's friend,y,h;;q;;s;;t;;v;;y,Amber = h      Amber's enemy = v      Amber's friend = y      Amber's parent = t      Bryan's child = h      ;;Bryan = t      Bryan's enemy = y      Bryan's friend = q      Dana's parent = q       Christina's child = v  ;;Christina = y  Christina's enemy = t  Christina's friend = h  Elizabeth's parent = y  Felicia's child = s    ;;Dana = s       Dana's enemy = q       Dana's friend = v       ;;Elizabeth = v  Elizabeth's enemy = h  Elizabeth's friend = s  ;;Felicia = q    Felicia's enemy = s    Felicia's friend = t    ,120,0
2,L,SemanticApproach.EXTENSIONAL,Representation.ABSTRACT,0_L_e2,"Imagine there are six people: Amber, Bryan, Christina, Dana, Elizabeth and Felicia. They have the following relationships to each other:;;;;",;;Here is how to figure out the answer to the following question:;;Who is Amber's parent's enemy?;;;;Here are the steps to arrive at the answer:;;1. Amber's parent = t;;2. Bryan's enemy = y;;;;So the answer is y;;;;Now answer the following question:;;Who is Dana's enemy?,Dana's enemy,q,h;;q;;s;;t;;v;;y,Amber = h      Amber's enemy = v      Amber's friend = y      Amber's parent = t      Bryan's child = h      ;;Bryan = t      Bryan's enemy = y      Bryan's friend = q      Dana's parent = q       Christina's child = v  ;;Christina = y  Christina's enemy = t  Christina's friend = h  Elizabeth's parent = y  Felicia's child = s    ;;Dana = s       Dana's enemy = q       Dana's friend = v       ;;Elizabeth = v  Elizabeth's enemy = h  Elizabeth's friend = s  ;;Felicia = q    Felicia's enemy = s    Felicia's friend = t    ,103,1
2,L,SemanticApproach.EXTENSIONAL,Representation.ABSTRACT,0_L_e3,"Imagine there are six people: Amber, Bryan, Christina, Dana, Elizabeth and Felicia. They have the following relationships to each other:;;;;",;;Here is how to figure out the answer to the following question:;;Who is Amber's parent's enemy?;;;;Here are the steps to arrive at the answer:;;1. Amber's parent = t;;2. Bryan's enemy = y;;;;So the answer is y;;;;Now answer the following question:;;Who is Bryan's enemy?,Bryan's enemy,y,h;;q;;s;;t;;v;;y,Amber = h      Amber's enemy = v      Amber's friend = y      Amber's parent = t      Bryan's child = h      ;;Bryan = t      Bryan's enemy = y      Bryan's friend = q      Dana's parent = q       Christina's child = v  ;;Christina = y  Christina's enemy = t  Christina's friend = h  Elizabeth's parent = y  Felicia's child = s    ;;Dana = s       Dana's enemy = q       Dana's friend = v       ;;Elizabeth = v  Elizabeth's enemy = h  Elizabeth's friend = s  ;;Felicia = q    Felicia's enemy = s    Felicia's friend = t    ,114,2
2,L,SemanticApproach.EXTENSIONAL,Representation.ABSTRACT,0_L_f0,"Imagine there are six people: Amber, Bryan, Christina, Dana, Elizabeth and Felicia. They have the following relationships to each other:;;;;",;;Here is how to figure out the answer to the following question:;;Who is Amber's parent's enemy?;;;;Here are the steps to arrive at the answer:;;1. Amber's parent = t;;2. Bryan's enemy = y;;;;So the answer is y;;;;Now answer the following question:;;Who is Christina's friend?,Christina's friend,h,h;;q;;s;;t;;v;;y,Amber = h      Amber's enemy = v      Amber's friend = y      Amber's parent = t      Bryan's child = h      ;;Bryan = t      Bryan's enemy = y      Bryan's friend = q      Dana's parent = q       Christina's child = v  ;;Christina = y  Christina's enemy = t  Christina's friend = h  Elizabeth's parent = y  Felicia's child = s    ;;Dana = s       Dana's enemy = q       Dana's friend = v       ;;Elizabeth = v  Elizabeth's enemy = h  Elizabeth's friend = s  ;;Felicia = q    Felicia's enemy = s    Felicia's friend = t    ,111,3
2,L,SemanticApproach.EXTENSIONAL,Representation.ABSTRACT,0_L_e3,"Imagine there are six people: Amber, Bryan, Christina, Dana, Elizabeth and Felicia. They have the following relationships to each other:;;;;",;;Here is how to figure out the answer to the following question:;;Who is Amber's parent's enemy?;;;;Here are the steps to arrive at the answer:;;1. Amber's parent = t;;2. Bryan's enemy = y;;;;So the answer is y;;;;Now answer the following question:;;Who is Bryan's enemy?,Bryan's enemy,y,h;;q;;s;;t;;v;;y,Amber = h      Amber's enemy = v      Amber's friend = y      Amber's parent = t      Bryan's child = h      ;;Bryan = t      Bryan's enemy = y      Bryan's friend = q      Dana's parent = q       Christina's child = v  ;;Christina = y  Christina's enemy = t  Christina's friend = h  Elizabeth's parent = y  Felicia's child = s    ;;Dana = s       Dana's enemy = q       Dana's friend = v       ;;Elizabeth = v  Elizabeth's enemy = h  Elizabeth's friend = s  ;;Felicia = q    Felicia's enemy = s    Felicia's friend = t    ,116,4
2,L,SemanticApproach.EXTENSIONAL,Representation.ABSTRACT,0_L_p4,"Imagine there are six people: Amber, Bryan, Christina, Dana, Elizabeth and Felicia. They have the following relationships to each other:;;;;",;;Here is how to figure out the answer to the following question:;;Who is Amber's parent's enemy?;;;;Here are the steps to arrive at the answer:;;1. Amber's parent = t;;2. Bryan's enemy = y;;;;So the answer is y;;;;Now answer the following question:;;Who is Elizabeth's parent?,Elizabeth's parent,y,h;;q;;s;;t;;v;;y,Amber = h      Amber's enemy = v      Amber's friend = y      Amber's parent = t      Bryan's child = h      ;;Bryan = t      Bryan's enemy = y      Bryan's friend = q      Dana's parent = q       Christina's child = v  ;;Christina = y  Christina's enemy = t  Christina's friend = h  Elizabeth's parent = y  Felicia's child = s    ;;Dana = s       Dana's enemy = q       Dana's friend = v       ;;Elizabeth = v  Elizabeth's enemy = h  Elizabeth's friend = s  ;;Felicia = q    Felicia's enemy = s    Felicia's friend = t    ,105,5
2,L,SemanticApproach.EXTENSIONAL,Representation.ABSTRACT,0_L_f1,"Imagine there are six people: Amber, Bryan, Christina, Dana, Elizabeth and Felicia. They have the following relationships to each other:;;;;",;;Here is how to figure out the answer to the following question:;;Who is Amber's parent's enemy?;;;;Here are the steps to arrive at the answer:;;1. Amber's parent = t;;2. Bryan's enemy = y;;;;So the answer is y;;;;Now answer the following question:;;Who is Amber's friend?,Amber's friend,y,h;;q;;s;;t;;v;;y,Amber = h      Amber's enemy = v      Amber's friend = y      Amber's parent = t      Bryan's child = h      ;;Bryan = t      Bryan's enemy = y      Bryan's friend = q      Dana's parent = q       Christina's child = v  ;;Christina = y  Christina's enemy = t  Christina's friend = h  Elizabeth's parent = y  Felicia's child = s    ;;Dana = s       Dana's enemy = q       Dana's friend = v       ;;Elizabeth = v  Elizabeth's enemy = h  Elizabeth's friend = s  ;;Felicia = q    Felicia's enemy = s    Felicia's friend = t    ,119,6
2,L,SemanticApproach.EXTENSIONAL,Representation.ABSTRACT,0_L_f1,"Imagine there are six people: Amber, Bryan, Christina, Dana, Elizabeth and Felicia. They have the following relationships to each other:;;;;",;;Here is how to figure out the answer to the following question:;;Who is Amber's parent's enemy?;;;;Here are the steps to arrive at the answer:;;1. Amber's parent = t;;2. Bryan's enemy = y;;;;So the answer is y;;;;Now answer the following question:;;Who is Amber's friend?,Amber's friend,y,h;;q;;s;;t;;v;;y,Amber = h      Amber's enemy = v      Amber's friend = y      Amber's parent = t      Bryan's child = h      ;;Bryan = t      Bryan's enemy = y      Bryan's friend = q      Dana's parent = q       Christina's child = v  ;;Christina = y  Christina's enemy = t  Christina's friend = h  Elizabeth's parent = y  Felicia's child = s    ;;Dana = s       Dana's enemy = q       Dana's friend = v       ;;Elizabeth = v  Elizabeth's enemy = h  Elizabeth's friend = s  ;;Felicia = q    Felicia's enemy = s    Felicia's friend = t    ,117,7
2,L,SemanticApproach.EXTENSIONAL,Representation.ABSTRACT,0_L_f0,"Imagine there are six people: Amber, Bryan, Christina, Dana, Elizabeth and Felicia. They have the following relationships to each other:;;;;",;;Here is how to figure out the answer to the following question:;;Who is Amber's parent's enemy?;;;;Here are the steps to arrive at the answer:;;1. Amber's parent = t;;2. Bryan's enemy = y;;;;So the answer is y;;;;Now answer the following question:;;Who is Christina's friend?,Christina's friend,h,h;;q;;s;;t;;v;;y,Amber = h      Amber's enemy = v      Amber's friend = y      Amber's parent = t      Bryan's child = h      ;;Bryan = t      Bryan's enemy = y      Bryan's friend = q      Dana's parent = q       Christina's child = v  ;;Christina = y  Christina's enemy = t  Christina's friend = h  Elizabeth's parent = y  Felicia's child = s    ;;Dana = s       Dana's enemy = q       Dana's friend = v       ;;Elizabeth = v  Elizabeth's enemy = h  Elizabeth's friend = s  ;;Felicia = q    Felicia's enemy = s    Felicia's friend = t    ,112,8
2,L,SemanticApproach.EXTENSIONAL,Representation.ABSTRACT,0_L_f0,"Imagine there are six people: Amber, Bryan, Christina, Dana, Elizabeth and Felicia. They have the following relationships to each other:;;;;",;;Here is how to figure out the answer to the following question:;;Who is Amber's parent's enemy?;;;;Here are the steps to arrive at the answer:;;1. Amber's parent = t;;2. Bryan's enemy = y;;;;So the answer is y;;;;Now answer the following question:;;Who is Christina's friend?,Christina's friend,h,h;;q;;s;;t;;v;;y,Amber = h      Amber's enemy = v      Amber's friend = y      Amber's parent = t      Bryan's child = h      ;;Bryan = t      Bryan's enemy = y      Bryan's friend = q      Dana's parent = q       Christina's child = v  ;;Christina = y  Christina's enemy = t  Christina's friend = h  Elizabeth's parent = y  Felicia's child = s    ;;Dana = s       Dana's enemy = q       Dana's friend = v       ;;Elizabeth = v  Elizabeth's enemy = h  Elizabeth's friend = s  ;;Felicia = q    Felicia's enemy = s    Felicia's friend = t    ,109,9
2,L,SemanticApproach.EXTENSIONAL,Representation.ABSTRACT,0_L_e2,"Imagine there are six people: Amber, Bryan, Christina, Dana, Elizabeth and Felicia. They have the following relationships to each other:;;;;",;;Here is how to figure out the answer to the following question:;;Who is Amber's parent's enemy?;;;;Here are the steps to arrive at the answer:;;1. Amber's parent = t;;2. Bryan's enemy = y;;;;So the answer is y;;;;Now answer the following question:;;Who is Dana's enemy?,Dana's enemy,q,h;;q;;s;;t;;v;;y,Amber = h      Amber's enemy = v      Amber's friend = y      Amber's parent = t      Bryan's child = h      ;;Bryan = t      Bryan's enemy = y      Bryan's friend = q      Dana's parent = q       Christina's child = v  ;;Christina = y  Christina's enemy = t  Christina's friend = h  Elizabeth's parent = y  Felicia's child = s    ;;Dana = s       Dana's enemy = q       Dana's friend = v       ;;Elizabeth = v  Elizabeth's enemy = h  Elizabeth's friend = s  ;;Felicia = q    Felicia's enemy = s    Felicia's friend = t    ,104,10
2,L,SemanticApproach.EXTENSIONAL,Representation.ABSTRACT,0_L_e2,"Imagine there are six people: Amber, Bryan, Christina, Dana, Elizabeth and Felicia. They have the following relationships to each other:;;;;",;;Here is how to figure out the answer to the following question:;;Who is Amber's parent's enemy?;;;;Here are the steps to arrive at the answer:;;1. Amber's parent = t;;2. Bryan's enemy = y;;;;So the answer is y;;;;Now answer the following question:;;Who is Dana's enemy?,Dana's enemy,q,h;;q;;s;;t;;v;;y,Amber = h      Amber's enemy = v      Amber's friend = y      Amber's parent = t      Bryan's child = h      ;;Bryan = t      Bryan's enemy = y      Bryan's friend = q      Dana's parent = q       Christina's child = v  ;;Christina = y  Christina's enemy = t  Christina's friend = h  Elizabeth's parent = y  Felicia's child = s    ;;Dana = s       Dana's enemy = q       Dana's friend = v       ;;Elizabeth = v  Elizabeth's enemy = h  Elizabeth's friend = s  ;;Felicia = q    Felicia's enemy = s    Felicia's friend = t    ,102,11
2,L,SemanticApproach.EXTENSIONAL,Representation.ABSTRACT,0_L_p4,"Imagine there are six people: Amber, Bryan, Christina, Dana, Elizabeth and Felicia. They have the following relationships to each other:;;;;",;;Here is how to figure out the answer to the following question:;;Who is Amber's parent's enemy?;;;;Here are the steps to arrive at the answer:;;1. Amber's parent = t;;2. Bryan's enemy = y;;;;So the answer is y;;;;Now answer the following question:;;Who is Elizabeth's parent?,Elizabeth's parent,y,h;;q;;s;;t;;v;;y,Amber = h      Amber's enemy = v      Amber's friend = y      Amber's parent = t      Bryan's child = h      ;;Bryan = t      Bryan's enemy = y      Bryan's friend = q      Dana's parent = q       Christina's child = v  ;;Christina = y  Christina's enemy = t  Christina's friend = h  Elizabeth's parent = y  Felicia's child = s    ;;Dana = s       Dana's enemy = q       Dana's friend = v       ;;Elizabeth = v  Elizabeth's enemy = h  Elizabeth's friend = s  ;;Felicia = q    Felicia's enemy = s    Felicia's friend = t    ,107,12
2,L,SemanticApproach.EXTENSIONAL,Representation.ABSTRACT,0_L_e2,"Imagine there are six people: Amber, Bryan, Christina, Dana, Elizabeth and Felicia. They have the following relationships to each other:;;;;",;;Here is how to figure out the answer to the following question:;;Who is Amber's parent's enemy?;;;;Here are the steps to arrive at the answer:;;1. Amber's parent = t;;2. Bryan's enemy = y;;;;So the answer is y;;;;Now answer the following question:;;Who is Dana's enemy?,Dana's enemy,q,h;;q;;s;;t;;v;;y,Amber = h      Amber's enemy = v      Amber's friend = y      Amber's parent = t      Bryan's child = h      ;;Bryan = t      Bryan's enemy = y      Bryan's friend = q      Dana's parent = q       Christina's child = v  ;;Christina = y  Christina's enemy = t  Christina's friend = h  Elizabeth's parent = y  Felicia's child = s    ;;Dana = s       Dana's enemy = q       Dana's friend = v       ;;Elizabeth = v  Elizabeth's enemy = h  Elizabeth's friend = s  ;;Felicia = q    Felicia's enemy = s    Felicia's friend = t    ,101,13
2,L,SemanticApproach.EXTENSIONAL,Representation.ABSTRACT,0_L_p4,"Imagine there are six people: Amber, Bryan, Christina, Dana, Elizabeth and Felicia. They have the following relationships to each other:;;;;",;;Here is how to figure out the answer to the following question:;;Who is Amber's parent's enemy?;;;;Here are the steps to arrive at the answer:;;1. Amber's parent = t;;2. Bryan's enemy = y;;;;So the answer is y;;;;Now answer the following question:;;Who is Elizabeth's parent?,Elizabeth's parent,y,h;;q;;s;;t;;v;;y,Amber = h      Amber's enemy = v      Amber's friend = y      Amber's parent = t      Bryan's child = h      ;;Bryan = t      Bryan's enemy = y      Bryan's friend = q      Dana's parent = q       Christina's child = v  ;;Christina = y  Christina's enemy = t  Christina's friend = h  Elizabeth's parent = y  Felicia's child = s    ;;Dana = s       Dana's enemy = q       Dana's friend = v       ;;Elizabeth = v  Elizabeth's enemy = h  Elizabeth's friend = s  ;;Felicia = q    Felicia's enemy = s    Felicia's friend = t    ,106,14
2,L,SemanticApproach.EXTENSIONAL,Representation.ABSTRACT,0_L_f1,"Imagine there are six people: Amber, Bryan, Christina, Dana, Elizabeth and Felicia. They have the following relationships to each other:;;;;",;;Here is how to figure out the answer to the following question:;;Who is Amber's parent's enemy?;;;;Here are the steps to arrive at the answer:;;1. Amber's parent = t;;2. Bryan's enemy = y;;;;So the answer is y;;;;Now answer the following question:;;Who is Amber's friend?,Amber's friend,y,h;;q;;s;;t;;v;;y,Amber = h      Amber's enemy = v      Amber's friend = y      Amber's parent = t      Bryan's child = h      ;;Bryan = t      Bryan's enemy = y      Bryan's friend = q      Dana's parent = q       Christina's child = v  ;;Christina = y  Christina's enemy = t  Christina's friend = h  Elizabeth's parent = y  Felicia's child = s    ;;Dana = s       Dana's enemy = q       Dana's friend = v       ;;Elizabeth = v  Elizabeth's enemy = h  Elizabeth's friend = s  ;;Felicia = q    Felicia's enemy = s    Felicia's friend = t    ,118,15
2,L,SemanticApproach.EXTENSIONAL,Representation.ABSTRACT,0_L_e3,"Imagine there are six people: Amber, Bryan, Christina, Dana, Elizabeth and Felicia. They have the following relationships to each other:;;;;",;;Here is how to figure out the answer to the following question:;;Who is Amber's parent's enemy?;;;;Here are the steps to arrive at the answer:;;1. Amber's parent = t;;2. Bryan's enemy = y;;;;So the answer is y;;;;Now answer the following question:;;Who is Bryan's enemy?,Bryan's enemy,y,h;;q;;s;;t;;v;;y,Amber = h      Amber's enemy = v      Amber's friend = y      Amber's parent = t      Bryan's child = h      ;;Bryan = t      Bryan's enemy = y      Bryan's friend = q      Dana's parent = q       Christina's child = v  ;;Christina = y  Christina's enemy = t  Christina's friend = h  Elizabeth's parent = y  Felicia's child = s    ;;Dana = s       Dana's enemy = q       Dana's friend = v       ;;Elizabeth = v  Elizabeth's enemy = h  Elizabeth's friend = s  ;;Felicia = q    Felicia's enemy = s    Felicia's friend = t    ,115,16
2,L,SemanticApproach.EXTENSIONAL,Representation.ABSTRACT,0_L_p4,"Imagine there are six people: Amber, Bryan, Christina, Dana, Elizabeth and Felicia. They have the following relationships to each other:;;;;",;;Here is how to figure out the answer to the following question:;;Who is Amber's parent's enemy?;;;;Here are the steps to arrive at the answer:;;1. Amber's parent = t;;2. Bryan's enemy = y;;;;So the answer is y;;;;Now answer the following question:;;Who is Elizabeth's parent?,Elizabeth's parent,y,h;;q;;s;;t;;v;;y,Amber = h      Amber's enemy = v      Amber's friend = y      Amber's parent = t      Bryan's child = h      ;;Bryan = t      Bryan's enemy = y      Bryan's friend = q      Dana's parent = q       Christina's child = v  ;;Christina = y  Christina's enemy = t  Christina's friend = h  Elizabeth's parent = y  Felicia's child = s    ;;Dana = s       Dana's enemy = q       Dana's friend = v       ;;Elizabeth = v  Elizabeth's enemy = h  Elizabeth's friend = s  ;;Felicia = q    Felicia's enemy = s    Felicia's friend = t    ,108,17
2,L,SemanticApproach.EXTENSIONAL,Representation.ABSTRACT,0_L_e3,"Imagine there are six people: Amber, Bryan, Christina, Dana, Elizabeth and Felicia. They have the following relationships to each other:;;;;",;;Here is how to figure out the answer to the following question:;;Who is Amber's parent's enemy?;;;;Here are the steps to arrive at the answer:;;1. Amber's parent = t;;2. Bryan's enemy = y;;;;So the answer is y;;;;Now answer the following question:;;Who is Bryan's enemy?,Bryan's enemy,y,h;;q;;s;;t;;v;;y,Amber = h      Amber's enemy = v      Amber's friend = y      Amber's parent = t      Bryan's child = h      ;;Bryan = t      Bryan's enemy = y      Bryan's friend = q      Dana's parent = q       Christina's child = v  ;;Christina = y  Christina's enemy = t  Christina's friend = h  Elizabeth's parent = y  Felicia's child = s    ;;Dana = s       Dana's enemy = q       Dana's friend = v       ;;Elizabeth = v  Elizabeth's enemy = h  Elizabeth's friend = s  ;;Felicia = q    Felicia's enemy = s    Felicia's friend = t    ,113,18
2,L,SemanticApproach.EXTENSIONAL,Representation.ABSTRACT,0_L_f0,"Imagine there are six people: Amber, Bryan, Christina, Dana, Elizabeth and Felicia. They have the following relationships to each other:;;;;",;;Here is how to figure out the answer to the following question:;;Who is Amber's parent's enemy?;;;;Here are the steps to arrive at the answer:;;1. Amber's parent = t;;2. Bryan's enemy = y;;;;So the answer is y;;;;Now answer the following question:;;Who is Christina's friend?,Christina's friend,h,h;;q;;s;;t;;v;;y,Amber = h      Amber's enemy = v      Amber's friend = y      Amber's parent = t      Bryan's child = h      ;;Bryan = t      Bryan's enemy = y      Bryan's friend = q      Dana's parent = q       Christina's child = v  ;;Christina = y  Christina's enemy = t  Christina's friend = h  Elizabeth's parent = y  Felicia's child = s    ;;Dana = s       Dana's enemy = q       Dana's friend = v       ;;Elizabeth = v  Elizabeth's enemy = h  Elizabeth's friend = s  ;;Felicia = q    Felicia's enemy = s    Felicia's friend = t    ,110,19
2,R,SemanticApproach.EXTENSIONAL,Representation.ABSTRACT,0_R_e3,"Imagine there are six people: Amber, Bryan, Christina, Dana, Elizabeth and Felicia. They have the following relationships to each other:;;;;",;;Here is how to figure out the answer to the following question:;;Who is the enemy of the parent of Amber?;;;;Here are the steps to arrive at the answer:;;1. the parent of Amber = t;;2. the enemy of Bryan = y;;;;So the answer is y;;;;Now answer the following question:;;Who is the enemy of Bryan?,the enemy of Bryan,y,h;;q;;s;;t;;v;;y,Amber = h      the enemy of Amber = v      the friend of Amber = y      the parent of Amber = t      the child of Bryan = h      ;;Bryan = t      the enemy of Bryan = y      the friend of Bryan = q      the parent of Dana = q       the child of Christina = v  ;;Christina = y  the enemy of Christina = t  the friend of Christina = h  the parent of Elizabeth = y  the child of Felicia = s    ;;Dana = s       the enemy of Dana = q       the friend of Dana = v       ;;Elizabeth = v  the enemy of Elizabeth = h  the friend of Elizabeth = s  ;;Felicia = q    the enemy of Felicia = s    the friend of Felicia = t    ,10,20
2,R,SemanticApproach.EXTENSIONAL,Representation.ABSTRACT,0_R_e3,"Imagine there are six people: Amber, Bryan, Christina, Dana, Elizabeth and Felicia. They have the following relationships to each other:;;;;",;;Here is how to figure out the answer to the following question:;;Who is the enemy of the parent of Amber?;;;;Here are the steps to arrive at the answer:;;1. the parent of Amber = t;;2. the enemy of Bryan = y;;;;So the answer is y;;;;Now answer the following question:;;Who is the enemy of Bryan?,the enemy of Bryan,y,h;;q;;s;;t;;v;;y,Amber = h      the enemy of Amber = v      the friend of Amber = y      the parent of Amber = t      the child of Bryan = h      ;;Bryan = t      the enemy of Bryan = y      the friend of Bryan = q      the parent of Dana = q       the child of Christina = v  ;;Christina = y  the enemy of Christina = t  the friend of Christina = h  the parent of Elizabeth = y  the child of Felicia = s    ;;Dana = s       the enemy of Dana = q       the friend of Dana = v       ;;Elizabeth = v  the enemy of Elizabeth = h  the friend of Elizabeth = s  ;;Felicia = q    the enemy of Felicia = s    the friend of Felicia = t    ,12,21
2,R,SemanticApproach.EXTENSIONAL,Representation.ABSTRACT,0_R_c5,"Imagine there are six people: Amber, Bryan, Christina, Dana, Elizabeth and Felicia. They have the following relationships to each other:;;;;",;;Here is how to figure out the answer to the following question:;;Who is the enemy of the parent of Amber?;;;;Here are the steps to arrive at the answer:;;1. the parent of Amber = t;;2. the enemy of Bryan = y;;;;So the answer is y;;;;Now answer the following question:;;Who is the child of Felicia?,the child of Felicia,s,h;;q;;s;;t;;v;;y,Amber = h      the enemy of Amber = v      the friend of Amber = y      the parent of Amber = t      the child of Bryan = h      ;;Bryan = t      the enemy of Bryan = y      the friend of Bryan = q      the parent of Dana = q       the child of Christina = v  ;;Christina = y  the enemy of Christina = t  the friend of Christina = h  the parent of Elizabeth = y  the child of Felicia = s    ;;Dana = s       the enemy of Dana = q       the friend of Dana = v       ;;Elizabeth = v  the enemy of Elizabeth = h  the friend of Elizabeth = s  ;;Felicia = q    the enemy of Felicia = s    the friend of Felicia = t    ,6,22
2,R,SemanticApproach.EXTENSIONAL,Representation.ABSTRACT,0_R_e2,"Imagine there are six people: Amber, Bryan, Christina, Dana, Elizabeth and Felicia. They have the following relationships to each other:;;;;",;;Here is how to figure out the answer to the following question:;;Who is the enemy of the parent of Amber?;;;;Here are the steps to arrive at the answer:;;1. the parent of Amber = t;;2. the enemy of Bryan = y;;;;So the answer is y;;;;Now answer the following question:;;Who is the enemy of Dana?,the enemy of Dana,q,h;;q;;s;;t;;v;;y,Amber = h      the enemy of Amber = v      the friend of Amber = y      the parent of Amber = t      the child of Bryan = h      ;;Bryan = t      the enemy of Bryan = y      the friend of Bryan = q      the parent of Dana = q       the child of Christina = v  ;;Christina = y  the enemy of Christina = t  the friend of Christina = h  the parent of Elizabeth = y  the child of Felicia = s    ;;Dana = s       the enemy of Dana = q       the friend of Dana = v       ;;Elizabeth = v  the enemy of Elizabeth = h  the friend of Elizabeth = s  ;;Felicia = q    the enemy of Felicia = s    the friend of Felicia = t    ,2,23
2,R,SemanticApproach.EXTENSIONAL,Representation.ABSTRACT,0_R_p4,"Imagine there are six people: Amber, Bryan, Christina, Dana, Elizabeth and Felicia. They have the following relationships to each other:;;;;",;;Here is how to figure out the answer to the following question:;;Who is the enemy of the parent of Amber?;;;;Here are the steps to arrive at the answer:;;1. the parent of Amber = t;;2. the enemy of Bryan = y;;;;So the answer is y;;;;Now answer the following question:;;Who is the parent of Elizabeth?,the parent of Elizabeth,y,h;;q;;s;;t;;v;;y,Amber = h      the enemy of Amber = v      the friend of Amber = y      the parent of Amber = t      the child of Bryan = h      ;;Bryan = t      the enemy of Bryan = y      the friend of Bryan = q      the parent of Dana = q       the child of Christina = v  ;;Christina = y  the enemy of Christina = t  the friend of Christina = h  the parent of Elizabeth = y  the child of Felicia = s    ;;Dana = s       the enemy of Dana = q       the friend of Dana = v       ;;Elizabeth = v  the enemy of Elizabeth = h  the friend of Elizabeth = s  ;;Felicia = q    the enemy of Felicia = s    the friend of Felicia = t    ,20,24
2,R,SemanticApproach.EXTENSIONAL,Representation.ABSTRACT,0_R_f1,"Imagine there are six people: Amber, Bryan, Christina, Dana, Elizabeth and Felicia. They have the following relationships to each other:;;;;",;;Here is how to figure out the answer to the following question:;;Who is the enemy of the parent of Amber?;;;;Here are the steps to arrive at the answer:;;1. the parent of Amber = t;;2. the enemy of Bryan = y;;;;So the answer is y;;;;Now answer the following question:;;Who is the friend of Amber?,the friend of Amber,y,h;;q;;s;;t;;v;;y,Amber = h      the enemy of Amber = v      the friend of Amber = y      the parent of Amber = t      the child of Bryan = h      ;;Bryan = t      the enemy of Bryan = y      the friend of Bryan = q      the parent of Dana = q       the child of Christina = v  ;;Christina = y  the enemy of Christina = t  the friend of Christina = h  the parent of Elizabeth = y  the child of Felicia = s    ;;Dana = s       the enemy of Dana = q       the friend of Dana = v       ;;Elizabeth = v  the enemy of Elizabeth = h  the friend of Elizabeth = s  ;;Felicia = q    the enemy of Felicia = s    the friend of Felicia = t    ,15,25
2,R,SemanticApproach.EXTENSIONAL,Representation.ABSTRACT,0_R_e3,"Imagine there are six people: Amber, Bryan, Christina, Dana, Elizabeth and Felicia. They have the following relationships to each other:;;;;",;;Here is how to figure out the answer to the following question:;;Who is the enemy of the parent of Amber?;;;;Here are the steps to arrive at the answer:;;1. the parent of Amber = t;;2. the enemy of Bryan = y;;;;So the answer is y;;;;Now answer the following question:;;Who is the enemy of Bryan?,the enemy of Bryan,y,h;;q;;s;;t;;v;;y,Amber = h      the enemy of Amber = v      the friend of Amber = y      the parent of Amber = t      the child of Bryan = h      ;;Bryan = t      the enemy of Bryan = y      the friend of Bryan = q      the parent of Dana = q       the child of Christina = v  ;;Christina = y  the enemy of Christina = t  the friend of Christina = h  the parent of Elizabeth = y  the child of Felicia = s    ;;Dana = s       the enemy of Dana = q       the friend of Dana = v       ;;Elizabeth = v  the enemy of Elizabeth = h  the friend of Elizabeth = s  ;;Felicia = q    the enemy of Felicia = s    the friend of Felicia = t    ,9,26
2,R,SemanticApproach.EXTENSIONAL,Representation.ABSTRACT,0_R_f1,"Imagine there are six people: Amber, Bryan, Christina, Dana, Elizabeth and Felicia. They have the following relationships to each other:;;;;",;;Here is how to figure out the answer to the following question:;;Who is the enemy of the parent of Amber?;;;;Here are the steps to arrive at the answer:;;1. the parent of Amber = t;;2. the enemy of Bryan = y;;;;So the answer is y;;;;Now answer the following question:;;Who is the friend of Amber?,the friend of Amber,y,h;;q;;s;;t;;v;;y,Amber = h      the enemy of Amber = v      the friend of Amber = y      the parent of Amber = t      the child of Bryan = h      ;;Bryan = t      the enemy of Bryan = y      the friend of Bryan = q      the parent of Dana = q       the child of Christina = v  ;;Christina = y  the enemy of Christina = t  the friend of Christina = h  the parent of Elizabeth = y  the child of Felicia = s    ;;Dana = s       the enemy of Dana = q       the friend of Dana = v       ;;Elizabeth = v  the enemy of Elizabeth = h  the friend of Elizabeth = s  ;;Felicia = q    the enemy of Felicia = s    the friend of Felicia = t    ,14,27
2,R,SemanticApproach.EXTENSIONAL,Representation.ABSTRACT,0_R_c5,"Imagine there are six people: Amber, Bryan, Christina, Dana, Elizabeth and Felicia. They have the following relationships to each other:;;;;",;;Here is how to figure out the answer to the following question:;;Who is the enemy of the parent of Amber?;;;;Here are the steps to arrive at the answer:;;1. the parent of Amber = t;;2. the enemy of Bryan = y;;;;So the answer is y;;;;Now answer the following question:;;Who is the child of Felicia?,the child of Felicia,s,h;;q;;s;;t;;v;;y,Amber = h      the enemy of Amber = v      the friend of Amber = y      the parent of Amber = t      the child of Bryan = h      ;;Bryan = t      the enemy of Bryan = y      the friend of Bryan = q      the parent of Dana = q       the child of Christina = v  ;;Christina = y  the enemy of Christina = t  the friend of Christina = h  the parent of Elizabeth = y  the child of Felicia = s    ;;Dana = s       the enemy of Dana = q       the friend of Dana = v       ;;Elizabeth = v  the enemy of Elizabeth = h  the friend of Elizabeth = s  ;;Felicia = q    the enemy of Felicia = s    the friend of Felicia = t    ,8,28
2,R,SemanticApproach.EXTENSIONAL,Representation.ABSTRACT,0_R_p4,"Imagine there are six people: Amber, Bryan, Christina, Dana, Elizabeth and Felicia. They have the following relationships to each other:;;;;",;;Here is how to figure out the answer to the following question:;;Who is the enemy of the parent of Amber?;;;;Here are the steps to arrive at the answer:;;1. the parent of Amber = t;;2. the enemy of Bryan = y;;;;So the answer is y;;;;Now answer the following question:;;Who is the parent of Elizabeth?,the parent of Elizabeth,y,h;;q;;s;;t;;v;;y,Amber = h      the enemy of Amber = v      the friend of Amber = y      the parent of Amber = t      the child of Bryan = h      ;;Bryan = t      the enemy of Bryan = y      the friend of Bryan = q      the parent of Dana = q       the child of Christina = v  ;;Christina = y  the enemy of Christina = t  the friend of Christina = h  the parent of Elizabeth = y  the child of Felicia = s    ;;Dana = s       the enemy of Dana = q       the friend of Dana = v       ;;Elizabeth = v  the enemy of Elizabeth = h  the friend of Elizabeth = s  ;;Felicia = q    the enemy of Felicia = s    the friend of Felicia = t    ,17,29
2,R,SemanticApproach.EXTENSIONAL,Representation.ABSTRACT,0_R_f1,"Imagine there are six people: Amber, Bryan, Christina, Dana, Elizabeth and Felicia. They have the following relationships to each other:;;;;",;;Here is how to figure out the answer to the following question:;;Who is the enemy of the parent of Amber?;;;;Here are the steps to arrive at the answer:;;1. the parent of Amber = t;;2. the enemy of Bryan = y;;;;So the answer is y;;;;Now answer the following question:;;Who is the friend of Amber?,the friend of Amber,y,h;;q;;s;;t;;v;;y,Amber = h      the enemy of Amber = v      the friend of Amber = y      the parent of Amber = t      the child of Bryan = h      ;;Bryan = t      the enemy of Bryan = y      the friend of Bryan = q      the parent of Dana = q       the child of Christina = v  ;;Christina = y  the enemy of Christina = t  the friend of Christina = h  the parent of Elizabeth = y  the child of Felicia = s    ;;Dana = s       the enemy of Dana = q       the friend of Dana = v       ;;Elizabeth = v  the enemy of Elizabeth = h  the friend of Elizabeth = s  ;;Felicia = q    the enemy of Felicia = s    the friend of Felicia = t    ,13,30
2,R,SemanticApproach.EXTENSIONAL,Representation.ABSTRACT,0_R_e2,"Imagine there are six people: Amber, Bryan, Christina, Dana, Elizabeth and Felicia. They have the following relationships to each other:;;;;",;;Here is how to figure out the answer to the following question:;;Who is the enemy of the parent of Amber?;;;;Here are the steps to arrive at the answer:;;1. the parent of Amber = t;;2. the enemy of Bryan = y;;;;So the answer is y;;;;Now answer the following question:;;Who is the enemy of Dana?,the enemy of Dana,q,h;;q;;s;;t;;v;;y,Amber = h      the enemy of Amber = v      the friend of Amber = y      the parent of Amber = t      the child of Bryan = h      ;;Bryan = t      the enemy of Bryan = y      the friend of Bryan = q      the parent of Dana = q       the child of Christina = v  ;;Christina = y  the enemy of Christina = t  the friend of Christina = h  the parent of Elizabeth = y  the child of Felicia = s    ;;Dana = s       the enemy of Dana = q       the friend of Dana = v       ;;Elizabeth = v  the enemy of Elizabeth = h  the friend of Elizabeth = s  ;;Felicia = q    the enemy of Felicia = s    the friend of Felicia = t    ,4,31
2,R,SemanticApproach.EXTENSIONAL,Representation.ABSTRACT,0_R_c5,"Imagine there are six people: Amber, Bryan, Christina, Dana, Elizabeth and Felicia. They have the following relationships to each other:;;;;",;;Here is how to figure out the answer to the following question:;;Who is the enemy of the parent of Amber?;;;;Here are the steps to arrive at the answer:;;1. the parent of Amber = t;;2. the enemy of Bryan = y;;;;So the answer is y;;;;Now answer the following question:;;Who is the child of Felicia?,the child of Felicia,s,h;;q;;s;;t;;v;;y,Amber = h      the enemy of Amber = v      the friend of Amber = y      the parent of Amber = t      the child of Bryan = h      ;;Bryan = t      the enemy of Bryan = y      the friend of Bryan = q      the parent of Dana = q       the child of Christina = v  ;;Christina = y  the enemy of Christina = t  the friend of Christina = h  the parent of Elizabeth = y  the child of Felicia = s    ;;Dana = s       the enemy of Dana = q       the friend of Dana = v       ;;Elizabeth = v  the enemy of Elizabeth = h  the friend of Elizabeth = s  ;;Felicia = q    the enemy of Felicia = s    the friend of Felicia = t    ,7,32
2,R,SemanticApproach.EXTENSIONAL,Representation.ABSTRACT,0_R_e2,"Imagine there are six people: Amber, Bryan, Christina, Dana, Elizabeth and Felicia. They have the following relationships to each other:;;;;",;;Here is how to figure out the answer to the following question:;;Who is the enemy of the parent of Amber?;;;;Here are the steps to arrive at the answer:;;1. the parent of Amber = t;;2. the enemy of Bryan = y;;;;So the answer is y;;;;Now answer the following question:;;Who is the enemy of Dana?,the enemy of Dana,q,h;;q;;s;;t;;v;;y,Amber = h      the enemy of Amber = v      the friend of Amber = y      the parent of Amber = t      the child of Bryan = h      ;;Bryan = t      the enemy of Bryan = y      the friend of Bryan = q      the parent of Dana = q       the child of Christina = v  ;;Christina = y  the enemy of Christina = t  the friend of Christina = h  the parent of Elizabeth = y  the child of Felicia = s    ;;Dana = s       the enemy of Dana = q       the friend of Dana = v       ;;Elizabeth = v  the enemy of Elizabeth = h  the friend of Elizabeth = s  ;;Felicia = q    the enemy of Felicia = s    the friend of Felicia = t    ,3,33
2,R,SemanticApproach.EXTENSIONAL,Representation.ABSTRACT,0_R_c5,"Imagine there are six people: Amber, Bryan, Christina, Dana, Elizabeth and Felicia. They have the following relationships to each other:;;;;",;;Here is how to figure out the answer to the following question:;;Who is the enemy of the parent of Amber?;;;;Here are the steps to arrive at the answer:;;1. the parent of Amber = t;;2. the enemy of Bryan = y;;;;So the answer is y;;;;Now answer the following question:;;Who is the child of Felicia?,the child of Felicia,s,h;;q;;s;;t;;v;;y,Amber = h      the enemy of Amber = v      the friend of Amber = y      the parent of Amber = t      the child of Bryan = h      ;;Bryan = t      the enemy of Bryan = y      the friend of Bryan = q      the parent of Dana = q       the child of Christina = v  ;;Christina = y  the enemy of Christina = t  the friend of Christina = h  the parent of Elizabeth = y  the child of Felicia = s    ;;Dana = s       the enemy of Dana = q       the friend of Dana = v       ;;Elizabeth = v  the enemy of Elizabeth = h  the friend of Elizabeth = s  ;;Felicia = q    the enemy of Felicia = s    the friend of Felicia = t    ,5,34
2,R,SemanticApproach.EXTENSIONAL,Representation.ABSTRACT,0_R_p4,"Imagine there are six people: Amber, Bryan, Christina, Dana, Elizabeth and Felicia. They have the following relationships to each other:;;;;",;;Here is how to figure out the answer to the following question:;;Who is the enemy of the parent of Amber?;;;;Here are the steps to arrive at the answer:;;1. the parent of Amber = t;;2. the enemy of Bryan = y;;;;So the answer is y;;;;Now answer the following question:;;Who is the parent of Elizabeth?,the parent of Elizabeth,y,h;;q;;s;;t;;v;;y,Amber = h      the enemy of Amber = v      the friend of Amber = y      the parent of Amber = t      the child of Bryan = h      ;;Bryan = t      the enemy of Bryan = y      the friend of Bryan = q      the parent of Dana = q       the child of Christina = v  ;;Christina = y  the enemy of Christina = t  the friend of Christina = h  the parent of Elizabeth = y  the child of Felicia = s    ;;Dana = s       the enemy of Dana = q       the friend of Dana = v       ;;Elizabeth = v  the enemy of Elizabeth = h  the friend of Elizabeth = s  ;;Felicia = q    the enemy of Felicia = s    the friend of Felicia = t    ,19,35
2,R,SemanticApproach.EXTENSIONAL,Representation.ABSTRACT,0_R_e2,"Imagine there are six people: Amber, Bryan, Christina, Dana, Elizabeth and Felicia. They have the following relationships to each other:;;;;",;;Here is how to figure out the answer to the following question:;;Who is the enemy of the parent of Amber?;;;;Here are the steps to arrive at the answer:;;1. the parent of Amber = t;;2. the enemy of Bryan = y;;;;So the answer is y;;;;Now answer the following question:;;Who is the enemy of Dana?,the enemy of Dana,q,h;;q;;s;;t;;v;;y,Amber = h      the enemy of Amber = v      the friend of Amber = y      the parent of Amber = t      the child of Bryan = h      ;;Bryan = t      the enemy of Bryan = y      the friend of Bryan = q      the parent of Dana = q       the child of Christina = v  ;;Christina = y  the enemy of Christina = t  the friend of Christina = h  the parent of Elizabeth = y  the child of Felicia = s    ;;Dana = s       the enemy of Dana = q       the friend of Dana = v       ;;Elizabeth = v  the enemy of Elizabeth = h  the friend of Elizabeth = s  ;;Felicia = q    the enemy of Felicia = s    the friend of Felicia = t    ,1,36
2,R,SemanticApproach.EXTENSIONAL,Representation.ABSTRACT,0_R_p4,"Imagine there are six people: Amber, Bryan, Christina, Dana, Elizabeth and Felicia. They have the following relationships to each other:;;;;",;;Here is how to figure out the answer to the following question:;;Who is the enemy of the parent of Amber?;;;;Here are the steps to arrive at the answer:;;1. the parent of Amber = t;;2. the enemy of Bryan = y;;;;So the answer is y;;;;Now answer the following question:;;Who is the parent of Elizabeth?,the parent of Elizabeth,y,h;;q;;s;;t;;v;;y,Amber = h      the enemy of Amber = v      the friend of Amber = y      the parent of Amber = t      the child of Bryan = h      ;;Bryan = t      the enemy of Bryan = y      the friend of Bryan = q      the parent of Dana = q       the child of Christina = v  ;;Christina = y  the enemy of Christina = t  the friend of Christina = h  the parent of Elizabeth = y  the child of Felicia = s    ;;Dana = s       the enemy of Dana = q       the friend of Dana = v       ;;Elizabeth = v  the enemy of Elizabeth = h  the friend of Elizabeth = s  ;;Felicia = q    the enemy of Felicia = s    the friend of Felicia = t    ,18,37
2,R,SemanticApproach.EXTENSIONAL,Representation.ABSTRACT,0_R_e3,"Imagine there are six people: Amber, Bryan, Christina, Dana, Elizabeth and Felicia. They have the following relationships to each other:;;;;",;;Here is how to figure out the answer to the following question:;;Who is the enemy of the parent of Amber?;;;;Here are the steps to arrive at the answer:;;1. the parent of Amber = t;;2. the enemy of Bryan = y;;;;So the answer is y;;;;Now answer the following question:;;Who is the enemy of Bryan?,the enemy of Bryan,y,h;;q;;s;;t;;v;;y,Amber = h      the enemy of Amber = v      the friend of Amber = y      the parent of Amber = t      the child of Bryan = h      ;;Bryan = t      the enemy of Bryan = y      the friend of Bryan = q      the parent of Dana = q       the child of Christina = v  ;;Christina = y  the enemy of Christina = t  the friend of Christina = h  the parent of Elizabeth = y  the child of Felicia = s    ;;Dana = s       the enemy of Dana = q       the friend of Dana = v       ;;Elizabeth = v  the enemy of Elizabeth = h  the friend of Elizabeth = s  ;;Felicia = q    the enemy of Felicia = s    the friend of Felicia = t    ,11,38
2,R,SemanticApproach.EXTENSIONAL,Representation.ABSTRACT,0_R_f1,"Imagine there are six people: Amber, Bryan, Christina, Dana, Elizabeth and Felicia. They have the following relationships to each other:;;;;",;;Here is how to figure out the answer to the following question:;;Who is the enemy of the parent of Amber?;;;;Here are the steps to arrive at the answer:;;1. the parent of Amber = t;;2. the enemy of Bryan = y;;;;So the answer is y;;;;Now answer the following question:;;Who is the friend of Amber?,the friend of Amber,y,h;;q;;s;;t;;v;;y,Amber = h      the enemy of Amber = v      the friend of Amber = y      the parent of Amber = t      the child of Bryan = h      ;;Bryan = t      the enemy of Bryan = y      the friend of Bryan = q      the parent of Dana = q       the child of Christina = v  ;;Christina = y  the enemy of Christina = t  the friend of Christina = h  the parent of Elizabeth = y  the child of Felicia = s    ;;Dana = s       the enemy of Dana = q       the friend of Dana = v       ;;Elizabeth = v  the enemy of Elizabeth = h  the friend of Elizabeth = s  ;;Felicia = q    the enemy of Felicia = s    the friend of Felicia = t    ,16,39
2,L,SemanticApproach.INTENSIONAL,Representation.ABSTRACT,0_L_p4,English phrases can be translated into formulae. Use the following translations to answer the question.;;;;,";;;;Here is an example of how to get a formula for a phrase.;;What is the formula for ""Amber's parent's enemy""?;;;;Here are the steps to arrive at the answer:;;1. Amber's parent = k(h);;2. Amber's parent's enemy = w(k(h));;;;So the answer is w(k(h));;;;What is the formula for ""Elizabeth's parent""?",Elizabeth's parent,k(v),h;;q;;s;;t;;v;;y,Amber = h      Christina's friend = s(y)  ;;Bryan = t      Amber's friend = s(h)      ;;Christina = y  Dana's enemy = w(s)        ;;Dana = s       Bryan's enemy = w(t)       ;;Elizabeth = v  Elizabeth's parent = k(v)  ;;Felicia = q    Felicia's child = t(q)     ,104,0
2,L,SemanticApproach.INTENSIONAL,Representation.ABSTRACT,0_L_p4,English phrases can be translated into formulae. Use the following translations to answer the question.;;;;,";;;;Here is an example of how to get a formula for a phrase.;;What is the formula for ""Amber's parent's enemy""?;;;;Here are the steps to arrive at the answer:;;1. Amber's parent = k(h);;2. Amber's parent's enemy = w(k(h));;;;So the answer is w(k(h));;;;What is the formula for ""Elizabeth's parent""?",Elizabeth's parent,k(v),h;;q;;s;;t;;v;;y,Amber = h      Christina's friend = s(y)  ;;Bryan = t      Amber's friend = s(h)      ;;Christina = y  Dana's enemy = w(s)        ;;Dana = s       Bryan's enemy = w(t)       ;;Elizabeth = v  Elizabeth's parent = k(v)  ;;Felicia = q    Felicia's child = t(q)     ,103,1
2,L,SemanticApproach.INTENSIONAL,Representation.ABSTRACT,0_L_f1,English phrases can be translated into formulae. Use the following translations to answer the question.;;;;,";;;;Here is an example of how to get a formula for a phrase.;;What is the formula for ""Amber's parent's enemy""?;;;;Here are the steps to arrive at the answer:;;1. Amber's parent = k(h);;2. Amber's parent's enemy = w(k(h));;;;So the answer is w(k(h));;;;What is the formula for ""Amber's friend""?",Amber's friend,s(h),h;;q;;s;;t;;v;;y,Amber = h      Christina's friend = s(y)  ;;Bryan = t      Amber's friend = s(h)      ;;Christina = y  Dana's enemy = w(s)        ;;Dana = s       Bryan's enemy = w(t)       ;;Elizabeth = v  Elizabeth's parent = k(v)  ;;Felicia = q    Felicia's child = t(q)     ,110,2
2,L,SemanticApproach.INTENSIONAL,Representation.ABSTRACT,0_L_f1,English phrases can be translated into formulae. Use the following translations to answer the question.;;;;,";;;;Here is an example of how to get a formula for a phrase.;;What is the formula for ""Amber's parent's enemy""?;;;;Here are the steps to arrive at the answer:;;1. Amber's parent = k(h);;2. Amber's parent's enemy = w(k(h));;;;So the answer is w(k(h));;;;What is the formula for ""Amber's friend""?",Amber's friend,s(h),h;;q;;s;;t;;v;;y,Amber = h      Christina's friend = s(y)  ;;Bryan = t      Amber's friend = s(h)      ;;Christina = y  Dana's enemy = w(s)        ;;Dana = s       Bryan's enemy = w(t)       ;;Elizabeth = v  Elizabeth's parent = k(v)  ;;Felicia = q    Felicia's child = t(q)     ,111,3
2,L,SemanticApproach.INTENSIONAL,Representation.ABSTRACT,0_L_e3,English phrases can be translated into formulae. Use the following translations to answer the question.;;;;,";;;;Here is an example of how to get a formula for a phrase.;;What is the formula for ""Amber's parent's enemy""?;;;;Here are the steps to arrive at the answer:;;1. Amber's parent = k(h);;2. Amber's parent's enemy = w(k(h));;;;So the answer is w(k(h));;;;What is the formula for ""Bryan's enemy""?",Bryan's enemy,w(t),h;;q;;s;;t;;v;;y,Amber = h      Christina's friend = s(y)  ;;Bryan = t      Amber's friend = s(h)      ;;Christina = y  Dana's enemy = w(s)        ;;Dana = s       Bryan's enemy = w(t)       ;;Elizabeth = v  Elizabeth's parent = k(v)  ;;Felicia = q    Felicia's child = t(q)     ,113,4
2,L,SemanticApproach.INTENSIONAL,Representation.ABSTRACT,0_L_p4,English phrases can be translated into formulae. Use the following translations to answer the question.;;;;,";;;;Here is an example of how to get a formula for a phrase.;;What is the formula for ""Amber's parent's enemy""?;;;;Here are the steps to arrive at the answer:;;1. Amber's parent = k(h);;2. Amber's parent's enemy = w(k(h));;;;So the answer is w(k(h));;;;What is the formula for ""Elizabeth's parent""?",Elizabeth's parent,k(v),h;;q;;s;;t;;v;;y,Amber = h      Christina's friend = s(y)  ;;Bryan = t      Amber's friend = s(h)      ;;Christina = y  Dana's enemy = w(s)        ;;Dana = s       Bryan's enemy = w(t)       ;;Elizabeth = v  Elizabeth's parent = k(v)  ;;Felicia = q    Felicia's child = t(q)     ,102,5
2,L,SemanticApproach.INTENSIONAL,Representation.ABSTRACT,0_L_e2,English phrases can be translated into formulae. Use the following translations to answer the question.;;;;,";;;;Here is an example of how to get a formula for a phrase.;;What is the formula for ""Amber's parent's enemy""?;;;;Here are the steps to arrive at the answer:;;1. Amber's parent = k(h);;2. Amber's parent's enemy = w(k(h));;;;So the answer is w(k(h));;;;What is the formula for ""Dana's enemy""?",Dana's enemy,w(s),h;;q;;s;;t;;v;;y,Amber = h      Christina's friend = s(y)  ;;Bryan = t      Amber's friend = s(h)      ;;Christina = y  Dana's enemy = w(s)        ;;Dana = s       Bryan's enemy = w(t)       ;;Elizabeth = v  Elizabeth's parent = k(v)  ;;Felicia = q    Felicia's child = t(q)     ,117,6
2,L,SemanticApproach.INTENSIONAL,Representation.ABSTRACT,0_L_e3,English phrases can be translated into formulae. Use the following translations to answer the question.;;;;,";;;;Here is an example of how to get a formula for a phrase.;;What is the formula for ""Amber's parent's enemy""?;;;;Here are the steps to arrive at the answer:;;1. Amber's parent = k(h);;2. Amber's parent's enemy = w(k(h));;;;So the answer is w(k(h));;;;What is the formula for ""Bryan's enemy""?",Bryan's enemy,w(t),h;;q;;s;;t;;v;;y,Amber = h      Christina's friend = s(y)  ;;Bryan = t      Amber's friend = s(h)      ;;Christina = y  Dana's enemy = w(s)        ;;Dana = s       Bryan's enemy = w(t)       ;;Elizabeth = v  Elizabeth's parent = k(v)  ;;Felicia = q    Felicia's child = t(q)     ,114,7
2,L,SemanticApproach.INTENSIONAL,Representation.ABSTRACT,0_L_e3,English phrases can be translated into formulae. Use the following translations to answer the question.;;;;,";;;;Here is an example of how to get a formula for a phrase.;;What is the formula for ""Amber's parent's enemy""?;;;;Here are the steps to arrive at the answer:;;1. Amber's parent = k(h);;2. Amber's parent's enemy = w(k(h));;;;So the answer is w(k(h));;;;What is the formula for ""Bryan's enemy""?",Bryan's enemy,w(t),h;;q;;s;;t;;v;;y,Amber = h      Christina's friend = s(y)  ;;Bryan = t      Amber's friend = s(h)      ;;Christina = y  Dana's enemy = w(s)        ;;Dana = s       Bryan's enemy = w(t)       ;;Elizabeth = v  Elizabeth's parent = k(v)  ;;Felicia = q    Felicia's child = t(q)     ,115,8
2,L,SemanticApproach.INTENSIONAL,Representation.ABSTRACT,0_L_e2,English phrases can be translated into formulae. Use the following translations to answer the question.;;;;,";;;;Here is an example of how to get a formula for a phrase.;;What is the formula for ""Amber's parent's enemy""?;;;;Here are the steps to arrive at the answer:;;1. Amber's parent = k(h);;2. Amber's parent's enemy = w(k(h));;;;So the answer is w(k(h));;;;What is the formula for ""Dana's enemy""?",Dana's enemy,w(s),h;;q;;s;;t;;v;;y,Amber = h      Christina's friend = s(y)  ;;Bryan = t      Amber's friend = s(h)      ;;Christina = y  Dana's enemy = w(s)        ;;Dana = s       Bryan's enemy = w(t)       ;;Elizabeth = v  Elizabeth's parent = k(v)  ;;Felicia = q    Felicia's child = t(q)     ,118,9
2,L,SemanticApproach.INTENSIONAL,Representation.ABSTRACT,0_L_e2,English phrases can be translated into formulae. Use the following translations to answer the question.;;;;,";;;;Here is an example of how to get a formula for a phrase.;;What is the formula for ""Amber's parent's enemy""?;;;;Here are the steps to arrive at the answer:;;1. Amber's parent = k(h);;2. Amber's parent's enemy = w(k(h));;;;So the answer is w(k(h));;;;What is the formula for ""Dana's enemy""?",Dana's enemy,w(s),h;;q;;s;;t;;v;;y,Amber = h      Christina's friend = s(y)  ;;Bryan = t      Amber's friend = s(h)      ;;Christina = y  Dana's enemy = w(s)        ;;Dana = s       Bryan's enemy = w(t)       ;;Elizabeth = v  Elizabeth's parent = k(v)  ;;Felicia = q    Felicia's child = t(q)     ,119,10
2,L,SemanticApproach.INTENSIONAL,Representation.ABSTRACT,0_L_f1,English phrases can be translated into formulae. Use the following translations to answer the question.;;;;,";;;;Here is an example of how to get a formula for a phrase.;;What is the formula for ""Amber's parent's enemy""?;;;;Here are the steps to arrive at the answer:;;1. Amber's parent = k(h);;2. Amber's parent's enemy = w(k(h));;;;So the answer is w(k(h));;;;What is the formula for ""Amber's friend""?",Amber's friend,s(h),h;;q;;s;;t;;v;;y,Amber = h      Christina's friend = s(y)  ;;Bryan = t      Amber's friend = s(h)      ;;Christina = y  Dana's enemy = w(s)        ;;Dana = s       Bryan's enemy = w(t)       ;;Elizabeth = v  Elizabeth's parent = k(v)  ;;Felicia = q    Felicia's child = t(q)     ,112,11
2,L,SemanticApproach.INTENSIONAL,Representation.ABSTRACT,0_L_p4,English phrases can be translated into formulae. Use the following translations to answer the question.;;;;,";;;;Here is an example of how to get a formula for a phrase.;;What is the formula for ""Amber's parent's enemy""?;;;;Here are the steps to arrive at the answer:;;1. Amber's parent = k(h);;2. Amber's parent's enemy = w(k(h));;;;So the answer is w(k(h));;;;What is the formula for ""Elizabeth's parent""?",Elizabeth's parent,k(v),h;;q;;s;;t;;v;;y,Amber = h      Christina's friend = s(y)  ;;Bryan = t      Amber's friend = s(h)      ;;Christina = y  Dana's enemy = w(s)        ;;Dana = s       Bryan's enemy = w(t)       ;;Elizabeth = v  Elizabeth's parent = k(v)  ;;Felicia = q    Felicia's child = t(q)     ,101,12
2,L,SemanticApproach.INTENSIONAL,Representation.ABSTRACT,0_L_f1,English phrases can be translated into formulae. Use the following translations to answer the question.;;;;,";;;;Here is an example of how to get a formula for a phrase.;;What is the formula for ""Amber's parent's enemy""?;;;;Here are the steps to arrive at the answer:;;1. Amber's parent = k(h);;2. Amber's parent's enemy = w(k(h));;;;So the answer is w(k(h));;;;What is the formula for ""Amber's friend""?",Amber's friend,s(h),h;;q;;s;;t;;v;;y,Amber = h      Christina's friend = s(y)  ;;Bryan = t      Amber's friend = s(h)      ;;Christina = y  Dana's enemy = w(s)        ;;Dana = s       Bryan's enemy = w(t)       ;;Elizabeth = v  Elizabeth's parent = k(v)  ;;Felicia = q    Felicia's child = t(q)     ,109,13
2,L,SemanticApproach.INTENSIONAL,Representation.ABSTRACT,0_L_e3,English phrases can be translated into formulae. Use the following translations to answer the question.;;;;,";;;;Here is an example of how to get a formula for a phrase.;;What is the formula for ""Amber's parent's enemy""?;;;;Here are the steps to arrive at the answer:;;1. Amber's parent = k(h);;2. Amber's parent's enemy = w(k(h));;;;So the answer is w(k(h));;;;What is the formula for ""Bryan's enemy""?",Bryan's enemy,w(t),h;;q;;s;;t;;v;;y,Amber = h      Christina's friend = s(y)  ;;Bryan = t      Amber's friend = s(h)      ;;Christina = y  Dana's enemy = w(s)        ;;Dana = s       Bryan's enemy = w(t)       ;;Elizabeth = v  Elizabeth's parent = k(v)  ;;Felicia = q    Felicia's child = t(q)     ,116,14
2,L,SemanticApproach.INTENSIONAL,Representation.ABSTRACT,0_L_f0,English phrases can be translated into formulae. Use the following translations to answer the question.;;;;,";;;;Here is an example of how to get a formula for a phrase.;;What is the formula for ""Amber's parent's enemy""?;;;;Here are the steps to arrive at the answer:;;1. Amber's parent = k(h);;2. Amber's parent's enemy = w(k(h));;;;So the answer is w(k(h));;;;What is the formula for ""Christina's friend""?",Christina's friend,s(y),h;;q;;s;;t;;v;;y,Amber = h      Christina's friend = s(y)  ;;Bryan = t      Amber's friend = s(h)      ;;Christina = y  Dana's enemy = w(s)        ;;Dana = s       Bryan's enemy = w(t)       ;;Elizabeth = v  Elizabeth's parent = k(v)  ;;Felicia = q    Felicia's child = t(q)     ,105,15
2,L,SemanticApproach.INTENSIONAL,Representation.ABSTRACT,0_L_f0,English phrases can be translated into formulae. Use the following translations to answer the question.;;;;,";;;;Here is an example of how to get a formula for a phrase.;;What is the formula for ""Amber's parent's enemy""?;;;;Here are the steps to arrive at the answer:;;1. Amber's parent = k(h);;2. Amber's parent's enemy = w(k(h));;;;So the answer is w(k(h));;;;What is the formula for ""Christina's friend""?",Christina's friend,s(y),h;;q;;s;;t;;v;;y,Amber = h      Christina's friend = s(y)  ;;Bryan = t      Amber's friend = s(h)      ;;Christina = y  Dana's enemy = w(s)        ;;Dana = s       Bryan's enemy = w(t)       ;;Elizabeth = v  Elizabeth's parent = k(v)  ;;Felicia = q    Felicia's child = t(q)     ,106,16
2,L,SemanticApproach.INTENSIONAL,Representation.ABSTRACT,0_L_e2,English phrases can be translated into formulae. Use the following translations to answer the question.;;;;,";;;;Here is an example of how to get a formula for a phrase.;;What is the formula for ""Amber's parent's enemy""?;;;;Here are the steps to arrive at the answer:;;1. Amber's parent = k(h);;2. Amber's parent's enemy = w(k(h));;;;So the answer is w(k(h));;;;What is the formula for ""Dana's enemy""?",Dana's enemy,w(s),h;;q;;s;;t;;v;;y,Amber = h      Christina's friend = s(y)  ;;Bryan = t      Amber's friend = s(h)      ;;Christina = y  Dana's enemy = w(s)        ;;Dana = s       Bryan's enemy = w(t)       ;;Elizabeth = v  Elizabeth's parent = k(v)  ;;Felicia = q    Felicia's child = t(q)     ,120,17
2,L,SemanticApproach.INTENSIONAL,Representation.ABSTRACT,0_L_f0,English phrases can be translated into formulae. Use the following translations to answer the question.;;;;,";;;;Here is an example of how to get a formula for a phrase.;;What is the formula for ""Amber's parent's enemy""?;;;;Here are the steps to arrive at the answer:;;1. Amber's parent = k(h);;2. Amber's parent's enemy = w(k(h));;;;So the answer is w(k(h));;;;What is the formula for ""Christina's friend""?",Christina's friend,s(y),h;;q;;s;;t;;v;;y,Amber = h      Christina's friend = s(y)  ;;Bryan = t      Amber's friend = s(h)      ;;Christina = y  Dana's enemy = w(s)        ;;Dana = s       Bryan's enemy = w(t)       ;;Elizabeth = v  Elizabeth's parent = k(v)  ;;Felicia = q    Felicia's child = t(q)     ,108,18
2,L,SemanticApproach.INTENSIONAL,Representation.ABSTRACT,0_L_f0,English phrases can be translated into formulae. Use the following translations to answer the question.;;;;,";;;;Here is an example of how to get a formula for a phrase.;;What is the formula for ""Amber's parent's enemy""?;;;;Here are the steps to arrive at the answer:;;1. Amber's parent = k(h);;2. Amber's parent's enemy = w(k(h));;;;So the answer is w(k(h));;;;What is the formula for ""Christina's friend""?",Christina's friend,s(y),h;;q;;s;;t;;v;;y,Amber = h      Christina's friend = s(y)  ;;Bryan = t      Amber's friend = s(h)      ;;Christina = y  Dana's enemy = w(s)        ;;Dana = s       Bryan's enemy = w(t)       ;;Elizabeth = v  Elizabeth's parent = k(v)  ;;Felicia = q    Felicia's child = t(q)     ,107,19
2,R,SemanticApproach.INTENSIONAL,Representation.ABSTRACT,0_R_c5,English phrases can be translated into formulae. Use the following translations to answer the question.;;;;,";;;;Here is an example of how to get a formula for a phrase.;;What is the formula for ""the enemy of the parent of Amber""?;;;;Here are the steps to arrive at the answer:;;1. the parent of Amber = k(h);;2. the enemy of the parent of Amber = w(k(h));;;;So the answer is w(k(h));;;;What is the formula for ""the child of Felicia""?",the child of Felicia,t(q),h;;q;;s;;t;;v;;y,Amber = h      the friend of Christina = s(y)  ;;Bryan = t      the friend of Amber = s(h)      ;;Christina = y  the enemy of Dana = w(s)        ;;Dana = s       the enemy of Bryan = w(t)       ;;Elizabeth = v  the parent of Elizabeth = k(v)  ;;Felicia = q    the child of Felicia = t(q)     ,11,20
2,R,SemanticApproach.INTENSIONAL,Representation.ABSTRACT,0_R_f1,English phrases can be translated into formulae. Use the following translations to answer the question.;;;;,";;;;Here is an example of how to get a formula for a phrase.;;What is the formula for ""the enemy of the parent of Amber""?;;;;Here are the steps to arrive at the answer:;;1. the parent of Amber = k(h);;2. the enemy of the parent of Amber = w(k(h));;;;So the answer is w(k(h));;;;What is the formula for ""the friend of Amber""?",the friend of Amber,s(h),h;;q;;s;;t;;v;;y,Amber = h      the friend of Christina = s(y)  ;;Bryan = t      the friend of Amber = s(h)      ;;Christina = y  the enemy of Dana = w(s)        ;;Dana = s       the enemy of Bryan = w(t)       ;;Elizabeth = v  the parent of Elizabeth = k(v)  ;;Felicia = q    the child of Felicia = t(q)     ,18,21
2,R,SemanticApproach.INTENSIONAL,Representation.ABSTRACT,0_R_f0,English phrases can be translated into formulae. Use the following translations to answer the question.;;;;,";;;;Here is an example of how to get a formula for a phrase.;;What is the formula for ""the enemy of the parent of Amber""?;;;;Here are the steps to arrive at the answer:;;1. the parent of Amber = k(h);;2. the enemy of the parent of Amber = w(k(h));;;;So the answer is w(k(h));;;;What is the formula for ""the friend of Christina""?",the friend of Christina,s(y),h;;q;;s;;t;;v;;y,Amber = h      the friend of Christina = s(y)  ;;Bryan = t      the friend of Amber = s(h)      ;;Christina = y  the enemy of Dana = w(s)        ;;Dana = s       the enemy of Bryan = w(t)       ;;Elizabeth = v  the parent of Elizabeth = k(v)  ;;Felicia = q    the child of Felicia = t(q)     ,14,22
2,R,SemanticApproach.INTENSIONAL,Representation.ABSTRACT,0_R_p4,English phrases can be translated into formulae. Use the following translations to answer the question.;;;;,";;;;Here is an example of how to get a formula for a phrase.;;What is the formula for ""the enemy of the parent of Amber""?;;;;Here are the steps to arrive at the answer:;;1. the parent of Amber = k(h);;2. the enemy of the parent of Amber = w(k(h));;;;So the answer is w(k(h));;;;What is the formula for ""the parent of Elizabeth""?",the parent of Elizabeth,k(v),h;;q;;s;;t;;v;;y,Amber = h      the friend of Christina = s(y)  ;;Bryan = t      the friend of Amber = s(h)      ;;Christina = y  the enemy of Dana = w(s)        ;;Dana = s       the enemy of Bryan = w(t)       ;;Elizabeth = v  the parent of Elizabeth = k(v)  ;;Felicia = q    the child of Felicia = t(q)     ,4,23
2,R,SemanticApproach.INTENSIONAL,Representation.ABSTRACT,0_R_f1,English phrases can be translated into formulae. Use the following translations to answer the question.;;;;,";;;;Here is an example of how to get a formula for a phrase.;;What is the formula for ""the enemy of the parent of Amber""?;;;;Here are the steps to arrive at the answer:;;1. the parent of Amber = k(h);;2. the enemy of the parent of Amber = w(k(h));;;;So the answer is w(k(h));;;;What is the formula for ""the friend of Amber""?",the friend of Amber,s(h),h;;q;;s;;t;;v;;y,Amber = h      the friend of Christina = s(y)  ;;Bryan = t      the friend of Amber = s(h)      ;;Christina = y  the enemy of Dana = w(s)        ;;Dana = s       the enemy of Bryan = w(t)       ;;Elizabeth = v  the parent of Elizabeth = k(v)  ;;Felicia = q    the child of Felicia = t(q)     ,20,24
2,R,SemanticApproach.INTENSIONAL,Representation.ABSTRACT,0_R_c5,English phrases can be translated into formulae. Use the following translations to answer the question.;;;;,";;;;Here is an example of how to get a formula for a phrase.;;What is the formula for ""the enemy of the parent of Amber""?;;;;Here are the steps to arrive at the answer:;;1. the parent of Amber = k(h);;2. the enemy of the parent of Amber = w(k(h));;;;So the answer is w(k(h));;;;What is the formula for ""the child of Felicia""?",the child of Felicia,t(q),h;;q;;s;;t;;v;;y,Amber = h      the friend of Christina = s(y)  ;;Bryan = t      the friend of Amber = s(h)      ;;Christina = y  the enemy of Dana = w(s)        ;;Dana = s       the enemy of Bryan = w(t)       ;;Elizabeth = v  the parent of Elizabeth = k(v)  ;;Felicia = q    the child of Felicia = t(q)     ,12,25
2,R,SemanticApproach.INTENSIONAL,Representation.ABSTRACT,0_R_p4,English phrases can be translated into formulae. Use the following translations to answer the question.;;;;,";;;;Here is an example of how to get a formula for a phrase.;;What is the formula for ""the enemy of the parent of Amber""?;;;;Here are the steps to arrive at the answer:;;1. the parent of Amber = k(h);;2. the enemy of the parent of Amber = w(k(h));;;;So the answer is w(k(h));;;;What is the formula for ""the parent of Elizabeth""?",the parent of Elizabeth,k(v),h;;q;;s;;t;;v;;y,Amber = h      the friend of Christina = s(y)  ;;Bryan = t      the friend of Amber = s(h)      ;;Christina = y  the enemy of Dana = w(s)        ;;Dana = s       the enemy of Bryan = w(t)       ;;Elizabeth = v  the parent of Elizabeth = k(v)  ;;Felicia = q    the child of Felicia = t(q)     ,1,26
2,R,SemanticApproach.INTENSIONAL,Representation.ABSTRACT,0_R_e3,English phrases can be translated into formulae. Use the following translations to answer the question.;;;;,";;;;Here is an example of how to get a formula for a phrase.;;What is the formula for ""the enemy of the parent of Amber""?;;;;Here are the steps to arrive at the answer:;;1. the parent of Amber = k(h);;2. the enemy of the parent of Amber = w(k(h));;;;So the answer is w(k(h));;;;What is the formula for ""the enemy of Bryan""?",the enemy of Bryan,w(t),h;;q;;s;;t;;v;;y,Amber = h      the friend of Christina = s(y)  ;;Bryan = t      the friend of Amber = s(h)      ;;Christina = y  the enemy of Dana = w(s)        ;;Dana = s       the enemy of Bryan = w(t)       ;;Elizabeth = v  the parent of Elizabeth = k(v)  ;;Felicia = q    the child of Felicia = t(q)     ,7,27
2,R,SemanticApproach.INTENSIONAL,Representation.ABSTRACT,0_R_e3,English phrases can be translated into formulae. Use the following translations to answer the question.;;;;,";;;;Here is an example of how to get a formula for a phrase.;;What is the formula for ""the enemy of the parent of Amber""?;;;;Here are the steps to arrive at the answer:;;1. the parent of Amber = k(h);;2. the enemy of the parent of Amber = w(k(h));;;;So the answer is w(k(h));;;;What is the formula for ""the enemy of Bryan""?",the enemy of Bryan,w(t),h;;q;;s;;t;;v;;y,Amber = h      the friend of Christina = s(y)  ;;Bryan = t      the friend of Amber = s(h)      ;;Christina = y  the enemy of Dana = w(s)        ;;Dana = s       the enemy of Bryan = w(t)       ;;Elizabeth = v  the parent of Elizabeth = k(v)  ;;Felicia = q    the child of Felicia = t(q)     ,8,28
2,R,SemanticApproach.INTENSIONAL,Representation.ABSTRACT,0_R_p4,English phrases can be translated into formulae. Use the following translations to answer the question.;;;;,";;;;Here is an example of how to get a formula for a phrase.;;What is the formula for ""the enemy of the parent of Amber""?;;;;Here are the steps to arrive at the answer:;;1. the parent of Amber = k(h);;2. the enemy of the parent of Amber = w(k(h));;;;So the answer is w(k(h));;;;What is the formula for ""the parent of Elizabeth""?",the parent of Elizabeth,k(v),h;;q;;s;;t;;v;;y,Amber = h      the friend of Christina = s(y)  ;;Bryan = t      the friend of Amber = s(h)      ;;Christina = y  the enemy of Dana = w(s)        ;;Dana = s       the enemy of Bryan = w(t)       ;;Elizabeth = v  the parent of Elizabeth = k(v)  ;;Felicia = q    the child of Felicia = t(q)     ,3,29
2,R,SemanticApproach.INTENSIONAL,Representation.ABSTRACT,0_R_f0,English phrases can be translated into formulae. Use the following translations to answer the question.;;;;,";;;;Here is an example of how to get a formula for a phrase.;;What is the formula for ""the enemy of the parent of Amber""?;;;;Here are the steps to arrive at the answer:;;1. the parent of Amber = k(h);;2. the enemy of the parent of Amber = w(k(h));;;;So the answer is w(k(h));;;;What is the formula for ""the friend of Christina""?",the friend of Christina,s(y),h;;q;;s;;t;;v;;y,Amber = h      the friend of Christina = s(y)  ;;Bryan = t      the friend of Amber = s(h)      ;;Christina = y  the enemy of Dana = w(s)        ;;Dana = s       the enemy of Bryan = w(t)       ;;Elizabeth = v  the parent of Elizabeth = k(v)  ;;Felicia = q    the child of Felicia = t(q)     ,16,30
2,R,SemanticApproach.INTENSIONAL,Representation.ABSTRACT,0_R_f0,English phrases can be translated into formulae. Use the following translations to answer the question.;;;;,";;;;Here is an example of how to get a formula for a phrase.;;What is the formula for ""the enemy of the parent of Amber""?;;;;Here are the steps to arrive at the answer:;;1. the parent of Amber = k(h);;2. the enemy of the parent of Amber = w(k(h));;;;So the answer is w(k(h));;;;What is the formula for ""the friend of Christina""?",the friend of Christina,s(y),h;;q;;s;;t;;v;;y,Amber = h      the friend of Christina = s(y)  ;;Bryan = t      the friend of Amber = s(h)      ;;Christina = y  the enemy of Dana = w(s)        ;;Dana = s       the enemy of Bryan = w(t)       ;;Elizabeth = v  the parent of Elizabeth = k(v)  ;;Felicia = q    the child of Felicia = t(q)     ,15,31
2,R,SemanticApproach.INTENSIONAL,Representation.ABSTRACT,0_R_c5,English phrases can be translated into formulae. Use the following translations to answer the question.;;;;,";;;;Here is an example of how to get a formula for a phrase.;;What is the formula for ""the enemy of the parent of Amber""?;;;;Here are the steps to arrive at the answer:;;1. the parent of Amber = k(h);;2. the enemy of the parent of Amber = w(k(h));;;;So the answer is w(k(h));;;;What is the formula for ""the child of Felicia""?",the child of Felicia,t(q),h;;q;;s;;t;;v;;y,Amber = h      the friend of Christina = s(y)  ;;Bryan = t      the friend of Amber = s(h)      ;;Christina = y  the enemy of Dana = w(s)        ;;Dana = s       the enemy of Bryan = w(t)       ;;Elizabeth = v  the parent of Elizabeth = k(v)  ;;Felicia = q    the child of Felicia = t(q)     ,9,32
2,R,SemanticApproach.INTENSIONAL,Representation.ABSTRACT,0_R_f1,English phrases can be translated into formulae. Use the following translations to answer the question.;;;;,";;;;Here is an example of how to get a formula for a phrase.;;What is the formula for ""the enemy of the parent of Amber""?;;;;Here are the steps to arrive at the answer:;;1. the parent of Amber = k(h);;2. the enemy of the parent of Amber = w(k(h));;;;So the answer is w(k(h));;;;What is the formula for ""the friend of Amber""?",the friend of Amber,s(h),h;;q;;s;;t;;v;;y,Amber = h      the friend of Christina = s(y)  ;;Bryan = t      the friend of Amber = s(h)      ;;Christina = y  the enemy of Dana = w(s)        ;;Dana = s       the enemy of Bryan = w(t)       ;;Elizabeth = v  the parent of Elizabeth = k(v)  ;;Felicia = q    the child of Felicia = t(q)     ,19,33
2,R,SemanticApproach.INTENSIONAL,Representation.ABSTRACT,0_R_c5,English phrases can be translated into formulae. Use the following translations to answer the question.;;;;,";;;;Here is an example of how to get a formula for a phrase.;;What is the formula for ""the enemy of the parent of Amber""?;;;;Here are the steps to arrive at the answer:;;1. the parent of Amber = k(h);;2. the enemy of the parent of Amber = w(k(h));;;;So the answer is w(k(h));;;;What is the formula for ""the child of Felicia""?",the child of Felicia,t(q),h;;q;;s;;t;;v;;y,Amber = h      the friend of Christina = s(y)  ;;Bryan = t      the friend of Amber = s(h)      ;;Christina = y  the enemy of Dana = w(s)        ;;Dana = s       the enemy of Bryan = w(t)       ;;Elizabeth = v  the parent of Elizabeth = k(v)  ;;Felicia = q    the child of Felicia = t(q)     ,10,34
2,R,SemanticApproach.INTENSIONAL,Representation.ABSTRACT,0_R_p4,English phrases can be translated into formulae. Use the following translations to answer the question.;;;;,";;;;Here is an example of how to get a formula for a phrase.;;What is the formula for ""the enemy of the parent of Amber""?;;;;Here are the steps to arrive at the answer:;;1. the parent of Amber = k(h);;2. the enemy of the parent of Amber = w(k(h));;;;So the answer is w(k(h));;;;What is the formula for ""the parent of Elizabeth""?",the parent of Elizabeth,k(v),h;;q;;s;;t;;v;;y,Amber = h      the friend of Christina = s(y)  ;;Bryan = t      the friend of Amber = s(h)      ;;Christina = y  the enemy of Dana = w(s)        ;;Dana = s       the enemy of Bryan = w(t)       ;;Elizabeth = v  the parent of Elizabeth = k(v)  ;;Felicia = q    the child of Felicia = t(q)     ,2,35
2,R,SemanticApproach.INTENSIONAL,Representation.ABSTRACT,0_R_f1,English phrases can be translated into formulae. Use the following translations to answer the question.;;;;,";;;;Here is an example of how to get a formula for a phrase.;;What is the formula for ""the enemy of the parent of Amber""?;;;;Here are the steps to arrive at the answer:;;1. the parent of Amber = k(h);;2. the enemy of the parent of Amber = w(k(h));;;;So the answer is w(k(h));;;;What is the formula for ""the friend of Amber""?",the friend of Amber,s(h),h;;q;;s;;t;;v;;y,Amber = h      the friend of Christina = s(y)  ;;Bryan = t      the friend of Amber = s(h)      ;;Christina = y  the enemy of Dana = w(s)        ;;Dana = s       the enemy of Bryan = w(t)       ;;Elizabeth = v  the parent of Elizabeth = k(v)  ;;Felicia = q    the child of Felicia = t(q)     ,17,36
2,R,SemanticApproach.INTENSIONAL,Representation.ABSTRACT,0_R_f0,English phrases can be translated into formulae. Use the following translations to answer the question.;;;;,";;;;Here is an example of how to get a formula for a phrase.;;What is the formula for ""the enemy of the parent of Amber""?;;;;Here are the steps to arrive at the answer:;;1. the parent of Amber = k(h);;2. the enemy of the parent of Amber = w(k(h));;;;So the answer is w(k(h));;;;What is the formula for ""the friend of Christina""?",the friend of Christina,s(y),h;;q;;s;;t;;v;;y,Amber = h      the friend of Christina = s(y)  ;;Bryan = t      the friend of Amber = s(h)      ;;Christina = y  the enemy of Dana = w(s)        ;;Dana = s       the enemy of Bryan = w(t)       ;;Elizabeth = v  the parent of Elizabeth = k(v)  ;;Felicia = q    the child of Felicia = t(q)     ,13,37
2,R,SemanticApproach.INTENSIONAL,Representation.ABSTRACT,0_R_e3,English phrases can be translated into formulae. Use the following translations to answer the question.;;;;,";;;;Here is an example of how to get a formula for a phrase.;;What is the formula for ""the enemy of the parent of Amber""?;;;;Here are the steps to arrive at the answer:;;1. the parent of Amber = k(h);;2. the enemy of the parent of Amber = w(k(h));;;;So the answer is w(k(h));;;;What is the formula for ""the enemy of Bryan""?",the enemy of Bryan,w(t),h;;q;;s;;t;;v;;y,Amber = h      the friend of Christina = s(y)  ;;Bryan = t      the friend of Amber = s(h)      ;;Christina = y  the enemy of Dana = w(s)        ;;Dana = s       the enemy of Bryan = w(t)       ;;Elizabeth = v  the parent of Elizabeth = k(v)  ;;Felicia = q    the child of Felicia = t(q)     ,6,38
2,R,SemanticApproach.INTENSIONAL,Representation.ABSTRACT,0_R_e3,English phrases can be translated into formulae. Use the following translations to answer the question.;;;;,";;;;Here is an example of how to get a formula for a phrase.;;What is the formula for ""the enemy of the parent of Amber""?;;;;Here are the steps to arrive at the answer:;;1. the parent of Amber = k(h);;2. the enemy of the parent of Amber = w(k(h));;;;So the answer is w(k(h));;;;What is the formula for ""the enemy of Bryan""?",the enemy of Bryan,w(t),h;;q;;s;;t;;v;;y,Amber = h      the friend of Christina = s(y)  ;;Bryan = t      the friend of Amber = s(h)      ;;Christina = y  the enemy of Dana = w(s)        ;;Dana = s       the enemy of Bryan = w(t)       ;;Elizabeth = v  the parent of Elizabeth = k(v)  ;;Felicia = q    the child of Felicia = t(q)     ,5,39
2,L,SemanticApproach.EXTENSIONAL,Representation.ENGLISH,0_L_f1,"Imagine there are six people: Amber, Bryan, Christina, Dana, Elizabeth and Felicia. They have the following relationships to each other:;;;;",;;Here is how to figure out the answer to the following question:;;Who is Amber's parent's enemy?;;;;Here are the steps to arrive at the answer:;;1. Amber's parent = Bryan;;2. Bryan's enemy = Christina;;;;So the answer is Christina;;;;Now answer the following question:;;Who is Amber's friend?,Amber's friend,Christina,Amber;;Bryan;;Christina;;Dana;;Elizabeth;;Felicia,Amber's enemy = Elizabeth  Amber's friend = Christina  Amber's parent = Bryan          Bryan's child = Amber          ;;Bryan's enemy = Christina  Bryan's friend = Felicia    Dana's parent = Felicia         Christina's child = Elizabeth  ;;Christina's enemy = Bryan  Christina's friend = Amber  Elizabeth's parent = Christina  Felicia's child = Dana         ;;Dana's enemy = Felicia     Dana's friend = Elizabeth   ;;Elizabeth's enemy = Amber  Elizabeth's friend = Dana   ;;Felicia's enemy = Dana     Felicia's friend = Bryan    ,111,0
2,L,SemanticApproach.EXTENSIONAL,Representation.ENGLISH,0_L_f1,"Imagine there are six people: Amber, Bryan, Christina, Dana, Elizabeth and Felicia. They have the following relationships to each other:;;;;",;;Here is how to figure out the answer to the following question:;;Who is Amber's parent's enemy?;;;;Here are the steps to arrive at the answer:;;1. Amber's parent = Bryan;;2. Bryan's enemy = Christina;;;;So the answer is Christina;;;;Now answer the following question:;;Who is Amber's friend?,Amber's friend,Christina,Amber;;Bryan;;Christina;;Dana;;Elizabeth;;Felicia,Amber's enemy = Elizabeth  Amber's friend = Christina  Amber's parent = Bryan          Bryan's child = Amber          ;;Bryan's enemy = Christina  Bryan's friend = Felicia    Dana's parent = Felicia         Christina's child = Elizabeth  ;;Christina's enemy = Bryan  Christina's friend = Amber  Elizabeth's parent = Christina  Felicia's child = Dana         ;;Dana's enemy = Felicia     Dana's friend = Elizabeth   ;;Elizabeth's enemy = Amber  Elizabeth's friend = Dana   ;;Felicia's enemy = Dana     Felicia's friend = Bryan    ,112,1
2,L,SemanticApproach.EXTENSIONAL,Representation.ENGLISH,0_L_e2,"Imagine there are six people: Amber, Bryan, Christina, Dana, Elizabeth and Felicia. They have the following relationships to each other:;;;;",;;Here is how to figure out the answer to the following question:;;Who is Amber's parent's enemy?;;;;Here are the steps to arrive at the answer:;;1. Amber's parent = Bryan;;2. Bryan's enemy = Christina;;;;So the answer is Christina;;;;Now answer the following question:;;Who is Dana's enemy?,Dana's enemy,Felicia,Amber;;Bryan;;Christina;;Dana;;Elizabeth;;Felicia,Amber's enemy = Elizabeth  Amber's friend = Christina  Amber's parent = Bryan          Bryan's child = Amber          ;;Bryan's enemy = Christina  Bryan's friend = Felicia    Dana's parent = Felicia         Christina's child = Elizabeth  ;;Christina's enemy = Bryan  Christina's friend = Amber  Elizabeth's parent = Christina  Felicia's child = Dana         ;;Dana's enemy = Felicia     Dana's friend = Elizabeth   ;;Elizabeth's enemy = Amber  Elizabeth's friend = Dana   ;;Felicia's enemy = Dana     Felicia's friend = Bryan    ,104,2
2,L,SemanticApproach.EXTENSIONAL,Representation.ENGLISH,0_L_p4,"Imagine there are six people: Amber, Bryan, Christina, Dana, Elizabeth and Felicia. They have the following relationships to each other:;;;;",;;Here is how to figure out the answer to the following question:;;Who is Amber's parent's enemy?;;;;Here are the steps to arrive at the answer:;;1. Amber's parent = Bryan;;2. Bryan's enemy = Christina;;;;So the answer is Christina;;;;Now answer the following question:;;Who is Elizabeth's parent?,Elizabeth's parent,Christina,Amber;;Bryan;;Christina;;Dana;;Elizabeth;;Felicia,Amber's enemy = Elizabeth  Amber's friend = Christina  Amber's parent = Bryan          Bryan's child = Amber          ;;Bryan's enemy = Christina  Bryan's friend = Felicia    Dana's parent = Felicia         Christina's child = Elizabeth  ;;Christina's enemy = Bryan  Christina's friend = Amber  Elizabeth's parent = Christina  Felicia's child = Dana         ;;Dana's enemy = Felicia     Dana's friend = Elizabeth   ;;Elizabeth's enemy = Amber  Elizabeth's friend = Dana   ;;Felicia's enemy = Dana     Felicia's friend = Bryan    ,106,3
2,L,SemanticApproach.EXTENSIONAL,Representation.ENGLISH,0_L_p4,"Imagine there are six people: Amber, Bryan, Christina, Dana, Elizabeth and Felicia. They have the following relationships to each other:;;;;",;;Here is how to figure out the answer to the following question:;;Who is Amber's parent's enemy?;;;;Here are the steps to arrive at the answer:;;1. Amber's parent = Bryan;;2. Bryan's enemy = Christina;;;;So the answer is Christina;;;;Now answer the following question:;;Who is Elizabeth's parent?,Elizabeth's parent,Christina,Amber;;Bryan;;Christina;;Dana;;Elizabeth;;Felicia,Amber's enemy = Elizabeth  Amber's friend = Christina  Amber's parent = Bryan          Bryan's child = Amber          ;;Bryan's enemy = Christina  Bryan's friend = Felicia    Dana's parent = Felicia         Christina's child = Elizabeth  ;;Christina's enemy = Bryan  Christina's friend = Amber  Elizabeth's parent = Christina  Felicia's child = Dana         ;;Dana's enemy = Felicia     Dana's friend = Elizabeth   ;;Elizabeth's enemy = Amber  Elizabeth's friend = Dana   ;;Felicia's enemy = Dana     Felicia's friend = Bryan    ,105,4
2,L,SemanticApproach.EXTENSIONAL,Representation.ENGLISH,0_L_c5,"Imagine there are six people: Amber, Bryan, Christina, Dana, Elizabeth and Felicia. They have the following relationships to each other:;;;;",;;Here is how to figure out the answer to the following question:;;Who is Amber's parent's enemy?;;;;Here are the steps to arrive at the answer:;;1. Amber's parent = Bryan;;2. Bryan's enemy = Christina;;;;So the answer is Christina;;;;Now answer the following question:;;Who is Felicia's child?,Felicia's child,Dana,Amber;;Bryan;;Christina;;Dana;;Elizabeth;;Felicia,Amber's enemy = Elizabeth  Amber's friend = Christina  Amber's parent = Bryan          Bryan's child = Amber          ;;Bryan's enemy = Christina  Bryan's friend = Felicia    Dana's parent = Felicia         Christina's child = Elizabeth  ;;Christina's enemy = Bryan  Christina's friend = Amber  Elizabeth's parent = Christina  Felicia's child = Dana         ;;Dana's enemy = Felicia     Dana's friend = Elizabeth   ;;Elizabeth's enemy = Amber  Elizabeth's friend = Dana   ;;Felicia's enemy = Dana     Felicia's friend = Bryan    ,116,5
2,L,SemanticApproach.EXTENSIONAL,Representation.ENGLISH,0_L_e3,"Imagine there are six people: Amber, Bryan, Christina, Dana, Elizabeth and Felicia. They have the following relationships to each other:;;;;",;;Here is how to figure out the answer to the following question:;;Who is Amber's parent's enemy?;;;;Here are the steps to arrive at the answer:;;1. Amber's parent = Bryan;;2. Bryan's enemy = Christina;;;;So the answer is Christina;;;;Now answer the following question:;;Who is Bryan's enemy?,Bryan's enemy,Christina,Amber;;Bryan;;Christina;;Dana;;Elizabeth;;Felicia,Amber's enemy = Elizabeth  Amber's friend = Christina  Amber's parent = Bryan          Bryan's child = Amber          ;;Bryan's enemy = Christina  Bryan's friend = Felicia    Dana's parent = Felicia         Christina's child = Elizabeth  ;;Christina's enemy = Bryan  Christina's friend = Amber  Elizabeth's parent = Christina  Felicia's child = Dana         ;;Dana's enemy = Felicia     Dana's friend = Elizabeth   ;;Elizabeth's enemy = Amber  Elizabeth's friend = Dana   ;;Felicia's enemy = Dana     Felicia's friend = Bryan    ,117,6
2,L,SemanticApproach.EXTENSIONAL,Representation.ENGLISH,0_L_p4,"Imagine there are six people: Amber, Bryan, Christina, Dana, Elizabeth and Felicia. They have the following relationships to each other:;;;;",;;Here is how to figure out the answer to the following question:;;Who is Amber's parent's enemy?;;;;Here are the steps to arrive at the answer:;;1. Amber's parent = Bryan;;2. Bryan's enemy = Christina;;;;So the answer is Christina;;;;Now answer the following question:;;Who is Elizabeth's parent?,Elizabeth's parent,Christina,Amber;;Bryan;;Christina;;Dana;;Elizabeth;;Felicia,Amber's enemy = Elizabeth  Amber's friend = Christina  Amber's parent = Bryan          Bryan's child = Amber          ;;Bryan's enemy = Christina  Bryan's friend = Felicia    Dana's parent = Felicia         Christina's child = Elizabeth  ;;Christina's enemy = Bryan  Christina's friend = Amber  Elizabeth's parent = Christina  Felicia's child = Dana         ;;Dana's enemy = Felicia     Dana's friend = Elizabeth   ;;Elizabeth's enemy = Amber  Elizabeth's friend = Dana   ;;Felicia's enemy = Dana     Felicia's friend = Bryan    ,107,7
2,L,SemanticApproach.EXTENSIONAL,Representation.ENGLISH,0_L_f1,"Imagine there are six people: Amber, Bryan, Christina, Dana, Elizabeth and Felicia. They have the following relationships to each other:;;;;",;;Here is how to figure out the answer to the following question:;;Who is Amber's parent's enemy?;;;;Here are the steps to arrive at the answer:;;1. Amber's parent = Bryan;;2. Bryan's enemy = Christina;;;;So the answer is Christina;;;;Now answer the following question:;;Who is Amber's friend?,Amber's friend,Christina,Amber;;Bryan;;Christina;;Dana;;Elizabeth;;Felicia,Amber's enemy = Elizabeth  Amber's friend = Christina  Amber's parent = Bryan          Bryan's child = Amber          ;;Bryan's enemy = Christina  Bryan's friend = Felicia    Dana's parent = Felicia         Christina's child = Elizabeth  ;;Christina's enemy = Bryan  Christina's friend = Amber  Elizabeth's parent = Christina  Felicia's child = Dana         ;;Dana's enemy = Felicia     Dana's friend = Elizabeth   ;;Elizabeth's enemy = Amber  Elizabeth's friend = Dana   ;;Felicia's enemy = Dana     Felicia's friend = Bryan    ,109,8
2,L,SemanticApproach.EXTENSIONAL,Representation.ENGLISH,0_L_e2,"Imagine there are six people: Amber, Bryan, Christina, Dana, Elizabeth and Felicia. They have the following relationships to each other:;;;;",;;Here is how to figure out the answer to the following question:;;Who is Amber's parent's enemy?;;;;Here are the steps to arrive at the answer:;;1. Amber's parent = Bryan;;2. Bryan's enemy = Christina;;;;So the answer is Christina;;;;Now answer the following question:;;Who is Dana's enemy?,Dana's enemy,Felicia,Amber;;Bryan;;Christina;;Dana;;Elizabeth;;Felicia,Amber's enemy = Elizabeth  Amber's friend = Christina  Amber's parent = Bryan          Bryan's child = Amber          ;;Bryan's enemy = Christina  Bryan's friend = Felicia    Dana's parent = Felicia         Christina's child = Elizabeth  ;;Christina's enemy = Bryan  Christina's friend = Amber  Elizabeth's parent = Christina  Felicia's child = Dana         ;;Dana's enemy = Felicia     Dana's friend = Elizabeth   ;;Elizabeth's enemy = Amber  Elizabeth's friend = Dana   ;;Felicia's enemy = Dana     Felicia's friend = Bryan    ,102,9
2,L,SemanticApproach.EXTENSIONAL,Representation.ENGLISH,0_L_c5,"Imagine there are six people: Amber, Bryan, Christina, Dana, Elizabeth and Felicia. They have the following relationships to each other:;;;;",;;Here is how to figure out the answer to the following question:;;Who is Amber's parent's enemy?;;;;Here are the steps to arrive at the answer:;;1. Amber's parent = Bryan;;2. Bryan's enemy = Christina;;;;So the answer is Christina;;;;Now answer the following question:;;Who is Felicia's child?,Felicia's child,Dana,Amber;;Bryan;;Christina;;Dana;;Elizabeth;;Felicia,Amber's enemy = Elizabeth  Amber's friend = Christina  Amber's parent = Bryan          Bryan's child = Amber          ;;Bryan's enemy = Christina  Bryan's friend = Felicia    Dana's parent = Felicia         Christina's child = Elizabeth  ;;Christina's enemy = Bryan  Christina's friend = Amber  Elizabeth's parent = Christina  Felicia's child = Dana         ;;Dana's enemy = Felicia     Dana's friend = Elizabeth   ;;Elizabeth's enemy = Amber  Elizabeth's friend = Dana   ;;Felicia's enemy = Dana     Felicia's friend = Bryan    ,114,10
2,L,SemanticApproach.EXTENSIONAL,Representation.ENGLISH,0_L_e2,"Imagine there are six people: Amber, Bryan, Christina, Dana, Elizabeth and Felicia. They have the following relationships to each other:;;;;",;;Here is how to figure out the answer to the following question:;;Who is Amber's parent's enemy?;;;;Here are the steps to arrive at the answer:;;1. Amber's parent = Bryan;;2. Bryan's enemy = Christina;;;;So the answer is Christina;;;;Now answer the following question:;;Who is Dana's enemy?,Dana's enemy,Felicia,Amber;;Bryan;;Christina;;Dana;;Elizabeth;;Felicia,Amber's enemy = Elizabeth  Amber's friend = Christina  Amber's parent = Bryan          Bryan's child = Amber          ;;Bryan's enemy = Christina  Bryan's friend = Felicia    Dana's parent = Felicia         Christina's child = Elizabeth  ;;Christina's enemy = Bryan  Christina's friend = Amber  Elizabeth's parent = Christina  Felicia's child = Dana         ;;Dana's enemy = Felicia     Dana's friend = Elizabeth   ;;Elizabeth's enemy = Amber  Elizabeth's friend = Dana   ;;Felicia's enemy = Dana     Felicia's friend = Bryan    ,101,11
2,L,SemanticApproach.EXTENSIONAL,Representation.ENGLISH,0_L_c5,"Imagine there are six people: Amber, Bryan, Christina, Dana, Elizabeth and Felicia. They have the following relationships to each other:;;;;",;;Here is how to figure out the answer to the following question:;;Who is Amber's parent's enemy?;;;;Here are the steps to arrive at the answer:;;1. Amber's parent = Bryan;;2. Bryan's enemy = Christina;;;;So the answer is Christina;;;;Now answer the following question:;;Who is Felicia's child?,Felicia's child,Dana,Amber;;Bryan;;Christina;;Dana;;Elizabeth;;Felicia,Amber's enemy = Elizabeth  Amber's friend = Christina  Amber's parent = Bryan          Bryan's child = Amber          ;;Bryan's enemy = Christina  Bryan's friend = Felicia    Dana's parent = Felicia         Christina's child = Elizabeth  ;;Christina's enemy = Bryan  Christina's friend = Amber  Elizabeth's parent = Christina  Felicia's child = Dana         ;;Dana's enemy = Felicia     Dana's friend = Elizabeth   ;;Elizabeth's enemy = Amber  Elizabeth's friend = Dana   ;;Felicia's enemy = Dana     Felicia's friend = Bryan    ,115,12
2,L,SemanticApproach.EXTENSIONAL,Representation.ENGLISH,0_L_f1,"Imagine there are six people: Amber, Bryan, Christina, Dana, Elizabeth and Felicia. They have the following relationships to each other:;;;;",;;Here is how to figure out the answer to the following question:;;Who is Amber's parent's enemy?;;;;Here are the steps to arrive at the answer:;;1. Amber's parent = Bryan;;2. Bryan's enemy = Christina;;;;So the answer is Christina;;;;Now answer the following question:;;Who is Amber's friend?,Amber's friend,Christina,Amber;;Bryan;;Christina;;Dana;;Elizabeth;;Felicia,Amber's enemy = Elizabeth  Amber's friend = Christina  Amber's parent = Bryan          Bryan's child = Amber          ;;Bryan's enemy = Christina  Bryan's friend = Felicia    Dana's parent = Felicia         Christina's child = Elizabeth  ;;Christina's enemy = Bryan  Christina's friend = Amber  Elizabeth's parent = Christina  Felicia's child = Dana         ;;Dana's enemy = Felicia     Dana's friend = Elizabeth   ;;Elizabeth's enemy = Amber  Elizabeth's friend = Dana   ;;Felicia's enemy = Dana     Felicia's friend = Bryan    ,110,13
2,L,SemanticApproach.EXTENSIONAL,Representation.ENGLISH,0_L_e2,"Imagine there are six people: Amber, Bryan, Christina, Dana, Elizabeth and Felicia. They have the following relationships to each other:;;;;",;;Here is how to figure out the answer to the following question:;;Who is Amber's parent's enemy?;;;;Here are the steps to arrive at the answer:;;1. Amber's parent = Bryan;;2. Bryan's enemy = Christina;;;;So the answer is Christina;;;;Now answer the following question:;;Who is Dana's enemy?,Dana's enemy,Felicia,Amber;;Bryan;;Christina;;Dana;;Elizabeth;;Felicia,Amber's enemy = Elizabeth  Amber's friend = Christina  Amber's parent = Bryan          Bryan's child = Amber          ;;Bryan's enemy = Christina  Bryan's friend = Felicia    Dana's parent = Felicia         Christina's child = Elizabeth  ;;Christina's enemy = Bryan  Christina's friend = Amber  Elizabeth's parent = Christina  Felicia's child = Dana         ;;Dana's enemy = Felicia     Dana's friend = Elizabeth   ;;Elizabeth's enemy = Amber  Elizabeth's friend = Dana   ;;Felicia's enemy = Dana     Felicia's friend = Bryan    ,103,14
2,L,SemanticApproach.EXTENSIONAL,Representation.ENGLISH,0_L_p4,"Imagine there are six people: Amber, Bryan, Christina, Dana, Elizabeth and Felicia. They have the following relationships to each other:;;;;",;;Here is how to figure out the answer to the following question:;;Who is Amber's parent's enemy?;;;;Here are the steps to arrive at the answer:;;1. Amber's parent = Bryan;;2. Bryan's enemy = Christina;;;;So the answer is Christina;;;;Now answer the following question:;;Who is Elizabeth's parent?,Elizabeth's parent,Christina,Amber;;Bryan;;Christina;;Dana;;Elizabeth;;Felicia,Amber's enemy = Elizabeth  Amber's friend = Christina  Amber's parent = Bryan          Bryan's child = Amber          ;;Bryan's enemy = Christina  Bryan's friend = Felicia    Dana's parent = Felicia         Christina's child = Elizabeth  ;;Christina's enemy = Bryan  Christina's friend = Amber  Elizabeth's parent = Christina  Felicia's child = Dana         ;;Dana's enemy = Felicia     Dana's friend = Elizabeth   ;;Elizabeth's enemy = Amber  Elizabeth's friend = Dana   ;;Felicia's enemy = Dana     Felicia's friend = Bryan    ,108,15
2,L,SemanticApproach.EXTENSIONAL,Representation.ENGLISH,0_L_c5,"Imagine there are six people: Amber, Bryan, Christina, Dana, Elizabeth and Felicia. They have the following relationships to each other:;;;;",;;Here is how to figure out the answer to the following question:;;Who is Amber's parent's enemy?;;;;Here are the steps to arrive at the answer:;;1. Amber's parent = Bryan;;2. Bryan's enemy = Christina;;;;So the answer is Christina;;;;Now answer the following question:;;Who is Felicia's child?,Felicia's child,Dana,Amber;;Bryan;;Christina;;Dana;;Elizabeth;;Felicia,Amber's enemy = Elizabeth  Amber's friend = Christina  Amber's parent = Bryan          Bryan's child = Amber          ;;Bryan's enemy = Christina  Bryan's friend = Felicia    Dana's parent = Felicia         Christina's child = Elizabeth  ;;Christina's enemy = Bryan  Christina's friend = Amber  Elizabeth's parent = Christina  Felicia's child = Dana         ;;Dana's enemy = Felicia     Dana's friend = Elizabeth   ;;Elizabeth's enemy = Amber  Elizabeth's friend = Dana   ;;Felicia's enemy = Dana     Felicia's friend = Bryan    ,113,16
2,L,SemanticApproach.EXTENSIONAL,Representation.ENGLISH,0_L_e3,"Imagine there are six people: Amber, Bryan, Christina, Dana, Elizabeth and Felicia. They have the following relationships to each other:;;;;",;;Here is how to figure out the answer to the following question:;;Who is Amber's parent's enemy?;;;;Here are the steps to arrive at the answer:;;1. Amber's parent = Bryan;;2. Bryan's enemy = Christina;;;;So the answer is Christina;;;;Now answer the following question:;;Who is Bryan's enemy?,Bryan's enemy,Christina,Amber;;Bryan;;Christina;;Dana;;Elizabeth;;Felicia,Amber's enemy = Elizabeth  Amber's friend = Christina  Amber's parent = Bryan          Bryan's child = Amber          ;;Bryan's enemy = Christina  Bryan's friend = Felicia    Dana's parent = Felicia         Christina's child = Elizabeth  ;;Christina's enemy = Bryan  Christina's friend = Amber  Elizabeth's parent = Christina  Felicia's child = Dana         ;;Dana's enemy = Felicia     Dana's friend = Elizabeth   ;;Elizabeth's enemy = Amber  Elizabeth's friend = Dana   ;;Felicia's enemy = Dana     Felicia's friend = Bryan    ,118,17
2,L,SemanticApproach.EXTENSIONAL,Representation.ENGLISH,0_L_e3,"Imagine there are six people: Amber, Bryan, Christina, Dana, Elizabeth and Felicia. They have the following relationships to each other:;;;;",;;Here is how to figure out the answer to the following question:;;Who is Amber's parent's enemy?;;;;Here are the steps to arrive at the answer:;;1. Amber's parent = Bryan;;2. Bryan's enemy = Christina;;;;So the answer is Christina;;;;Now answer the following question:;;Who is Bryan's enemy?,Bryan's enemy,Christina,Amber;;Bryan;;Christina;;Dana;;Elizabeth;;Felicia,Amber's enemy = Elizabeth  Amber's friend = Christina  Amber's parent = Bryan          Bryan's child = Amber          ;;Bryan's enemy = Christina  Bryan's friend = Felicia    Dana's parent = Felicia         Christina's child = Elizabeth  ;;Christina's enemy = Bryan  Christina's friend = Amber  Elizabeth's parent = Christina  Felicia's child = Dana         ;;Dana's enemy = Felicia     Dana's friend = Elizabeth   ;;Elizabeth's enemy = Amber  Elizabeth's friend = Dana   ;;Felicia's enemy = Dana     Felicia's friend = Bryan    ,120,18
2,L,SemanticApproach.EXTENSIONAL,Representation.ENGLISH,0_L_e3,"Imagine there are six people: Amber, Bryan, Christina, Dana, Elizabeth and Felicia. They have the following relationships to each other:;;;;",;;Here is how to figure out the answer to the following question:;;Who is Amber's parent's enemy?;;;;Here are the steps to arrive at the answer:;;1. Amber's parent = Bryan;;2. Bryan's enemy = Christina;;;;So the answer is Christina;;;;Now answer the following question:;;Who is Bryan's enemy?,Bryan's enemy,Christina,Amber;;Bryan;;Christina;;Dana;;Elizabeth;;Felicia,Amber's enemy = Elizabeth  Amber's friend = Christina  Amber's parent = Bryan          Bryan's child = Amber          ;;Bryan's enemy = Christina  Bryan's friend = Felicia    Dana's parent = Felicia         Christina's child = Elizabeth  ;;Christina's enemy = Bryan  Christina's friend = Amber  Elizabeth's parent = Christina  Felicia's child = Dana         ;;Dana's enemy = Felicia     Dana's friend = Elizabeth   ;;Elizabeth's enemy = Amber  Elizabeth's friend = Dana   ;;Felicia's enemy = Dana     Felicia's friend = Bryan    ,119,19
2,R,SemanticApproach.EXTENSIONAL,Representation.ENGLISH,0_R_f1,"Imagine there are six people: Amber, Bryan, Christina, Dana, Elizabeth and Felicia. They have the following relationships to each other:;;;;",;;Here is how to figure out the answer to the following question:;;Who is the enemy of the parent of Amber?;;;;Here are the steps to arrive at the answer:;;1. the parent of Amber = Bryan;;2. the enemy of Bryan = Christina;;;;So the answer is Christina;;;;Now answer the following question:;;Who is the friend of Amber?,the friend of Amber,Christina,Amber;;Bryan;;Christina;;Dana;;Elizabeth;;Felicia,the enemy of Amber = Elizabeth  the friend of Amber = Christina  the parent of Amber = Bryan          the child of Bryan = Amber          ;;the enemy of Bryan = Christina  the friend of Bryan = Felicia    the parent of Dana = Felicia         the child of Christina = Elizabeth  ;;the enemy of Christina = Bryan  the friend of Christina = Amber  the parent of Elizabeth = Christina  the child of Felicia = Dana         ;;the enemy of Dana = Felicia     the friend of Dana = Elizabeth   ;;the enemy of Elizabeth = Amber  the friend of Elizabeth = Dana   ;;the enemy of Felicia = Dana     the friend of Felicia = Bryan    ,7,20
2,R,SemanticApproach.EXTENSIONAL,Representation.ENGLISH,0_R_e2,"Imagine there are six people: Amber, Bryan, Christina, Dana, Elizabeth and Felicia. They have the following relationships to each other:;;;;",;;Here is how to figure out the answer to the following question:;;Who is the enemy of the parent of Amber?;;;;Here are the steps to arrive at the answer:;;1. the parent of Amber = Bryan;;2. the enemy of Bryan = Christina;;;;So the answer is Christina;;;;Now answer the following question:;;Who is the enemy of Dana?,the enemy of Dana,Felicia,Amber;;Bryan;;Christina;;Dana;;Elizabeth;;Felicia,the enemy of Amber = Elizabeth  the friend of Amber = Christina  the parent of Amber = Bryan          the child of Bryan = Amber          ;;the enemy of Bryan = Christina  the friend of Bryan = Felicia    the parent of Dana = Felicia         the child of Christina = Elizabeth  ;;the enemy of Christina = Bryan  the friend of Christina = Amber  the parent of Elizabeth = Christina  the child of Felicia = Dana         ;;the enemy of Dana = Felicia     the friend of Dana = Elizabeth   ;;the enemy of Elizabeth = Amber  the friend of Elizabeth = Dana   ;;the enemy of Felicia = Dana     the friend of Felicia = Bryan    ,15,21
2,R,SemanticApproach.EXTENSIONAL,Representation.ENGLISH,0_R_c5,"Imagine there are six people: Amber, Bryan, Christina, Dana, Elizabeth and Felicia. They have the following relationships to each other:;;;;",;;Here is how to figure out the answer to the following question:;;Who is the enemy of the parent of Amber?;;;;Here are the steps to arrive at the answer:;;1. the parent of Amber = Bryan;;2. the enemy of Bryan = Christina;;;;So the answer is Christina;;;;Now answer the following question:;;Who is the child of Felicia?,the child of Felicia,Dana,Amber;;Bryan;;Christina;;Dana;;Elizabeth;;Felicia,the enemy of Amber = Elizabeth  the friend of Amber = Christina  the parent of Amber = Bryan          the child of Bryan = Amber          ;;the enemy of Bryan = Christina  the friend of Bryan = Felicia    the parent of Dana = Felicia         the child of Christina = Elizabeth  ;;the enemy of Christina = Bryan  the friend of Christina = Amber  the parent of Elizabeth = Christina  the child of Felicia = Dana         ;;the enemy of Dana = Felicia     the friend of Dana = Elizabeth   ;;the enemy of Elizabeth = Amber  the friend of Elizabeth = Dana   ;;the enemy of Felicia = Dana     the friend of Felicia = Bryan    ,18,22
2,R,SemanticApproach.EXTENSIONAL,Representation.ENGLISH,0_R_p4,"Imagine there are six people: Amber, Bryan, Christina, Dana, Elizabeth and Felicia. They have the following relationships to each other:;;;;",;;Here is how to figure out the answer to the following question:;;Who is the enemy of the parent of Amber?;;;;Here are the steps to arrive at the answer:;;1. the parent of Amber = Bryan;;2. the enemy of Bryan = Christina;;;;So the answer is Christina;;;;Now answer the following question:;;Who is the parent of Elizabeth?,the parent of Elizabeth,Christina,Amber;;Bryan;;Christina;;Dana;;Elizabeth;;Felicia,the enemy of Amber = Elizabeth  the friend of Amber = Christina  the parent of Amber = Bryan          the child of Bryan = Amber          ;;the enemy of Bryan = Christina  the friend of Bryan = Felicia    the parent of Dana = Felicia         the child of Christina = Elizabeth  ;;the enemy of Christina = Bryan  the friend of Christina = Amber  the parent of Elizabeth = Christina  the child of Felicia = Dana         ;;the enemy of Dana = Felicia     the friend of Dana = Elizabeth   ;;the enemy of Elizabeth = Amber  the friend of Elizabeth = Dana   ;;the enemy of Felicia = Dana     the friend of Felicia = Bryan    ,12,23
2,R,SemanticApproach.EXTENSIONAL,Representation.ENGLISH,0_R_e3,"Imagine there are six people: Amber, Bryan, Christina, Dana, Elizabeth and Felicia. They have the following relationships to each other:;;;;",;;Here is how to figure out the answer to the following question:;;Who is the enemy of the parent of Amber?;;;;Here are the steps to arrive at the answer:;;1. the parent of Amber = Bryan;;2. the enemy of Bryan = Christina;;;;So the answer is Christina;;;;Now answer the following question:;;Who is the enemy of Bryan?,the enemy of Bryan,Christina,Amber;;Bryan;;Christina;;Dana;;Elizabeth;;Felicia,the enemy of Amber = Elizabeth  the friend of Amber = Christina  the parent of Amber = Bryan          the child of Bryan = Amber          ;;the enemy of Bryan = Christina  the friend of Bryan = Felicia    the parent of Dana = Felicia         the child of Christina = Elizabeth  ;;the enemy of Christina = Bryan  the friend of Christina = Amber  the parent of Elizabeth = Christina  the child of Felicia = Dana         ;;the enemy of Dana = Felicia     the friend of Dana = Elizabeth   ;;the enemy of Elizabeth = Amber  the friend of Elizabeth = Dana   ;;the enemy of Felicia = Dana     the friend of Felicia = Bryan    ,3,24
2,R,SemanticApproach.EXTENSIONAL,Representation.ENGLISH,0_R_e2,"Imagine there are six people: Amber, Bryan, Christina, Dana, Elizabeth and Felicia. They have the following relationships to each other:;;;;",;;Here is how to figure out the answer to the following question:;;Who is the enemy of the parent of Amber?;;;;Here are the steps to arrive at the answer:;;1. the parent of Amber = Bryan;;2. the enemy of Bryan = Christina;;;;So the answer is Christina;;;;Now answer the following question:;;Who is the enemy of Dana?,the enemy of Dana,Felicia,Amber;;Bryan;;Christina;;Dana;;Elizabeth;;Felicia,the enemy of Amber = Elizabeth  the friend of Amber = Christina  the parent of Amber = Bryan          the child of Bryan = Amber          ;;the enemy of Bryan = Christina  the friend of Bryan = Felicia    the parent of Dana = Felicia         the child of Christina = Elizabeth  ;;the enemy of Christina = Bryan  the friend of Christina = Amber  the parent of Elizabeth = Christina  the child of Felicia = Dana         ;;the enemy of Dana = Felicia     the friend of Dana = Elizabeth   ;;the enemy of Elizabeth = Amber  the friend of Elizabeth = Dana   ;;the enemy of Felicia = Dana     the friend of Felicia = Bryan    ,13,25
2,R,SemanticApproach.EXTENSIONAL,Representation.ENGLISH,0_R_e2,"Imagine there are six people: Amber, Bryan, Christina, Dana, Elizabeth and Felicia. They have the following relationships to each other:;;;;",;;Here is how to figure out the answer to the following question:;;Who is the enemy of the parent of Amber?;;;;Here are the steps to arrive at the answer:;;1. the parent of Amber = Bryan;;2. the enemy of Bryan = Christina;;;;So the answer is Christina;;;;Now answer the following question:;;Who is the enemy of Dana?,the enemy of Dana,Felicia,Amber;;Bryan;;Christina;;Dana;;Elizabeth;;Felicia,the enemy of Amber = Elizabeth  the friend of Amber = Christina  the parent of Amber = Bryan          the child of Bryan = Amber          ;;the enemy of Bryan = Christina  the friend of Bryan = Felicia    the parent of Dana = Felicia         the child of Christina = Elizabeth  ;;the enemy of Christina = Bryan  the friend of Christina = Amber  the parent of Elizabeth = Christina  the child of Felicia = Dana         ;;the enemy of Dana = Felicia     the friend of Dana = Elizabeth   ;;the enemy of Elizabeth = Amber  the friend of Elizabeth = Dana   ;;the enemy of Felicia = Dana     the friend of Felicia = Bryan    ,14,26
2,R,SemanticApproach.EXTENSIONAL,Representation.ENGLISH,0_R_c5,"Imagine there are six people: Amber, Bryan, Christina, Dana, Elizabeth and Felicia. They have the following relationships to each other:;;;;",;;Here is how to figure out the answer to the following question:;;Who is the enemy of the parent of Amber?;;;;Here are the steps to arrive at the answer:;;1. the parent of Amber = Bryan;;2. the enemy of Bryan = Christina;;;;So the answer is Christina;;;;Now answer the following question:;;Who is the child of Felicia?,the child of Felicia,Dana,Amber;;Bryan;;Christina;;Dana;;Elizabeth;;Felicia,the enemy of Amber = Elizabeth  the friend of Amber = Christina  the parent of Amber = Bryan          the child of Bryan = Amber          ;;the enemy of Bryan = Christina  the friend of Bryan = Felicia    the parent of Dana = Felicia         the child of Christina = Elizabeth  ;;the enemy of Christina = Bryan  the friend of Christina = Amber  the parent of Elizabeth = Christina  the child of Felicia = Dana         ;;the enemy of Dana = Felicia     the friend of Dana = Elizabeth   ;;the enemy of Elizabeth = Amber  the friend of Elizabeth = Dana   ;;the enemy of Felicia = Dana     the friend of Felicia = Bryan    ,20,27
2,R,SemanticApproach.EXTENSIONAL,Representation.ENGLISH,0_R_p4,"Imagine there are six people: Amber, Bryan, Christina, Dana, Elizabeth and Felicia. They have the following relationships to each other:;;;;",;;Here is how to figure out the answer to the following question:;;Who is the enemy of the parent of Amber?;;;;Here are the steps to arrive at the answer:;;1. the parent of Amber = Bryan;;2. the enemy of Bryan = Christina;;;;So the answer is Christina;;;;Now answer the following question:;;Who is the parent of Elizabeth?,the parent of Elizabeth,Christina,Amber;;Bryan;;Christina;;Dana;;Elizabeth;;Felicia,the enemy of Amber = Elizabeth  the friend of Amber = Christina  the parent of Amber = Bryan          the child of Bryan = Amber          ;;the enemy of Bryan = Christina  the friend of Bryan = Felicia    the parent of Dana = Felicia         the child of Christina = Elizabeth  ;;the enemy of Christina = Bryan  the friend of Christina = Amber  the parent of Elizabeth = Christina  the child of Felicia = Dana         ;;the enemy of Dana = Felicia     the friend of Dana = Elizabeth   ;;the enemy of Elizabeth = Amber  the friend of Elizabeth = Dana   ;;the enemy of Felicia = Dana     the friend of Felicia = Bryan    ,10,28
2,R,SemanticApproach.EXTENSIONAL,Representation.ENGLISH,0_R_e3,"Imagine there are six people: Amber, Bryan, Christina, Dana, Elizabeth and Felicia. They have the following relationships to each other:;;;;",;;Here is how to figure out the answer to the following question:;;Who is the enemy of the parent of Amber?;;;;Here are the steps to arrive at the answer:;;1. the parent of Amber = Bryan;;2. the enemy of Bryan = Christina;;;;So the answer is Christina;;;;Now answer the following question:;;Who is the enemy of Bryan?,the enemy of Bryan,Christina,Amber;;Bryan;;Christina;;Dana;;Elizabeth;;Felicia,the enemy of Amber = Elizabeth  the friend of Amber = Christina  the parent of Amber = Bryan          the child of Bryan = Amber          ;;the enemy of Bryan = Christina  the friend of Bryan = Felicia    the parent of Dana = Felicia         the child of Christina = Elizabeth  ;;the enemy of Christina = Bryan  the friend of Christina = Amber  the parent of Elizabeth = Christina  the child of Felicia = Dana         ;;the enemy of Dana = Felicia     the friend of Dana = Elizabeth   ;;the enemy of Elizabeth = Amber  the friend of Elizabeth = Dana   ;;the enemy of Felicia = Dana     the friend of Felicia = Bryan    ,1,29
2,R,SemanticApproach.EXTENSIONAL,Representation.ENGLISH,0_R_f1,"Imagine there are six people: Amber, Bryan, Christina, Dana, Elizabeth and Felicia. They have the following relationships to each other:;;;;",;;Here is how to figure out the answer to the following question:;;Who is the enemy of the parent of Amber?;;;;Here are the steps to arrive at the answer:;;1. the parent of Amber = Bryan;;2. the enemy of Bryan = Christina;;;;So the answer is Christina;;;;Now answer the following question:;;Who is the friend of Amber?,the friend of Amber,Christina,Amber;;Bryan;;Christina;;Dana;;Elizabeth;;Felicia,the enemy of Amber = Elizabeth  the friend of Amber = Christina  the parent of Amber = Bryan          the child of Bryan = Amber          ;;the enemy of Bryan = Christina  the friend of Bryan = Felicia    the parent of Dana = Felicia         the child of Christina = Elizabeth  ;;the enemy of Christina = Bryan  the friend of Christina = Amber  the parent of Elizabeth = Christina  the child of Felicia = Dana         ;;the enemy of Dana = Felicia     the friend of Dana = Elizabeth   ;;the enemy of Elizabeth = Amber  the friend of Elizabeth = Dana   ;;the enemy of Felicia = Dana     the friend of Felicia = Bryan    ,8,30
2,R,SemanticApproach.EXTENSIONAL,Representation.ENGLISH,0_R_f1,"Imagine there are six people: Amber, Bryan, Christina, Dana, Elizabeth and Felicia. They have the following relationships to each other:;;;;",;;Here is how to figure out the answer to the following question:;;Who is the enemy of the parent of Amber?;;;;Here are the steps to arrive at the answer:;;1. the parent of Amber = Bryan;;2. the enemy of Bryan = Christina;;;;So the answer is Christina;;;;Now answer the following question:;;Who is the friend of Amber?,the friend of Amber,Christina,Amber;;Bryan;;Christina;;Dana;;Elizabeth;;Felicia,the enemy of Amber = Elizabeth  the friend of Amber = Christina  the parent of Amber = Bryan          the child of Bryan = Amber          ;;the enemy of Bryan = Christina  the friend of Bryan = Felicia    the parent of Dana = Felicia         the child of Christina = Elizabeth  ;;the enemy of Christina = Bryan  the friend of Christina = Amber  the parent of Elizabeth = Christina  the child of Felicia = Dana         ;;the enemy of Dana = Felicia     the friend of Dana = Elizabeth   ;;the enemy of Elizabeth = Amber  the friend of Elizabeth = Dana   ;;the enemy of Felicia = Dana     the friend of Felicia = Bryan    ,6,31
2,R,SemanticApproach.EXTENSIONAL,Representation.ENGLISH,0_R_c5,"Imagine there are six people: Amber, Bryan, Christina, Dana, Elizabeth and Felicia. They have the following relationships to each other:;;;;",;;Here is how to figure out the answer to the following question:;;Who is the enemy of the parent of Amber?;;;;Here are the steps to arrive at the answer:;;1. the parent of Amber = Bryan;;2. the enemy of Bryan = Christina;;;;So the answer is Christina;;;;Now answer the following question:;;Who is the child of Felicia?,the child of Felicia,Dana,Amber;;Bryan;;Christina;;Dana;;Elizabeth;;Felicia,the enemy of Amber = Elizabeth  the friend of Amber = Christina  the parent of Amber = Bryan          the child of Bryan = Amber          ;;the enemy of Bryan = Christina  the friend of Bryan = Felicia    the parent of Dana = Felicia         the child of Christina = Elizabeth  ;;the enemy of Christina = Bryan  the friend of Christina = Amber  the parent of Elizabeth = Christina  the child of Felicia = Dana         ;;the enemy of Dana = Felicia     the friend of Dana = Elizabeth   ;;the enemy of Elizabeth = Amber  the friend of Elizabeth = Dana   ;;the enemy of Felicia = Dana     the friend of Felicia = Bryan    ,19,32
2,R,SemanticApproach.EXTENSIONAL,Representation.ENGLISH,0_R_e2,"Imagine there are six people: Amber, Bryan, Christina, Dana, Elizabeth and Felicia. They have the following relationships to each other:;;;;",;;Here is how to figure out the answer to the following question:;;Who is the enemy of the parent of Amber?;;;;Here are the steps to arrive at the answer:;;1. the parent of Amber = Bryan;;2. the enemy of Bryan = Christina;;;;So the answer is Christina;;;;Now answer the following question:;;Who is the enemy of Dana?,the enemy of Dana,Felicia,Amber;;Bryan;;Christina;;Dana;;Elizabeth;;Felicia,the enemy of Amber = Elizabeth  the friend of Amber = Christina  the parent of Amber = Bryan          the child of Bryan = Amber          ;;the enemy of Bryan = Christina  the friend of Bryan = Felicia    the parent of Dana = Felicia         the child of Christina = Elizabeth  ;;the enemy of Christina = Bryan  the friend of Christina = Amber  the parent of Elizabeth = Christina  the child of Felicia = Dana         ;;the enemy of Dana = Felicia     the friend of Dana = Elizabeth   ;;the enemy of Elizabeth = Amber  the friend of Elizabeth = Dana   ;;the enemy of Felicia = Dana     the friend of Felicia = Bryan    ,16,33
2,R,SemanticApproach.EXTENSIONAL,Representation.ENGLISH,0_R_p4,"Imagine there are six people: Amber, Bryan, Christina, Dana, Elizabeth and Felicia. They have the following relationships to each other:;;;;",;;Here is how to figure out the answer to the following question:;;Who is the enemy of the parent of Amber?;;;;Here are the steps to arrive at the answer:;;1. the parent of Amber = Bryan;;2. the enemy of Bryan = Christina;;;;So the answer is Christina;;;;Now answer the following question:;;Who is the parent of Elizabeth?,the parent of Elizabeth,Christina,Amber;;Bryan;;Christina;;Dana;;Elizabeth;;Felicia,the enemy of Amber = Elizabeth  the friend of Amber = Christina  the parent of Amber = Bryan          the child of Bryan = Amber          ;;the enemy of Bryan = Christina  the friend of Bryan = Felicia    the parent of Dana = Felicia         the child of Christina = Elizabeth  ;;the enemy of Christina = Bryan  the friend of Christina = Amber  the parent of Elizabeth = Christina  the child of Felicia = Dana         ;;the enemy of Dana = Felicia     the friend of Dana = Elizabeth   ;;the enemy of Elizabeth = Amber  the friend of Elizabeth = Dana   ;;the enemy of Felicia = Dana     the friend of Felicia = Bryan    ,9,34
2,R,SemanticApproach.EXTENSIONAL,Representation.ENGLISH,0_R_e3,"Imagine there are six people: Amber, Bryan, Christina, Dana, Elizabeth and Felicia. They have the following relationships to each other:;;;;",;;Here is how to figure out the answer to the following question:;;Who is the enemy of the parent of Amber?;;;;Here are the steps to arrive at the answer:;;1. the parent of Amber = Bryan;;2. the enemy of Bryan = Christina;;;;So the answer is Christina;;;;Now answer the following question:;;Who is the enemy of Bryan?,the enemy of Bryan,Christina,Amber;;Bryan;;Christina;;Dana;;Elizabeth;;Felicia,the enemy of Amber = Elizabeth  the friend of Amber = Christina  the parent of Amber = Bryan          the child of Bryan = Amber          ;;the enemy of Bryan = Christina  the friend of Bryan = Felicia    the parent of Dana = Felicia         the child of Christina = Elizabeth  ;;the enemy of Christina = Bryan  the friend of Christina = Amber  the parent of Elizabeth = Christina  the child of Felicia = Dana         ;;the enemy of Dana = Felicia     the friend of Dana = Elizabeth   ;;the enemy of Elizabeth = Amber  the friend of Elizabeth = Dana   ;;the enemy of Felicia = Dana     the friend of Felicia = Bryan    ,2,35
2,R,SemanticApproach.EXTENSIONAL,Representation.ENGLISH,0_R_e3,"Imagine there are six people: Amber, Bryan, Christina, Dana, Elizabeth and Felicia. They have the following relationships to each other:;;;;",;;Here is how to figure out the answer to the following question:;;Who is the enemy of the parent of Amber?;;;;Here are the steps to arrive at the answer:;;1. the parent of Amber = Bryan;;2. the enemy of Bryan = Christina;;;;So the answer is Christina;;;;Now answer the following question:;;Who is the enemy of Bryan?,the enemy of Bryan,Christina,Amber;;Bryan;;Christina;;Dana;;Elizabeth;;Felicia,the enemy of Amber = Elizabeth  the friend of Amber = Christina  the parent of Amber = Bryan          the child of Bryan = Amber          ;;the enemy of Bryan = Christina  the friend of Bryan = Felicia    the parent of Dana = Felicia         the child of Christina = Elizabeth  ;;the enemy of Christina = Bryan  the friend of Christina = Amber  the parent of Elizabeth = Christina  the child of Felicia = Dana         ;;the enemy of Dana = Felicia     the friend of Dana = Elizabeth   ;;the enemy of Elizabeth = Amber  the friend of Elizabeth = Dana   ;;the enemy of Felicia = Dana     the friend of Felicia = Bryan    ,4,36
2,R,SemanticApproach.EXTENSIONAL,Representation.ENGLISH,0_R_f1,"Imagine there are six people: Amber, Bryan, Christina, Dana, Elizabeth and Felicia. They have the following relationships to each other:;;;;",;;Here is how to figure out the answer to the following question:;;Who is the enemy of the parent of Amber?;;;;Here are the steps to arrive at the answer:;;1. the parent of Amber = Bryan;;2. the enemy of Bryan = Christina;;;;So the answer is Christina;;;;Now answer the following question:;;Who is the friend of Amber?,the friend of Amber,Christina,Amber;;Bryan;;Christina;;Dana;;Elizabeth;;Felicia,the enemy of Amber = Elizabeth  the friend of Amber = Christina  the parent of Amber = Bryan          the child of Bryan = Amber          ;;the enemy of Bryan = Christina  the friend of Bryan = Felicia    the parent of Dana = Felicia         the child of Christina = Elizabeth  ;;the enemy of Christina = Bryan  the friend of Christina = Amber  the parent of Elizabeth = Christina  the child of Felicia = Dana         ;;the enemy of Dana = Felicia     the friend of Dana = Elizabeth   ;;the enemy of Elizabeth = Amber  the friend of Elizabeth = Dana   ;;the enemy of Felicia = Dana     the friend of Felicia = Bryan    ,5,37
2,R,SemanticApproach.EXTENSIONAL,Representation.ENGLISH,0_R_c5,"Imagine there are six people: Amber, Bryan, Christina, Dana, Elizabeth and Felicia. They have the following relationships to each other:;;;;",;;Here is how to figure out the answer to the following question:;;Who is the enemy of the parent of Amber?;;;;Here are the steps to arrive at the answer:;;1. the parent of Amber = Bryan;;2. the enemy of Bryan = Christina;;;;So the answer is Christina;;;;Now answer the following question:;;Who is the child of Felicia?,the child of Felicia,Dana,Amber;;Bryan;;Christina;;Dana;;Elizabeth;;Felicia,the enemy of Amber = Elizabeth  the friend of Amber = Christina  the parent of Amber = Bryan          the child of Bryan = Amber          ;;the enemy of Bryan = Christina  the friend of Bryan = Felicia    the parent of Dana = Felicia         the child of Christina = Elizabeth  ;;the enemy of Christina = Bryan  the friend of Christina = Amber  the parent of Elizabeth = Christina  the child of Felicia = Dana         ;;the enemy of Dana = Felicia     the friend of Dana = Elizabeth   ;;the enemy of Elizabeth = Amber  the friend of Elizabeth = Dana   ;;the enemy of Felicia = Dana     the friend of Felicia = Bryan    ,17,38
2,R,SemanticApproach.EXTENSIONAL,Representation.ENGLISH,0_R_p4,"Imagine there are six people: Amber, Bryan, Christina, Dana, Elizabeth and Felicia. They have the following relationships to each other:;;;;",;;Here is how to figure out the answer to the following question:;;Who is the enemy of the parent of Amber?;;;;Here are the steps to arrive at the answer:;;1. the parent of Amber = Bryan;;2. the enemy of Bryan = Christina;;;;So the answer is Christina;;;;Now answer the following question:;;Who is the parent of Elizabeth?,the parent of Elizabeth,Christina,Amber;;Bryan;;Christina;;Dana;;Elizabeth;;Felicia,the enemy of Amber = Elizabeth  the friend of Amber = Christina  the parent of Amber = Bryan          the child of Bryan = Amber          ;;the enemy of Bryan = Christina  the friend of Bryan = Felicia    the parent of Dana = Felicia         the child of Christina = Elizabeth  ;;the enemy of Christina = Bryan  the friend of Christina = Amber  the parent of Elizabeth = Christina  the child of Felicia = Dana         ;;the enemy of Dana = Felicia     the friend of Dana = Elizabeth   ;;the enemy of Elizabeth = Amber  the friend of Elizabeth = Dana   ;;the enemy of Felicia = Dana     the friend of Felicia = Bryan    ,11,39
2,L,SemanticApproach.INTENSIONAL,Representation.ENGLISH,0_L_c5,English phrases can be translated into formulae. Use the following translations to answer the question.;;;;,";;;;Here is an example of how to get a formula for a phrase.;;What is the formula for ""Amber's parent's enemy""?;;;;Here are the steps to arrive at the answer:;;1. Amber's parent = parent(amber);;2. Amber's parent's enemy = enemy(parent(amber));;;;So the answer is enemy(parent(amber));;;;What is the formula for ""Felicia's child""?",Felicia's child,child(felicia),Amber;;Bryan;;Christina;;Dana;;Elizabeth;;Felicia,Christina's friend = friend(christina);;Amber's friend = friend(amber);;Dana's enemy = enemy(dana);;Bryan's enemy = enemy(bryan);;Elizabeth's parent = parent(elizabeth);;Felicia's child = child(felicia),107,0
2,L,SemanticApproach.INTENSIONAL,Representation.ENGLISH,0_L_f0,English phrases can be translated into formulae. Use the following translations to answer the question.;;;;,";;;;Here is an example of how to get a formula for a phrase.;;What is the formula for ""Amber's parent's enemy""?;;;;Here are the steps to arrive at the answer:;;1. Amber's parent = parent(amber);;2. Amber's parent's enemy = enemy(parent(amber));;;;So the answer is enemy(parent(amber));;;;What is the formula for ""Christina's friend""?",Christina's friend,friend(christina),Amber;;Bryan;;Christina;;Dana;;Elizabeth;;Felicia,Christina's friend = friend(christina);;Amber's friend = friend(amber);;Dana's enemy = enemy(dana);;Bryan's enemy = enemy(bryan);;Elizabeth's parent = parent(elizabeth);;Felicia's child = child(felicia),119,1
2,L,SemanticApproach.INTENSIONAL,Representation.ENGLISH,0_L_p4,English phrases can be translated into formulae. Use the following translations to answer the question.;;;;,";;;;Here is an example of how to get a formula for a phrase.;;What is the formula for ""Amber's parent's enemy""?;;;;Here are the steps to arrive at the answer:;;1. Amber's parent = parent(amber);;2. Amber's parent's enemy = enemy(parent(amber));;;;So the answer is enemy(parent(amber));;;;What is the formula for ""Elizabeth's parent""?",Elizabeth's parent,parent(elizabeth),Amber;;Bryan;;Christina;;Dana;;Elizabeth;;Felicia,Christina's friend = friend(christina);;Amber's friend = friend(amber);;Dana's enemy = enemy(dana);;Bryan's enemy = enemy(bryan);;Elizabeth's parent = parent(elizabeth);;Felicia's child = child(felicia),114,2
2,L,SemanticApproach.INTENSIONAL,Representation.ENGLISH,0_L_f0,English phrases can be translated into formulae. Use the following translations to answer the question.;;;;,";;;;Here is an example of how to get a formula for a phrase.;;What is the formula for ""Amber's parent's enemy""?;;;;Here are the steps to arrive at the answer:;;1. Amber's parent = parent(amber);;2. Amber's parent's enemy = enemy(parent(amber));;;;So the answer is enemy(parent(amber));;;;What is the formula for ""Christina's friend""?",Christina's friend,friend(christina),Amber;;Bryan;;Christina;;Dana;;Elizabeth;;Felicia,Christina's friend = friend(christina);;Amber's friend = friend(amber);;Dana's enemy = enemy(dana);;Bryan's enemy = enemy(bryan);;Elizabeth's parent = parent(elizabeth);;Felicia's child = child(felicia),120,3
2,L,SemanticApproach.INTENSIONAL,Representation.ENGLISH,0_L_e3,English phrases can be translated into formulae. Use the following translations to answer the question.;;;;,";;;;Here is an example of how to get a formula for a phrase.;;What is the formula for ""Amber's parent's enemy""?;;;;Here are the steps to arrive at the answer:;;1. Amber's parent = parent(amber);;2. Amber's parent's enemy = enemy(parent(amber));;;;So the answer is enemy(parent(amber));;;;What is the formula for ""Bryan's enemy""?",Bryan's enemy,enemy(bryan),Amber;;Bryan;;Christina;;Dana;;Elizabeth;;Felicia,Christina's friend = friend(christina);;Amber's friend = friend(amber);;Dana's enemy = enemy(dana);;Bryan's enemy = enemy(bryan);;Elizabeth's parent = parent(elizabeth);;Felicia's child = child(felicia),110,4
2,L,SemanticApproach.INTENSIONAL,Representation.ENGLISH,0_L_p4,English phrases can be translated into formulae. Use the following translations to answer the question.;;;;,";;;;Here is an example of how to get a formula for a phrase.;;What is the formula for ""Amber's parent's enemy""?;;;;Here are the steps to arrive at the answer:;;1. Amber's parent = parent(amber);;2. Amber's parent's enemy = enemy(parent(amber));;;;So the answer is enemy(parent(amber));;;;What is the formula for ""Elizabeth's parent""?",Elizabeth's parent,parent(elizabeth),Amber;;Bryan;;Christina;;Dana;;Elizabeth;;Felicia,Christina's friend = friend(christina);;Amber's friend = friend(amber);;Dana's enemy = enemy(dana);;Bryan's enemy = enemy(bryan);;Elizabeth's parent = parent(elizabeth);;Felicia's child = child(felicia),115,5
2,L,SemanticApproach.INTENSIONAL,Representation.ENGLISH,0_L_e2,English phrases can be translated into formulae. Use the following translations to answer the question.;;;;,";;;;Here is an example of how to get a formula for a phrase.;;What is the formula for ""Amber's parent's enemy""?;;;;Here are the steps to arrive at the answer:;;1. Amber's parent = parent(amber);;2. Amber's parent's enemy = enemy(parent(amber));;;;So the answer is enemy(parent(amber));;;;What is the formula for ""Dana's enemy""?",Dana's enemy,enemy(dana),Amber;;Bryan;;Christina;;Dana;;Elizabeth;;Felicia,Christina's friend = friend(christina);;Amber's friend = friend(amber);;Dana's enemy = enemy(dana);;Bryan's enemy = enemy(bryan);;Elizabeth's parent = parent(elizabeth);;Felicia's child = child(felicia),104,6
2,L,SemanticApproach.INTENSIONAL,Representation.ENGLISH,0_L_c5,English phrases can be translated into formulae. Use the following translations to answer the question.;;;;,";;;;Here is an example of how to get a formula for a phrase.;;What is the formula for ""Amber's parent's enemy""?;;;;Here are the steps to arrive at the answer:;;1. Amber's parent = parent(amber);;2. Amber's parent's enemy = enemy(parent(amber));;;;So the answer is enemy(parent(amber));;;;What is the formula for ""Felicia's child""?",Felicia's child,child(felicia),Amber;;Bryan;;Christina;;Dana;;Elizabeth;;Felicia,Christina's friend = friend(christina);;Amber's friend = friend(amber);;Dana's enemy = enemy(dana);;Bryan's enemy = enemy(bryan);;Elizabeth's parent = parent(elizabeth);;Felicia's child = child(felicia),106,7
2,L,SemanticApproach.INTENSIONAL,Representation.ENGLISH,0_L_e3,English phrases can be translated into formulae. Use the following translations to answer the question.;;;;,";;;;Here is an example of how to get a formula for a phrase.;;What is the formula for ""Amber's parent's enemy""?;;;;Here are the steps to arrive at the answer:;;1. Amber's parent = parent(amber);;2. Amber's parent's enemy = enemy(parent(amber));;;;So the answer is enemy(parent(amber));;;;What is the formula for ""Bryan's enemy""?",Bryan's enemy,enemy(bryan),Amber;;Bryan;;Christina;;Dana;;Elizabeth;;Felicia,Christina's friend = friend(christina);;Amber's friend = friend(amber);;Dana's enemy = enemy(dana);;Bryan's enemy = enemy(bryan);;Elizabeth's parent = parent(elizabeth);;Felicia's child = child(felicia),112,8
2,L,SemanticApproach.INTENSIONAL,Representation.ENGLISH,0_L_e2,English phrases can be translated into formulae. Use the following translations to answer the question.;;;;,";;;;Here is an example of how to get a formula for a phrase.;;What is the formula for ""Amber's parent's enemy""?;;;;Here are the steps to arrive at the answer:;;1. Amber's parent = parent(amber);;2. Amber's parent's enemy = enemy(parent(amber));;;;So the answer is enemy(parent(amber));;;;What is the formula for ""Dana's enemy""?",Dana's enemy,enemy(dana),Amber;;Bryan;;Christina;;Dana;;Elizabeth;;Felicia,Christina's friend = friend(christina);;Amber's friend = friend(amber);;Dana's enemy = enemy(dana);;Bryan's enemy = enemy(bryan);;Elizabeth's parent = parent(elizabeth);;Felicia's child = child(felicia),102,9
2,L,SemanticApproach.INTENSIONAL,Representation.ENGLISH,0_L_e2,English phrases can be translated into formulae. Use the following translations to answer the question.;;;;,";;;;Here is an example of how to get a formula for a phrase.;;What is the formula for ""Amber's parent's enemy""?;;;;Here are the steps to arrive at the answer:;;1. Amber's parent = parent(amber);;2. Amber's parent's enemy = enemy(parent(amber));;;;So the answer is enemy(parent(amber));;;;What is the formula for ""Dana's enemy""?",Dana's enemy,enemy(dana),Amber;;Bryan;;Christina;;Dana;;Elizabeth;;Felicia,Christina's friend = friend(christina);;Amber's friend = friend(amber);;Dana's enemy = enemy(dana);;Bryan's enemy = enemy(bryan);;Elizabeth's parent = parent(elizabeth);;Felicia's child = child(felicia),101,10
2,L,SemanticApproach.INTENSIONAL,Representation.ENGLISH,0_L_e2,English phrases can be translated into formulae. Use the following translations to answer the question.;;;;,";;;;Here is an example of how to get a formula for a phrase.;;What is the formula for ""Amber's parent's enemy""?;;;;Here are the steps to arrive at the answer:;;1. Amber's parent = parent(amber);;2. Amber's parent's enemy = enemy(parent(amber));;;;So the answer is enemy(parent(amber));;;;What is the formula for ""Dana's enemy""?",Dana's enemy,enemy(dana),Amber;;Bryan;;Christina;;Dana;;Elizabeth;;Felicia,Christina's friend = friend(christina);;Amber's friend = friend(amber);;Dana's enemy = enemy(dana);;Bryan's enemy = enemy(bryan);;Elizabeth's parent = parent(elizabeth);;Felicia's child = child(felicia),103,11
2,L,SemanticApproach.INTENSIONAL,Representation.ENGLISH,0_L_p4,English phrases can be translated into formulae. Use the following translations to answer the question.;;;;,";;;;Here is an example of how to get a formula for a phrase.;;What is the formula for ""Amber's parent's enemy""?;;;;Here are the steps to arrive at the answer:;;1. Amber's parent = parent(amber);;2. Amber's parent's enemy = enemy(parent(amber));;;;So the answer is enemy(parent(amber));;;;What is the formula for ""Elizabeth's parent""?",Elizabeth's parent,parent(elizabeth),Amber;;Bryan;;Christina;;Dana;;Elizabeth;;Felicia,Christina's friend = friend(christina);;Amber's friend = friend(amber);;Dana's enemy = enemy(dana);;Bryan's enemy = enemy(bryan);;Elizabeth's parent = parent(elizabeth);;Felicia's child = child(felicia),116,12
2,L,SemanticApproach.INTENSIONAL,Representation.ENGLISH,0_L_f0,English phrases can be translated into formulae. Use the following translations to answer the question.;;;;,";;;;Here is an example of how to get a formula for a phrase.;;What is the formula for ""Amber's parent's enemy""?;;;;Here are the steps to arrive at the answer:;;1. Amber's parent = parent(amber);;2. Amber's parent's enemy = enemy(parent(amber));;;;So the answer is enemy(parent(amber));;;;What is the formula for ""Christina's friend""?",Christina's friend,friend(christina),Amber;;Bryan;;Christina;;Dana;;Elizabeth;;Felicia,Christina's friend = friend(christina);;Amber's friend = friend(amber);;Dana's enemy = enemy(dana);;Bryan's enemy = enemy(bryan);;Elizabeth's parent = parent(elizabeth);;Felicia's child = child(felicia),117,13
2,L,SemanticApproach.INTENSIONAL,Representation.ENGLISH,0_L_c5,English phrases can be translated into formulae. Use the following translations to answer the question.;;;;,";;;;Here is an example of how to get a formula for a phrase.;;What is the formula for ""Amber's parent's enemy""?;;;;Here are the steps to arrive at the answer:;;1. Amber's parent = parent(amber);;2. Amber's parent's enemy = enemy(parent(amber));;;;So the answer is enemy(parent(amber));;;;What is the formula for ""Felicia's child""?",Felicia's child,child(felicia),Amber;;Bryan;;Christina;;Dana;;Elizabeth;;Felicia,Christina's friend = friend(christina);;Amber's friend = friend(amber);;Dana's enemy = enemy(dana);;Bryan's enemy = enemy(bryan);;Elizabeth's parent = parent(elizabeth);;Felicia's child = child(felicia),105,14
2,L,SemanticApproach.INTENSIONAL,Representation.ENGLISH,0_L_f0,English phrases can be translated into formulae. Use the following translations to answer the question.;;;;,";;;;Here is an example of how to get a formula for a phrase.;;What is the formula for ""Amber's parent's enemy""?;;;;Here are the steps to arrive at the answer:;;1. Amber's parent = parent(amber);;2. Amber's parent's enemy = enemy(parent(amber));;;;So the answer is enemy(parent(amber));;;;What is the formula for ""Christina's friend""?",Christina's friend,friend(christina),Amber;;Bryan;;Christina;;Dana;;Elizabeth;;Felicia,Christina's friend = friend(christina);;Amber's friend = friend(amber);;Dana's enemy = enemy(dana);;Bryan's enemy = enemy(bryan);;Elizabeth's parent = parent(elizabeth);;Felicia's child = child(felicia),118,15
2,L,SemanticApproach.INTENSIONAL,Representation.ENGLISH,0_L_c5,English phrases can be translated into formulae. Use the following translations to answer the question.;;;;,";;;;Here is an example of how to get a formula for a phrase.;;What is the formula for ""Amber's parent's enemy""?;;;;Here are the steps to arrive at the answer:;;1. Amber's parent = parent(amber);;2. Amber's parent's enemy = enemy(parent(amber));;;;So the answer is enemy(parent(amber));;;;What is the formula for ""Felicia's child""?",Felicia's child,child(felicia),Amber;;Bryan;;Christina;;Dana;;Elizabeth;;Felicia,Christina's friend = friend(christina);;Amber's friend = friend(amber);;Dana's enemy = enemy(dana);;Bryan's enemy = enemy(bryan);;Elizabeth's parent = parent(elizabeth);;Felicia's child = child(felicia),108,16
2,L,SemanticApproach.INTENSIONAL,Representation.ENGLISH,0_L_e3,English phrases can be translated into formulae. Use the following translations to answer the question.;;;;,";;;;Here is an example of how to get a formula for a phrase.;;What is the formula for ""Amber's parent's enemy""?;;;;Here are the steps to arrive at the answer:;;1. Amber's parent = parent(amber);;2. Amber's parent's enemy = enemy(parent(amber));;;;So the answer is enemy(parent(amber));;;;What is the formula for ""Bryan's enemy""?",Bryan's enemy,enemy(bryan),Amber;;Bryan;;Christina;;Dana;;Elizabeth;;Felicia,Christina's friend = friend(christina);;Amber's friend = friend(amber);;Dana's enemy = enemy(dana);;Bryan's enemy = enemy(bryan);;Elizabeth's parent = parent(elizabeth);;Felicia's child = child(felicia),111,17
2,L,SemanticApproach.INTENSIONAL,Representation.ENGLISH,0_L_p4,English phrases can be translated into formulae. Use the following translations to answer the question.;;;;,";;;;Here is an example of how to get a formula for a phrase.;;What is the formula for ""Amber's parent's enemy""?;;;;Here are the steps to arrive at the answer:;;1. Amber's parent = parent(amber);;2. Amber's parent's enemy = enemy(parent(amber));;;;So the answer is enemy(parent(amber));;;;What is the formula for ""Elizabeth's parent""?",Elizabeth's parent,parent(elizabeth),Amber;;Bryan;;Christina;;Dana;;Elizabeth;;Felicia,Christina's friend = friend(christina);;Amber's friend = friend(amber);;Dana's enemy = enemy(dana);;Bryan's enemy = enemy(bryan);;Elizabeth's parent = parent(elizabeth);;Felicia's child = child(felicia),113,18
2,L,SemanticApproach.INTENSIONAL,Representation.ENGLISH,0_L_e3,English phrases can be translated into formulae. Use the following translations to answer the question.;;;;,";;;;Here is an example of how to get a formula for a phrase.;;What is the formula for ""Amber's parent's enemy""?;;;;Here are the steps to arrive at the answer:;;1. Amber's parent = parent(amber);;2. Amber's parent's enemy = enemy(parent(amber));;;;So the answer is enemy(parent(amber));;;;What is the formula for ""Bryan's enemy""?",Bryan's enemy,enemy(bryan),Amber;;Bryan;;Christina;;Dana;;Elizabeth;;Felicia,Christina's friend = friend(christina);;Amber's friend = friend(amber);;Dana's enemy = enemy(dana);;Bryan's enemy = enemy(bryan);;Elizabeth's parent = parent(elizabeth);;Felicia's child = child(felicia),109,19
2,R,SemanticApproach.INTENSIONAL,Representation.ENGLISH,0_R_c5,English phrases can be translated into formulae. Use the following translations to answer the question.;;;;,";;;;Here is an example of how to get a formula for a phrase.;;What is the formula for ""the enemy of the parent of Amber""?;;;;Here are the steps to arrive at the answer:;;1. the parent of Amber = parent(amber);;2. the enemy of the parent of Amber = enemy(parent(amber));;;;So the answer is enemy(parent(amber));;;;What is the formula for ""the child of Felicia""?",the child of Felicia,child(felicia),Amber;;Bryan;;Christina;;Dana;;Elizabeth;;Felicia,the friend of Christina = friend(christina);;the friend of Amber = friend(amber);;the enemy of Dana = enemy(dana);;the enemy of Bryan = enemy(bryan);;the parent of Elizabeth = parent(elizabeth);;the child of Felicia = child(felicia),4,20
2,R,SemanticApproach.INTENSIONAL,Representation.ENGLISH,0_R_e2,English phrases can be translated into formulae. Use the following translations to answer the question.;;;;,";;;;Here is an example of how to get a formula for a phrase.;;What is the formula for ""the enemy of the parent of Amber""?;;;;Here are the steps to arrive at the answer:;;1. the parent of Amber = parent(amber);;2. the enemy of the parent of Amber = enemy(parent(amber));;;;So the answer is enemy(parent(amber));;;;What is the formula for ""the enemy of Dana""?",the enemy of Dana,enemy(dana),Amber;;Bryan;;Christina;;Dana;;Elizabeth;;Felicia,the friend of Christina = friend(christina);;the friend of Amber = friend(amber);;the enemy of Dana = enemy(dana);;the enemy of Bryan = enemy(bryan);;the parent of Elizabeth = parent(elizabeth);;the child of Felicia = child(felicia),12,21
2,R,SemanticApproach.INTENSIONAL,Representation.ENGLISH,0_R_c5,English phrases can be translated into formulae. Use the following translations to answer the question.;;;;,";;;;Here is an example of how to get a formula for a phrase.;;What is the formula for ""the enemy of the parent of Amber""?;;;;Here are the steps to arrive at the answer:;;1. the parent of Amber = parent(amber);;2. the enemy of the parent of Amber = enemy(parent(amber));;;;So the answer is enemy(parent(amber));;;;What is the formula for ""the child of Felicia""?",the child of Felicia,child(felicia),Amber;;Bryan;;Christina;;Dana;;Elizabeth;;Felicia,the friend of Christina = friend(christina);;the friend of Amber = friend(amber);;the enemy of Dana = enemy(dana);;the enemy of Bryan = enemy(bryan);;the parent of Elizabeth = parent(elizabeth);;the child of Felicia = child(felicia),1,22
2,R,SemanticApproach.INTENSIONAL,Representation.ENGLISH,0_R_p4,English phrases can be translated into formulae. Use the following translations to answer the question.;;;;,";;;;Here is an example of how to get a formula for a phrase.;;What is the formula for ""the enemy of the parent of Amber""?;;;;Here are the steps to arrive at the answer:;;1. the parent of Amber = parent(amber);;2. the enemy of the parent of Amber = enemy(parent(amber));;;;So the answer is enemy(parent(amber));;;;What is the formula for ""the parent of Elizabeth""?",the parent of Elizabeth,parent(elizabeth),Amber;;Bryan;;Christina;;Dana;;Elizabeth;;Felicia,the friend of Christina = friend(christina);;the friend of Amber = friend(amber);;the enemy of Dana = enemy(dana);;the enemy of Bryan = enemy(bryan);;the parent of Elizabeth = parent(elizabeth);;the child of Felicia = child(felicia),18,23
2,R,SemanticApproach.INTENSIONAL,Representation.ENGLISH,0_R_f1,English phrases can be translated into formulae. Use the following translations to answer the question.;;;;,";;;;Here is an example of how to get a formula for a phrase.;;What is the formula for ""the enemy of the parent of Amber""?;;;;Here are the steps to arrive at the answer:;;1. the parent of Amber = parent(amber);;2. the enemy of the parent of Amber = enemy(parent(amber));;;;So the answer is enemy(parent(amber));;;;What is the formula for ""the friend of Amber""?",the friend of Amber,friend(amber),Amber;;Bryan;;Christina;;Dana;;Elizabeth;;Felicia,the friend of Christina = friend(christina);;the friend of Amber = friend(amber);;the enemy of Dana = enemy(dana);;the enemy of Bryan = enemy(bryan);;the parent of Elizabeth = parent(elizabeth);;the child of Felicia = child(felicia),8,24
2,R,SemanticApproach.INTENSIONAL,Representation.ENGLISH,0_R_c5,English phrases can be translated into formulae. Use the following translations to answer the question.;;;;,";;;;Here is an example of how to get a formula for a phrase.;;What is the formula for ""the enemy of the parent of Amber""?;;;;Here are the steps to arrive at the answer:;;1. the parent of Amber = parent(amber);;2. the enemy of the parent of Amber = enemy(parent(amber));;;;So the answer is enemy(parent(amber));;;;What is the formula for ""the child of Felicia""?",the child of Felicia,child(felicia),Amber;;Bryan;;Christina;;Dana;;Elizabeth;;Felicia,the friend of Christina = friend(christina);;the friend of Amber = friend(amber);;the enemy of Dana = enemy(dana);;the enemy of Bryan = enemy(bryan);;the parent of Elizabeth = parent(elizabeth);;the child of Felicia = child(felicia),3,25
2,R,SemanticApproach.INTENSIONAL,Representation.ENGLISH,0_R_e2,English phrases can be translated into formulae. Use the following translations to answer the question.;;;;,";;;;Here is an example of how to get a formula for a phrase.;;What is the formula for ""the enemy of the parent of Amber""?;;;;Here are the steps to arrive at the answer:;;1. the parent of Amber = parent(amber);;2. the enemy of the parent of Amber = enemy(parent(amber));;;;So the answer is enemy(parent(amber));;;;What is the formula for ""the enemy of Dana""?",the enemy of Dana,enemy(dana),Amber;;Bryan;;Christina;;Dana;;Elizabeth;;Felicia,the friend of Christina = friend(christina);;the friend of Amber = friend(amber);;the enemy of Dana = enemy(dana);;the enemy of Bryan = enemy(bryan);;the parent of Elizabeth = parent(elizabeth);;the child of Felicia = child(felicia),9,26
2,R,SemanticApproach.INTENSIONAL,Representation.ENGLISH,0_R_f0,English phrases can be translated into formulae. Use the following translations to answer the question.;;;;,";;;;Here is an example of how to get a formula for a phrase.;;What is the formula for ""the enemy of the parent of Amber""?;;;;Here are the steps to arrive at the answer:;;1. the parent of Amber = parent(amber);;2. the enemy of the parent of Amber = enemy(parent(amber));;;;So the answer is enemy(parent(amber));;;;What is the formula for ""the friend of Christina""?",the friend of Christina,friend(christina),Amber;;Bryan;;Christina;;Dana;;Elizabeth;;Felicia,the friend of Christina = friend(christina);;the friend of Amber = friend(amber);;the enemy of Dana = enemy(dana);;the enemy of Bryan = enemy(bryan);;the parent of Elizabeth = parent(elizabeth);;the child of Felicia = child(felicia),14,27
2,R,SemanticApproach.INTENSIONAL,Representation.ENGLISH,0_R_e2,English phrases can be translated into formulae. Use the following translations to answer the question.;;;;,";;;;Here is an example of how to get a formula for a phrase.;;What is the formula for ""the enemy of the parent of Amber""?;;;;Here are the steps to arrive at the answer:;;1. the parent of Amber = parent(amber);;2. the enemy of the parent of Amber = enemy(parent(amber));;;;So the answer is enemy(parent(amber));;;;What is the formula for ""the enemy of Dana""?",the enemy of Dana,enemy(dana),Amber;;Bryan;;Christina;;Dana;;Elizabeth;;Felicia,the friend of Christina = friend(christina);;the friend of Amber = friend(amber);;the enemy of Dana = enemy(dana);;the enemy of Bryan = enemy(bryan);;the parent of Elizabeth = parent(elizabeth);;the child of Felicia = child(felicia),11,28
2,R,SemanticApproach.INTENSIONAL,Representation.ENGLISH,0_R_p4,English phrases can be translated into formulae. Use the following translations to answer the question.;;;;,";;;;Here is an example of how to get a formula for a phrase.;;What is the formula for ""the enemy of the parent of Amber""?;;;;Here are the steps to arrive at the answer:;;1. the parent of Amber = parent(amber);;2. the enemy of the parent of Amber = enemy(parent(amber));;;;So the answer is enemy(parent(amber));;;;What is the formula for ""the parent of Elizabeth""?",the parent of Elizabeth,parent(elizabeth),Amber;;Bryan;;Christina;;Dana;;Elizabeth;;Felicia,the friend of Christina = friend(christina);;the friend of Amber = friend(amber);;the enemy of Dana = enemy(dana);;the enemy of Bryan = enemy(bryan);;the parent of Elizabeth = parent(elizabeth);;the child of Felicia = child(felicia),17,29
2,R,SemanticApproach.INTENSIONAL,Representation.ENGLISH,0_R_f0,English phrases can be translated into formulae. Use the following translations to answer the question.;;;;,";;;;Here is an example of how to get a formula for a phrase.;;What is the formula for ""the enemy of the parent of Amber""?;;;;Here are the steps to arrive at the answer:;;1. the parent of Amber = parent(amber);;2. the enemy of the parent of Amber = enemy(parent(amber));;;;So the answer is enemy(parent(amber));;;;What is the formula for ""the friend of Christina""?",the friend of Christina,friend(christina),Amber;;Bryan;;Christina;;Dana;;Elizabeth;;Felicia,the friend of Christina = friend(christina);;the friend of Amber = friend(amber);;the enemy of Dana = enemy(dana);;the enemy of Bryan = enemy(bryan);;the parent of Elizabeth = parent(elizabeth);;the child of Felicia = child(felicia),15,30
2,R,SemanticApproach.INTENSIONAL,Representation.ENGLISH,0_R_c5,English phrases can be translated into formulae. Use the following translations to answer the question.;;;;,";;;;Here is an example of how to get a formula for a phrase.;;What is the formula for ""the enemy of the parent of Amber""?;;;;Here are the steps to arrive at the answer:;;1. the parent of Amber = parent(amber);;2. the enemy of the parent of Amber = enemy(parent(amber));;;;So the answer is enemy(parent(amber));;;;What is the formula for ""the child of Felicia""?",the child of Felicia,child(felicia),Amber;;Bryan;;Christina;;Dana;;Elizabeth;;Felicia,the friend of Christina = friend(christina);;the friend of Amber = friend(amber);;the enemy of Dana = enemy(dana);;the enemy of Bryan = enemy(bryan);;the parent of Elizabeth = parent(elizabeth);;the child of Felicia = child(felicia),2,31
2,R,SemanticApproach.INTENSIONAL,Representation.ENGLISH,0_R_f1,English phrases can be translated into formulae. Use the following translations to answer the question.;;;;,";;;;Here is an example of how to get a formula for a phrase.;;What is the formula for ""the enemy of the parent of Amber""?;;;;Here are the steps to arrive at the answer:;;1. the parent of Amber = parent(amber);;2. the enemy of the parent of Amber = enemy(parent(amber));;;;So the answer is enemy(parent(amber));;;;What is the formula for ""the friend of Amber""?",the friend of Amber,friend(amber),Amber;;Bryan;;Christina;;Dana;;Elizabeth;;Felicia,the friend of Christina = friend(christina);;the friend of Amber = friend(amber);;the enemy of Dana = enemy(dana);;the enemy of Bryan = enemy(bryan);;the parent of Elizabeth = parent(elizabeth);;the child of Felicia = child(felicia),6,32
2,R,SemanticApproach.INTENSIONAL,Representation.ENGLISH,0_R_f1,English phrases can be translated into formulae. Use the following translations to answer the question.;;;;,";;;;Here is an example of how to get a formula for a phrase.;;What is the formula for ""the enemy of the parent of Amber""?;;;;Here are the steps to arrive at the answer:;;1. the parent of Amber = parent(amber);;2. the enemy of the parent of Amber = enemy(parent(amber));;;;So the answer is enemy(parent(amber));;;;What is the formula for ""the friend of Amber""?",the friend of Amber,friend(amber),Amber;;Bryan;;Christina;;Dana;;Elizabeth;;Felicia,the friend of Christina = friend(christina);;the friend of Amber = friend(amber);;the enemy of Dana = enemy(dana);;the enemy of Bryan = enemy(bryan);;the parent of Elizabeth = parent(elizabeth);;the child of Felicia = child(felicia),7,33
2,R,SemanticApproach.INTENSIONAL,Representation.ENGLISH,0_R_p4,English phrases can be translated into formulae. Use the following translations to answer the question.;;;;,";;;;Here is an example of how to get a formula for a phrase.;;What is the formula for ""the enemy of the parent of Amber""?;;;;Here are the steps to arrive at the answer:;;1. the parent of Amber = parent(amber);;2. the enemy of the parent of Amber = enemy(parent(amber));;;;So the answer is enemy(parent(amber));;;;What is the formula for ""the parent of Elizabeth""?",the parent of Elizabeth,parent(elizabeth),Amber;;Bryan;;Christina;;Dana;;Elizabeth;;Felicia,the friend of Christina = friend(christina);;the friend of Amber = friend(amber);;the enemy of Dana = enemy(dana);;the enemy of Bryan = enemy(bryan);;the parent of Elizabeth = parent(elizabeth);;the child of Felicia = child(felicia),19,34
2,R,SemanticApproach.INTENSIONAL,Representation.ENGLISH,0_R_f1,English phrases can be translated into formulae. Use the following translations to answer the question.;;;;,";;;;Here is an example of how to get a formula for a phrase.;;What is the formula for ""the enemy of the parent of Amber""?;;;;Here are the steps to arrive at the answer:;;1. the parent of Amber = parent(amber);;2. the enemy of the parent of Amber = enemy(parent(amber));;;;So the answer is enemy(parent(amber));;;;What is the formula for ""the friend of Amber""?",the friend of Amber,friend(amber),Amber;;Bryan;;Christina;;Dana;;Elizabeth;;Felicia,the friend of Christina = friend(christina);;the friend of Amber = friend(amber);;the enemy of Dana = enemy(dana);;the enemy of Bryan = enemy(bryan);;the parent of Elizabeth = parent(elizabeth);;the child of Felicia = child(felicia),5,35
2,R,SemanticApproach.INTENSIONAL,Representation.ENGLISH,0_R_f0,English phrases can be translated into formulae. Use the following translations to answer the question.;;;;,";;;;Here is an example of how to get a formula for a phrase.;;What is the formula for ""the enemy of the parent of Amber""?;;;;Here are the steps to arrive at the answer:;;1. the parent of Amber = parent(amber);;2. the enemy of the parent of Amber = enemy(parent(amber));;;;So the answer is enemy(parent(amber));;;;What is the formula for ""the friend of Christina""?",the friend of Christina,friend(christina),Amber;;Bryan;;Christina;;Dana;;Elizabeth;;Felicia,the friend of Christina = friend(christina);;the friend of Amber = friend(amber);;the enemy of Dana = enemy(dana);;the enemy of Bryan = enemy(bryan);;the parent of Elizabeth = parent(elizabeth);;the child of Felicia = child(felicia),16,36
2,R,SemanticApproach.INTENSIONAL,Representation.ENGLISH,0_R_f0,English phrases can be translated into formulae. Use the following translations to answer the question.;;;;,";;;;Here is an example of how to get a formula for a phrase.;;What is the formula for ""the enemy of the parent of Amber""?;;;;Here are the steps to arrive at the answer:;;1. the parent of Amber = parent(amber);;2. the enemy of the parent of Amber = enemy(parent(amber));;;;So the answer is enemy(parent(amber));;;;What is the formula for ""the friend of Christina""?",the friend of Christina,friend(christina),Amber;;Bryan;;Christina;;Dana;;Elizabeth;;Felicia,the friend of Christina = friend(christina);;the friend of Amber = friend(amber);;the enemy of Dana = enemy(dana);;the enemy of Bryan = enemy(bryan);;the parent of Elizabeth = parent(elizabeth);;the child of Felicia = child(felicia),13,37
2,R,SemanticApproach.INTENSIONAL,Representation.ENGLISH,0_R_e2,English phrases can be translated into formulae. Use the following translations to answer the question.;;;;,";;;;Here is an example of how to get a formula for a phrase.;;What is the formula for ""the enemy of the parent of Amber""?;;;;Here are the steps to arrive at the answer:;;1. the parent of Amber = parent(amber);;2. the enemy of the parent of Amber = enemy(parent(amber));;;;So the answer is enemy(parent(amber));;;;What is the formula for ""the enemy of Dana""?",the enemy of Dana,enemy(dana),Amber;;Bryan;;Christina;;Dana;;Elizabeth;;Felicia,the friend of Christina = friend(christina);;the friend of Amber = friend(amber);;the enemy of Dana = enemy(dana);;the enemy of Bryan = enemy(bryan);;the parent of Elizabeth = parent(elizabeth);;the child of Felicia = child(felicia),10,38
2,R,SemanticApproach.INTENSIONAL,Representation.ENGLISH,0_R_p4,English phrases can be translated into formulae. Use the following translations to answer the question.;;;;,";;;;Here is an example of how to get a formula for a phrase.;;What is the formula for ""the enemy of the parent of Amber""?;;;;Here are the steps to arrive at the answer:;;1. the parent of Amber = parent(amber);;2. the enemy of the parent of Amber = enemy(parent(amber));;;;So the answer is enemy(parent(amber));;;;What is the formula for ""the parent of Elizabeth""?",the parent of Elizabeth,parent(elizabeth),Amber;;Bryan;;Christina;;Dana;;Elizabeth;;Felicia,the friend of Christina = friend(christina);;the friend of Amber = friend(amber);;the enemy of Dana = enemy(dana);;the enemy of Bryan = enemy(bryan);;the parent of Elizabeth = parent(elizabeth);;the child of Felicia = child(felicia),20,39
3,L,SemanticApproach.EXTENSIONAL,Representation.ABSTRACT,0_L_cf1,"Imagine there are six people: Amber, Bryan, Christina, Dana, Elizabeth and Felicia. They have the following relationships to each other:;;;;",;;Here is how to figure out the answer to the following question:;;Who is Amber's parent's enemy?;;;;Here are the steps to arrive at the answer:;;1. Amber's parent = t;;2. Bryan's enemy = y;;;;So the answer is y;;;;Now answer the following question:;;Who is Amber's friend's child?,Amber's friend's child,v,h;;q;;s;;t;;v;;y,Amber = h      Amber's enemy = v      Amber's friend = y      Amber's parent = t      Bryan's child = h      ;;Bryan = t      Bryan's enemy = y      Bryan's friend = q      Dana's parent = q       Christina's child = v  ;;Christina = y  Christina's enemy = t  Christina's friend = h  Elizabeth's parent = y  Felicia's child = s    ;;Dana = s       Dana's enemy = q       Dana's friend = v       ;;Elizabeth = v  Elizabeth's enemy = h  Elizabeth's friend = s  ;;Felicia = q    Felicia's enemy = s    Felicia's friend = t    ,129,0
3,L,SemanticApproach.EXTENSIONAL,Representation.ABSTRACT,0_L_pf4,"Imagine there are six people: Amber, Bryan, Christina, Dana, Elizabeth and Felicia. They have the following relationships to each other:;;;;",;;Here is how to figure out the answer to the following question:;;Who is Amber's parent's enemy?;;;;Here are the steps to arrive at the answer:;;1. Amber's parent = t;;2. Bryan's enemy = y;;;;So the answer is y;;;;Now answer the following question:;;Who is Elizabeth's friend's parent?,Elizabeth's friend's parent,q,h;;q;;s;;t;;v;;y,Amber = h      Amber's enemy = v      Amber's friend = y      Amber's parent = t      Bryan's child = h      ;;Bryan = t      Bryan's enemy = y      Bryan's friend = q      Dana's parent = q       Christina's child = v  ;;Christina = y  Christina's enemy = t  Christina's friend = h  Elizabeth's parent = y  Felicia's child = s    ;;Dana = s       Dana's enemy = q       Dana's friend = v       ;;Elizabeth = v  Elizabeth's enemy = h  Elizabeth's friend = s  ;;Felicia = q    Felicia's enemy = s    Felicia's friend = t    ,147,1
3,L,SemanticApproach.EXTENSIONAL,Representation.ABSTRACT,0_L_fc0,"Imagine there are six people: Amber, Bryan, Christina, Dana, Elizabeth and Felicia. They have the following relationships to each other:;;;;",;;Here is how to figure out the answer to the following question:;;Who is Amber's parent's enemy?;;;;Here are the steps to arrive at the answer:;;1. Amber's parent = t;;2. Bryan's enemy = y;;;;So the answer is y;;;;Now answer the following question:;;Who is Christina's child's friend?,Christina's child's friend,s,h;;q;;s;;t;;v;;y,Amber = h      Amber's enemy = v      Amber's friend = y      Amber's parent = t      Bryan's child = h      ;;Bryan = t      Bryan's enemy = y      Bryan's friend = q      Dana's parent = q       Christina's child = v  ;;Christina = y  Christina's enemy = t  Christina's friend = h  Elizabeth's parent = y  Felicia's child = s    ;;Dana = s       Dana's enemy = q       Dana's friend = v       ;;Elizabeth = v  Elizabeth's enemy = h  Elizabeth's friend = s  ;;Felicia = q    Felicia's enemy = s    Felicia's friend = t    ,124,2
3,L,SemanticApproach.EXTENSIONAL,Representation.ABSTRACT,0_L_fp4,"Imagine there are six people: Amber, Bryan, Christina, Dana, Elizabeth and Felicia. They have the following relationships to each other:;;;;",;;Here is how to figure out the answer to the following question:;;Who is Amber's parent's enemy?;;;;Here are the steps to arrive at the answer:;;1. Amber's parent = t;;2. Bryan's enemy = y;;;;So the answer is y;;;;Now answer the following question:;;Who is Elizabeth's parent's friend?,Elizabeth's parent's friend,h,h;;q;;s;;t;;v;;y,Amber = h      Amber's enemy = v      Amber's friend = y      Amber's parent = t      Bryan's child = h      ;;Bryan = t      Bryan's enemy = y      Bryan's friend = q      Dana's parent = q       Christina's child = v  ;;Christina = y  Christina's enemy = t  Christina's friend = h  Elizabeth's parent = y  Felicia's child = s    ;;Dana = s       Dana's enemy = q       Dana's friend = v       ;;Elizabeth = v  Elizabeth's enemy = h  Elizabeth's friend = s  ;;Felicia = q    Felicia's enemy = s    Felicia's friend = t    ,150,3
3,L,SemanticApproach.EXTENSIONAL,Representation.ABSTRACT,0_L_cp4,"Imagine there are six people: Amber, Bryan, Christina, Dana, Elizabeth and Felicia. They have the following relationships to each other:;;;;",;;Here is how to figure out the answer to the following question:;;Who is Amber's parent's enemy?;;;;Here are the steps to arrive at the answer:;;1. Amber's parent = t;;2. Bryan's enemy = y;;;;So the answer is y;;;;Now answer the following question:;;Who is Elizabeth's parent's child?,Elizabeth's parent's child,v,h;;q;;s;;t;;v;;y,Amber = h      Amber's enemy = v      Amber's friend = y      Amber's parent = t      Bryan's child = h      ;;Bryan = t      Bryan's enemy = y      Bryan's friend = q      Dana's parent = q       Christina's child = v  ;;Christina = y  Christina's enemy = t  Christina's friend = h  Elizabeth's parent = y  Felicia's child = s    ;;Dana = s       Dana's enemy = q       Dana's friend = v       ;;Elizabeth = v  Elizabeth's enemy = h  Elizabeth's friend = s  ;;Felicia = q    Felicia's enemy = s    Felicia's friend = t    ,152,4
3,L,SemanticApproach.EXTENSIONAL,Representation.ABSTRACT,0_L_pc5,"Imagine there are six people: Amber, Bryan, Christina, Dana, Elizabeth and Felicia. They have the following relationships to each other:;;;;",;;Here is how to figure out the answer to the following question:;;Who is Amber's parent's enemy?;;;;Here are the steps to arrive at the answer:;;1. Amber's parent = t;;2. Bryan's enemy = y;;;;So the answer is y;;;;Now answer the following question:;;Who is Felicia's child's parent?,Felicia's child's parent,q,h;;q;;s;;t;;v;;y,Amber = h      Amber's enemy = v      Amber's friend = y      Amber's parent = t      Bryan's child = h      ;;Bryan = t      Bryan's enemy = y      Bryan's friend = q      Dana's parent = q       Christina's child = v  ;;Christina = y  Christina's enemy = t  Christina's friend = h  Elizabeth's parent = y  Felicia's child = s    ;;Dana = s       Dana's enemy = q       Dana's friend = v       ;;Elizabeth = v  Elizabeth's enemy = h  Elizabeth's friend = s  ;;Felicia = q    Felicia's enemy = s    Felicia's friend = t    ,160,5
3,L,SemanticApproach.EXTENSIONAL,Representation.ABSTRACT,0_L_cf5,"Imagine there are six people: Amber, Bryan, Christina, Dana, Elizabeth and Felicia. They have the following relationships to each other:;;;;",;;Here is how to figure out the answer to the following question:;;Who is Amber's parent's enemy?;;;;Here are the steps to arrive at the answer:;;1. Amber's parent = t;;2. Bryan's enemy = y;;;;So the answer is y;;;;Now answer the following question:;;Who is Felicia's friend's child?,Felicia's friend's child,h,h;;q;;s;;t;;v;;y,Amber = h      Amber's enemy = v      Amber's friend = y      Amber's parent = t      Bryan's child = h      ;;Bryan = t      Bryan's enemy = y      Bryan's friend = q      Dana's parent = q       Christina's child = v  ;;Christina = y  Christina's enemy = t  Christina's friend = h  Elizabeth's parent = y  Felicia's child = s    ;;Dana = s       Dana's enemy = q       Dana's friend = v       ;;Elizabeth = v  Elizabeth's enemy = h  Elizabeth's friend = s  ;;Felicia = q    Felicia's enemy = s    Felicia's friend = t    ,154,6
3,L,SemanticApproach.EXTENSIONAL,Representation.ABSTRACT,0_L_ef3,"Imagine there are six people: Amber, Bryan, Christina, Dana, Elizabeth and Felicia. They have the following relationships to each other:;;;;",;;Here is how to figure out the answer to the following question:;;Who is Amber's parent's enemy?;;;;Here are the steps to arrive at the answer:;;1. Amber's parent = t;;2. Bryan's enemy = y;;;;So the answer is y;;;;Now answer the following question:;;Who is Bryan's friend's enemy?,Bryan's friend's enemy,s,h;;q;;s;;t;;v;;y,Amber = h      Amber's enemy = v      Amber's friend = y      Amber's parent = t      Bryan's child = h      ;;Bryan = t      Bryan's enemy = y      Bryan's friend = q      Dana's parent = q       Christina's child = v  ;;Christina = y  Christina's enemy = t  Christina's friend = h  Elizabeth's parent = y  Felicia's child = s    ;;Dana = s       Dana's enemy = q       Dana's friend = v       ;;Elizabeth = v  Elizabeth's enemy = h  Elizabeth's friend = s  ;;Felicia = q    Felicia's enemy = s    Felicia's friend = t    ,142,7
3,L,SemanticApproach.EXTENSIONAL,Representation.ABSTRACT,0_L_ef4,"Imagine there are six people: Amber, Bryan, Christina, Dana, Elizabeth and Felicia. They have the following relationships to each other:;;;;",;;Here is how to figure out the answer to the following question:;;Who is Amber's parent's enemy?;;;;Here are the steps to arrive at the answer:;;1. Amber's parent = t;;2. Bryan's enemy = y;;;;So the answer is y;;;;Now answer the following question:;;Who is Elizabeth's friend's enemy?,Elizabeth's friend's enemy,q,h;;q;;s;;t;;v;;y,Amber = h      Amber's enemy = v      Amber's friend = y      Amber's parent = t      Bryan's child = h      ;;Bryan = t      Bryan's enemy = y      Bryan's friend = q      Dana's parent = q       Christina's child = v  ;;Christina = y  Christina's enemy = t  Christina's friend = h  Elizabeth's parent = y  Felicia's child = s    ;;Dana = s       Dana's enemy = q       Dana's friend = v       ;;Elizabeth = v  Elizabeth's enemy = h  Elizabeth's friend = s  ;;Felicia = q    Felicia's enemy = s    Felicia's friend = t    ,146,8
3,L,SemanticApproach.EXTENSIONAL,Representation.ABSTRACT,0_L_ec0,"Imagine there are six people: Amber, Bryan, Christina, Dana, Elizabeth and Felicia. They have the following relationships to each other:;;;;",;;Here is how to figure out the answer to the following question:;;Who is Amber's parent's enemy?;;;;Here are the steps to arrive at the answer:;;1. Amber's parent = t;;2. Bryan's enemy = y;;;;So the answer is y;;;;Now answer the following question:;;Who is Christina's child's enemy?,Christina's child's enemy,h,h;;q;;s;;t;;v;;y,Amber = h      Amber's enemy = v      Amber's friend = y      Amber's parent = t      Bryan's child = h      ;;Bryan = t      Bryan's enemy = y      Bryan's friend = q      Dana's parent = q       Christina's child = v  ;;Christina = y  Christina's enemy = t  Christina's friend = h  Elizabeth's parent = y  Felicia's child = s    ;;Dana = s       Dana's enemy = q       Dana's friend = v       ;;Elizabeth = v  Elizabeth's enemy = h  Elizabeth's friend = s  ;;Felicia = q    Felicia's enemy = s    Felicia's friend = t    ,125,9
3,L,SemanticApproach.EXTENSIONAL,Representation.ABSTRACT,0_L_ec5,"Imagine there are six people: Amber, Bryan, Christina, Dana, Elizabeth and Felicia. They have the following relationships to each other:;;;;",;;Here is how to figure out the answer to the following question:;;Who is Amber's parent's enemy?;;;;Here are the steps to arrive at the answer:;;1. Amber's parent = t;;2. Bryan's enemy = y;;;;So the answer is y;;;;Now answer the following question:;;Who is Felicia's child's enemy?,Felicia's child's enemy,q,h;;q;;s;;t;;v;;y,Amber = h      Amber's enemy = v      Amber's friend = y      Amber's parent = t      Bryan's child = h      ;;Bryan = t      Bryan's enemy = y      Bryan's friend = q      Dana's parent = q       Christina's child = v  ;;Christina = y  Christina's enemy = t  Christina's friend = h  Elizabeth's parent = y  Felicia's child = s    ;;Dana = s       Dana's enemy = q       Dana's friend = v       ;;Elizabeth = v  Elizabeth's enemy = h  Elizabeth's friend = s  ;;Felicia = q    Felicia's enemy = s    Felicia's friend = t    ,159,10
3,L,SemanticApproach.EXTENSIONAL,Representation.ABSTRACT,0_L_pc0,"Imagine there are six people: Amber, Bryan, Christina, Dana, Elizabeth and Felicia. They have the following relationships to each other:;;;;",;;Here is how to figure out the answer to the following question:;;Who is Amber's parent's enemy?;;;;Here are the steps to arrive at the answer:;;1. Amber's parent = t;;2. Bryan's enemy = y;;;;So the answer is y;;;;Now answer the following question:;;Who is Christina's child's parent?,Christina's child's parent,y,h;;q;;s;;t;;v;;y,Amber = h      Amber's enemy = v      Amber's friend = y      Amber's parent = t      Bryan's child = h      ;;Bryan = t      Bryan's enemy = y      Bryan's friend = q      Dana's parent = q       Christina's child = v  ;;Christina = y  Christina's enemy = t  Christina's friend = h  Elizabeth's parent = y  Felicia's child = s    ;;Dana = s       Dana's enemy = q       Dana's friend = v       ;;Elizabeth = v  Elizabeth's enemy = h  Elizabeth's friend = s  ;;Felicia = q    Felicia's enemy = s    Felicia's friend = t    ,126,11
3,L,SemanticApproach.EXTENSIONAL,Representation.ABSTRACT,0_L_ep2,"Imagine there are six people: Amber, Bryan, Christina, Dana, Elizabeth and Felicia. They have the following relationships to each other:;;;;",;;Here is how to figure out the answer to the following question:;;Who is Amber's parent's enemy?;;;;Here are the steps to arrive at the answer:;;1. Amber's parent = t;;2. Bryan's enemy = y;;;;So the answer is y;;;;Now answer the following question:;;Who is Dana's parent's enemy?,Dana's parent's enemy,s,h;;q;;s;;t;;v;;y,Amber = h      Amber's enemy = v      Amber's friend = y      Amber's parent = t      Bryan's child = h      ;;Bryan = t      Bryan's enemy = y      Bryan's friend = q      Dana's parent = q       Christina's child = v  ;;Christina = y  Christina's enemy = t  Christina's friend = h  Elizabeth's parent = y  Felicia's child = s    ;;Dana = s       Dana's enemy = q       Dana's friend = v       ;;Elizabeth = v  Elizabeth's enemy = h  Elizabeth's friend = s  ;;Felicia = q    Felicia's enemy = s    Felicia's friend = t    ,139,12
3,L,SemanticApproach.EXTENSIONAL,Representation.ABSTRACT,0_L_ff4,"Imagine there are six people: Amber, Bryan, Christina, Dana, Elizabeth and Felicia. They have the following relationships to each other:;;;;",;;Here is how to figure out the answer to the following question:;;Who is Amber's parent's enemy?;;;;Here are the steps to arrive at the answer:;;1. Amber's parent = t;;2. Bryan's enemy = y;;;;So the answer is y;;;;Now answer the following question:;;Who is Elizabeth's friend's friend?,Elizabeth's friend's friend,v,h;;q;;s;;t;;v;;y,Amber = h      Amber's enemy = v      Amber's friend = y      Amber's parent = t      Bryan's child = h      ;;Bryan = t      Bryan's enemy = y      Bryan's friend = q      Dana's parent = q       Christina's child = v  ;;Christina = y  Christina's enemy = t  Christina's friend = h  Elizabeth's parent = y  Felicia's child = s    ;;Dana = s       Dana's enemy = q       Dana's friend = v       ;;Elizabeth = v  Elizabeth's enemy = h  Elizabeth's friend = s  ;;Felicia = q    Felicia's enemy = s    Felicia's friend = t    ,145,13
3,L,SemanticApproach.EXTENSIONAL,Representation.ABSTRACT,0_L_fe4,"Imagine there are six people: Amber, Bryan, Christina, Dana, Elizabeth and Felicia. They have the following relationships to each other:;;;;",;;Here is how to figure out the answer to the following question:;;Who is Amber's parent's enemy?;;;;Here are the steps to arrive at the answer:;;1. Amber's parent = t;;2. Bryan's enemy = y;;;;So the answer is y;;;;Now answer the following question:;;Who is Elizabeth's enemy's friend?,Elizabeth's enemy's friend,y,h;;q;;s;;t;;v;;y,Amber = h      Amber's enemy = v      Amber's friend = y      Amber's parent = t      Bryan's child = h      ;;Bryan = t      Bryan's enemy = y      Bryan's friend = q      Dana's parent = q       Christina's child = v  ;;Christina = y  Christina's enemy = t  Christina's friend = h  Elizabeth's parent = y  Felicia's child = s    ;;Dana = s       Dana's enemy = q       Dana's friend = v       ;;Elizabeth = v  Elizabeth's enemy = h  Elizabeth's friend = s  ;;Felicia = q    Felicia's enemy = s    Felicia's friend = t    ,148,14
3,L,SemanticApproach.EXTENSIONAL,Representation.ABSTRACT,0_L_ee2,"Imagine there are six people: Amber, Bryan, Christina, Dana, Elizabeth and Felicia. They have the following relationships to each other:;;;;",;;Here is how to figure out the answer to the following question:;;Who is Amber's parent's enemy?;;;;Here are the steps to arrive at the answer:;;1. Amber's parent = t;;2. Bryan's enemy = y;;;;So the answer is y;;;;Now answer the following question:;;Who is Dana's enemy's enemy?,Dana's enemy's enemy,s,h;;q;;s;;t;;v;;y,Amber = h      Amber's enemy = v      Amber's friend = y      Amber's parent = t      Bryan's child = h      ;;Bryan = t      Bryan's enemy = y      Bryan's friend = q      Dana's parent = q       Christina's child = v  ;;Christina = y  Christina's enemy = t  Christina's friend = h  Elizabeth's parent = y  Felicia's child = s    ;;Dana = s       Dana's enemy = q       Dana's friend = v       ;;Elizabeth = v  Elizabeth's enemy = h  Elizabeth's friend = s  ;;Felicia = q    Felicia's enemy = s    Felicia's friend = t    ,136,15
3,L,SemanticApproach.EXTENSIONAL,Representation.ABSTRACT,0_L_fe5,"Imagine there are six people: Amber, Bryan, Christina, Dana, Elizabeth and Felicia. They have the following relationships to each other:;;;;",;;Here is how to figure out the answer to the following question:;;Who is Amber's parent's enemy?;;;;Here are the steps to arrive at the answer:;;1. Amber's parent = t;;2. Bryan's enemy = y;;;;So the answer is y;;;;Now answer the following question:;;Who is Felicia's enemy's friend?,Felicia's enemy's friend,v,h;;q;;s;;t;;v;;y,Amber = h      Amber's enemy = v      Amber's friend = y      Amber's parent = t      Bryan's child = h      ;;Bryan = t      Bryan's enemy = y      Bryan's friend = q      Dana's parent = q       Christina's child = v  ;;Christina = y  Christina's enemy = t  Christina's friend = h  Elizabeth's parent = y  Felicia's child = s    ;;Dana = s       Dana's enemy = q       Dana's friend = v       ;;Elizabeth = v  Elizabeth's enemy = h  Elizabeth's friend = s  ;;Felicia = q    Felicia's enemy = s    Felicia's friend = t    ,155,16
3,L,SemanticApproach.EXTENSIONAL,Representation.ABSTRACT,0_L_pe5,"Imagine there are six people: Amber, Bryan, Christina, Dana, Elizabeth and Felicia. They have the following relationships to each other:;;;;",;;Here is how to figure out the answer to the following question:;;Who is Amber's parent's enemy?;;;;Here are the steps to arrive at the answer:;;1. Amber's parent = t;;2. Bryan's enemy = y;;;;So the answer is y;;;;Now answer the following question:;;Who is Felicia's enemy's parent?,Felicia's enemy's parent,q,h;;q;;s;;t;;v;;y,Amber = h      Amber's enemy = v      Amber's friend = y      Amber's parent = t      Bryan's child = h      ;;Bryan = t      Bryan's enemy = y      Bryan's friend = q      Dana's parent = q       Christina's child = v  ;;Christina = y  Christina's enemy = t  Christina's friend = h  Elizabeth's parent = y  Felicia's child = s    ;;Dana = s       Dana's enemy = q       Dana's friend = v       ;;Elizabeth = v  Elizabeth's enemy = h  Elizabeth's friend = s  ;;Felicia = q    Felicia's enemy = s    Felicia's friend = t    ,157,17
3,L,SemanticApproach.EXTENSIONAL,Representation.ABSTRACT,0_L_ep4,"Imagine there are six people: Amber, Bryan, Christina, Dana, Elizabeth and Felicia. They have the following relationships to each other:;;;;",;;Here is how to figure out the answer to the following question:;;Who is Amber's parent's enemy?;;;;Here are the steps to arrive at the answer:;;1. Amber's parent = t;;2. Bryan's enemy = y;;;;So the answer is y;;;;Now answer the following question:;;Who is Elizabeth's parent's enemy?,Elizabeth's parent's enemy,t,h;;q;;s;;t;;v;;y,Amber = h      Amber's enemy = v      Amber's friend = y      Amber's parent = t      Bryan's child = h      ;;Bryan = t      Bryan's enemy = y      Bryan's friend = q      Dana's parent = q       Christina's child = v  ;;Christina = y  Christina's enemy = t  Christina's friend = h  Elizabeth's parent = y  Felicia's child = s    ;;Dana = s       Dana's enemy = q       Dana's friend = v       ;;Elizabeth = v  Elizabeth's enemy = h  Elizabeth's friend = s  ;;Felicia = q    Felicia's enemy = s    Felicia's friend = t    ,151,18
3,L,SemanticApproach.EXTENSIONAL,Representation.ABSTRACT,0_L_ee5,"Imagine there are six people: Amber, Bryan, Christina, Dana, Elizabeth and Felicia. They have the following relationships to each other:;;;;",;;Here is how to figure out the answer to the following question:;;Who is Amber's parent's enemy?;;;;Here are the steps to arrive at the answer:;;1. Amber's parent = t;;2. Bryan's enemy = y;;;;So the answer is y;;;;Now answer the following question:;;Who is Felicia's enemy's enemy?,Felicia's enemy's enemy,q,h;;q;;s;;t;;v;;y,Amber = h      Amber's enemy = v      Amber's friend = y      Amber's parent = t      Bryan's child = h      ;;Bryan = t      Bryan's enemy = y      Bryan's friend = q      Dana's parent = q       Christina's child = v  ;;Christina = y  Christina's enemy = t  Christina's friend = h  Elizabeth's parent = y  Felicia's child = s    ;;Dana = s       Dana's enemy = q       Dana's friend = v       ;;Elizabeth = v  Elizabeth's enemy = h  Elizabeth's friend = s  ;;Felicia = q    Felicia's enemy = s    Felicia's friend = t    ,156,19
3,L,SemanticApproach.EXTENSIONAL,Representation.ABSTRACT,0_L_cp2,"Imagine there are six people: Amber, Bryan, Christina, Dana, Elizabeth and Felicia. They have the following relationships to each other:;;;;",;;Here is how to figure out the answer to the following question:;;Who is Amber's parent's enemy?;;;;Here are the steps to arrive at the answer:;;1. Amber's parent = t;;2. Bryan's enemy = y;;;;So the answer is y;;;;Now answer the following question:;;Who is Dana's parent's child?,Dana's parent's child,s,h;;q;;s;;t;;v;;y,Amber = h      Amber's enemy = v      Amber's friend = y      Amber's parent = t      Bryan's child = h      ;;Bryan = t      Bryan's enemy = y      Bryan's friend = q      Dana's parent = q       Christina's child = v  ;;Christina = y  Christina's enemy = t  Christina's friend = h  Elizabeth's parent = y  Felicia's child = s    ;;Dana = s       Dana's enemy = q       Dana's friend = v       ;;Elizabeth = v  Elizabeth's enemy = h  Elizabeth's friend = s  ;;Felicia = q    Felicia's enemy = s    Felicia's friend = t    ,140,20
3,L,SemanticApproach.EXTENSIONAL,Representation.ABSTRACT,0_L_ec3,"Imagine there are six people: Amber, Bryan, Christina, Dana, Elizabeth and Felicia. They have the following relationships to each other:;;;;",;;Here is how to figure out the answer to the following question:;;Who is Amber's parent's enemy?;;;;Here are the steps to arrive at the answer:;;1. Amber's parent = t;;2. Bryan's enemy = y;;;;So the answer is y;;;;Now answer the following question:;;Who is Bryan's child's enemy?,Bryan's child's enemy,v,h;;q;;s;;t;;v;;y,Amber = h      Amber's enemy = v      Amber's friend = y      Amber's parent = t      Bryan's child = h      ;;Bryan = t      Bryan's enemy = y      Bryan's friend = q      Dana's parent = q       Christina's child = v  ;;Christina = y  Christina's enemy = t  Christina's friend = h  Elizabeth's parent = y  Felicia's child = s    ;;Dana = s       Dana's enemy = q       Dana's friend = v       ;;Elizabeth = v  Elizabeth's enemy = h  Elizabeth's friend = s  ;;Felicia = q    Felicia's enemy = s    Felicia's friend = t    ,144,21
3,L,SemanticApproach.EXTENSIONAL,Representation.ABSTRACT,0_L_pe1,"Imagine there are six people: Amber, Bryan, Christina, Dana, Elizabeth and Felicia. They have the following relationships to each other:;;;;",;;Here is how to figure out the answer to the following question:;;Who is Amber's parent's enemy?;;;;Here are the steps to arrive at the answer:;;1. Amber's parent = t;;2. Bryan's enemy = y;;;;So the answer is y;;;;Now answer the following question:;;Who is Amber's enemy's parent?,Amber's enemy's parent,y,h;;q;;s;;t;;v;;y,Amber = h      Amber's enemy = v      Amber's friend = y      Amber's parent = t      Bryan's child = h      ;;Bryan = t      Bryan's enemy = y      Bryan's friend = q      Dana's parent = q       Christina's child = v  ;;Christina = y  Christina's enemy = t  Christina's friend = h  Elizabeth's parent = y  Felicia's child = s    ;;Dana = s       Dana's enemy = q       Dana's friend = v       ;;Elizabeth = v  Elizabeth's enemy = h  Elizabeth's friend = s  ;;Felicia = q    Felicia's enemy = s    Felicia's friend = t    ,131,22
3,L,SemanticApproach.EXTENSIONAL,Representation.ABSTRACT,0_L_ee1,"Imagine there are six people: Amber, Bryan, Christina, Dana, Elizabeth and Felicia. They have the following relationships to each other:;;;;",;;Here is how to figure out the answer to the following question:;;Who is Amber's parent's enemy?;;;;Here are the steps to arrive at the answer:;;1. Amber's parent = t;;2. Bryan's enemy = y;;;;So the answer is y;;;;Now answer the following question:;;Who is Amber's enemy's enemy?,Amber's enemy's enemy,h,h;;q;;s;;t;;v;;y,Amber = h      Amber's enemy = v      Amber's friend = y      Amber's parent = t      Bryan's child = h      ;;Bryan = t      Bryan's enemy = y      Bryan's friend = q      Dana's parent = q       Christina's child = v  ;;Christina = y  Christina's enemy = t  Christina's friend = h  Elizabeth's parent = y  Felicia's child = s    ;;Dana = s       Dana's enemy = q       Dana's friend = v       ;;Elizabeth = v  Elizabeth's enemy = h  Elizabeth's friend = s  ;;Felicia = q    Felicia's enemy = s    Felicia's friend = t    ,130,23
3,L,SemanticApproach.EXTENSIONAL,Representation.ABSTRACT,0_L_ee4,"Imagine there are six people: Amber, Bryan, Christina, Dana, Elizabeth and Felicia. They have the following relationships to each other:;;;;",;;Here is how to figure out the answer to the following question:;;Who is Amber's parent's enemy?;;;;Here are the steps to arrive at the answer:;;1. Amber's parent = t;;2. Bryan's enemy = y;;;;So the answer is y;;;;Now answer the following question:;;Who is Elizabeth's enemy's enemy?,Elizabeth's enemy's enemy,v,h;;q;;s;;t;;v;;y,Amber = h      Amber's enemy = v      Amber's friend = y      Amber's parent = t      Bryan's child = h      ;;Bryan = t      Bryan's enemy = y      Bryan's friend = q      Dana's parent = q       Christina's child = v  ;;Christina = y  Christina's enemy = t  Christina's friend = h  Elizabeth's parent = y  Felicia's child = s    ;;Dana = s       Dana's enemy = q       Dana's friend = v       ;;Elizabeth = v  Elizabeth's enemy = h  Elizabeth's friend = s  ;;Felicia = q    Felicia's enemy = s    Felicia's friend = t    ,149,24
3,L,SemanticApproach.EXTENSIONAL,Representation.ABSTRACT,0_L_ce2,"Imagine there are six people: Amber, Bryan, Christina, Dana, Elizabeth and Felicia. They have the following relationships to each other:;;;;",;;Here is how to figure out the answer to the following question:;;Who is Amber's parent's enemy?;;;;Here are the steps to arrive at the answer:;;1. Amber's parent = t;;2. Bryan's enemy = y;;;;So the answer is y;;;;Now answer the following question:;;Who is Dana's enemy's child?,Dana's enemy's child,s,h;;q;;s;;t;;v;;y,Amber = h      Amber's enemy = v      Amber's friend = y      Amber's parent = t      Bryan's child = h      ;;Bryan = t      Bryan's enemy = y      Bryan's friend = q      Dana's parent = q       Christina's child = v  ;;Christina = y  Christina's enemy = t  Christina's friend = h  Elizabeth's parent = y  Felicia's child = s    ;;Dana = s       Dana's enemy = q       Dana's friend = v       ;;Elizabeth = v  Elizabeth's enemy = h  Elizabeth's friend = s  ;;Felicia = q    Felicia's enemy = s    Felicia's friend = t    ,137,25
3,L,SemanticApproach.EXTENSIONAL,Representation.ABSTRACT,0_L_pf2,"Imagine there are six people: Amber, Bryan, Christina, Dana, Elizabeth and Felicia. They have the following relationships to each other:;;;;",;;Here is how to figure out the answer to the following question:;;Who is Amber's parent's enemy?;;;;Here are the steps to arrive at the answer:;;1. Amber's parent = t;;2. Bryan's enemy = y;;;;So the answer is y;;;;Now answer the following question:;;Who is Dana's friend's parent?,Dana's friend's parent,y,h;;q;;s;;t;;v;;y,Amber = h      Amber's enemy = v      Amber's friend = y      Amber's parent = t      Bryan's child = h      ;;Bryan = t      Bryan's enemy = y      Bryan's friend = q      Dana's parent = q       Christina's child = v  ;;Christina = y  Christina's enemy = t  Christina's friend = h  Elizabeth's parent = y  Felicia's child = s    ;;Dana = s       Dana's enemy = q       Dana's friend = v       ;;Elizabeth = v  Elizabeth's enemy = h  Elizabeth's friend = s  ;;Felicia = q    Felicia's enemy = s    Felicia's friend = t    ,134,26
3,L,SemanticApproach.EXTENSIONAL,Representation.ABSTRACT,0_L_ff5,"Imagine there are six people: Amber, Bryan, Christina, Dana, Elizabeth and Felicia. They have the following relationships to each other:;;;;",;;Here is how to figure out the answer to the following question:;;Who is Amber's parent's enemy?;;;;Here are the steps to arrive at the answer:;;1. Amber's parent = t;;2. Bryan's enemy = y;;;;So the answer is y;;;;Now answer the following question:;;Who is Felicia's friend's friend?,Felicia's friend's friend,q,h;;q;;s;;t;;v;;y,Amber = h      Amber's enemy = v      Amber's friend = y      Amber's parent = t      Bryan's child = h      ;;Bryan = t      Bryan's enemy = y      Bryan's friend = q      Dana's parent = q       Christina's child = v  ;;Christina = y  Christina's enemy = t  Christina's friend = h  Elizabeth's parent = y  Felicia's child = s    ;;Dana = s       Dana's enemy = q       Dana's friend = v       ;;Elizabeth = v  Elizabeth's enemy = h  Elizabeth's friend = s  ;;Felicia = q    Felicia's enemy = s    Felicia's friend = t    ,153,27
3,L,SemanticApproach.EXTENSIONAL,Representation.ABSTRACT,0_L_ef2,"Imagine there are six people: Amber, Bryan, Christina, Dana, Elizabeth and Felicia. They have the following relationships to each other:;;;;",;;Here is how to figure out the answer to the following question:;;Who is Amber's parent's enemy?;;;;Here are the steps to arrive at the answer:;;1. Amber's parent = t;;2. Bryan's enemy = y;;;;So the answer is y;;;;Now answer the following question:;;Who is Dana's friend's enemy?,Dana's friend's enemy,h,h;;q;;s;;t;;v;;y,Amber = h      Amber's enemy = v      Amber's friend = y      Amber's parent = t      Bryan's child = h      ;;Bryan = t      Bryan's enemy = y      Bryan's friend = q      Dana's parent = q       Christina's child = v  ;;Christina = y  Christina's enemy = t  Christina's friend = h  Elizabeth's parent = y  Felicia's child = s    ;;Dana = s       Dana's enemy = q       Dana's friend = v       ;;Elizabeth = v  Elizabeth's enemy = h  Elizabeth's friend = s  ;;Felicia = q    Felicia's enemy = s    Felicia's friend = t    ,133,28
3,L,SemanticApproach.EXTENSIONAL,Representation.ABSTRACT,0_L_fe0,"Imagine there are six people: Amber, Bryan, Christina, Dana, Elizabeth and Felicia. They have the following relationships to each other:;;;;",;;Here is how to figure out the answer to the following question:;;Who is Amber's parent's enemy?;;;;Here are the steps to arrive at the answer:;;1. Amber's parent = t;;2. Bryan's enemy = y;;;;So the answer is y;;;;Now answer the following question:;;Who is Christina's enemy's friend?,Christina's enemy's friend,q,h;;q;;s;;t;;v;;y,Amber = h      Amber's enemy = v      Amber's friend = y      Amber's parent = t      Bryan's child = h      ;;Bryan = t      Bryan's enemy = y      Bryan's friend = q      Dana's parent = q       Christina's child = v  ;;Christina = y  Christina's enemy = t  Christina's friend = h  Elizabeth's parent = y  Felicia's child = s    ;;Dana = s       Dana's enemy = q       Dana's friend = v       ;;Elizabeth = v  Elizabeth's enemy = h  Elizabeth's friend = s  ;;Felicia = q    Felicia's enemy = s    Felicia's friend = t    ,122,29
3,L,SemanticApproach.EXTENSIONAL,Representation.ABSTRACT,0_L_fc5,"Imagine there are six people: Amber, Bryan, Christina, Dana, Elizabeth and Felicia. They have the following relationships to each other:;;;;",;;Here is how to figure out the answer to the following question:;;Who is Amber's parent's enemy?;;;;Here are the steps to arrive at the answer:;;1. Amber's parent = t;;2. Bryan's enemy = y;;;;So the answer is y;;;;Now answer the following question:;;Who is Felicia's child's friend?,Felicia's child's friend,v,h;;q;;s;;t;;v;;y,Amber = h      Amber's enemy = v      Amber's friend = y      Amber's parent = t      Bryan's child = h      ;;Bryan = t      Bryan's enemy = y      Bryan's friend = q      Dana's parent = q       Christina's child = v  ;;Christina = y  Christina's enemy = t  Christina's friend = h  Elizabeth's parent = y  Felicia's child = s    ;;Dana = s       Dana's enemy = q       Dana's friend = v       ;;Elizabeth = v  Elizabeth's enemy = h  Elizabeth's friend = s  ;;Felicia = q    Felicia's enemy = s    Felicia's friend = t    ,158,30
3,L,SemanticApproach.EXTENSIONAL,Representation.ABSTRACT,0_L_ce0,"Imagine there are six people: Amber, Bryan, Christina, Dana, Elizabeth and Felicia. They have the following relationships to each other:;;;;",;;Here is how to figure out the answer to the following question:;;Who is Amber's parent's enemy?;;;;Here are the steps to arrive at the answer:;;1. Amber's parent = t;;2. Bryan's enemy = y;;;;So the answer is y;;;;Now answer the following question:;;Who is Christina's enemy's child?,Christina's enemy's child,h,h;;q;;s;;t;;v;;y,Amber = h      Amber's enemy = v      Amber's friend = y      Amber's parent = t      Bryan's child = h      ;;Bryan = t      Bryan's enemy = y      Bryan's friend = q      Dana's parent = q       Christina's child = v  ;;Christina = y  Christina's enemy = t  Christina's friend = h  Elizabeth's parent = y  Felicia's child = s    ;;Dana = s       Dana's enemy = q       Dana's friend = v       ;;Elizabeth = v  Elizabeth's enemy = h  Elizabeth's friend = s  ;;Felicia = q    Felicia's enemy = s    Felicia's friend = t    ,123,31
3,L,SemanticApproach.EXTENSIONAL,Representation.ABSTRACT,0_L_fe2,"Imagine there are six people: Amber, Bryan, Christina, Dana, Elizabeth and Felicia. They have the following relationships to each other:;;;;",;;Here is how to figure out the answer to the following question:;;Who is Amber's parent's enemy?;;;;Here are the steps to arrive at the answer:;;1. Amber's parent = t;;2. Bryan's enemy = y;;;;So the answer is y;;;;Now answer the following question:;;Who is Dana's enemy's friend?,Dana's enemy's friend,t,h;;q;;s;;t;;v;;y,Amber = h      Amber's enemy = v      Amber's friend = y      Amber's parent = t      Bryan's child = h      ;;Bryan = t      Bryan's enemy = y      Bryan's friend = q      Dana's parent = q       Christina's child = v  ;;Christina = y  Christina's enemy = t  Christina's friend = h  Elizabeth's parent = y  Felicia's child = s    ;;Dana = s       Dana's enemy = q       Dana's friend = v       ;;Elizabeth = v  Elizabeth's enemy = h  Elizabeth's friend = s  ;;Felicia = q    Felicia's enemy = s    Felicia's friend = t    ,135,32
3,L,SemanticApproach.EXTENSIONAL,Representation.ABSTRACT,0_L_ef1,"Imagine there are six people: Amber, Bryan, Christina, Dana, Elizabeth and Felicia. They have the following relationships to each other:;;;;",;;Here is how to figure out the answer to the following question:;;Who is Amber's parent's enemy?;;;;Here are the steps to arrive at the answer:;;1. Amber's parent = t;;2. Bryan's enemy = y;;;;So the answer is y;;;;Now answer the following question:;;Who is Amber's friend's enemy?,Amber's friend's enemy,t,h;;q;;s;;t;;v;;y,Amber = h      Amber's enemy = v      Amber's friend = y      Amber's parent = t      Bryan's child = h      ;;Bryan = t      Bryan's enemy = y      Bryan's friend = q      Dana's parent = q       Christina's child = v  ;;Christina = y  Christina's enemy = t  Christina's friend = h  Elizabeth's parent = y  Felicia's child = s    ;;Dana = s       Dana's enemy = q       Dana's friend = v       ;;Elizabeth = v  Elizabeth's enemy = h  Elizabeth's friend = s  ;;Felicia = q    Felicia's enemy = s    Felicia's friend = t    ,128,33
3,L,SemanticApproach.EXTENSIONAL,Representation.ABSTRACT,0_L_fc3,"Imagine there are six people: Amber, Bryan, Christina, Dana, Elizabeth and Felicia. They have the following relationships to each other:;;;;",;;Here is how to figure out the answer to the following question:;;Who is Amber's parent's enemy?;;;;Here are the steps to arrive at the answer:;;1. Amber's parent = t;;2. Bryan's enemy = y;;;;So the answer is y;;;;Now answer the following question:;;Who is Bryan's child's friend?,Bryan's child's friend,y,h;;q;;s;;t;;v;;y,Amber = h      Amber's enemy = v      Amber's friend = y      Amber's parent = t      Bryan's child = h      ;;Bryan = t      Bryan's enemy = y      Bryan's friend = q      Dana's parent = q       Christina's child = v  ;;Christina = y  Christina's enemy = t  Christina's friend = h  Elizabeth's parent = y  Felicia's child = s    ;;Dana = s       Dana's enemy = q       Dana's friend = v       ;;Elizabeth = v  Elizabeth's enemy = h  Elizabeth's friend = s  ;;Felicia = q    Felicia's enemy = s    Felicia's friend = t    ,143,34
3,L,SemanticApproach.EXTENSIONAL,Representation.ABSTRACT,0_L_ff1,"Imagine there are six people: Amber, Bryan, Christina, Dana, Elizabeth and Felicia. They have the following relationships to each other:;;;;",;;Here is how to figure out the answer to the following question:;;Who is Amber's parent's enemy?;;;;Here are the steps to arrive at the answer:;;1. Amber's parent = t;;2. Bryan's enemy = y;;;;So the answer is y;;;;Now answer the following question:;;Who is Amber's friend's friend?,Amber's friend's friend,h,h;;q;;s;;t;;v;;y,Amber = h      Amber's enemy = v      Amber's friend = y      Amber's parent = t      Bryan's child = h      ;;Bryan = t      Bryan's enemy = y      Bryan's friend = q      Dana's parent = q       Christina's child = v  ;;Christina = y  Christina's enemy = t  Christina's friend = h  Elizabeth's parent = y  Felicia's child = s    ;;Dana = s       Dana's enemy = q       Dana's friend = v       ;;Elizabeth = v  Elizabeth's enemy = h  Elizabeth's friend = s  ;;Felicia = q    Felicia's enemy = s    Felicia's friend = t    ,127,35
3,L,SemanticApproach.EXTENSIONAL,Representation.ABSTRACT,0_L_ef0,"Imagine there are six people: Amber, Bryan, Christina, Dana, Elizabeth and Felicia. They have the following relationships to each other:;;;;",;;Here is how to figure out the answer to the following question:;;Who is Amber's parent's enemy?;;;;Here are the steps to arrive at the answer:;;1. Amber's parent = t;;2. Bryan's enemy = y;;;;So the answer is y;;;;Now answer the following question:;;Who is Christina's friend's enemy?,Christina's friend's enemy,v,h;;q;;s;;t;;v;;y,Amber = h      Amber's enemy = v      Amber's friend = y      Amber's parent = t      Bryan's child = h      ;;Bryan = t      Bryan's enemy = y      Bryan's friend = q      Dana's parent = q       Christina's child = v  ;;Christina = y  Christina's enemy = t  Christina's friend = h  Elizabeth's parent = y  Felicia's child = s    ;;Dana = s       Dana's enemy = q       Dana's friend = v       ;;Elizabeth = v  Elizabeth's enemy = h  Elizabeth's friend = s  ;;Felicia = q    Felicia's enemy = s    Felicia's friend = t    ,121,36
3,L,SemanticApproach.EXTENSIONAL,Representation.ABSTRACT,0_L_fp2,"Imagine there are six people: Amber, Bryan, Christina, Dana, Elizabeth and Felicia. They have the following relationships to each other:;;;;",;;Here is how to figure out the answer to the following question:;;Who is Amber's parent's enemy?;;;;Here are the steps to arrive at the answer:;;1. Amber's parent = t;;2. Bryan's enemy = y;;;;So the answer is y;;;;Now answer the following question:;;Who is Dana's parent's friend?,Dana's parent's friend,t,h;;q;;s;;t;;v;;y,Amber = h      Amber's enemy = v      Amber's friend = y      Amber's parent = t      Bryan's child = h      ;;Bryan = t      Bryan's enemy = y      Bryan's friend = q      Dana's parent = q       Christina's child = v  ;;Christina = y  Christina's enemy = t  Christina's friend = h  Elizabeth's parent = y  Felicia's child = s    ;;Dana = s       Dana's enemy = q       Dana's friend = v       ;;Elizabeth = v  Elizabeth's enemy = h  Elizabeth's friend = s  ;;Felicia = q    Felicia's enemy = s    Felicia's friend = t    ,138,37
3,L,SemanticApproach.EXTENSIONAL,Representation.ABSTRACT,0_L_ff3,"Imagine there are six people: Amber, Bryan, Christina, Dana, Elizabeth and Felicia. They have the following relationships to each other:;;;;",;;Here is how to figure out the answer to the following question:;;Who is Amber's parent's enemy?;;;;Here are the steps to arrive at the answer:;;1. Amber's parent = t;;2. Bryan's enemy = y;;;;So the answer is y;;;;Now answer the following question:;;Who is Bryan's friend's friend?,Bryan's friend's friend,t,h;;q;;s;;t;;v;;y,Amber = h      Amber's enemy = v      Amber's friend = y      Amber's parent = t      Bryan's child = h      ;;Bryan = t      Bryan's enemy = y      Bryan's friend = q      Dana's parent = q       Christina's child = v  ;;Christina = y  Christina's enemy = t  Christina's friend = h  Elizabeth's parent = y  Felicia's child = s    ;;Dana = s       Dana's enemy = q       Dana's friend = v       ;;Elizabeth = v  Elizabeth's enemy = h  Elizabeth's friend = s  ;;Felicia = q    Felicia's enemy = s    Felicia's friend = t    ,141,38
3,L,SemanticApproach.EXTENSIONAL,Representation.ABSTRACT,0_L_ff2,"Imagine there are six people: Amber, Bryan, Christina, Dana, Elizabeth and Felicia. They have the following relationships to each other:;;;;",;;Here is how to figure out the answer to the following question:;;Who is Amber's parent's enemy?;;;;Here are the steps to arrive at the answer:;;1. Amber's parent = t;;2. Bryan's enemy = y;;;;So the answer is y;;;;Now answer the following question:;;Who is Dana's friend's friend?,Dana's friend's friend,s,h;;q;;s;;t;;v;;y,Amber = h      Amber's enemy = v      Amber's friend = y      Amber's parent = t      Bryan's child = h      ;;Bryan = t      Bryan's enemy = y      Bryan's friend = q      Dana's parent = q       Christina's child = v  ;;Christina = y  Christina's enemy = t  Christina's friend = h  Elizabeth's parent = y  Felicia's child = s    ;;Dana = s       Dana's enemy = q       Dana's friend = v       ;;Elizabeth = v  Elizabeth's enemy = h  Elizabeth's friend = s  ;;Felicia = q    Felicia's enemy = s    Felicia's friend = t    ,132,39
3,R,SemanticApproach.EXTENSIONAL,Representation.ABSTRACT,0_R_ef0,"Imagine there are six people: Amber, Bryan, Christina, Dana, Elizabeth and Felicia. They have the following relationships to each other:;;;;",;;Here is how to figure out the answer to the following question:;;Who is the enemy of the parent of Amber?;;;;Here are the steps to arrive at the answer:;;1. the parent of Amber = t;;2. the enemy of Bryan = y;;;;So the answer is y;;;;Now answer the following question:;;Who is the enemy of the friend of Christina?,the enemy of the friend of Christina,v,h;;q;;s;;t;;v;;y,Amber = h      the enemy of Amber = v      the friend of Amber = y      the parent of Amber = t      the child of Bryan = h      ;;Bryan = t      the enemy of Bryan = y      the friend of Bryan = q      the parent of Dana = q       the child of Christina = v  ;;Christina = y  the enemy of Christina = t  the friend of Christina = h  the parent of Elizabeth = y  the child of Felicia = s    ;;Dana = s       the enemy of Dana = q       the friend of Dana = v       ;;Elizabeth = v  the enemy of Elizabeth = h  the friend of Elizabeth = s  ;;Felicia = q    the enemy of Felicia = s    the friend of Felicia = t    ,21,0
3,R,SemanticApproach.EXTENSIONAL,Representation.ABSTRACT,0_R_ep2,"Imagine there are six people: Amber, Bryan, Christina, Dana, Elizabeth and Felicia. They have the following relationships to each other:;;;;",;;Here is how to figure out the answer to the following question:;;Who is the enemy of the parent of Amber?;;;;Here are the steps to arrive at the answer:;;1. the parent of Amber = t;;2. the enemy of Bryan = y;;;;So the answer is y;;;;Now answer the following question:;;Who is the enemy of the parent of Dana?,the enemy of the parent of Dana,s,h;;q;;s;;t;;v;;y,Amber = h      the enemy of Amber = v      the friend of Amber = y      the parent of Amber = t      the child of Bryan = h      ;;Bryan = t      the enemy of Bryan = y      the friend of Bryan = q      the parent of Dana = q       the child of Christina = v  ;;Christina = y  the enemy of Christina = t  the friend of Christina = h  the parent of Elizabeth = y  the child of Felicia = s    ;;Dana = s       the enemy of Dana = q       the friend of Dana = v       ;;Elizabeth = v  the enemy of Elizabeth = h  the friend of Elizabeth = s  ;;Felicia = q    the enemy of Felicia = s    the friend of Felicia = t    ,39,1
3,R,SemanticApproach.EXTENSIONAL,Representation.ABSTRACT,0_R_ff4,"Imagine there are six people: Amber, Bryan, Christina, Dana, Elizabeth and Felicia. They have the following relationships to each other:;;;;",;;Here is how to figure out the answer to the following question:;;Who is the enemy of the parent of Amber?;;;;Here are the steps to arrive at the answer:;;1. the parent of Amber = t;;2. the enemy of Bryan = y;;;;So the answer is y;;;;Now answer the following question:;;Who is the friend of the friend of Elizabeth?,the friend of the friend of Elizabeth,v,h;;q;;s;;t;;v;;y,Amber = h      the enemy of Amber = v      the friend of Amber = y      the parent of Amber = t      the child of Bryan = h      ;;Bryan = t      the enemy of Bryan = y      the friend of Bryan = q      the parent of Dana = q       the child of Christina = v  ;;Christina = y  the enemy of Christina = t  the friend of Christina = h  the parent of Elizabeth = y  the child of Felicia = s    ;;Dana = s       the enemy of Dana = q       the friend of Dana = v       ;;Elizabeth = v  the enemy of Elizabeth = h  the friend of Elizabeth = s  ;;Felicia = q    the enemy of Felicia = s    the friend of Felicia = t    ,45,2
3,R,SemanticApproach.EXTENSIONAL,Representation.ABSTRACT,0_R_ee2,"Imagine there are six people: Amber, Bryan, Christina, Dana, Elizabeth and Felicia. They have the following relationships to each other:;;;;",;;Here is how to figure out the answer to the following question:;;Who is the enemy of the parent of Amber?;;;;Here are the steps to arrive at the answer:;;1. the parent of Amber = t;;2. the enemy of Bryan = y;;;;So the answer is y;;;;Now answer the following question:;;Who is the enemy of the enemy of Dana?,the enemy of the enemy of Dana,s,h;;q;;s;;t;;v;;y,Amber = h      the enemy of Amber = v      the friend of Amber = y      the parent of Amber = t      the child of Bryan = h      ;;Bryan = t      the enemy of Bryan = y      the friend of Bryan = q      the parent of Dana = q       the child of Christina = v  ;;Christina = y  the enemy of Christina = t  the friend of Christina = h  the parent of Elizabeth = y  the child of Felicia = s    ;;Dana = s       the enemy of Dana = q       the friend of Dana = v       ;;Elizabeth = v  the enemy of Elizabeth = h  the friend of Elizabeth = s  ;;Felicia = q    the enemy of Felicia = s    the friend of Felicia = t    ,36,3
3,R,SemanticApproach.EXTENSIONAL,Representation.ABSTRACT,0_R_ce2,"Imagine there are six people: Amber, Bryan, Christina, Dana, Elizabeth and Felicia. They have the following relationships to each other:;;;;",;;Here is how to figure out the answer to the following question:;;Who is the enemy of the parent of Amber?;;;;Here are the steps to arrive at the answer:;;1. the parent of Amber = t;;2. the enemy of Bryan = y;;;;So the answer is y;;;;Now answer the following question:;;Who is the child of the enemy of Dana?,the child of the enemy of Dana,s,h;;q;;s;;t;;v;;y,Amber = h      the enemy of Amber = v      the friend of Amber = y      the parent of Amber = t      the child of Bryan = h      ;;Bryan = t      the enemy of Bryan = y      the friend of Bryan = q      the parent of Dana = q       the child of Christina = v  ;;Christina = y  the enemy of Christina = t  the friend of Christina = h  the parent of Elizabeth = y  the child of Felicia = s    ;;Dana = s       the enemy of Dana = q       the friend of Dana = v       ;;Elizabeth = v  the enemy of Elizabeth = h  the friend of Elizabeth = s  ;;Felicia = q    the enemy of Felicia = s    the friend of Felicia = t    ,37,4
3,R,SemanticApproach.EXTENSIONAL,Representation.ABSTRACT,0_R_ee5,"Imagine there are six people: Amber, Bryan, Christina, Dana, Elizabeth and Felicia. They have the following relationships to each other:;;;;",;;Here is how to figure out the answer to the following question:;;Who is the enemy of the parent of Amber?;;;;Here are the steps to arrive at the answer:;;1. the parent of Amber = t;;2. the enemy of Bryan = y;;;;So the answer is y;;;;Now answer the following question:;;Who is the enemy of the enemy of Felicia?,the enemy of the enemy of Felicia,q,h;;q;;s;;t;;v;;y,Amber = h      the enemy of Amber = v      the friend of Amber = y      the parent of Amber = t      the child of Bryan = h      ;;Bryan = t      the enemy of Bryan = y      the friend of Bryan = q      the parent of Dana = q       the child of Christina = v  ;;Christina = y  the enemy of Christina = t  the friend of Christina = h  the parent of Elizabeth = y  the child of Felicia = s    ;;Dana = s       the enemy of Dana = q       the friend of Dana = v       ;;Elizabeth = v  the enemy of Elizabeth = h  the friend of Elizabeth = s  ;;Felicia = q    the enemy of Felicia = s    the friend of Felicia = t    ,56,5
3,R,SemanticApproach.EXTENSIONAL,Representation.ABSTRACT,0_R_pe1,"Imagine there are six people: Amber, Bryan, Christina, Dana, Elizabeth and Felicia. They have the following relationships to each other:;;;;",;;Here is how to figure out the answer to the following question:;;Who is the enemy of the parent of Amber?;;;;Here are the steps to arrive at the answer:;;1. the parent of Amber = t;;2. the enemy of Bryan = y;;;;So the answer is y;;;;Now answer the following question:;;Who is the parent of the enemy of Amber?,the parent of the enemy of Amber,y,h;;q;;s;;t;;v;;y,Amber = h      the enemy of Amber = v      the friend of Amber = y      the parent of Amber = t      the child of Bryan = h      ;;Bryan = t      the enemy of Bryan = y      the friend of Bryan = q      the parent of Dana = q       the child of Christina = v  ;;Christina = y  the enemy of Christina = t  the friend of Christina = h  the parent of Elizabeth = y  the child of Felicia = s    ;;Dana = s       the enemy of Dana = q       the friend of Dana = v       ;;Elizabeth = v  the enemy of Elizabeth = h  the friend of Elizabeth = s  ;;Felicia = q    the enemy of Felicia = s    the friend of Felicia = t    ,31,6
3,R,SemanticApproach.EXTENSIONAL,Representation.ABSTRACT,0_R_ff2,"Imagine there are six people: Amber, Bryan, Christina, Dana, Elizabeth and Felicia. They have the following relationships to each other:;;;;",;;Here is how to figure out the answer to the following question:;;Who is the enemy of the parent of Amber?;;;;Here are the steps to arrive at the answer:;;1. the parent of Amber = t;;2. the enemy of Bryan = y;;;;So the answer is y;;;;Now answer the following question:;;Who is the friend of the friend of Dana?,the friend of the friend of Dana,s,h;;q;;s;;t;;v;;y,Amber = h      the enemy of Amber = v      the friend of Amber = y      the parent of Amber = t      the child of Bryan = h      ;;Bryan = t      the enemy of Bryan = y      the friend of Bryan = q      the parent of Dana = q       the child of Christina = v  ;;Christina = y  the enemy of Christina = t  the friend of Christina = h  the parent of Elizabeth = y  the child of Felicia = s    ;;Dana = s       the enemy of Dana = q       the friend of Dana = v       ;;Elizabeth = v  the enemy of Elizabeth = h  the friend of Elizabeth = s  ;;Felicia = q    the enemy of Felicia = s    the friend of Felicia = t    ,32,7
3,R,SemanticApproach.EXTENSIONAL,Representation.ABSTRACT,0_R_pf2,"Imagine there are six people: Amber, Bryan, Christina, Dana, Elizabeth and Felicia. They have the following relationships to each other:;;;;",;;Here is how to figure out the answer to the following question:;;Who is the enemy of the parent of Amber?;;;;Here are the steps to arrive at the answer:;;1. the parent of Amber = t;;2. the enemy of Bryan = y;;;;So the answer is y;;;;Now answer the following question:;;Who is the parent of the friend of Dana?,the parent of the friend of Dana,y,h;;q;;s;;t;;v;;y,Amber = h      the enemy of Amber = v      the friend of Amber = y      the parent of Amber = t      the child of Bryan = h      ;;Bryan = t      the enemy of Bryan = y      the friend of Bryan = q      the parent of Dana = q       the child of Christina = v  ;;Christina = y  the enemy of Christina = t  the friend of Christina = h  the parent of Elizabeth = y  the child of Felicia = s    ;;Dana = s       the enemy of Dana = q       the friend of Dana = v       ;;Elizabeth = v  the enemy of Elizabeth = h  the friend of Elizabeth = s  ;;Felicia = q    the enemy of Felicia = s    the friend of Felicia = t    ,34,8
3,R,SemanticApproach.EXTENSIONAL,Representation.ABSTRACT,0_R_pc0,"Imagine there are six people: Amber, Bryan, Christina, Dana, Elizabeth and Felicia. They have the following relationships to each other:;;;;",;;Here is how to figure out the answer to the following question:;;Who is the enemy of the parent of Amber?;;;;Here are the steps to arrive at the answer:;;1. the parent of Amber = t;;2. the enemy of Bryan = y;;;;So the answer is y;;;;Now answer the following question:;;Who is the parent of the child of Christina?,the parent of the child of Christina,y,h;;q;;s;;t;;v;;y,Amber = h      the enemy of Amber = v      the friend of Amber = y      the parent of Amber = t      the child of Bryan = h      ;;Bryan = t      the enemy of Bryan = y      the friend of Bryan = q      the parent of Dana = q       the child of Christina = v  ;;Christina = y  the enemy of Christina = t  the friend of Christina = h  the parent of Elizabeth = y  the child of Felicia = s    ;;Dana = s       the enemy of Dana = q       the friend of Dana = v       ;;Elizabeth = v  the enemy of Elizabeth = h  the friend of Elizabeth = s  ;;Felicia = q    the enemy of Felicia = s    the friend of Felicia = t    ,26,9
3,R,SemanticApproach.EXTENSIONAL,Representation.ABSTRACT,0_R_pc5,"Imagine there are six people: Amber, Bryan, Christina, Dana, Elizabeth and Felicia. They have the following relationships to each other:;;;;",;;Here is how to figure out the answer to the following question:;;Who is the enemy of the parent of Amber?;;;;Here are the steps to arrive at the answer:;;1. the parent of Amber = t;;2. the enemy of Bryan = y;;;;So the answer is y;;;;Now answer the following question:;;Who is the parent of the child of Felicia?,the parent of the child of Felicia,q,h;;q;;s;;t;;v;;y,Amber = h      the enemy of Amber = v      the friend of Amber = y      the parent of Amber = t      the child of Bryan = h      ;;Bryan = t      the enemy of Bryan = y      the friend of Bryan = q      the parent of Dana = q       the child of Christina = v  ;;Christina = y  the enemy of Christina = t  the friend of Christina = h  the parent of Elizabeth = y  the child of Felicia = s    ;;Dana = s       the enemy of Dana = q       the friend of Dana = v       ;;Elizabeth = v  the enemy of Elizabeth = h  the friend of Elizabeth = s  ;;Felicia = q    the enemy of Felicia = s    the friend of Felicia = t    ,60,10
3,R,SemanticApproach.EXTENSIONAL,Representation.ABSTRACT,0_R_ff5,"Imagine there are six people: Amber, Bryan, Christina, Dana, Elizabeth and Felicia. They have the following relationships to each other:;;;;",;;Here is how to figure out the answer to the following question:;;Who is the enemy of the parent of Amber?;;;;Here are the steps to arrive at the answer:;;1. the parent of Amber = t;;2. the enemy of Bryan = y;;;;So the answer is y;;;;Now answer the following question:;;Who is the friend of the friend of Felicia?,the friend of the friend of Felicia,q,h;;q;;s;;t;;v;;y,Amber = h      the enemy of Amber = v      the friend of Amber = y      the parent of Amber = t      the child of Bryan = h      ;;Bryan = t      the enemy of Bryan = y      the friend of Bryan = q      the parent of Dana = q       the child of Christina = v  ;;Christina = y  the enemy of Christina = t  the friend of Christina = h  the parent of Elizabeth = y  the child of Felicia = s    ;;Dana = s       the enemy of Dana = q       the friend of Dana = v       ;;Elizabeth = v  the enemy of Elizabeth = h  the friend of Elizabeth = s  ;;Felicia = q    the enemy of Felicia = s    the friend of Felicia = t    ,53,11
3,R,SemanticApproach.EXTENSIONAL,Representation.ABSTRACT,0_R_fp2,"Imagine there are six people: Amber, Bryan, Christina, Dana, Elizabeth and Felicia. They have the following relationships to each other:;;;;",;;Here is how to figure out the answer to the following question:;;Who is the enemy of the parent of Amber?;;;;Here are the steps to arrive at the answer:;;1. the parent of Amber = t;;2. the enemy of Bryan = y;;;;So the answer is y;;;;Now answer the following question:;;Who is the friend of the parent of Dana?,the friend of the parent of Dana,t,h;;q;;s;;t;;v;;y,Amber = h      the enemy of Amber = v      the friend of Amber = y      the parent of Amber = t      the child of Bryan = h      ;;Bryan = t      the enemy of Bryan = y      the friend of Bryan = q      the parent of Dana = q       the child of Christina = v  ;;Christina = y  the enemy of Christina = t  the friend of Christina = h  the parent of Elizabeth = y  the child of Felicia = s    ;;Dana = s       the enemy of Dana = q       the friend of Dana = v       ;;Elizabeth = v  the enemy of Elizabeth = h  the friend of Elizabeth = s  ;;Felicia = q    the enemy of Felicia = s    the friend of Felicia = t    ,38,12
3,R,SemanticApproach.EXTENSIONAL,Representation.ABSTRACT,0_R_cp4,"Imagine there are six people: Amber, Bryan, Christina, Dana, Elizabeth and Felicia. They have the following relationships to each other:;;;;",;;Here is how to figure out the answer to the following question:;;Who is the enemy of the parent of Amber?;;;;Here are the steps to arrive at the answer:;;1. the parent of Amber = t;;2. the enemy of Bryan = y;;;;So the answer is y;;;;Now answer the following question:;;Who is the child of the parent of Elizabeth?,the child of the parent of Elizabeth,v,h;;q;;s;;t;;v;;y,Amber = h      the enemy of Amber = v      the friend of Amber = y      the parent of Amber = t      the child of Bryan = h      ;;Bryan = t      the enemy of Bryan = y      the friend of Bryan = q      the parent of Dana = q       the child of Christina = v  ;;Christina = y  the enemy of Christina = t  the friend of Christina = h  the parent of Elizabeth = y  the child of Felicia = s    ;;Dana = s       the enemy of Dana = q       the friend of Dana = v       ;;Elizabeth = v  the enemy of Elizabeth = h  the friend of Elizabeth = s  ;;Felicia = q    the enemy of Felicia = s    the friend of Felicia = t    ,52,13
3,R,SemanticApproach.EXTENSIONAL,Representation.ABSTRACT,0_R_fe5,"Imagine there are six people: Amber, Bryan, Christina, Dana, Elizabeth and Felicia. They have the following relationships to each other:;;;;",;;Here is how to figure out the answer to the following question:;;Who is the enemy of the parent of Amber?;;;;Here are the steps to arrive at the answer:;;1. the parent of Amber = t;;2. the enemy of Bryan = y;;;;So the answer is y;;;;Now answer the following question:;;Who is the friend of the enemy of Felicia?,the friend of the enemy of Felicia,v,h;;q;;s;;t;;v;;y,Amber = h      the enemy of Amber = v      the friend of Amber = y      the parent of Amber = t      the child of Bryan = h      ;;Bryan = t      the enemy of Bryan = y      the friend of Bryan = q      the parent of Dana = q       the child of Christina = v  ;;Christina = y  the enemy of Christina = t  the friend of Christina = h  the parent of Elizabeth = y  the child of Felicia = s    ;;Dana = s       the enemy of Dana = q       the friend of Dana = v       ;;Elizabeth = v  the enemy of Elizabeth = h  the friend of Elizabeth = s  ;;Felicia = q    the enemy of Felicia = s    the friend of Felicia = t    ,55,14
3,R,SemanticApproach.EXTENSIONAL,Representation.ABSTRACT,0_R_fp4,"Imagine there are six people: Amber, Bryan, Christina, Dana, Elizabeth and Felicia. They have the following relationships to each other:;;;;",;;Here is how to figure out the answer to the following question:;;Who is the enemy of the parent of Amber?;;;;Here are the steps to arrive at the answer:;;1. the parent of Amber = t;;2. the enemy of Bryan = y;;;;So the answer is y;;;;Now answer the following question:;;Who is the friend of the parent of Elizabeth?,the friend of the parent of Elizabeth,h,h;;q;;s;;t;;v;;y,Amber = h      the enemy of Amber = v      the friend of Amber = y      the parent of Amber = t      the child of Bryan = h      ;;Bryan = t      the enemy of Bryan = y      the friend of Bryan = q      the parent of Dana = q       the child of Christina = v  ;;Christina = y  the enemy of Christina = t  the friend of Christina = h  the parent of Elizabeth = y  the child of Felicia = s    ;;Dana = s       the enemy of Dana = q       the friend of Dana = v       ;;Elizabeth = v  the enemy of Elizabeth = h  the friend of Elizabeth = s  ;;Felicia = q    the enemy of Felicia = s    the friend of Felicia = t    ,50,15
3,R,SemanticApproach.EXTENSIONAL,Representation.ABSTRACT,0_R_ec5,"Imagine there are six people: Amber, Bryan, Christina, Dana, Elizabeth and Felicia. They have the following relationships to each other:;;;;",;;Here is how to figure out the answer to the following question:;;Who is the enemy of the parent of Amber?;;;;Here are the steps to arrive at the answer:;;1. the parent of Amber = t;;2. the enemy of Bryan = y;;;;So the answer is y;;;;Now answer the following question:;;Who is the enemy of the child of Felicia?,the enemy of the child of Felicia,q,h;;q;;s;;t;;v;;y,Amber = h      the enemy of Amber = v      the friend of Amber = y      the parent of Amber = t      the child of Bryan = h      ;;Bryan = t      the enemy of Bryan = y      the friend of Bryan = q      the parent of Dana = q       the child of Christina = v  ;;Christina = y  the enemy of Christina = t  the friend of Christina = h  the parent of Elizabeth = y  the child of Felicia = s    ;;Dana = s       the enemy of Dana = q       the friend of Dana = v       ;;Elizabeth = v  the enemy of Elizabeth = h  the friend of Elizabeth = s  ;;Felicia = q    the enemy of Felicia = s    the friend of Felicia = t    ,59,16
3,R,SemanticApproach.EXTENSIONAL,Representation.ABSTRACT,0_R_ff1,"Imagine there are six people: Amber, Bryan, Christina, Dana, Elizabeth and Felicia. They have the following relationships to each other:;;;;",;;Here is how to figure out the answer to the following question:;;Who is the enemy of the parent of Amber?;;;;Here are the steps to arrive at the answer:;;1. the parent of Amber = t;;2. the enemy of Bryan = y;;;;So the answer is y;;;;Now answer the following question:;;Who is the friend of the friend of Amber?,the friend of the friend of Amber,h,h;;q;;s;;t;;v;;y,Amber = h      the enemy of Amber = v      the friend of Amber = y      the parent of Amber = t      the child of Bryan = h      ;;Bryan = t      the enemy of Bryan = y      the friend of Bryan = q      the parent of Dana = q       the child of Christina = v  ;;Christina = y  the enemy of Christina = t  the friend of Christina = h  the parent of Elizabeth = y  the child of Felicia = s    ;;Dana = s       the enemy of Dana = q       the friend of Dana = v       ;;Elizabeth = v  the enemy of Elizabeth = h  the friend of Elizabeth = s  ;;Felicia = q    the enemy of Felicia = s    the friend of Felicia = t    ,27,17
3,R,SemanticApproach.EXTENSIONAL,Representation.ABSTRACT,0_R_ep4,"Imagine there are six people: Amber, Bryan, Christina, Dana, Elizabeth and Felicia. They have the following relationships to each other:;;;;",;;Here is how to figure out the answer to the following question:;;Who is the enemy of the parent of Amber?;;;;Here are the steps to arrive at the answer:;;1. the parent of Amber = t;;2. the enemy of Bryan = y;;;;So the answer is y;;;;Now answer the following question:;;Who is the enemy of the parent of Elizabeth?,the enemy of the parent of Elizabeth,t,h;;q;;s;;t;;v;;y,Amber = h      the enemy of Amber = v      the friend of Amber = y      the parent of Amber = t      the child of Bryan = h      ;;Bryan = t      the enemy of Bryan = y      the friend of Bryan = q      the parent of Dana = q       the child of Christina = v  ;;Christina = y  the enemy of Christina = t  the friend of Christina = h  the parent of Elizabeth = y  the child of Felicia = s    ;;Dana = s       the enemy of Dana = q       the friend of Dana = v       ;;Elizabeth = v  the enemy of Elizabeth = h  the friend of Elizabeth = s  ;;Felicia = q    the enemy of Felicia = s    the friend of Felicia = t    ,51,18
3,R,SemanticApproach.EXTENSIONAL,Representation.ABSTRACT,0_R_ef2,"Imagine there are six people: Amber, Bryan, Christina, Dana, Elizabeth and Felicia. They have the following relationships to each other:;;;;",;;Here is how to figure out the answer to the following question:;;Who is the enemy of the parent of Amber?;;;;Here are the steps to arrive at the answer:;;1. the parent of Amber = t;;2. the enemy of Bryan = y;;;;So the answer is y;;;;Now answer the following question:;;Who is the enemy of the friend of Dana?,the enemy of the friend of Dana,h,h;;q;;s;;t;;v;;y,Amber = h      the enemy of Amber = v      the friend of Amber = y      the parent of Amber = t      the child of Bryan = h      ;;Bryan = t      the enemy of Bryan = y      the friend of Bryan = q      the parent of Dana = q       the child of Christina = v  ;;Christina = y  the enemy of Christina = t  the friend of Christina = h  the parent of Elizabeth = y  the child of Felicia = s    ;;Dana = s       the enemy of Dana = q       the friend of Dana = v       ;;Elizabeth = v  the enemy of Elizabeth = h  the friend of Elizabeth = s  ;;Felicia = q    the enemy of Felicia = s    the friend of Felicia = t    ,33,19
3,R,SemanticApproach.EXTENSIONAL,Representation.ABSTRACT,0_R_ec3,"Imagine there are six people: Amber, Bryan, Christina, Dana, Elizabeth and Felicia. They have the following relationships to each other:;;;;",;;Here is how to figure out the answer to the following question:;;Who is the enemy of the parent of Amber?;;;;Here are the steps to arrive at the answer:;;1. the parent of Amber = t;;2. the enemy of Bryan = y;;;;So the answer is y;;;;Now answer the following question:;;Who is the enemy of the child of Bryan?,the enemy of the child of Bryan,v,h;;q;;s;;t;;v;;y,Amber = h      the enemy of Amber = v      the friend of Amber = y      the parent of Amber = t      the child of Bryan = h      ;;Bryan = t      the enemy of Bryan = y      the friend of Bryan = q      the parent of Dana = q       the child of Christina = v  ;;Christina = y  the enemy of Christina = t  the friend of Christina = h  the parent of Elizabeth = y  the child of Felicia = s    ;;Dana = s       the enemy of Dana = q       the friend of Dana = v       ;;Elizabeth = v  the enemy of Elizabeth = h  the friend of Elizabeth = s  ;;Felicia = q    the enemy of Felicia = s    the friend of Felicia = t    ,44,20
3,R,SemanticApproach.EXTENSIONAL,Representation.ABSTRACT,0_R_fe4,"Imagine there are six people: Amber, Bryan, Christina, Dana, Elizabeth and Felicia. They have the following relationships to each other:;;;;",;;Here is how to figure out the answer to the following question:;;Who is the enemy of the parent of Amber?;;;;Here are the steps to arrive at the answer:;;1. the parent of Amber = t;;2. the enemy of Bryan = y;;;;So the answer is y;;;;Now answer the following question:;;Who is the friend of the enemy of Elizabeth?,the friend of the enemy of Elizabeth,y,h;;q;;s;;t;;v;;y,Amber = h      the enemy of Amber = v      the friend of Amber = y      the parent of Amber = t      the child of Bryan = h      ;;Bryan = t      the enemy of Bryan = y      the friend of Bryan = q      the parent of Dana = q       the child of Christina = v  ;;Christina = y  the enemy of Christina = t  the friend of Christina = h  the parent of Elizabeth = y  the child of Felicia = s    ;;Dana = s       the enemy of Dana = q       the friend of Dana = v       ;;Elizabeth = v  the enemy of Elizabeth = h  the friend of Elizabeth = s  ;;Felicia = q    the enemy of Felicia = s    the friend of Felicia = t    ,48,21
3,R,SemanticApproach.EXTENSIONAL,Representation.ABSTRACT,0_R_cp2,"Imagine there are six people: Amber, Bryan, Christina, Dana, Elizabeth and Felicia. They have the following relationships to each other:;;;;",;;Here is how to figure out the answer to the following question:;;Who is the enemy of the parent of Amber?;;;;Here are the steps to arrive at the answer:;;1. the parent of Amber = t;;2. the enemy of Bryan = y;;;;So the answer is y;;;;Now answer the following question:;;Who is the child of the parent of Dana?,the child of the parent of Dana,s,h;;q;;s;;t;;v;;y,Amber = h      the enemy of Amber = v      the friend of Amber = y      the parent of Amber = t      the child of Bryan = h      ;;Bryan = t      the enemy of Bryan = y      the friend of Bryan = q      the parent of Dana = q       the child of Christina = v  ;;Christina = y  the enemy of Christina = t  the friend of Christina = h  the parent of Elizabeth = y  the child of Felicia = s    ;;Dana = s       the enemy of Dana = q       the friend of Dana = v       ;;Elizabeth = v  the enemy of Elizabeth = h  the friend of Elizabeth = s  ;;Felicia = q    the enemy of Felicia = s    the friend of Felicia = t    ,40,22
3,R,SemanticApproach.EXTENSIONAL,Representation.ABSTRACT,0_R_cf1,"Imagine there are six people: Amber, Bryan, Christina, Dana, Elizabeth and Felicia. They have the following relationships to each other:;;;;",;;Here is how to figure out the answer to the following question:;;Who is the enemy of the parent of Amber?;;;;Here are the steps to arrive at the answer:;;1. the parent of Amber = t;;2. the enemy of Bryan = y;;;;So the answer is y;;;;Now answer the following question:;;Who is the child of the friend of Amber?,the child of the friend of Amber,v,h;;q;;s;;t;;v;;y,Amber = h      the enemy of Amber = v      the friend of Amber = y      the parent of Amber = t      the child of Bryan = h      ;;Bryan = t      the enemy of Bryan = y      the friend of Bryan = q      the parent of Dana = q       the child of Christina = v  ;;Christina = y  the enemy of Christina = t  the friend of Christina = h  the parent of Elizabeth = y  the child of Felicia = s    ;;Dana = s       the enemy of Dana = q       the friend of Dana = v       ;;Elizabeth = v  the enemy of Elizabeth = h  the friend of Elizabeth = s  ;;Felicia = q    the enemy of Felicia = s    the friend of Felicia = t    ,29,23
3,R,SemanticApproach.EXTENSIONAL,Representation.ABSTRACT,0_R_ef1,"Imagine there are six people: Amber, Bryan, Christina, Dana, Elizabeth and Felicia. They have the following relationships to each other:;;;;",;;Here is how to figure out the answer to the following question:;;Who is the enemy of the parent of Amber?;;;;Here are the steps to arrive at the answer:;;1. the parent of Amber = t;;2. the enemy of Bryan = y;;;;So the answer is y;;;;Now answer the following question:;;Who is the enemy of the friend of Amber?,the enemy of the friend of Amber,t,h;;q;;s;;t;;v;;y,Amber = h      the enemy of Amber = v      the friend of Amber = y      the parent of Amber = t      the child of Bryan = h      ;;Bryan = t      the enemy of Bryan = y      the friend of Bryan = q      the parent of Dana = q       the child of Christina = v  ;;Christina = y  the enemy of Christina = t  the friend of Christina = h  the parent of Elizabeth = y  the child of Felicia = s    ;;Dana = s       the enemy of Dana = q       the friend of Dana = v       ;;Elizabeth = v  the enemy of Elizabeth = h  the friend of Elizabeth = s  ;;Felicia = q    the enemy of Felicia = s    the friend of Felicia = t    ,28,24
3,R,SemanticApproach.EXTENSIONAL,Representation.ABSTRACT,0_R_pe5,"Imagine there are six people: Amber, Bryan, Christina, Dana, Elizabeth and Felicia. They have the following relationships to each other:;;;;",;;Here is how to figure out the answer to the following question:;;Who is the enemy of the parent of Amber?;;;;Here are the steps to arrive at the answer:;;1. the parent of Amber = t;;2. the enemy of Bryan = y;;;;So the answer is y;;;;Now answer the following question:;;Who is the parent of the enemy of Felicia?,the parent of the enemy of Felicia,q,h;;q;;s;;t;;v;;y,Amber = h      the enemy of Amber = v      the friend of Amber = y      the parent of Amber = t      the child of Bryan = h      ;;Bryan = t      the enemy of Bryan = y      the friend of Bryan = q      the parent of Dana = q       the child of Christina = v  ;;Christina = y  the enemy of Christina = t  the friend of Christina = h  the parent of Elizabeth = y  the child of Felicia = s    ;;Dana = s       the enemy of Dana = q       the friend of Dana = v       ;;Elizabeth = v  the enemy of Elizabeth = h  the friend of Elizabeth = s  ;;Felicia = q    the enemy of Felicia = s    the friend of Felicia = t    ,57,25
3,R,SemanticApproach.EXTENSIONAL,Representation.ABSTRACT,0_R_ef3,"Imagine there are six people: Amber, Bryan, Christina, Dana, Elizabeth and Felicia. They have the following relationships to each other:;;;;",;;Here is how to figure out the answer to the following question:;;Who is the enemy of the parent of Amber?;;;;Here are the steps to arrive at the answer:;;1. the parent of Amber = t;;2. the enemy of Bryan = y;;;;So the answer is y;;;;Now answer the following question:;;Who is the enemy of the friend of Bryan?,the enemy of the friend of Bryan,s,h;;q;;s;;t;;v;;y,Amber = h      the enemy of Amber = v      the friend of Amber = y      the parent of Amber = t      the child of Bryan = h      ;;Bryan = t      the enemy of Bryan = y      the friend of Bryan = q      the parent of Dana = q       the child of Christina = v  ;;Christina = y  the enemy of Christina = t  the friend of Christina = h  the parent of Elizabeth = y  the child of Felicia = s    ;;Dana = s       the enemy of Dana = q       the friend of Dana = v       ;;Elizabeth = v  the enemy of Elizabeth = h  the friend of Elizabeth = s  ;;Felicia = q    the enemy of Felicia = s    the friend of Felicia = t    ,42,26
3,R,SemanticApproach.EXTENSIONAL,Representation.ABSTRACT,0_R_ff3,"Imagine there are six people: Amber, Bryan, Christina, Dana, Elizabeth and Felicia. They have the following relationships to each other:;;;;",;;Here is how to figure out the answer to the following question:;;Who is the enemy of the parent of Amber?;;;;Here are the steps to arrive at the answer:;;1. the parent of Amber = t;;2. the enemy of Bryan = y;;;;So the answer is y;;;;Now answer the following question:;;Who is the friend of the friend of Bryan?,the friend of the friend of Bryan,t,h;;q;;s;;t;;v;;y,Amber = h      the enemy of Amber = v      the friend of Amber = y      the parent of Amber = t      the child of Bryan = h      ;;Bryan = t      the enemy of Bryan = y      the friend of Bryan = q      the parent of Dana = q       the child of Christina = v  ;;Christina = y  the enemy of Christina = t  the friend of Christina = h  the parent of Elizabeth = y  the child of Felicia = s    ;;Dana = s       the enemy of Dana = q       the friend of Dana = v       ;;Elizabeth = v  the enemy of Elizabeth = h  the friend of Elizabeth = s  ;;Felicia = q    the enemy of Felicia = s    the friend of Felicia = t    ,41,27
3,R,SemanticApproach.EXTENSIONAL,Representation.ABSTRACT,0_R_ec0,"Imagine there are six people: Amber, Bryan, Christina, Dana, Elizabeth and Felicia. They have the following relationships to each other:;;;;",;;Here is how to figure out the answer to the following question:;;Who is the enemy of the parent of Amber?;;;;Here are the steps to arrive at the answer:;;1. the parent of Amber = t;;2. the enemy of Bryan = y;;;;So the answer is y;;;;Now answer the following question:;;Who is the enemy of the child of Christina?,the enemy of the child of Christina,h,h;;q;;s;;t;;v;;y,Amber = h      the enemy of Amber = v      the friend of Amber = y      the parent of Amber = t      the child of Bryan = h      ;;Bryan = t      the enemy of Bryan = y      the friend of Bryan = q      the parent of Dana = q       the child of Christina = v  ;;Christina = y  the enemy of Christina = t  the friend of Christina = h  the parent of Elizabeth = y  the child of Felicia = s    ;;Dana = s       the enemy of Dana = q       the friend of Dana = v       ;;Elizabeth = v  the enemy of Elizabeth = h  the friend of Elizabeth = s  ;;Felicia = q    the enemy of Felicia = s    the friend of Felicia = t    ,25,28
3,R,SemanticApproach.EXTENSIONAL,Representation.ABSTRACT,0_R_fc0,"Imagine there are six people: Amber, Bryan, Christina, Dana, Elizabeth and Felicia. They have the following relationships to each other:;;;;",;;Here is how to figure out the answer to the following question:;;Who is the enemy of the parent of Amber?;;;;Here are the steps to arrive at the answer:;;1. the parent of Amber = t;;2. the enemy of Bryan = y;;;;So the answer is y;;;;Now answer the following question:;;Who is the friend of the child of Christina?,the friend of the child of Christina,s,h;;q;;s;;t;;v;;y,Amber = h      the enemy of Amber = v      the friend of Amber = y      the parent of Amber = t      the child of Bryan = h      ;;Bryan = t      the enemy of Bryan = y      the friend of Bryan = q      the parent of Dana = q       the child of Christina = v  ;;Christina = y  the enemy of Christina = t  the friend of Christina = h  the parent of Elizabeth = y  the child of Felicia = s    ;;Dana = s       the enemy of Dana = q       the friend of Dana = v       ;;Elizabeth = v  the enemy of Elizabeth = h  the friend of Elizabeth = s  ;;Felicia = q    the enemy of Felicia = s    the friend of Felicia = t    ,24,29
3,R,SemanticApproach.EXTENSIONAL,Representation.ABSTRACT,0_R_fe0,"Imagine there are six people: Amber, Bryan, Christina, Dana, Elizabeth and Felicia. They have the following relationships to each other:;;;;",;;Here is how to figure out the answer to the following question:;;Who is the enemy of the parent of Amber?;;;;Here are the steps to arrive at the answer:;;1. the parent of Amber = t;;2. the enemy of Bryan = y;;;;So the answer is y;;;;Now answer the following question:;;Who is the friend of the enemy of Christina?,the friend of the enemy of Christina,q,h;;q;;s;;t;;v;;y,Amber = h      the enemy of Amber = v      the friend of Amber = y      the parent of Amber = t      the child of Bryan = h      ;;Bryan = t      the enemy of Bryan = y      the friend of Bryan = q      the parent of Dana = q       the child of Christina = v  ;;Christina = y  the enemy of Christina = t  the friend of Christina = h  the parent of Elizabeth = y  the child of Felicia = s    ;;Dana = s       the enemy of Dana = q       the friend of Dana = v       ;;Elizabeth = v  the enemy of Elizabeth = h  the friend of Elizabeth = s  ;;Felicia = q    the enemy of Felicia = s    the friend of Felicia = t    ,22,30
3,R,SemanticApproach.EXTENSIONAL,Representation.ABSTRACT,0_R_ef4,"Imagine there are six people: Amber, Bryan, Christina, Dana, Elizabeth and Felicia. They have the following relationships to each other:;;;;",;;Here is how to figure out the answer to the following question:;;Who is the enemy of the parent of Amber?;;;;Here are the steps to arrive at the answer:;;1. the parent of Amber = t;;2. the enemy of Bryan = y;;;;So the answer is y;;;;Now answer the following question:;;Who is the enemy of the friend of Elizabeth?,the enemy of the friend of Elizabeth,q,h;;q;;s;;t;;v;;y,Amber = h      the enemy of Amber = v      the friend of Amber = y      the parent of Amber = t      the child of Bryan = h      ;;Bryan = t      the enemy of Bryan = y      the friend of Bryan = q      the parent of Dana = q       the child of Christina = v  ;;Christina = y  the enemy of Christina = t  the friend of Christina = h  the parent of Elizabeth = y  the child of Felicia = s    ;;Dana = s       the enemy of Dana = q       the friend of Dana = v       ;;Elizabeth = v  the enemy of Elizabeth = h  the friend of Elizabeth = s  ;;Felicia = q    the enemy of Felicia = s    the friend of Felicia = t    ,46,31
3,R,SemanticApproach.EXTENSIONAL,Representation.ABSTRACT,0_R_fc3,"Imagine there are six people: Amber, Bryan, Christina, Dana, Elizabeth and Felicia. They have the following relationships to each other:;;;;",;;Here is how to figure out the answer to the following question:;;Who is the enemy of the parent of Amber?;;;;Here are the steps to arrive at the answer:;;1. the parent of Amber = t;;2. the enemy of Bryan = y;;;;So the answer is y;;;;Now answer the following question:;;Who is the friend of the child of Bryan?,the friend of the child of Bryan,y,h;;q;;s;;t;;v;;y,Amber = h      the enemy of Amber = v      the friend of Amber = y      the parent of Amber = t      the child of Bryan = h      ;;Bryan = t      the enemy of Bryan = y      the friend of Bryan = q      the parent of Dana = q       the child of Christina = v  ;;Christina = y  the enemy of Christina = t  the friend of Christina = h  the parent of Elizabeth = y  the child of Felicia = s    ;;Dana = s       the enemy of Dana = q       the friend of Dana = v       ;;Elizabeth = v  the enemy of Elizabeth = h  the friend of Elizabeth = s  ;;Felicia = q    the enemy of Felicia = s    the friend of Felicia = t    ,43,32
3,R,SemanticApproach.EXTENSIONAL,Representation.ABSTRACT,0_R_fe2,"Imagine there are six people: Amber, Bryan, Christina, Dana, Elizabeth and Felicia. They have the following relationships to each other:;;;;",;;Here is how to figure out the answer to the following question:;;Who is the enemy of the parent of Amber?;;;;Here are the steps to arrive at the answer:;;1. the parent of Amber = t;;2. the enemy of Bryan = y;;;;So the answer is y;;;;Now answer the following question:;;Who is the friend of the enemy of Dana?,the friend of the enemy of Dana,t,h;;q;;s;;t;;v;;y,Amber = h      the enemy of Amber = v      the friend of Amber = y      the parent of Amber = t      the child of Bryan = h      ;;Bryan = t      the enemy of Bryan = y      the friend of Bryan = q      the parent of Dana = q       the child of Christina = v  ;;Christina = y  the enemy of Christina = t  the friend of Christina = h  the parent of Elizabeth = y  the child of Felicia = s    ;;Dana = s       the enemy of Dana = q       the friend of Dana = v       ;;Elizabeth = v  the enemy of Elizabeth = h  the friend of Elizabeth = s  ;;Felicia = q    the enemy of Felicia = s    the friend of Felicia = t    ,35,33
3,R,SemanticApproach.EXTENSIONAL,Representation.ABSTRACT,0_R_ee4,"Imagine there are six people: Amber, Bryan, Christina, Dana, Elizabeth and Felicia. They have the following relationships to each other:;;;;",;;Here is how to figure out the answer to the following question:;;Who is the enemy of the parent of Amber?;;;;Here are the steps to arrive at the answer:;;1. the parent of Amber = t;;2. the enemy of Bryan = y;;;;So the answer is y;;;;Now answer the following question:;;Who is the enemy of the enemy of Elizabeth?,the enemy of the enemy of Elizabeth,v,h;;q;;s;;t;;v;;y,Amber = h      the enemy of Amber = v      the friend of Amber = y      the parent of Amber = t      the child of Bryan = h      ;;Bryan = t      the enemy of Bryan = y      the friend of Bryan = q      the parent of Dana = q       the child of Christina = v  ;;Christina = y  the enemy of Christina = t  the friend of Christina = h  the parent of Elizabeth = y  the child of Felicia = s    ;;Dana = s       the enemy of Dana = q       the friend of Dana = v       ;;Elizabeth = v  the enemy of Elizabeth = h  the friend of Elizabeth = s  ;;Felicia = q    the enemy of Felicia = s    the friend of Felicia = t    ,49,34
3,R,SemanticApproach.EXTENSIONAL,Representation.ABSTRACT,0_R_ee1,"Imagine there are six people: Amber, Bryan, Christina, Dana, Elizabeth and Felicia. They have the following relationships to each other:;;;;",;;Here is how to figure out the answer to the following question:;;Who is the enemy of the parent of Amber?;;;;Here are the steps to arrive at the answer:;;1. the parent of Amber = t;;2. the enemy of Bryan = y;;;;So the answer is y;;;;Now answer the following question:;;Who is the enemy of the enemy of Amber?,the enemy of the enemy of Amber,h,h;;q;;s;;t;;v;;y,Amber = h      the enemy of Amber = v      the friend of Amber = y      the parent of Amber = t      the child of Bryan = h      ;;Bryan = t      the enemy of Bryan = y      the friend of Bryan = q      the parent of Dana = q       the child of Christina = v  ;;Christina = y  the enemy of Christina = t  the friend of Christina = h  the parent of Elizabeth = y  the child of Felicia = s    ;;Dana = s       the enemy of Dana = q       the friend of Dana = v       ;;Elizabeth = v  the enemy of Elizabeth = h  the friend of Elizabeth = s  ;;Felicia = q    the enemy of Felicia = s    the friend of Felicia = t    ,30,35
3,R,SemanticApproach.EXTENSIONAL,Representation.ABSTRACT,0_R_cf5,"Imagine there are six people: Amber, Bryan, Christina, Dana, Elizabeth and Felicia. They have the following relationships to each other:;;;;",;;Here is how to figure out the answer to the following question:;;Who is the enemy of the parent of Amber?;;;;Here are the steps to arrive at the answer:;;1. the parent of Amber = t;;2. the enemy of Bryan = y;;;;So the answer is y;;;;Now answer the following question:;;Who is the child of the friend of Felicia?,the child of the friend of Felicia,h,h;;q;;s;;t;;v;;y,Amber = h      the enemy of Amber = v      the friend of Amber = y      the parent of Amber = t      the child of Bryan = h      ;;Bryan = t      the enemy of Bryan = y      the friend of Bryan = q      the parent of Dana = q       the child of Christina = v  ;;Christina = y  the enemy of Christina = t  the friend of Christina = h  the parent of Elizabeth = y  the child of Felicia = s    ;;Dana = s       the enemy of Dana = q       the friend of Dana = v       ;;Elizabeth = v  the enemy of Elizabeth = h  the friend of Elizabeth = s  ;;Felicia = q    the enemy of Felicia = s    the friend of Felicia = t    ,54,36
3,R,SemanticApproach.EXTENSIONAL,Representation.ABSTRACT,0_R_fc5,"Imagine there are six people: Amber, Bryan, Christina, Dana, Elizabeth and Felicia. They have the following relationships to each other:;;;;",;;Here is how to figure out the answer to the following question:;;Who is the enemy of the parent of Amber?;;;;Here are the steps to arrive at the answer:;;1. the parent of Amber = t;;2. the enemy of Bryan = y;;;;So the answer is y;;;;Now answer the following question:;;Who is the friend of the child of Felicia?,the friend of the child of Felicia,v,h;;q;;s;;t;;v;;y,Amber = h      the enemy of Amber = v      the friend of Amber = y      the parent of Amber = t      the child of Bryan = h      ;;Bryan = t      the enemy of Bryan = y      the friend of Bryan = q      the parent of Dana = q       the child of Christina = v  ;;Christina = y  the enemy of Christina = t  the friend of Christina = h  the parent of Elizabeth = y  the child of Felicia = s    ;;Dana = s       the enemy of Dana = q       the friend of Dana = v       ;;Elizabeth = v  the enemy of Elizabeth = h  the friend of Elizabeth = s  ;;Felicia = q    the enemy of Felicia = s    the friend of Felicia = t    ,58,37
3,R,SemanticApproach.EXTENSIONAL,Representation.ABSTRACT,0_R_ce0,"Imagine there are six people: Amber, Bryan, Christina, Dana, Elizabeth and Felicia. They have the following relationships to each other:;;;;",;;Here is how to figure out the answer to the following question:;;Who is the enemy of the parent of Amber?;;;;Here are the steps to arrive at the answer:;;1. the parent of Amber = t;;2. the enemy of Bryan = y;;;;So the answer is y;;;;Now answer the following question:;;Who is the child of the enemy of Christina?,the child of the enemy of Christina,h,h;;q;;s;;t;;v;;y,Amber = h      the enemy of Amber = v      the friend of Amber = y      the parent of Amber = t      the child of Bryan = h      ;;Bryan = t      the enemy of Bryan = y      the friend of Bryan = q      the parent of Dana = q       the child of Christina = v  ;;Christina = y  the enemy of Christina = t  the friend of Christina = h  the parent of Elizabeth = y  the child of Felicia = s    ;;Dana = s       the enemy of Dana = q       the friend of Dana = v       ;;Elizabeth = v  the enemy of Elizabeth = h  the friend of Elizabeth = s  ;;Felicia = q    the enemy of Felicia = s    the friend of Felicia = t    ,23,38
3,R,SemanticApproach.EXTENSIONAL,Representation.ABSTRACT,0_R_pf4,"Imagine there are six people: Amber, Bryan, Christina, Dana, Elizabeth and Felicia. They have the following relationships to each other:;;;;",;;Here is how to figure out the answer to the following question:;;Who is the enemy of the parent of Amber?;;;;Here are the steps to arrive at the answer:;;1. the parent of Amber = t;;2. the enemy of Bryan = y;;;;So the answer is y;;;;Now answer the following question:;;Who is the parent of the friend of Elizabeth?,the parent of the friend of Elizabeth,q,h;;q;;s;;t;;v;;y,Amber = h      the enemy of Amber = v      the friend of Amber = y      the parent of Amber = t      the child of Bryan = h      ;;Bryan = t      the enemy of Bryan = y      the friend of Bryan = q      the parent of Dana = q       the child of Christina = v  ;;Christina = y  the enemy of Christina = t  the friend of Christina = h  the parent of Elizabeth = y  the child of Felicia = s    ;;Dana = s       the enemy of Dana = q       the friend of Dana = v       ;;Elizabeth = v  the enemy of Elizabeth = h  the friend of Elizabeth = s  ;;Felicia = q    the enemy of Felicia = s    the friend of Felicia = t    ,47,39
3,L,SemanticApproach.INTENSIONAL,Representation.ABSTRACT,0_L_ee4,English phrases can be translated into formulae. Use the following translations to answer the question.;;;;,";;;;Here is an example of how to get a formula for a phrase.;;What is the formula for ""Amber's parent's enemy""?;;;;Here are the steps to arrive at the answer:;;1. Amber's parent = k(h);;2. Amber's parent's enemy = w(k(h));;;;So the answer is w(k(h));;;;What is the formula for ""Elizabeth's enemy's enemy""?",Elizabeth's enemy's enemy,w(w(v)),h;;q;;s;;t;;v;;y,Amber = h      Christina's friend = s(y)  ;;Bryan = t      Amber's friend = s(h)      ;;Christina = y  Dana's enemy = w(s)        ;;Dana = s       Bryan's enemy = w(t)       ;;Elizabeth = v  Elizabeth's parent = k(v)  ;;Felicia = q    Felicia's child = t(q)     ,149,0
3,L,SemanticApproach.INTENSIONAL,Representation.ABSTRACT,0_L_ef1,English phrases can be translated into formulae. Use the following translations to answer the question.;;;;,";;;;Here is an example of how to get a formula for a phrase.;;What is the formula for ""Amber's parent's enemy""?;;;;Here are the steps to arrive at the answer:;;1. Amber's parent = k(h);;2. Amber's parent's enemy = w(k(h));;;;So the answer is w(k(h));;;;What is the formula for ""Amber's friend's enemy""?",Amber's friend's enemy,w(s(h)),h;;q;;s;;t;;v;;y,Amber = h      Christina's friend = s(y)  ;;Bryan = t      Amber's friend = s(h)      ;;Christina = y  Dana's enemy = w(s)        ;;Dana = s       Bryan's enemy = w(t)       ;;Elizabeth = v  Elizabeth's parent = k(v)  ;;Felicia = q    Felicia's child = t(q)     ,128,1
3,L,SemanticApproach.INTENSIONAL,Representation.ABSTRACT,0_L_pe1,English phrases can be translated into formulae. Use the following translations to answer the question.;;;;,";;;;Here is an example of how to get a formula for a phrase.;;What is the formula for ""Amber's parent's enemy""?;;;;Here are the steps to arrive at the answer:;;1. Amber's parent = k(h);;2. Amber's parent's enemy = w(k(h));;;;So the answer is w(k(h));;;;What is the formula for ""Amber's enemy's parent""?",Amber's enemy's parent,k(w(h)),h;;q;;s;;t;;v;;y,Amber = h      Christina's friend = s(y)  ;;Bryan = t      Amber's friend = s(h)      ;;Christina = y  Dana's enemy = w(s)        ;;Dana = s       Bryan's enemy = w(t)       ;;Elizabeth = v  Elizabeth's parent = k(v)  ;;Felicia = q    Felicia's child = t(q)     ,131,2
3,L,SemanticApproach.INTENSIONAL,Representation.ABSTRACT,0_L_ef4,English phrases can be translated into formulae. Use the following translations to answer the question.;;;;,";;;;Here is an example of how to get a formula for a phrase.;;What is the formula for ""Amber's parent's enemy""?;;;;Here are the steps to arrive at the answer:;;1. Amber's parent = k(h);;2. Amber's parent's enemy = w(k(h));;;;So the answer is w(k(h));;;;What is the formula for ""Elizabeth's friend's enemy""?",Elizabeth's friend's enemy,w(s(v)),h;;q;;s;;t;;v;;y,Amber = h      Christina's friend = s(y)  ;;Bryan = t      Amber's friend = s(h)      ;;Christina = y  Dana's enemy = w(s)        ;;Dana = s       Bryan's enemy = w(t)       ;;Elizabeth = v  Elizabeth's parent = k(v)  ;;Felicia = q    Felicia's child = t(q)     ,146,3
3,L,SemanticApproach.INTENSIONAL,Representation.ABSTRACT,0_L_ee5,English phrases can be translated into formulae. Use the following translations to answer the question.;;;;,";;;;Here is an example of how to get a formula for a phrase.;;What is the formula for ""Amber's parent's enemy""?;;;;Here are the steps to arrive at the answer:;;1. Amber's parent = k(h);;2. Amber's parent's enemy = w(k(h));;;;So the answer is w(k(h));;;;What is the formula for ""Felicia's enemy's enemy""?",Felicia's enemy's enemy,w(w(q)),h;;q;;s;;t;;v;;y,Amber = h      Christina's friend = s(y)  ;;Bryan = t      Amber's friend = s(h)      ;;Christina = y  Dana's enemy = w(s)        ;;Dana = s       Bryan's enemy = w(t)       ;;Elizabeth = v  Elizabeth's parent = k(v)  ;;Felicia = q    Felicia's child = t(q)     ,156,4
3,L,SemanticApproach.INTENSIONAL,Representation.ABSTRACT,0_L_ff4,English phrases can be translated into formulae. Use the following translations to answer the question.;;;;,";;;;Here is an example of how to get a formula for a phrase.;;What is the formula for ""Amber's parent's enemy""?;;;;Here are the steps to arrive at the answer:;;1. Amber's parent = k(h);;2. Amber's parent's enemy = w(k(h));;;;So the answer is w(k(h));;;;What is the formula for ""Elizabeth's friend's friend""?",Elizabeth's friend's friend,s(s(v)),h;;q;;s;;t;;v;;y,Amber = h      Christina's friend = s(y)  ;;Bryan = t      Amber's friend = s(h)      ;;Christina = y  Dana's enemy = w(s)        ;;Dana = s       Bryan's enemy = w(t)       ;;Elizabeth = v  Elizabeth's parent = k(v)  ;;Felicia = q    Felicia's child = t(q)     ,145,5
3,L,SemanticApproach.INTENSIONAL,Representation.ABSTRACT,0_L_ff3,English phrases can be translated into formulae. Use the following translations to answer the question.;;;;,";;;;Here is an example of how to get a formula for a phrase.;;What is the formula for ""Amber's parent's enemy""?;;;;Here are the steps to arrive at the answer:;;1. Amber's parent = k(h);;2. Amber's parent's enemy = w(k(h));;;;So the answer is w(k(h));;;;What is the formula for ""Bryan's friend's friend""?",Bryan's friend's friend,s(s(t)),h;;q;;s;;t;;v;;y,Amber = h      Christina's friend = s(y)  ;;Bryan = t      Amber's friend = s(h)      ;;Christina = y  Dana's enemy = w(s)        ;;Dana = s       Bryan's enemy = w(t)       ;;Elizabeth = v  Elizabeth's parent = k(v)  ;;Felicia = q    Felicia's child = t(q)     ,141,6
3,L,SemanticApproach.INTENSIONAL,Representation.ABSTRACT,0_L_fc5,English phrases can be translated into formulae. Use the following translations to answer the question.;;;;,";;;;Here is an example of how to get a formula for a phrase.;;What is the formula for ""Amber's parent's enemy""?;;;;Here are the steps to arrive at the answer:;;1. Amber's parent = k(h);;2. Amber's parent's enemy = w(k(h));;;;So the answer is w(k(h));;;;What is the formula for ""Felicia's child's friend""?",Felicia's child's friend,s(t(q)),h;;q;;s;;t;;v;;y,Amber = h      Christina's friend = s(y)  ;;Bryan = t      Amber's friend = s(h)      ;;Christina = y  Dana's enemy = w(s)        ;;Dana = s       Bryan's enemy = w(t)       ;;Elizabeth = v  Elizabeth's parent = k(v)  ;;Felicia = q    Felicia's child = t(q)     ,158,7
3,L,SemanticApproach.INTENSIONAL,Representation.ABSTRACT,0_L_ee1,English phrases can be translated into formulae. Use the following translations to answer the question.;;;;,";;;;Here is an example of how to get a formula for a phrase.;;What is the formula for ""Amber's parent's enemy""?;;;;Here are the steps to arrive at the answer:;;1. Amber's parent = k(h);;2. Amber's parent's enemy = w(k(h));;;;So the answer is w(k(h));;;;What is the formula for ""Amber's enemy's enemy""?",Amber's enemy's enemy,w(w(h)),h;;q;;s;;t;;v;;y,Amber = h      Christina's friend = s(y)  ;;Bryan = t      Amber's friend = s(h)      ;;Christina = y  Dana's enemy = w(s)        ;;Dana = s       Bryan's enemy = w(t)       ;;Elizabeth = v  Elizabeth's parent = k(v)  ;;Felicia = q    Felicia's child = t(q)     ,130,8
3,L,SemanticApproach.INTENSIONAL,Representation.ABSTRACT,0_L_ff1,English phrases can be translated into formulae. Use the following translations to answer the question.;;;;,";;;;Here is an example of how to get a formula for a phrase.;;What is the formula for ""Amber's parent's enemy""?;;;;Here are the steps to arrive at the answer:;;1. Amber's parent = k(h);;2. Amber's parent's enemy = w(k(h));;;;So the answer is w(k(h));;;;What is the formula for ""Amber's friend's friend""?",Amber's friend's friend,s(s(h)),h;;q;;s;;t;;v;;y,Amber = h      Christina's friend = s(y)  ;;Bryan = t      Amber's friend = s(h)      ;;Christina = y  Dana's enemy = w(s)        ;;Dana = s       Bryan's enemy = w(t)       ;;Elizabeth = v  Elizabeth's parent = k(v)  ;;Felicia = q    Felicia's child = t(q)     ,127,9
3,L,SemanticApproach.INTENSIONAL,Representation.ABSTRACT,0_L_fc3,English phrases can be translated into formulae. Use the following translations to answer the question.;;;;,";;;;Here is an example of how to get a formula for a phrase.;;What is the formula for ""Amber's parent's enemy""?;;;;Here are the steps to arrive at the answer:;;1. Amber's parent = k(h);;2. Amber's parent's enemy = w(k(h));;;;So the answer is w(k(h));;;;What is the formula for ""Bryan's child's friend""?",Bryan's child's friend,s(t(t)),h;;q;;s;;t;;v;;y,Amber = h      Christina's friend = s(y)  ;;Bryan = t      Amber's friend = s(h)      ;;Christina = y  Dana's enemy = w(s)        ;;Dana = s       Bryan's enemy = w(t)       ;;Elizabeth = v  Elizabeth's parent = k(v)  ;;Felicia = q    Felicia's child = t(q)     ,143,10
3,L,SemanticApproach.INTENSIONAL,Representation.ABSTRACT,0_L_ff2,English phrases can be translated into formulae. Use the following translations to answer the question.;;;;,";;;;Here is an example of how to get a formula for a phrase.;;What is the formula for ""Amber's parent's enemy""?;;;;Here are the steps to arrive at the answer:;;1. Amber's parent = k(h);;2. Amber's parent's enemy = w(k(h));;;;So the answer is w(k(h));;;;What is the formula for ""Dana's friend's friend""?",Dana's friend's friend,s(s(s)),h;;q;;s;;t;;v;;y,Amber = h      Christina's friend = s(y)  ;;Bryan = t      Amber's friend = s(h)      ;;Christina = y  Dana's enemy = w(s)        ;;Dana = s       Bryan's enemy = w(t)       ;;Elizabeth = v  Elizabeth's parent = k(v)  ;;Felicia = q    Felicia's child = t(q)     ,132,11
3,L,SemanticApproach.INTENSIONAL,Representation.ABSTRACT,0_L_ef0,English phrases can be translated into formulae. Use the following translations to answer the question.;;;;,";;;;Here is an example of how to get a formula for a phrase.;;What is the formula for ""Amber's parent's enemy""?;;;;Here are the steps to arrive at the answer:;;1. Amber's parent = k(h);;2. Amber's parent's enemy = w(k(h));;;;So the answer is w(k(h));;;;What is the formula for ""Christina's friend's enemy""?",Christina's friend's enemy,w(s(y)),h;;q;;s;;t;;v;;y,Amber = h      Christina's friend = s(y)  ;;Bryan = t      Amber's friend = s(h)      ;;Christina = y  Dana's enemy = w(s)        ;;Dana = s       Bryan's enemy = w(t)       ;;Elizabeth = v  Elizabeth's parent = k(v)  ;;Felicia = q    Felicia's child = t(q)     ,121,12
3,L,SemanticApproach.INTENSIONAL,Representation.ABSTRACT,0_L_ef2,English phrases can be translated into formulae. Use the following translations to answer the question.;;;;,";;;;Here is an example of how to get a formula for a phrase.;;What is the formula for ""Amber's parent's enemy""?;;;;Here are the steps to arrive at the answer:;;1. Amber's parent = k(h);;2. Amber's parent's enemy = w(k(h));;;;So the answer is w(k(h));;;;What is the formula for ""Dana's friend's enemy""?",Dana's friend's enemy,w(s(s)),h;;q;;s;;t;;v;;y,Amber = h      Christina's friend = s(y)  ;;Bryan = t      Amber's friend = s(h)      ;;Christina = y  Dana's enemy = w(s)        ;;Dana = s       Bryan's enemy = w(t)       ;;Elizabeth = v  Elizabeth's parent = k(v)  ;;Felicia = q    Felicia's child = t(q)     ,133,13
3,L,SemanticApproach.INTENSIONAL,Representation.ABSTRACT,0_L_pf2,English phrases can be translated into formulae. Use the following translations to answer the question.;;;;,";;;;Here is an example of how to get a formula for a phrase.;;What is the formula for ""Amber's parent's enemy""?;;;;Here are the steps to arrive at the answer:;;1. Amber's parent = k(h);;2. Amber's parent's enemy = w(k(h));;;;So the answer is w(k(h));;;;What is the formula for ""Dana's friend's parent""?",Dana's friend's parent,k(s(s)),h;;q;;s;;t;;v;;y,Amber = h      Christina's friend = s(y)  ;;Bryan = t      Amber's friend = s(h)      ;;Christina = y  Dana's enemy = w(s)        ;;Dana = s       Bryan's enemy = w(t)       ;;Elizabeth = v  Elizabeth's parent = k(v)  ;;Felicia = q    Felicia's child = t(q)     ,134,14
3,L,SemanticApproach.INTENSIONAL,Representation.ABSTRACT,0_L_fp2,English phrases can be translated into formulae. Use the following translations to answer the question.;;;;,";;;;Here is an example of how to get a formula for a phrase.;;What is the formula for ""Amber's parent's enemy""?;;;;Here are the steps to arrive at the answer:;;1. Amber's parent = k(h);;2. Amber's parent's enemy = w(k(h));;;;So the answer is w(k(h));;;;What is the formula for ""Dana's parent's friend""?",Dana's parent's friend,s(k(s)),h;;q;;s;;t;;v;;y,Amber = h      Christina's friend = s(y)  ;;Bryan = t      Amber's friend = s(h)      ;;Christina = y  Dana's enemy = w(s)        ;;Dana = s       Bryan's enemy = w(t)       ;;Elizabeth = v  Elizabeth's parent = k(v)  ;;Felicia = q    Felicia's child = t(q)     ,138,15
3,L,SemanticApproach.INTENSIONAL,Representation.ABSTRACT,0_L_fe0,English phrases can be translated into formulae. Use the following translations to answer the question.;;;;,";;;;Here is an example of how to get a formula for a phrase.;;What is the formula for ""Amber's parent's enemy""?;;;;Here are the steps to arrive at the answer:;;1. Amber's parent = k(h);;2. Amber's parent's enemy = w(k(h));;;;So the answer is w(k(h));;;;What is the formula for ""Christina's enemy's friend""?",Christina's enemy's friend,s(w(y)),h;;q;;s;;t;;v;;y,Amber = h      Christina's friend = s(y)  ;;Bryan = t      Amber's friend = s(h)      ;;Christina = y  Dana's enemy = w(s)        ;;Dana = s       Bryan's enemy = w(t)       ;;Elizabeth = v  Elizabeth's parent = k(v)  ;;Felicia = q    Felicia's child = t(q)     ,122,16
3,L,SemanticApproach.INTENSIONAL,Representation.ABSTRACT,0_L_ep4,English phrases can be translated into formulae. Use the following translations to answer the question.;;;;,";;;;Here is an example of how to get a formula for a phrase.;;What is the formula for ""Amber's parent's enemy""?;;;;Here are the steps to arrive at the answer:;;1. Amber's parent = k(h);;2. Amber's parent's enemy = w(k(h));;;;So the answer is w(k(h));;;;What is the formula for ""Elizabeth's parent's enemy""?",Elizabeth's parent's enemy,w(k(v)),h;;q;;s;;t;;v;;y,Amber = h      Christina's friend = s(y)  ;;Bryan = t      Amber's friend = s(h)      ;;Christina = y  Dana's enemy = w(s)        ;;Dana = s       Bryan's enemy = w(t)       ;;Elizabeth = v  Elizabeth's parent = k(v)  ;;Felicia = q    Felicia's child = t(q)     ,151,17
3,L,SemanticApproach.INTENSIONAL,Representation.ABSTRACT,0_L_fc0,English phrases can be translated into formulae. Use the following translations to answer the question.;;;;,";;;;Here is an example of how to get a formula for a phrase.;;What is the formula for ""Amber's parent's enemy""?;;;;Here are the steps to arrive at the answer:;;1. Amber's parent = k(h);;2. Amber's parent's enemy = w(k(h));;;;So the answer is w(k(h));;;;What is the formula for ""Christina's child's friend""?",Christina's child's friend,s(t(y)),h;;q;;s;;t;;v;;y,Amber = h      Christina's friend = s(y)  ;;Bryan = t      Amber's friend = s(h)      ;;Christina = y  Dana's enemy = w(s)        ;;Dana = s       Bryan's enemy = w(t)       ;;Elizabeth = v  Elizabeth's parent = k(v)  ;;Felicia = q    Felicia's child = t(q)     ,124,18
3,L,SemanticApproach.INTENSIONAL,Representation.ABSTRACT,0_L_pc5,English phrases can be translated into formulae. Use the following translations to answer the question.;;;;,";;;;Here is an example of how to get a formula for a phrase.;;What is the formula for ""Amber's parent's enemy""?;;;;Here are the steps to arrive at the answer:;;1. Amber's parent = k(h);;2. Amber's parent's enemy = w(k(h));;;;So the answer is w(k(h));;;;What is the formula for ""Felicia's child's parent""?",Felicia's child's parent,k(t(q)),h;;q;;s;;t;;v;;y,Amber = h      Christina's friend = s(y)  ;;Bryan = t      Amber's friend = s(h)      ;;Christina = y  Dana's enemy = w(s)        ;;Dana = s       Bryan's enemy = w(t)       ;;Elizabeth = v  Elizabeth's parent = k(v)  ;;Felicia = q    Felicia's child = t(q)     ,160,19
3,L,SemanticApproach.INTENSIONAL,Representation.ABSTRACT,0_L_ce2,English phrases can be translated into formulae. Use the following translations to answer the question.;;;;,";;;;Here is an example of how to get a formula for a phrase.;;What is the formula for ""Amber's parent's enemy""?;;;;Here are the steps to arrive at the answer:;;1. Amber's parent = k(h);;2. Amber's parent's enemy = w(k(h));;;;So the answer is w(k(h));;;;What is the formula for ""Dana's enemy's child""?",Dana's enemy's child,t(w(s)),h;;q;;s;;t;;v;;y,Amber = h      Christina's friend = s(y)  ;;Bryan = t      Amber's friend = s(h)      ;;Christina = y  Dana's enemy = w(s)        ;;Dana = s       Bryan's enemy = w(t)       ;;Elizabeth = v  Elizabeth's parent = k(v)  ;;Felicia = q    Felicia's child = t(q)     ,137,20
3,L,SemanticApproach.INTENSIONAL,Representation.ABSTRACT,0_L_ec5,English phrases can be translated into formulae. Use the following translations to answer the question.;;;;,";;;;Here is an example of how to get a formula for a phrase.;;What is the formula for ""Amber's parent's enemy""?;;;;Here are the steps to arrive at the answer:;;1. Amber's parent = k(h);;2. Amber's parent's enemy = w(k(h));;;;So the answer is w(k(h));;;;What is the formula for ""Felicia's child's enemy""?",Felicia's child's enemy,w(t(q)),h;;q;;s;;t;;v;;y,Amber = h      Christina's friend = s(y)  ;;Bryan = t      Amber's friend = s(h)      ;;Christina = y  Dana's enemy = w(s)        ;;Dana = s       Bryan's enemy = w(t)       ;;Elizabeth = v  Elizabeth's parent = k(v)  ;;Felicia = q    Felicia's child = t(q)     ,159,21
3,L,SemanticApproach.INTENSIONAL,Representation.ABSTRACT,0_L_ee2,English phrases can be translated into formulae. Use the following translations to answer the question.;;;;,";;;;Here is an example of how to get a formula for a phrase.;;What is the formula for ""Amber's parent's enemy""?;;;;Here are the steps to arrive at the answer:;;1. Amber's parent = k(h);;2. Amber's parent's enemy = w(k(h));;;;So the answer is w(k(h));;;;What is the formula for ""Dana's enemy's enemy""?",Dana's enemy's enemy,w(w(s)),h;;q;;s;;t;;v;;y,Amber = h      Christina's friend = s(y)  ;;Bryan = t      Amber's friend = s(h)      ;;Christina = y  Dana's enemy = w(s)        ;;Dana = s       Bryan's enemy = w(t)       ;;Elizabeth = v  Elizabeth's parent = k(v)  ;;Felicia = q    Felicia's child = t(q)     ,136,22
3,L,SemanticApproach.INTENSIONAL,Representation.ABSTRACT,0_L_pf4,English phrases can be translated into formulae. Use the following translations to answer the question.;;;;,";;;;Here is an example of how to get a formula for a phrase.;;What is the formula for ""Amber's parent's enemy""?;;;;Here are the steps to arrive at the answer:;;1. Amber's parent = k(h);;2. Amber's parent's enemy = w(k(h));;;;So the answer is w(k(h));;;;What is the formula for ""Elizabeth's friend's parent""?",Elizabeth's friend's parent,k(s(v)),h;;q;;s;;t;;v;;y,Amber = h      Christina's friend = s(y)  ;;Bryan = t      Amber's friend = s(h)      ;;Christina = y  Dana's enemy = w(s)        ;;Dana = s       Bryan's enemy = w(t)       ;;Elizabeth = v  Elizabeth's parent = k(v)  ;;Felicia = q    Felicia's child = t(q)     ,147,23
3,L,SemanticApproach.INTENSIONAL,Representation.ABSTRACT,0_L_ep2,English phrases can be translated into formulae. Use the following translations to answer the question.;;;;,";;;;Here is an example of how to get a formula for a phrase.;;What is the formula for ""Amber's parent's enemy""?;;;;Here are the steps to arrive at the answer:;;1. Amber's parent = k(h);;2. Amber's parent's enemy = w(k(h));;;;So the answer is w(k(h));;;;What is the formula for ""Dana's parent's enemy""?",Dana's parent's enemy,w(k(s)),h;;q;;s;;t;;v;;y,Amber = h      Christina's friend = s(y)  ;;Bryan = t      Amber's friend = s(h)      ;;Christina = y  Dana's enemy = w(s)        ;;Dana = s       Bryan's enemy = w(t)       ;;Elizabeth = v  Elizabeth's parent = k(v)  ;;Felicia = q    Felicia's child = t(q)     ,139,24
3,L,SemanticApproach.INTENSIONAL,Representation.ABSTRACT,0_L_pc0,English phrases can be translated into formulae. Use the following translations to answer the question.;;;;,";;;;Here is an example of how to get a formula for a phrase.;;What is the formula for ""Amber's parent's enemy""?;;;;Here are the steps to arrive at the answer:;;1. Amber's parent = k(h);;2. Amber's parent's enemy = w(k(h));;;;So the answer is w(k(h));;;;What is the formula for ""Christina's child's parent""?",Christina's child's parent,k(t(y)),h;;q;;s;;t;;v;;y,Amber = h      Christina's friend = s(y)  ;;Bryan = t      Amber's friend = s(h)      ;;Christina = y  Dana's enemy = w(s)        ;;Dana = s       Bryan's enemy = w(t)       ;;Elizabeth = v  Elizabeth's parent = k(v)  ;;Felicia = q    Felicia's child = t(q)     ,126,25
3,L,SemanticApproach.INTENSIONAL,Representation.ABSTRACT,0_L_ec3,English phrases can be translated into formulae. Use the following translations to answer the question.;;;;,";;;;Here is an example of how to get a formula for a phrase.;;What is the formula for ""Amber's parent's enemy""?;;;;Here are the steps to arrive at the answer:;;1. Amber's parent = k(h);;2. Amber's parent's enemy = w(k(h));;;;So the answer is w(k(h));;;;What is the formula for ""Bryan's child's enemy""?",Bryan's child's enemy,w(t(t)),h;;q;;s;;t;;v;;y,Amber = h      Christina's friend = s(y)  ;;Bryan = t      Amber's friend = s(h)      ;;Christina = y  Dana's enemy = w(s)        ;;Dana = s       Bryan's enemy = w(t)       ;;Elizabeth = v  Elizabeth's parent = k(v)  ;;Felicia = q    Felicia's child = t(q)     ,144,26
3,L,SemanticApproach.INTENSIONAL,Representation.ABSTRACT,0_L_fe4,English phrases can be translated into formulae. Use the following translations to answer the question.;;;;,";;;;Here is an example of how to get a formula for a phrase.;;What is the formula for ""Amber's parent's enemy""?;;;;Here are the steps to arrive at the answer:;;1. Amber's parent = k(h);;2. Amber's parent's enemy = w(k(h));;;;So the answer is w(k(h));;;;What is the formula for ""Elizabeth's enemy's friend""?",Elizabeth's enemy's friend,s(w(v)),h;;q;;s;;t;;v;;y,Amber = h      Christina's friend = s(y)  ;;Bryan = t      Amber's friend = s(h)      ;;Christina = y  Dana's enemy = w(s)        ;;Dana = s       Bryan's enemy = w(t)       ;;Elizabeth = v  Elizabeth's parent = k(v)  ;;Felicia = q    Felicia's child = t(q)     ,148,27
3,L,SemanticApproach.INTENSIONAL,Representation.ABSTRACT,0_L_cf5,English phrases can be translated into formulae. Use the following translations to answer the question.;;;;,";;;;Here is an example of how to get a formula for a phrase.;;What is the formula for ""Amber's parent's enemy""?;;;;Here are the steps to arrive at the answer:;;1. Amber's parent = k(h);;2. Amber's parent's enemy = w(k(h));;;;So the answer is w(k(h));;;;What is the formula for ""Felicia's friend's child""?",Felicia's friend's child,t(s(q)),h;;q;;s;;t;;v;;y,Amber = h      Christina's friend = s(y)  ;;Bryan = t      Amber's friend = s(h)      ;;Christina = y  Dana's enemy = w(s)        ;;Dana = s       Bryan's enemy = w(t)       ;;Elizabeth = v  Elizabeth's parent = k(v)  ;;Felicia = q    Felicia's child = t(q)     ,154,28
3,L,SemanticApproach.INTENSIONAL,Representation.ABSTRACT,0_L_cp2,English phrases can be translated into formulae. Use the following translations to answer the question.;;;;,";;;;Here is an example of how to get a formula for a phrase.;;What is the formula for ""Amber's parent's enemy""?;;;;Here are the steps to arrive at the answer:;;1. Amber's parent = k(h);;2. Amber's parent's enemy = w(k(h));;;;So the answer is w(k(h));;;;What is the formula for ""Dana's parent's child""?",Dana's parent's child,t(k(s)),h;;q;;s;;t;;v;;y,Amber = h      Christina's friend = s(y)  ;;Bryan = t      Amber's friend = s(h)      ;;Christina = y  Dana's enemy = w(s)        ;;Dana = s       Bryan's enemy = w(t)       ;;Elizabeth = v  Elizabeth's parent = k(v)  ;;Felicia = q    Felicia's child = t(q)     ,140,29
3,L,SemanticApproach.INTENSIONAL,Representation.ABSTRACT,0_L_ec0,English phrases can be translated into formulae. Use the following translations to answer the question.;;;;,";;;;Here is an example of how to get a formula for a phrase.;;What is the formula for ""Amber's parent's enemy""?;;;;Here are the steps to arrive at the answer:;;1. Amber's parent = k(h);;2. Amber's parent's enemy = w(k(h));;;;So the answer is w(k(h));;;;What is the formula for ""Christina's child's enemy""?",Christina's child's enemy,w(t(y)),h;;q;;s;;t;;v;;y,Amber = h      Christina's friend = s(y)  ;;Bryan = t      Amber's friend = s(h)      ;;Christina = y  Dana's enemy = w(s)        ;;Dana = s       Bryan's enemy = w(t)       ;;Elizabeth = v  Elizabeth's parent = k(v)  ;;Felicia = q    Felicia's child = t(q)     ,125,30
3,L,SemanticApproach.INTENSIONAL,Representation.ABSTRACT,0_L_fe5,English phrases can be translated into formulae. Use the following translations to answer the question.;;;;,";;;;Here is an example of how to get a formula for a phrase.;;What is the formula for ""Amber's parent's enemy""?;;;;Here are the steps to arrive at the answer:;;1. Amber's parent = k(h);;2. Amber's parent's enemy = w(k(h));;;;So the answer is w(k(h));;;;What is the formula for ""Felicia's enemy's friend""?",Felicia's enemy's friend,s(w(q)),h;;q;;s;;t;;v;;y,Amber = h      Christina's friend = s(y)  ;;Bryan = t      Amber's friend = s(h)      ;;Christina = y  Dana's enemy = w(s)        ;;Dana = s       Bryan's enemy = w(t)       ;;Elizabeth = v  Elizabeth's parent = k(v)  ;;Felicia = q    Felicia's child = t(q)     ,155,31
3,L,SemanticApproach.INTENSIONAL,Representation.ABSTRACT,0_L_pe5,English phrases can be translated into formulae. Use the following translations to answer the question.;;;;,";;;;Here is an example of how to get a formula for a phrase.;;What is the formula for ""Amber's parent's enemy""?;;;;Here are the steps to arrive at the answer:;;1. Amber's parent = k(h);;2. Amber's parent's enemy = w(k(h));;;;So the answer is w(k(h));;;;What is the formula for ""Felicia's enemy's parent""?",Felicia's enemy's parent,k(w(q)),h;;q;;s;;t;;v;;y,Amber = h      Christina's friend = s(y)  ;;Bryan = t      Amber's friend = s(h)      ;;Christina = y  Dana's enemy = w(s)        ;;Dana = s       Bryan's enemy = w(t)       ;;Elizabeth = v  Elizabeth's parent = k(v)  ;;Felicia = q    Felicia's child = t(q)     ,157,32
3,L,SemanticApproach.INTENSIONAL,Representation.ABSTRACT,0_L_ce0,English phrases can be translated into formulae. Use the following translations to answer the question.;;;;,";;;;Here is an example of how to get a formula for a phrase.;;What is the formula for ""Amber's parent's enemy""?;;;;Here are the steps to arrive at the answer:;;1. Amber's parent = k(h);;2. Amber's parent's enemy = w(k(h));;;;So the answer is w(k(h));;;;What is the formula for ""Christina's enemy's child""?",Christina's enemy's child,t(w(y)),h;;q;;s;;t;;v;;y,Amber = h      Christina's friend = s(y)  ;;Bryan = t      Amber's friend = s(h)      ;;Christina = y  Dana's enemy = w(s)        ;;Dana = s       Bryan's enemy = w(t)       ;;Elizabeth = v  Elizabeth's parent = k(v)  ;;Felicia = q    Felicia's child = t(q)     ,123,33
3,L,SemanticApproach.INTENSIONAL,Representation.ABSTRACT,0_L_fp4,English phrases can be translated into formulae. Use the following translations to answer the question.;;;;,";;;;Here is an example of how to get a formula for a phrase.;;What is the formula for ""Amber's parent's enemy""?;;;;Here are the steps to arrive at the answer:;;1. Amber's parent = k(h);;2. Amber's parent's enemy = w(k(h));;;;So the answer is w(k(h));;;;What is the formula for ""Elizabeth's parent's friend""?",Elizabeth's parent's friend,s(k(v)),h;;q;;s;;t;;v;;y,Amber = h      Christina's friend = s(y)  ;;Bryan = t      Amber's friend = s(h)      ;;Christina = y  Dana's enemy = w(s)        ;;Dana = s       Bryan's enemy = w(t)       ;;Elizabeth = v  Elizabeth's parent = k(v)  ;;Felicia = q    Felicia's child = t(q)     ,150,34
3,L,SemanticApproach.INTENSIONAL,Representation.ABSTRACT,0_L_cp4,English phrases can be translated into formulae. Use the following translations to answer the question.;;;;,";;;;Here is an example of how to get a formula for a phrase.;;What is the formula for ""Amber's parent's enemy""?;;;;Here are the steps to arrive at the answer:;;1. Amber's parent = k(h);;2. Amber's parent's enemy = w(k(h));;;;So the answer is w(k(h));;;;What is the formula for ""Elizabeth's parent's child""?",Elizabeth's parent's child,t(k(v)),h;;q;;s;;t;;v;;y,Amber = h      Christina's friend = s(y)  ;;Bryan = t      Amber's friend = s(h)      ;;Christina = y  Dana's enemy = w(s)        ;;Dana = s       Bryan's enemy = w(t)       ;;Elizabeth = v  Elizabeth's parent = k(v)  ;;Felicia = q    Felicia's child = t(q)     ,152,35
3,L,SemanticApproach.INTENSIONAL,Representation.ABSTRACT,0_L_ef3,English phrases can be translated into formulae. Use the following translations to answer the question.;;;;,";;;;Here is an example of how to get a formula for a phrase.;;What is the formula for ""Amber's parent's enemy""?;;;;Here are the steps to arrive at the answer:;;1. Amber's parent = k(h);;2. Amber's parent's enemy = w(k(h));;;;So the answer is w(k(h));;;;What is the formula for ""Bryan's friend's enemy""?",Bryan's friend's enemy,w(s(t)),h;;q;;s;;t;;v;;y,Amber = h      Christina's friend = s(y)  ;;Bryan = t      Amber's friend = s(h)      ;;Christina = y  Dana's enemy = w(s)        ;;Dana = s       Bryan's enemy = w(t)       ;;Elizabeth = v  Elizabeth's parent = k(v)  ;;Felicia = q    Felicia's child = t(q)     ,142,36
3,L,SemanticApproach.INTENSIONAL,Representation.ABSTRACT,0_L_ff5,English phrases can be translated into formulae. Use the following translations to answer the question.;;;;,";;;;Here is an example of how to get a formula for a phrase.;;What is the formula for ""Amber's parent's enemy""?;;;;Here are the steps to arrive at the answer:;;1. Amber's parent = k(h);;2. Amber's parent's enemy = w(k(h));;;;So the answer is w(k(h));;;;What is the formula for ""Felicia's friend's friend""?",Felicia's friend's friend,s(s(q)),h;;q;;s;;t;;v;;y,Amber = h      Christina's friend = s(y)  ;;Bryan = t      Amber's friend = s(h)      ;;Christina = y  Dana's enemy = w(s)        ;;Dana = s       Bryan's enemy = w(t)       ;;Elizabeth = v  Elizabeth's parent = k(v)  ;;Felicia = q    Felicia's child = t(q)     ,153,37
3,L,SemanticApproach.INTENSIONAL,Representation.ABSTRACT,0_L_fe2,English phrases can be translated into formulae. Use the following translations to answer the question.;;;;,";;;;Here is an example of how to get a formula for a phrase.;;What is the formula for ""Amber's parent's enemy""?;;;;Here are the steps to arrive at the answer:;;1. Amber's parent = k(h);;2. Amber's parent's enemy = w(k(h));;;;So the answer is w(k(h));;;;What is the formula for ""Dana's enemy's friend""?",Dana's enemy's friend,s(w(s)),h;;q;;s;;t;;v;;y,Amber = h      Christina's friend = s(y)  ;;Bryan = t      Amber's friend = s(h)      ;;Christina = y  Dana's enemy = w(s)        ;;Dana = s       Bryan's enemy = w(t)       ;;Elizabeth = v  Elizabeth's parent = k(v)  ;;Felicia = q    Felicia's child = t(q)     ,135,38
3,L,SemanticApproach.INTENSIONAL,Representation.ABSTRACT,0_L_cf1,English phrases can be translated into formulae. Use the following translations to answer the question.;;;;,";;;;Here is an example of how to get a formula for a phrase.;;What is the formula for ""Amber's parent's enemy""?;;;;Here are the steps to arrive at the answer:;;1. Amber's parent = k(h);;2. Amber's parent's enemy = w(k(h));;;;So the answer is w(k(h));;;;What is the formula for ""Amber's friend's child""?",Amber's friend's child,t(s(h)),h;;q;;s;;t;;v;;y,Amber = h      Christina's friend = s(y)  ;;Bryan = t      Amber's friend = s(h)      ;;Christina = y  Dana's enemy = w(s)        ;;Dana = s       Bryan's enemy = w(t)       ;;Elizabeth = v  Elizabeth's parent = k(v)  ;;Felicia = q    Felicia's child = t(q)     ,129,39
3,R,SemanticApproach.INTENSIONAL,Representation.ABSTRACT,0_R_ee5,English phrases can be translated into formulae. Use the following translations to answer the question.;;;;,";;;;Here is an example of how to get a formula for a phrase.;;What is the formula for ""the enemy of the parent of Amber""?;;;;Here are the steps to arrive at the answer:;;1. the parent of Amber = k(h);;2. the enemy of the parent of Amber = w(k(h));;;;So the answer is w(k(h));;;;What is the formula for ""the enemy of the enemy of Felicia""?",the enemy of the enemy of Felicia,w(w(q)),h;;q;;s;;t;;v;;y,Amber = h      the friend of Christina = s(y)  ;;Bryan = t      the friend of Amber = s(h)      ;;Christina = y  the enemy of Dana = w(s)        ;;Dana = s       the enemy of Bryan = w(t)       ;;Elizabeth = v  the parent of Elizabeth = k(v)  ;;Felicia = q    the child of Felicia = t(q)     ,56,0
3,R,SemanticApproach.INTENSIONAL,Representation.ABSTRACT,0_R_fe0,English phrases can be translated into formulae. Use the following translations to answer the question.;;;;,";;;;Here is an example of how to get a formula for a phrase.;;What is the formula for ""the enemy of the parent of Amber""?;;;;Here are the steps to arrive at the answer:;;1. the parent of Amber = k(h);;2. the enemy of the parent of Amber = w(k(h));;;;So the answer is w(k(h));;;;What is the formula for ""the friend of the enemy of Christina""?",the friend of the enemy of Christina,s(w(y)),h;;q;;s;;t;;v;;y,Amber = h      the friend of Christina = s(y)  ;;Bryan = t      the friend of Amber = s(h)      ;;Christina = y  the enemy of Dana = w(s)        ;;Dana = s       the enemy of Bryan = w(t)       ;;Elizabeth = v  the parent of Elizabeth = k(v)  ;;Felicia = q    the child of Felicia = t(q)     ,22,1
3,R,SemanticApproach.INTENSIONAL,Representation.ABSTRACT,0_R_pf4,English phrases can be translated into formulae. Use the following translations to answer the question.;;;;,";;;;Here is an example of how to get a formula for a phrase.;;What is the formula for ""the enemy of the parent of Amber""?;;;;Here are the steps to arrive at the answer:;;1. the parent of Amber = k(h);;2. the enemy of the parent of Amber = w(k(h));;;;So the answer is w(k(h));;;;What is the formula for ""the parent of the friend of Elizabeth""?",the parent of the friend of Elizabeth,k(s(v)),h;;q;;s;;t;;v;;y,Amber = h      the friend of Christina = s(y)  ;;Bryan = t      the friend of Amber = s(h)      ;;Christina = y  the enemy of Dana = w(s)        ;;Dana = s       the enemy of Bryan = w(t)       ;;Elizabeth = v  the parent of Elizabeth = k(v)  ;;Felicia = q    the child of Felicia = t(q)     ,47,2
3,R,SemanticApproach.INTENSIONAL,Representation.ABSTRACT,0_R_pc0,English phrases can be translated into formulae. Use the following translations to answer the question.;;;;,";;;;Here is an example of how to get a formula for a phrase.;;What is the formula for ""the enemy of the parent of Amber""?;;;;Here are the steps to arrive at the answer:;;1. the parent of Amber = k(h);;2. the enemy of the parent of Amber = w(k(h));;;;So the answer is w(k(h));;;;What is the formula for ""the parent of the child of Christina""?",the parent of the child of Christina,k(t(y)),h;;q;;s;;t;;v;;y,Amber = h      the friend of Christina = s(y)  ;;Bryan = t      the friend of Amber = s(h)      ;;Christina = y  the enemy of Dana = w(s)        ;;Dana = s       the enemy of Bryan = w(t)       ;;Elizabeth = v  the parent of Elizabeth = k(v)  ;;Felicia = q    the child of Felicia = t(q)     ,26,3
3,R,SemanticApproach.INTENSIONAL,Representation.ABSTRACT,0_R_fc5,English phrases can be translated into formulae. Use the following translations to answer the question.;;;;,";;;;Here is an example of how to get a formula for a phrase.;;What is the formula for ""the enemy of the parent of Amber""?;;;;Here are the steps to arrive at the answer:;;1. the parent of Amber = k(h);;2. the enemy of the parent of Amber = w(k(h));;;;So the answer is w(k(h));;;;What is the formula for ""the friend of the child of Felicia""?",the friend of the child of Felicia,s(t(q)),h;;q;;s;;t;;v;;y,Amber = h      the friend of Christina = s(y)  ;;Bryan = t      the friend of Amber = s(h)      ;;Christina = y  the enemy of Dana = w(s)        ;;Dana = s       the enemy of Bryan = w(t)       ;;Elizabeth = v  the parent of Elizabeth = k(v)  ;;Felicia = q    the child of Felicia = t(q)     ,58,4
3,R,SemanticApproach.INTENSIONAL,Representation.ABSTRACT,0_R_ff4,English phrases can be translated into formulae. Use the following translations to answer the question.;;;;,";;;;Here is an example of how to get a formula for a phrase.;;What is the formula for ""the enemy of the parent of Amber""?;;;;Here are the steps to arrive at the answer:;;1. the parent of Amber = k(h);;2. the enemy of the parent of Amber = w(k(h));;;;So the answer is w(k(h));;;;What is the formula for ""the friend of the friend of Elizabeth""?",the friend of the friend of Elizabeth,s(s(v)),h;;q;;s;;t;;v;;y,Amber = h      the friend of Christina = s(y)  ;;Bryan = t      the friend of Amber = s(h)      ;;Christina = y  the enemy of Dana = w(s)        ;;Dana = s       the enemy of Bryan = w(t)       ;;Elizabeth = v  the parent of Elizabeth = k(v)  ;;Felicia = q    the child of Felicia = t(q)     ,45,5
3,R,SemanticApproach.INTENSIONAL,Representation.ABSTRACT,0_R_fp4,English phrases can be translated into formulae. Use the following translations to answer the question.;;;;,";;;;Here is an example of how to get a formula for a phrase.;;What is the formula for ""the enemy of the parent of Amber""?;;;;Here are the steps to arrive at the answer:;;1. the parent of Amber = k(h);;2. the enemy of the parent of Amber = w(k(h));;;;So the answer is w(k(h));;;;What is the formula for ""the friend of the parent of Elizabeth""?",the friend of the parent of Elizabeth,s(k(v)),h;;q;;s;;t;;v;;y,Amber = h      the friend of Christina = s(y)  ;;Bryan = t      the friend of Amber = s(h)      ;;Christina = y  the enemy of Dana = w(s)        ;;Dana = s       the enemy of Bryan = w(t)       ;;Elizabeth = v  the parent of Elizabeth = k(v)  ;;Felicia = q    the child of Felicia = t(q)     ,50,6
3,R,SemanticApproach.INTENSIONAL,Representation.ABSTRACT,0_R_ef4,English phrases can be translated into formulae. Use the following translations to answer the question.;;;;,";;;;Here is an example of how to get a formula for a phrase.;;What is the formula for ""the enemy of the parent of Amber""?;;;;Here are the steps to arrive at the answer:;;1. the parent of Amber = k(h);;2. the enemy of the parent of Amber = w(k(h));;;;So the answer is w(k(h));;;;What is the formula for ""the enemy of the friend of Elizabeth""?",the enemy of the friend of Elizabeth,w(s(v)),h;;q;;s;;t;;v;;y,Amber = h      the friend of Christina = s(y)  ;;Bryan = t      the friend of Amber = s(h)      ;;Christina = y  the enemy of Dana = w(s)        ;;Dana = s       the enemy of Bryan = w(t)       ;;Elizabeth = v  the parent of Elizabeth = k(v)  ;;Felicia = q    the child of Felicia = t(q)     ,46,7
3,R,SemanticApproach.INTENSIONAL,Representation.ABSTRACT,0_R_pe5,English phrases can be translated into formulae. Use the following translations to answer the question.;;;;,";;;;Here is an example of how to get a formula for a phrase.;;What is the formula for ""the enemy of the parent of Amber""?;;;;Here are the steps to arrive at the answer:;;1. the parent of Amber = k(h);;2. the enemy of the parent of Amber = w(k(h));;;;So the answer is w(k(h));;;;What is the formula for ""the parent of the enemy of Felicia""?",the parent of the enemy of Felicia,k(w(q)),h;;q;;s;;t;;v;;y,Amber = h      the friend of Christina = s(y)  ;;Bryan = t      the friend of Amber = s(h)      ;;Christina = y  the enemy of Dana = w(s)        ;;Dana = s       the enemy of Bryan = w(t)       ;;Elizabeth = v  the parent of Elizabeth = k(v)  ;;Felicia = q    the child of Felicia = t(q)     ,57,8
3,R,SemanticApproach.INTENSIONAL,Representation.ABSTRACT,0_R_cp4,English phrases can be translated into formulae. Use the following translations to answer the question.;;;;,";;;;Here is an example of how to get a formula for a phrase.;;What is the formula for ""the enemy of the parent of Amber""?;;;;Here are the steps to arrive at the answer:;;1. the parent of Amber = k(h);;2. the enemy of the parent of Amber = w(k(h));;;;So the answer is w(k(h));;;;What is the formula for ""the child of the parent of Elizabeth""?",the child of the parent of Elizabeth,t(k(v)),h;;q;;s;;t;;v;;y,Amber = h      the friend of Christina = s(y)  ;;Bryan = t      the friend of Amber = s(h)      ;;Christina = y  the enemy of Dana = w(s)        ;;Dana = s       the enemy of Bryan = w(t)       ;;Elizabeth = v  the parent of Elizabeth = k(v)  ;;Felicia = q    the child of Felicia = t(q)     ,52,9
3,R,SemanticApproach.INTENSIONAL,Representation.ABSTRACT,0_R_ff5,English phrases can be translated into formulae. Use the following translations to answer the question.;;;;,";;;;Here is an example of how to get a formula for a phrase.;;What is the formula for ""the enemy of the parent of Amber""?;;;;Here are the steps to arrive at the answer:;;1. the parent of Amber = k(h);;2. the enemy of the parent of Amber = w(k(h));;;;So the answer is w(k(h));;;;What is the formula for ""the friend of the friend of Felicia""?",the friend of the friend of Felicia,s(s(q)),h;;q;;s;;t;;v;;y,Amber = h      the friend of Christina = s(y)  ;;Bryan = t      the friend of Amber = s(h)      ;;Christina = y  the enemy of Dana = w(s)        ;;Dana = s       the enemy of Bryan = w(t)       ;;Elizabeth = v  the parent of Elizabeth = k(v)  ;;Felicia = q    the child of Felicia = t(q)     ,53,10
3,R,SemanticApproach.INTENSIONAL,Representation.ABSTRACT,0_R_cp2,English phrases can be translated into formulae. Use the following translations to answer the question.;;;;,";;;;Here is an example of how to get a formula for a phrase.;;What is the formula for ""the enemy of the parent of Amber""?;;;;Here are the steps to arrive at the answer:;;1. the parent of Amber = k(h);;2. the enemy of the parent of Amber = w(k(h));;;;So the answer is w(k(h));;;;What is the formula for ""the child of the parent of Dana""?",the child of the parent of Dana,t(k(s)),h;;q;;s;;t;;v;;y,Amber = h      the friend of Christina = s(y)  ;;Bryan = t      the friend of Amber = s(h)      ;;Christina = y  the enemy of Dana = w(s)        ;;Dana = s       the enemy of Bryan = w(t)       ;;Elizabeth = v  the parent of Elizabeth = k(v)  ;;Felicia = q    the child of Felicia = t(q)     ,40,11
3,R,SemanticApproach.INTENSIONAL,Representation.ABSTRACT,0_R_ef3,English phrases can be translated into formulae. Use the following translations to answer the question.;;;;,";;;;Here is an example of how to get a formula for a phrase.;;What is the formula for ""the enemy of the parent of Amber""?;;;;Here are the steps to arrive at the answer:;;1. the parent of Amber = k(h);;2. the enemy of the parent of Amber = w(k(h));;;;So the answer is w(k(h));;;;What is the formula for ""the enemy of the friend of Bryan""?",the enemy of the friend of Bryan,w(s(t)),h;;q;;s;;t;;v;;y,Amber = h      the friend of Christina = s(y)  ;;Bryan = t      the friend of Amber = s(h)      ;;Christina = y  the enemy of Dana = w(s)        ;;Dana = s       the enemy of Bryan = w(t)       ;;Elizabeth = v  the parent of Elizabeth = k(v)  ;;Felicia = q    the child of Felicia = t(q)     ,42,12
3,R,SemanticApproach.INTENSIONAL,Representation.ABSTRACT,0_R_cf1,English phrases can be translated into formulae. Use the following translations to answer the question.;;;;,";;;;Here is an example of how to get a formula for a phrase.;;What is the formula for ""the enemy of the parent of Amber""?;;;;Here are the steps to arrive at the answer:;;1. the parent of Amber = k(h);;2. the enemy of the parent of Amber = w(k(h));;;;So the answer is w(k(h));;;;What is the formula for ""the child of the friend of Amber""?",the child of the friend of Amber,t(s(h)),h;;q;;s;;t;;v;;y,Amber = h      the friend of Christina = s(y)  ;;Bryan = t      the friend of Amber = s(h)      ;;Christina = y  the enemy of Dana = w(s)        ;;Dana = s       the enemy of Bryan = w(t)       ;;Elizabeth = v  the parent of Elizabeth = k(v)  ;;Felicia = q    the child of Felicia = t(q)     ,29,13
3,R,SemanticApproach.INTENSIONAL,Representation.ABSTRACT,0_R_ep2,English phrases can be translated into formulae. Use the following translations to answer the question.;;;;,";;;;Here is an example of how to get a formula for a phrase.;;What is the formula for ""the enemy of the parent of Amber""?;;;;Here are the steps to arrive at the answer:;;1. the parent of Amber = k(h);;2. the enemy of the parent of Amber = w(k(h));;;;So the answer is w(k(h));;;;What is the formula for ""the enemy of the parent of Dana""?",the enemy of the parent of Dana,w(k(s)),h;;q;;s;;t;;v;;y,Amber = h      the friend of Christina = s(y)  ;;Bryan = t      the friend of Amber = s(h)      ;;Christina = y  the enemy of Dana = w(s)        ;;Dana = s       the enemy of Bryan = w(t)       ;;Elizabeth = v  the parent of Elizabeth = k(v)  ;;Felicia = q    the child of Felicia = t(q)     ,39,14
3,R,SemanticApproach.INTENSIONAL,Representation.ABSTRACT,0_R_pe1,English phrases can be translated into formulae. Use the following translations to answer the question.;;;;,";;;;Here is an example of how to get a formula for a phrase.;;What is the formula for ""the enemy of the parent of Amber""?;;;;Here are the steps to arrive at the answer:;;1. the parent of Amber = k(h);;2. the enemy of the parent of Amber = w(k(h));;;;So the answer is w(k(h));;;;What is the formula for ""the parent of the enemy of Amber""?",the parent of the enemy of Amber,k(w(h)),h;;q;;s;;t;;v;;y,Amber = h      the friend of Christina = s(y)  ;;Bryan = t      the friend of Amber = s(h)      ;;Christina = y  the enemy of Dana = w(s)        ;;Dana = s       the enemy of Bryan = w(t)       ;;Elizabeth = v  the parent of Elizabeth = k(v)  ;;Felicia = q    the child of Felicia = t(q)     ,31,15
3,R,SemanticApproach.INTENSIONAL,Representation.ABSTRACT,0_R_ce0,English phrases can be translated into formulae. Use the following translations to answer the question.;;;;,";;;;Here is an example of how to get a formula for a phrase.;;What is the formula for ""the enemy of the parent of Amber""?;;;;Here are the steps to arrive at the answer:;;1. the parent of Amber = k(h);;2. the enemy of the parent of Amber = w(k(h));;;;So the answer is w(k(h));;;;What is the formula for ""the child of the enemy of Christina""?",the child of the enemy of Christina,t(w(y)),h;;q;;s;;t;;v;;y,Amber = h      the friend of Christina = s(y)  ;;Bryan = t      the friend of Amber = s(h)      ;;Christina = y  the enemy of Dana = w(s)        ;;Dana = s       the enemy of Bryan = w(t)       ;;Elizabeth = v  the parent of Elizabeth = k(v)  ;;Felicia = q    the child of Felicia = t(q)     ,23,16
3,R,SemanticApproach.INTENSIONAL,Representation.ABSTRACT,0_R_ff3,English phrases can be translated into formulae. Use the following translations to answer the question.;;;;,";;;;Here is an example of how to get a formula for a phrase.;;What is the formula for ""the enemy of the parent of Amber""?;;;;Here are the steps to arrive at the answer:;;1. the parent of Amber = k(h);;2. the enemy of the parent of Amber = w(k(h));;;;So the answer is w(k(h));;;;What is the formula for ""the friend of the friend of Bryan""?",the friend of the friend of Bryan,s(s(t)),h;;q;;s;;t;;v;;y,Amber = h      the friend of Christina = s(y)  ;;Bryan = t      the friend of Amber = s(h)      ;;Christina = y  the enemy of Dana = w(s)        ;;Dana = s       the enemy of Bryan = w(t)       ;;Elizabeth = v  the parent of Elizabeth = k(v)  ;;Felicia = q    the child of Felicia = t(q)     ,41,17
3,R,SemanticApproach.INTENSIONAL,Representation.ABSTRACT,0_R_ef1,English phrases can be translated into formulae. Use the following translations to answer the question.;;;;,";;;;Here is an example of how to get a formula for a phrase.;;What is the formula for ""the enemy of the parent of Amber""?;;;;Here are the steps to arrive at the answer:;;1. the parent of Amber = k(h);;2. the enemy of the parent of Amber = w(k(h));;;;So the answer is w(k(h));;;;What is the formula for ""the enemy of the friend of Amber""?",the enemy of the friend of Amber,w(s(h)),h;;q;;s;;t;;v;;y,Amber = h      the friend of Christina = s(y)  ;;Bryan = t      the friend of Amber = s(h)      ;;Christina = y  the enemy of Dana = w(s)        ;;Dana = s       the enemy of Bryan = w(t)       ;;Elizabeth = v  the parent of Elizabeth = k(v)  ;;Felicia = q    the child of Felicia = t(q)     ,28,18
3,R,SemanticApproach.INTENSIONAL,Representation.ABSTRACT,0_R_ef0,English phrases can be translated into formulae. Use the following translations to answer the question.;;;;,";;;;Here is an example of how to get a formula for a phrase.;;What is the formula for ""the enemy of the parent of Amber""?;;;;Here are the steps to arrive at the answer:;;1. the parent of Amber = k(h);;2. the enemy of the parent of Amber = w(k(h));;;;So the answer is w(k(h));;;;What is the formula for ""the enemy of the friend of Christina""?",the enemy of the friend of Christina,w(s(y)),h;;q;;s;;t;;v;;y,Amber = h      the friend of Christina = s(y)  ;;Bryan = t      the friend of Amber = s(h)      ;;Christina = y  the enemy of Dana = w(s)        ;;Dana = s       the enemy of Bryan = w(t)       ;;Elizabeth = v  the parent of Elizabeth = k(v)  ;;Felicia = q    the child of Felicia = t(q)     ,21,19
3,R,SemanticApproach.INTENSIONAL,Representation.ABSTRACT,0_R_pc5,English phrases can be translated into formulae. Use the following translations to answer the question.;;;;,";;;;Here is an example of how to get a formula for a phrase.;;What is the formula for ""the enemy of the parent of Amber""?;;;;Here are the steps to arrive at the answer:;;1. the parent of Amber = k(h);;2. the enemy of the parent of Amber = w(k(h));;;;So the answer is w(k(h));;;;What is the formula for ""the parent of the child of Felicia""?",the parent of the child of Felicia,k(t(q)),h;;q;;s;;t;;v;;y,Amber = h      the friend of Christina = s(y)  ;;Bryan = t      the friend of Amber = s(h)      ;;Christina = y  the enemy of Dana = w(s)        ;;Dana = s       the enemy of Bryan = w(t)       ;;Elizabeth = v  the parent of Elizabeth = k(v)  ;;Felicia = q    the child of Felicia = t(q)     ,60,20
3,R,SemanticApproach.INTENSIONAL,Representation.ABSTRACT,0_R_fp2,English phrases can be translated into formulae. Use the following translations to answer the question.;;;;,";;;;Here is an example of how to get a formula for a phrase.;;What is the formula for ""the enemy of the parent of Amber""?;;;;Here are the steps to arrive at the answer:;;1. the parent of Amber = k(h);;2. the enemy of the parent of Amber = w(k(h));;;;So the answer is w(k(h));;;;What is the formula for ""the friend of the parent of Dana""?",the friend of the parent of Dana,s(k(s)),h;;q;;s;;t;;v;;y,Amber = h      the friend of Christina = s(y)  ;;Bryan = t      the friend of Amber = s(h)      ;;Christina = y  the enemy of Dana = w(s)        ;;Dana = s       the enemy of Bryan = w(t)       ;;Elizabeth = v  the parent of Elizabeth = k(v)  ;;Felicia = q    the child of Felicia = t(q)     ,38,21
3,R,SemanticApproach.INTENSIONAL,Representation.ABSTRACT,0_R_fc3,English phrases can be translated into formulae. Use the following translations to answer the question.;;;;,";;;;Here is an example of how to get a formula for a phrase.;;What is the formula for ""the enemy of the parent of Amber""?;;;;Here are the steps to arrive at the answer:;;1. the parent of Amber = k(h);;2. the enemy of the parent of Amber = w(k(h));;;;So the answer is w(k(h));;;;What is the formula for ""the friend of the child of Bryan""?",the friend of the child of Bryan,s(t(t)),h;;q;;s;;t;;v;;y,Amber = h      the friend of Christina = s(y)  ;;Bryan = t      the friend of Amber = s(h)      ;;Christina = y  the enemy of Dana = w(s)        ;;Dana = s       the enemy of Bryan = w(t)       ;;Elizabeth = v  the parent of Elizabeth = k(v)  ;;Felicia = q    the child of Felicia = t(q)     ,43,22
3,R,SemanticApproach.INTENSIONAL,Representation.ABSTRACT,0_R_ec5,English phrases can be translated into formulae. Use the following translations to answer the question.;;;;,";;;;Here is an example of how to get a formula for a phrase.;;What is the formula for ""the enemy of the parent of Amber""?;;;;Here are the steps to arrive at the answer:;;1. the parent of Amber = k(h);;2. the enemy of the parent of Amber = w(k(h));;;;So the answer is w(k(h));;;;What is the formula for ""the enemy of the child of Felicia""?",the enemy of the child of Felicia,w(t(q)),h;;q;;s;;t;;v;;y,Amber = h      the friend of Christina = s(y)  ;;Bryan = t      the friend of Amber = s(h)      ;;Christina = y  the enemy of Dana = w(s)        ;;Dana = s       the enemy of Bryan = w(t)       ;;Elizabeth = v  the parent of Elizabeth = k(v)  ;;Felicia = q    the child of Felicia = t(q)     ,59,23
3,R,SemanticApproach.INTENSIONAL,Representation.ABSTRACT,0_R_fe5,English phrases can be translated into formulae. Use the following translations to answer the question.;;;;,";;;;Here is an example of how to get a formula for a phrase.;;What is the formula for ""the enemy of the parent of Amber""?;;;;Here are the steps to arrive at the answer:;;1. the parent of Amber = k(h);;2. the enemy of the parent of Amber = w(k(h));;;;So the answer is w(k(h));;;;What is the formula for ""the friend of the enemy of Felicia""?",the friend of the enemy of Felicia,s(w(q)),h;;q;;s;;t;;v;;y,Amber = h      the friend of Christina = s(y)  ;;Bryan = t      the friend of Amber = s(h)      ;;Christina = y  the enemy of Dana = w(s)        ;;Dana = s       the enemy of Bryan = w(t)       ;;Elizabeth = v  the parent of Elizabeth = k(v)  ;;Felicia = q    the child of Felicia = t(q)     ,55,24
3,R,SemanticApproach.INTENSIONAL,Representation.ABSTRACT,0_R_ce2,English phrases can be translated into formulae. Use the following translations to answer the question.;;;;,";;;;Here is an example of how to get a formula for a phrase.;;What is the formula for ""the enemy of the parent of Amber""?;;;;Here are the steps to arrive at the answer:;;1. the parent of Amber = k(h);;2. the enemy of the parent of Amber = w(k(h));;;;So the answer is w(k(h));;;;What is the formula for ""the child of the enemy of Dana""?",the child of the enemy of Dana,t(w(s)),h;;q;;s;;t;;v;;y,Amber = h      the friend of Christina = s(y)  ;;Bryan = t      the friend of Amber = s(h)      ;;Christina = y  the enemy of Dana = w(s)        ;;Dana = s       the enemy of Bryan = w(t)       ;;Elizabeth = v  the parent of Elizabeth = k(v)  ;;Felicia = q    the child of Felicia = t(q)     ,37,25
3,R,SemanticApproach.INTENSIONAL,Representation.ABSTRACT,0_R_ee2,English phrases can be translated into formulae. Use the following translations to answer the question.;;;;,";;;;Here is an example of how to get a formula for a phrase.;;What is the formula for ""the enemy of the parent of Amber""?;;;;Here are the steps to arrive at the answer:;;1. the parent of Amber = k(h);;2. the enemy of the parent of Amber = w(k(h));;;;So the answer is w(k(h));;;;What is the formula for ""the enemy of the enemy of Dana""?",the enemy of the enemy of Dana,w(w(s)),h;;q;;s;;t;;v;;y,Amber = h      the friend of Christina = s(y)  ;;Bryan = t      the friend of Amber = s(h)      ;;Christina = y  the enemy of Dana = w(s)        ;;Dana = s       the enemy of Bryan = w(t)       ;;Elizabeth = v  the parent of Elizabeth = k(v)  ;;Felicia = q    the child of Felicia = t(q)     ,36,26
3,R,SemanticApproach.INTENSIONAL,Representation.ABSTRACT,0_R_ef2,English phrases can be translated into formulae. Use the following translations to answer the question.;;;;,";;;;Here is an example of how to get a formula for a phrase.;;What is the formula for ""the enemy of the parent of Amber""?;;;;Here are the steps to arrive at the answer:;;1. the parent of Amber = k(h);;2. the enemy of the parent of Amber = w(k(h));;;;So the answer is w(k(h));;;;What is the formula for ""the enemy of the friend of Dana""?",the enemy of the friend of Dana,w(s(s)),h;;q;;s;;t;;v;;y,Amber = h      the friend of Christina = s(y)  ;;Bryan = t      the friend of Amber = s(h)      ;;Christina = y  the enemy of Dana = w(s)        ;;Dana = s       the enemy of Bryan = w(t)       ;;Elizabeth = v  the parent of Elizabeth = k(v)  ;;Felicia = q    the child of Felicia = t(q)     ,33,27
3,R,SemanticApproach.INTENSIONAL,Representation.ABSTRACT,0_R_fe4,English phrases can be translated into formulae. Use the following translations to answer the question.;;;;,";;;;Here is an example of how to get a formula for a phrase.;;What is the formula for ""the enemy of the parent of Amber""?;;;;Here are the steps to arrive at the answer:;;1. the parent of Amber = k(h);;2. the enemy of the parent of Amber = w(k(h));;;;So the answer is w(k(h));;;;What is the formula for ""the friend of the enemy of Elizabeth""?",the friend of the enemy of Elizabeth,s(w(v)),h;;q;;s;;t;;v;;y,Amber = h      the friend of Christina = s(y)  ;;Bryan = t      the friend of Amber = s(h)      ;;Christina = y  the enemy of Dana = w(s)        ;;Dana = s       the enemy of Bryan = w(t)       ;;Elizabeth = v  the parent of Elizabeth = k(v)  ;;Felicia = q    the child of Felicia = t(q)     ,48,28
3,R,SemanticApproach.INTENSIONAL,Representation.ABSTRACT,0_R_ec0,English phrases can be translated into formulae. Use the following translations to answer the question.;;;;,";;;;Here is an example of how to get a formula for a phrase.;;What is the formula for ""the enemy of the parent of Amber""?;;;;Here are the steps to arrive at the answer:;;1. the parent of Amber = k(h);;2. the enemy of the parent of Amber = w(k(h));;;;So the answer is w(k(h));;;;What is the formula for ""the enemy of the child of Christina""?",the enemy of the child of Christina,w(t(y)),h;;q;;s;;t;;v;;y,Amber = h      the friend of Christina = s(y)  ;;Bryan = t      the friend of Amber = s(h)      ;;Christina = y  the enemy of Dana = w(s)        ;;Dana = s       the enemy of Bryan = w(t)       ;;Elizabeth = v  the parent of Elizabeth = k(v)  ;;Felicia = q    the child of Felicia = t(q)     ,25,29
3,R,SemanticApproach.INTENSIONAL,Representation.ABSTRACT,0_R_ee1,English phrases can be translated into formulae. Use the following translations to answer the question.;;;;,";;;;Here is an example of how to get a formula for a phrase.;;What is the formula for ""the enemy of the parent of Amber""?;;;;Here are the steps to arrive at the answer:;;1. the parent of Amber = k(h);;2. the enemy of the parent of Amber = w(k(h));;;;So the answer is w(k(h));;;;What is the formula for ""the enemy of the enemy of Amber""?",the enemy of the enemy of Amber,w(w(h)),h;;q;;s;;t;;v;;y,Amber = h      the friend of Christina = s(y)  ;;Bryan = t      the friend of Amber = s(h)      ;;Christina = y  the enemy of Dana = w(s)        ;;Dana = s       the enemy of Bryan = w(t)       ;;Elizabeth = v  the parent of Elizabeth = k(v)  ;;Felicia = q    the child of Felicia = t(q)     ,30,30
3,R,SemanticApproach.INTENSIONAL,Representation.ABSTRACT,0_R_ff1,English phrases can be translated into formulae. Use the following translations to answer the question.;;;;,";;;;Here is an example of how to get a formula for a phrase.;;What is the formula for ""the enemy of the parent of Amber""?;;;;Here are the steps to arrive at the answer:;;1. the parent of Amber = k(h);;2. the enemy of the parent of Amber = w(k(h));;;;So the answer is w(k(h));;;;What is the formula for ""the friend of the friend of Amber""?",the friend of the friend of Amber,s(s(h)),h;;q;;s;;t;;v;;y,Amber = h      the friend of Christina = s(y)  ;;Bryan = t      the friend of Amber = s(h)      ;;Christina = y  the enemy of Dana = w(s)        ;;Dana = s       the enemy of Bryan = w(t)       ;;Elizabeth = v  the parent of Elizabeth = k(v)  ;;Felicia = q    the child of Felicia = t(q)     ,27,31
3,R,SemanticApproach.INTENSIONAL,Representation.ABSTRACT,0_R_pf2,English phrases can be translated into formulae. Use the following translations to answer the question.;;;;,";;;;Here is an example of how to get a formula for a phrase.;;What is the formula for ""the enemy of the parent of Amber""?;;;;Here are the steps to arrive at the answer:;;1. the parent of Amber = k(h);;2. the enemy of the parent of Amber = w(k(h));;;;So the answer is w(k(h));;;;What is the formula for ""the parent of the friend of Dana""?",the parent of the friend of Dana,k(s(s)),h;;q;;s;;t;;v;;y,Amber = h      the friend of Christina = s(y)  ;;Bryan = t      the friend of Amber = s(h)      ;;Christina = y  the enemy of Dana = w(s)        ;;Dana = s       the enemy of Bryan = w(t)       ;;Elizabeth = v  the parent of Elizabeth = k(v)  ;;Felicia = q    the child of Felicia = t(q)     ,34,32
3,R,SemanticApproach.INTENSIONAL,Representation.ABSTRACT,0_R_ee4,English phrases can be translated into formulae. Use the following translations to answer the question.;;;;,";;;;Here is an example of how to get a formula for a phrase.;;What is the formula for ""the enemy of the parent of Amber""?;;;;Here are the steps to arrive at the answer:;;1. the parent of Amber = k(h);;2. the enemy of the parent of Amber = w(k(h));;;;So the answer is w(k(h));;;;What is the formula for ""the enemy of the enemy of Elizabeth""?",the enemy of the enemy of Elizabeth,w(w(v)),h;;q;;s;;t;;v;;y,Amber = h      the friend of Christina = s(y)  ;;Bryan = t      the friend of Amber = s(h)      ;;Christina = y  the enemy of Dana = w(s)        ;;Dana = s       the enemy of Bryan = w(t)       ;;Elizabeth = v  the parent of Elizabeth = k(v)  ;;Felicia = q    the child of Felicia = t(q)     ,49,33
3,R,SemanticApproach.INTENSIONAL,Representation.ABSTRACT,0_R_fc0,English phrases can be translated into formulae. Use the following translations to answer the question.;;;;,";;;;Here is an example of how to get a formula for a phrase.;;What is the formula for ""the enemy of the parent of Amber""?;;;;Here are the steps to arrive at the answer:;;1. the parent of Amber = k(h);;2. the enemy of the parent of Amber = w(k(h));;;;So the answer is w(k(h));;;;What is the formula for ""the friend of the child of Christina""?",the friend of the child of Christina,s(t(y)),h;;q;;s;;t;;v;;y,Amber = h      the friend of Christina = s(y)  ;;Bryan = t      the friend of Amber = s(h)      ;;Christina = y  the enemy of Dana = w(s)        ;;Dana = s       the enemy of Bryan = w(t)       ;;Elizabeth = v  the parent of Elizabeth = k(v)  ;;Felicia = q    the child of Felicia = t(q)     ,24,34
3,R,SemanticApproach.INTENSIONAL,Representation.ABSTRACT,0_R_ec3,English phrases can be translated into formulae. Use the following translations to answer the question.;;;;,";;;;Here is an example of how to get a formula for a phrase.;;What is the formula for ""the enemy of the parent of Amber""?;;;;Here are the steps to arrive at the answer:;;1. the parent of Amber = k(h);;2. the enemy of the parent of Amber = w(k(h));;;;So the answer is w(k(h));;;;What is the formula for ""the enemy of the child of Bryan""?",the enemy of the child of Bryan,w(t(t)),h;;q;;s;;t;;v;;y,Amber = h      the friend of Christina = s(y)  ;;Bryan = t      the friend of Amber = s(h)      ;;Christina = y  the enemy of Dana = w(s)        ;;Dana = s       the enemy of Bryan = w(t)       ;;Elizabeth = v  the parent of Elizabeth = k(v)  ;;Felicia = q    the child of Felicia = t(q)     ,44,35
3,R,SemanticApproach.INTENSIONAL,Representation.ABSTRACT,0_R_cf5,English phrases can be translated into formulae. Use the following translations to answer the question.;;;;,";;;;Here is an example of how to get a formula for a phrase.;;What is the formula for ""the enemy of the parent of Amber""?;;;;Here are the steps to arrive at the answer:;;1. the parent of Amber = k(h);;2. the enemy of the parent of Amber = w(k(h));;;;So the answer is w(k(h));;;;What is the formula for ""the child of the friend of Felicia""?",the child of the friend of Felicia,t(s(q)),h;;q;;s;;t;;v;;y,Amber = h      the friend of Christina = s(y)  ;;Bryan = t      the friend of Amber = s(h)      ;;Christina = y  the enemy of Dana = w(s)        ;;Dana = s       the enemy of Bryan = w(t)       ;;Elizabeth = v  the parent of Elizabeth = k(v)  ;;Felicia = q    the child of Felicia = t(q)     ,54,36
3,R,SemanticApproach.INTENSIONAL,Representation.ABSTRACT,0_R_fe2,English phrases can be translated into formulae. Use the following translations to answer the question.;;;;,";;;;Here is an example of how to get a formula for a phrase.;;What is the formula for ""the enemy of the parent of Amber""?;;;;Here are the steps to arrive at the answer:;;1. the parent of Amber = k(h);;2. the enemy of the parent of Amber = w(k(h));;;;So the answer is w(k(h));;;;What is the formula for ""the friend of the enemy of Dana""?",the friend of the enemy of Dana,s(w(s)),h;;q;;s;;t;;v;;y,Amber = h      the friend of Christina = s(y)  ;;Bryan = t      the friend of Amber = s(h)      ;;Christina = y  the enemy of Dana = w(s)        ;;Dana = s       the enemy of Bryan = w(t)       ;;Elizabeth = v  the parent of Elizabeth = k(v)  ;;Felicia = q    the child of Felicia = t(q)     ,35,37
3,R,SemanticApproach.INTENSIONAL,Representation.ABSTRACT,0_R_ff2,English phrases can be translated into formulae. Use the following translations to answer the question.;;;;,";;;;Here is an example of how to get a formula for a phrase.;;What is the formula for ""the enemy of the parent of Amber""?;;;;Here are the steps to arrive at the answer:;;1. the parent of Amber = k(h);;2. the enemy of the parent of Amber = w(k(h));;;;So the answer is w(k(h));;;;What is the formula for ""the friend of the friend of Dana""?",the friend of the friend of Dana,s(s(s)),h;;q;;s;;t;;v;;y,Amber = h      the friend of Christina = s(y)  ;;Bryan = t      the friend of Amber = s(h)      ;;Christina = y  the enemy of Dana = w(s)        ;;Dana = s       the enemy of Bryan = w(t)       ;;Elizabeth = v  the parent of Elizabeth = k(v)  ;;Felicia = q    the child of Felicia = t(q)     ,32,38
3,R,SemanticApproach.INTENSIONAL,Representation.ABSTRACT,0_R_ep4,English phrases can be translated into formulae. Use the following translations to answer the question.;;;;,";;;;Here is an example of how to get a formula for a phrase.;;What is the formula for ""the enemy of the parent of Amber""?;;;;Here are the steps to arrive at the answer:;;1. the parent of Amber = k(h);;2. the enemy of the parent of Amber = w(k(h));;;;So the answer is w(k(h));;;;What is the formula for ""the enemy of the parent of Elizabeth""?",the enemy of the parent of Elizabeth,w(k(v)),h;;q;;s;;t;;v;;y,Amber = h      the friend of Christina = s(y)  ;;Bryan = t      the friend of Amber = s(h)      ;;Christina = y  the enemy of Dana = w(s)        ;;Dana = s       the enemy of Bryan = w(t)       ;;Elizabeth = v  the parent of Elizabeth = k(v)  ;;Felicia = q    the child of Felicia = t(q)     ,51,39
3,L,SemanticApproach.EXTENSIONAL,Representation.ENGLISH,0_L_fe2,"Imagine there are six people: Amber, Bryan, Christina, Dana, Elizabeth and Felicia. They have the following relationships to each other:;;;;",;;Here is how to figure out the answer to the following question:;;Who is Amber's parent's enemy?;;;;Here are the steps to arrive at the answer:;;1. Amber's parent = Bryan;;2. Bryan's enemy = Christina;;;;So the answer is Christina;;;;Now answer the following question:;;Who is Dana's enemy's friend?,Dana's enemy's friend,Bryan,Amber;;Bryan;;Christina;;Dana;;Elizabeth;;Felicia,Amber's enemy = Elizabeth  Amber's friend = Christina  Amber's parent = Bryan          Bryan's child = Amber          ;;Bryan's enemy = Christina  Bryan's friend = Felicia    Dana's parent = Felicia         Christina's child = Elizabeth  ;;Christina's enemy = Bryan  Christina's friend = Amber  Elizabeth's parent = Christina  Felicia's child = Dana         ;;Dana's enemy = Felicia     Dana's friend = Elizabeth   ;;Elizabeth's enemy = Amber  Elizabeth's friend = Dana   ;;Felicia's enemy = Dana     Felicia's friend = Bryan    ,135,0
3,L,SemanticApproach.EXTENSIONAL,Representation.ENGLISH,0_L_cp2,"Imagine there are six people: Amber, Bryan, Christina, Dana, Elizabeth and Felicia. They have the following relationships to each other:;;;;",;;Here is how to figure out the answer to the following question:;;Who is Amber's parent's enemy?;;;;Here are the steps to arrive at the answer:;;1. Amber's parent = Bryan;;2. Bryan's enemy = Christina;;;;So the answer is Christina;;;;Now answer the following question:;;Who is Dana's parent's child?,Dana's parent's child,Dana,Amber;;Bryan;;Christina;;Dana;;Elizabeth;;Felicia,Amber's enemy = Elizabeth  Amber's friend = Christina  Amber's parent = Bryan          Bryan's child = Amber          ;;Bryan's enemy = Christina  Bryan's friend = Felicia    Dana's parent = Felicia         Christina's child = Elizabeth  ;;Christina's enemy = Bryan  Christina's friend = Amber  Elizabeth's parent = Christina  Felicia's child = Dana         ;;Dana's enemy = Felicia     Dana's friend = Elizabeth   ;;Elizabeth's enemy = Amber  Elizabeth's friend = Dana   ;;Felicia's enemy = Dana     Felicia's friend = Bryan    ,140,1
3,L,SemanticApproach.EXTENSIONAL,Representation.ENGLISH,0_L_ef2,"Imagine there are six people: Amber, Bryan, Christina, Dana, Elizabeth and Felicia. They have the following relationships to each other:;;;;",;;Here is how to figure out the answer to the following question:;;Who is Amber's parent's enemy?;;;;Here are the steps to arrive at the answer:;;1. Amber's parent = Bryan;;2. Bryan's enemy = Christina;;;;So the answer is Christina;;;;Now answer the following question:;;Who is Dana's friend's enemy?,Dana's friend's enemy,Amber,Amber;;Bryan;;Christina;;Dana;;Elizabeth;;Felicia,Amber's enemy = Elizabeth  Amber's friend = Christina  Amber's parent = Bryan          Bryan's child = Amber          ;;Bryan's enemy = Christina  Bryan's friend = Felicia    Dana's parent = Felicia         Christina's child = Elizabeth  ;;Christina's enemy = Bryan  Christina's friend = Amber  Elizabeth's parent = Christina  Felicia's child = Dana         ;;Dana's enemy = Felicia     Dana's friend = Elizabeth   ;;Elizabeth's enemy = Amber  Elizabeth's friend = Dana   ;;Felicia's enemy = Dana     Felicia's friend = Bryan    ,133,2
3,L,SemanticApproach.EXTENSIONAL,Representation.ENGLISH,0_L_ff5,"Imagine there are six people: Amber, Bryan, Christina, Dana, Elizabeth and Felicia. They have the following relationships to each other:;;;;",;;Here is how to figure out the answer to the following question:;;Who is Amber's parent's enemy?;;;;Here are the steps to arrive at the answer:;;1. Amber's parent = Bryan;;2. Bryan's enemy = Christina;;;;So the answer is Christina;;;;Now answer the following question:;;Who is Felicia's friend's friend?,Felicia's friend's friend,Felicia,Amber;;Bryan;;Christina;;Dana;;Elizabeth;;Felicia,Amber's enemy = Elizabeth  Amber's friend = Christina  Amber's parent = Bryan          Bryan's child = Amber          ;;Bryan's enemy = Christina  Bryan's friend = Felicia    Dana's parent = Felicia         Christina's child = Elizabeth  ;;Christina's enemy = Bryan  Christina's friend = Amber  Elizabeth's parent = Christina  Felicia's child = Dana         ;;Dana's enemy = Felicia     Dana's friend = Elizabeth   ;;Elizabeth's enemy = Amber  Elizabeth's friend = Dana   ;;Felicia's enemy = Dana     Felicia's friend = Bryan    ,153,3
3,L,SemanticApproach.EXTENSIONAL,Representation.ENGLISH,0_L_ef1,"Imagine there are six people: Amber, Bryan, Christina, Dana, Elizabeth and Felicia. They have the following relationships to each other:;;;;",;;Here is how to figure out the answer to the following question:;;Who is Amber's parent's enemy?;;;;Here are the steps to arrive at the answer:;;1. Amber's parent = Bryan;;2. Bryan's enemy = Christina;;;;So the answer is Christina;;;;Now answer the following question:;;Who is Amber's friend's enemy?,Amber's friend's enemy,Bryan,Amber;;Bryan;;Christina;;Dana;;Elizabeth;;Felicia,Amber's enemy = Elizabeth  Amber's friend = Christina  Amber's parent = Bryan          Bryan's child = Amber          ;;Bryan's enemy = Christina  Bryan's friend = Felicia    Dana's parent = Felicia         Christina's child = Elizabeth  ;;Christina's enemy = Bryan  Christina's friend = Amber  Elizabeth's parent = Christina  Felicia's child = Dana         ;;Dana's enemy = Felicia     Dana's friend = Elizabeth   ;;Elizabeth's enemy = Amber  Elizabeth's friend = Dana   ;;Felicia's enemy = Dana     Felicia's friend = Bryan    ,128,4
3,L,SemanticApproach.EXTENSIONAL,Representation.ENGLISH,0_L_pf2,"Imagine there are six people: Amber, Bryan, Christina, Dana, Elizabeth and Felicia. They have the following relationships to each other:;;;;",;;Here is how to figure out the answer to the following question:;;Who is Amber's parent's enemy?;;;;Here are the steps to arrive at the answer:;;1. Amber's parent = Bryan;;2. Bryan's enemy = Christina;;;;So the answer is Christina;;;;Now answer the following question:;;Who is Dana's friend's parent?,Dana's friend's parent,Christina,Amber;;Bryan;;Christina;;Dana;;Elizabeth;;Felicia,Amber's enemy = Elizabeth  Amber's friend = Christina  Amber's parent = Bryan          Bryan's child = Amber          ;;Bryan's enemy = Christina  Bryan's friend = Felicia    Dana's parent = Felicia         Christina's child = Elizabeth  ;;Christina's enemy = Bryan  Christina's friend = Amber  Elizabeth's parent = Christina  Felicia's child = Dana         ;;Dana's enemy = Felicia     Dana's friend = Elizabeth   ;;Elizabeth's enemy = Amber  Elizabeth's friend = Dana   ;;Felicia's enemy = Dana     Felicia's friend = Bryan    ,134,5
3,L,SemanticApproach.EXTENSIONAL,Representation.ENGLISH,0_L_ee5,"Imagine there are six people: Amber, Bryan, Christina, Dana, Elizabeth and Felicia. They have the following relationships to each other:;;;;",;;Here is how to figure out the answer to the following question:;;Who is Amber's parent's enemy?;;;;Here are the steps to arrive at the answer:;;1. Amber's parent = Bryan;;2. Bryan's enemy = Christina;;;;So the answer is Christina;;;;Now answer the following question:;;Who is Felicia's enemy's enemy?,Felicia's enemy's enemy,Felicia,Amber;;Bryan;;Christina;;Dana;;Elizabeth;;Felicia,Amber's enemy = Elizabeth  Amber's friend = Christina  Amber's parent = Bryan          Bryan's child = Amber          ;;Bryan's enemy = Christina  Bryan's friend = Felicia    Dana's parent = Felicia         Christina's child = Elizabeth  ;;Christina's enemy = Bryan  Christina's friend = Amber  Elizabeth's parent = Christina  Felicia's child = Dana         ;;Dana's enemy = Felicia     Dana's friend = Elizabeth   ;;Elizabeth's enemy = Amber  Elizabeth's friend = Dana   ;;Felicia's enemy = Dana     Felicia's friend = Bryan    ,156,6
3,L,SemanticApproach.EXTENSIONAL,Representation.ENGLISH,0_L_ef3,"Imagine there are six people: Amber, Bryan, Christina, Dana, Elizabeth and Felicia. They have the following relationships to each other:;;;;",;;Here is how to figure out the answer to the following question:;;Who is Amber's parent's enemy?;;;;Here are the steps to arrive at the answer:;;1. Amber's parent = Bryan;;2. Bryan's enemy = Christina;;;;So the answer is Christina;;;;Now answer the following question:;;Who is Bryan's friend's enemy?,Bryan's friend's enemy,Dana,Amber;;Bryan;;Christina;;Dana;;Elizabeth;;Felicia,Amber's enemy = Elizabeth  Amber's friend = Christina  Amber's parent = Bryan          Bryan's child = Amber          ;;Bryan's enemy = Christina  Bryan's friend = Felicia    Dana's parent = Felicia         Christina's child = Elizabeth  ;;Christina's enemy = Bryan  Christina's friend = Amber  Elizabeth's parent = Christina  Felicia's child = Dana         ;;Dana's enemy = Felicia     Dana's friend = Elizabeth   ;;Elizabeth's enemy = Amber  Elizabeth's friend = Dana   ;;Felicia's enemy = Dana     Felicia's friend = Bryan    ,142,7
3,L,SemanticApproach.EXTENSIONAL,Representation.ENGLISH,0_L_ce2,"Imagine there are six people: Amber, Bryan, Christina, Dana, Elizabeth and Felicia. They have the following relationships to each other:;;;;",;;Here is how to figure out the answer to the following question:;;Who is Amber's parent's enemy?;;;;Here are the steps to arrive at the answer:;;1. Amber's parent = Bryan;;2. Bryan's enemy = Christina;;;;So the answer is Christina;;;;Now answer the following question:;;Who is Dana's enemy's child?,Dana's enemy's child,Dana,Amber;;Bryan;;Christina;;Dana;;Elizabeth;;Felicia,Amber's enemy = Elizabeth  Amber's friend = Christina  Amber's parent = Bryan          Bryan's child = Amber          ;;Bryan's enemy = Christina  Bryan's friend = Felicia    Dana's parent = Felicia         Christina's child = Elizabeth  ;;Christina's enemy = Bryan  Christina's friend = Amber  Elizabeth's parent = Christina  Felicia's child = Dana         ;;Dana's enemy = Felicia     Dana's friend = Elizabeth   ;;Elizabeth's enemy = Amber  Elizabeth's friend = Dana   ;;Felicia's enemy = Dana     Felicia's friend = Bryan    ,137,8
3,L,SemanticApproach.EXTENSIONAL,Representation.ENGLISH,0_L_fp2,"Imagine there are six people: Amber, Bryan, Christina, Dana, Elizabeth and Felicia. They have the following relationships to each other:;;;;",;;Here is how to figure out the answer to the following question:;;Who is Amber's parent's enemy?;;;;Here are the steps to arrive at the answer:;;1. Amber's parent = Bryan;;2. Bryan's enemy = Christina;;;;So the answer is Christina;;;;Now answer the following question:;;Who is Dana's parent's friend?,Dana's parent's friend,Bryan,Amber;;Bryan;;Christina;;Dana;;Elizabeth;;Felicia,Amber's enemy = Elizabeth  Amber's friend = Christina  Amber's parent = Bryan          Bryan's child = Amber          ;;Bryan's enemy = Christina  Bryan's friend = Felicia    Dana's parent = Felicia         Christina's child = Elizabeth  ;;Christina's enemy = Bryan  Christina's friend = Amber  Elizabeth's parent = Christina  Felicia's child = Dana         ;;Dana's enemy = Felicia     Dana's friend = Elizabeth   ;;Elizabeth's enemy = Amber  Elizabeth's friend = Dana   ;;Felicia's enemy = Dana     Felicia's friend = Bryan    ,138,9
3,L,SemanticApproach.EXTENSIONAL,Representation.ENGLISH,0_L_fe5,"Imagine there are six people: Amber, Bryan, Christina, Dana, Elizabeth and Felicia. They have the following relationships to each other:;;;;",;;Here is how to figure out the answer to the following question:;;Who is Amber's parent's enemy?;;;;Here are the steps to arrive at the answer:;;1. Amber's parent = Bryan;;2. Bryan's enemy = Christina;;;;So the answer is Christina;;;;Now answer the following question:;;Who is Felicia's enemy's friend?,Felicia's enemy's friend,Elizabeth,Amber;;Bryan;;Christina;;Dana;;Elizabeth;;Felicia,Amber's enemy = Elizabeth  Amber's friend = Christina  Amber's parent = Bryan          Bryan's child = Amber          ;;Bryan's enemy = Christina  Bryan's friend = Felicia    Dana's parent = Felicia         Christina's child = Elizabeth  ;;Christina's enemy = Bryan  Christina's friend = Amber  Elizabeth's parent = Christina  Felicia's child = Dana         ;;Dana's enemy = Felicia     Dana's friend = Elizabeth   ;;Elizabeth's enemy = Amber  Elizabeth's friend = Dana   ;;Felicia's enemy = Dana     Felicia's friend = Bryan    ,155,10
3,L,SemanticApproach.EXTENSIONAL,Representation.ENGLISH,0_L_fc3,"Imagine there are six people: Amber, Bryan, Christina, Dana, Elizabeth and Felicia. They have the following relationships to each other:;;;;",;;Here is how to figure out the answer to the following question:;;Who is Amber's parent's enemy?;;;;Here are the steps to arrive at the answer:;;1. Amber's parent = Bryan;;2. Bryan's enemy = Christina;;;;So the answer is Christina;;;;Now answer the following question:;;Who is Bryan's child's friend?,Bryan's child's friend,Christina,Amber;;Bryan;;Christina;;Dana;;Elizabeth;;Felicia,Amber's enemy = Elizabeth  Amber's friend = Christina  Amber's parent = Bryan          Bryan's child = Amber          ;;Bryan's enemy = Christina  Bryan's friend = Felicia    Dana's parent = Felicia         Christina's child = Elizabeth  ;;Christina's enemy = Bryan  Christina's friend = Amber  Elizabeth's parent = Christina  Felicia's child = Dana         ;;Dana's enemy = Felicia     Dana's friend = Elizabeth   ;;Elizabeth's enemy = Amber  Elizabeth's friend = Dana   ;;Felicia's enemy = Dana     Felicia's friend = Bryan    ,143,11
3,L,SemanticApproach.EXTENSIONAL,Representation.ENGLISH,0_L_ep4,"Imagine there are six people: Amber, Bryan, Christina, Dana, Elizabeth and Felicia. They have the following relationships to each other:;;;;",;;Here is how to figure out the answer to the following question:;;Who is Amber's parent's enemy?;;;;Here are the steps to arrive at the answer:;;1. Amber's parent = Bryan;;2. Bryan's enemy = Christina;;;;So the answer is Christina;;;;Now answer the following question:;;Who is Elizabeth's parent's enemy?,Elizabeth's parent's enemy,Bryan,Amber;;Bryan;;Christina;;Dana;;Elizabeth;;Felicia,Amber's enemy = Elizabeth  Amber's friend = Christina  Amber's parent = Bryan          Bryan's child = Amber          ;;Bryan's enemy = Christina  Bryan's friend = Felicia    Dana's parent = Felicia         Christina's child = Elizabeth  ;;Christina's enemy = Bryan  Christina's friend = Amber  Elizabeth's parent = Christina  Felicia's child = Dana         ;;Dana's enemy = Felicia     Dana's friend = Elizabeth   ;;Elizabeth's enemy = Amber  Elizabeth's friend = Dana   ;;Felicia's enemy = Dana     Felicia's friend = Bryan    ,151,12
3,L,SemanticApproach.EXTENSIONAL,Representation.ENGLISH,0_L_ff1,"Imagine there are six people: Amber, Bryan, Christina, Dana, Elizabeth and Felicia. They have the following relationships to each other:;;;;",;;Here is how to figure out the answer to the following question:;;Who is Amber's parent's enemy?;;;;Here are the steps to arrive at the answer:;;1. Amber's parent = Bryan;;2. Bryan's enemy = Christina;;;;So the answer is Christina;;;;Now answer the following question:;;Who is Amber's friend's friend?,Amber's friend's friend,Amber,Amber;;Bryan;;Christina;;Dana;;Elizabeth;;Felicia,Amber's enemy = Elizabeth  Amber's friend = Christina  Amber's parent = Bryan          Bryan's child = Amber          ;;Bryan's enemy = Christina  Bryan's friend = Felicia    Dana's parent = Felicia         Christina's child = Elizabeth  ;;Christina's enemy = Bryan  Christina's friend = Amber  Elizabeth's parent = Christina  Felicia's child = Dana         ;;Dana's enemy = Felicia     Dana's friend = Elizabeth   ;;Elizabeth's enemy = Amber  Elizabeth's friend = Dana   ;;Felicia's enemy = Dana     Felicia's friend = Bryan    ,127,13
3,L,SemanticApproach.EXTENSIONAL,Representation.ENGLISH,0_L_ep2,"Imagine there are six people: Amber, Bryan, Christina, Dana, Elizabeth and Felicia. They have the following relationships to each other:;;;;",;;Here is how to figure out the answer to the following question:;;Who is Amber's parent's enemy?;;;;Here are the steps to arrive at the answer:;;1. Amber's parent = Bryan;;2. Bryan's enemy = Christina;;;;So the answer is Christina;;;;Now answer the following question:;;Who is Dana's parent's enemy?,Dana's parent's enemy,Dana,Amber;;Bryan;;Christina;;Dana;;Elizabeth;;Felicia,Amber's enemy = Elizabeth  Amber's friend = Christina  Amber's parent = Bryan          Bryan's child = Amber          ;;Bryan's enemy = Christina  Bryan's friend = Felicia    Dana's parent = Felicia         Christina's child = Elizabeth  ;;Christina's enemy = Bryan  Christina's friend = Amber  Elizabeth's parent = Christina  Felicia's child = Dana         ;;Dana's enemy = Felicia     Dana's friend = Elizabeth   ;;Elizabeth's enemy = Amber  Elizabeth's friend = Dana   ;;Felicia's enemy = Dana     Felicia's friend = Bryan    ,139,14
3,L,SemanticApproach.EXTENSIONAL,Representation.ENGLISH,0_L_cf5,"Imagine there are six people: Amber, Bryan, Christina, Dana, Elizabeth and Felicia. They have the following relationships to each other:;;;;",;;Here is how to figure out the answer to the following question:;;Who is Amber's parent's enemy?;;;;Here are the steps to arrive at the answer:;;1. Amber's parent = Bryan;;2. Bryan's enemy = Christina;;;;So the answer is Christina;;;;Now answer the following question:;;Who is Felicia's friend's child?,Felicia's friend's child,Amber,Amber;;Bryan;;Christina;;Dana;;Elizabeth;;Felicia,Amber's enemy = Elizabeth  Amber's friend = Christina  Amber's parent = Bryan          Bryan's child = Amber          ;;Bryan's enemy = Christina  Bryan's friend = Felicia    Dana's parent = Felicia         Christina's child = Elizabeth  ;;Christina's enemy = Bryan  Christina's friend = Amber  Elizabeth's parent = Christina  Felicia's child = Dana         ;;Dana's enemy = Felicia     Dana's friend = Elizabeth   ;;Elizabeth's enemy = Amber  Elizabeth's friend = Dana   ;;Felicia's enemy = Dana     Felicia's friend = Bryan    ,154,15
3,L,SemanticApproach.EXTENSIONAL,Representation.ENGLISH,0_L_pe1,"Imagine there are six people: Amber, Bryan, Christina, Dana, Elizabeth and Felicia. They have the following relationships to each other:;;;;",;;Here is how to figure out the answer to the following question:;;Who is Amber's parent's enemy?;;;;Here are the steps to arrive at the answer:;;1. Amber's parent = Bryan;;2. Bryan's enemy = Christina;;;;So the answer is Christina;;;;Now answer the following question:;;Who is Amber's enemy's parent?,Amber's enemy's parent,Christina,Amber;;Bryan;;Christina;;Dana;;Elizabeth;;Felicia,Amber's enemy = Elizabeth  Amber's friend = Christina  Amber's parent = Bryan          Bryan's child = Amber          ;;Bryan's enemy = Christina  Bryan's friend = Felicia    Dana's parent = Felicia         Christina's child = Elizabeth  ;;Christina's enemy = Bryan  Christina's friend = Amber  Elizabeth's parent = Christina  Felicia's child = Dana         ;;Dana's enemy = Felicia     Dana's friend = Elizabeth   ;;Elizabeth's enemy = Amber  Elizabeth's friend = Dana   ;;Felicia's enemy = Dana     Felicia's friend = Bryan    ,131,16
3,L,SemanticApproach.EXTENSIONAL,Representation.ENGLISH,0_L_pe5,"Imagine there are six people: Amber, Bryan, Christina, Dana, Elizabeth and Felicia. They have the following relationships to each other:;;;;",;;Here is how to figure out the answer to the following question:;;Who is Amber's parent's enemy?;;;;Here are the steps to arrive at the answer:;;1. Amber's parent = Bryan;;2. Bryan's enemy = Christina;;;;So the answer is Christina;;;;Now answer the following question:;;Who is Felicia's enemy's parent?,Felicia's enemy's parent,Felicia,Amber;;Bryan;;Christina;;Dana;;Elizabeth;;Felicia,Amber's enemy = Elizabeth  Amber's friend = Christina  Amber's parent = Bryan          Bryan's child = Amber          ;;Bryan's enemy = Christina  Bryan's friend = Felicia    Dana's parent = Felicia         Christina's child = Elizabeth  ;;Christina's enemy = Bryan  Christina's friend = Amber  Elizabeth's parent = Christina  Felicia's child = Dana         ;;Dana's enemy = Felicia     Dana's friend = Elizabeth   ;;Elizabeth's enemy = Amber  Elizabeth's friend = Dana   ;;Felicia's enemy = Dana     Felicia's friend = Bryan    ,157,17
3,L,SemanticApproach.EXTENSIONAL,Representation.ENGLISH,0_L_fc5,"Imagine there are six people: Amber, Bryan, Christina, Dana, Elizabeth and Felicia. They have the following relationships to each other:;;;;",;;Here is how to figure out the answer to the following question:;;Who is Amber's parent's enemy?;;;;Here are the steps to arrive at the answer:;;1. Amber's parent = Bryan;;2. Bryan's enemy = Christina;;;;So the answer is Christina;;;;Now answer the following question:;;Who is Felicia's child's friend?,Felicia's child's friend,Elizabeth,Amber;;Bryan;;Christina;;Dana;;Elizabeth;;Felicia,Amber's enemy = Elizabeth  Amber's friend = Christina  Amber's parent = Bryan          Bryan's child = Amber          ;;Bryan's enemy = Christina  Bryan's friend = Felicia    Dana's parent = Felicia         Christina's child = Elizabeth  ;;Christina's enemy = Bryan  Christina's friend = Amber  Elizabeth's parent = Christina  Felicia's child = Dana         ;;Dana's enemy = Felicia     Dana's friend = Elizabeth   ;;Elizabeth's enemy = Amber  Elizabeth's friend = Dana   ;;Felicia's enemy = Dana     Felicia's friend = Bryan    ,158,18
3,L,SemanticApproach.EXTENSIONAL,Representation.ENGLISH,0_L_fp4,"Imagine there are six people: Amber, Bryan, Christina, Dana, Elizabeth and Felicia. They have the following relationships to each other:;;;;",;;Here is how to figure out the answer to the following question:;;Who is Amber's parent's enemy?;;;;Here are the steps to arrive at the answer:;;1. Amber's parent = Bryan;;2. Bryan's enemy = Christina;;;;So the answer is Christina;;;;Now answer the following question:;;Who is Elizabeth's parent's friend?,Elizabeth's parent's friend,Amber,Amber;;Bryan;;Christina;;Dana;;Elizabeth;;Felicia,Amber's enemy = Elizabeth  Amber's friend = Christina  Amber's parent = Bryan          Bryan's child = Amber          ;;Bryan's enemy = Christina  Bryan's friend = Felicia    Dana's parent = Felicia         Christina's child = Elizabeth  ;;Christina's enemy = Bryan  Christina's friend = Amber  Elizabeth's parent = Christina  Felicia's child = Dana         ;;Dana's enemy = Felicia     Dana's friend = Elizabeth   ;;Elizabeth's enemy = Amber  Elizabeth's friend = Dana   ;;Felicia's enemy = Dana     Felicia's friend = Bryan    ,150,19
3,L,SemanticApproach.EXTENSIONAL,Representation.ENGLISH,0_L_pc0,"Imagine there are six people: Amber, Bryan, Christina, Dana, Elizabeth and Felicia. They have the following relationships to each other:;;;;",;;Here is how to figure out the answer to the following question:;;Who is Amber's parent's enemy?;;;;Here are the steps to arrive at the answer:;;1. Amber's parent = Bryan;;2. Bryan's enemy = Christina;;;;So the answer is Christina;;;;Now answer the following question:;;Who is Christina's child's parent?,Christina's child's parent,Christina,Amber;;Bryan;;Christina;;Dana;;Elizabeth;;Felicia,Amber's enemy = Elizabeth  Amber's friend = Christina  Amber's parent = Bryan          Bryan's child = Amber          ;;Bryan's enemy = Christina  Bryan's friend = Felicia    Dana's parent = Felicia         Christina's child = Elizabeth  ;;Christina's enemy = Bryan  Christina's friend = Amber  Elizabeth's parent = Christina  Felicia's child = Dana         ;;Dana's enemy = Felicia     Dana's friend = Elizabeth   ;;Elizabeth's enemy = Amber  Elizabeth's friend = Dana   ;;Felicia's enemy = Dana     Felicia's friend = Bryan    ,126,20
3,L,SemanticApproach.EXTENSIONAL,Representation.ENGLISH,0_L_ec3,"Imagine there are six people: Amber, Bryan, Christina, Dana, Elizabeth and Felicia. They have the following relationships to each other:;;;;",;;Here is how to figure out the answer to the following question:;;Who is Amber's parent's enemy?;;;;Here are the steps to arrive at the answer:;;1. Amber's parent = Bryan;;2. Bryan's enemy = Christina;;;;So the answer is Christina;;;;Now answer the following question:;;Who is Bryan's child's enemy?,Bryan's child's enemy,Elizabeth,Amber;;Bryan;;Christina;;Dana;;Elizabeth;;Felicia,Amber's enemy = Elizabeth  Amber's friend = Christina  Amber's parent = Bryan          Bryan's child = Amber          ;;Bryan's enemy = Christina  Bryan's friend = Felicia    Dana's parent = Felicia         Christina's child = Elizabeth  ;;Christina's enemy = Bryan  Christina's friend = Amber  Elizabeth's parent = Christina  Felicia's child = Dana         ;;Dana's enemy = Felicia     Dana's friend = Elizabeth   ;;Elizabeth's enemy = Amber  Elizabeth's friend = Dana   ;;Felicia's enemy = Dana     Felicia's friend = Bryan    ,144,21
3,L,SemanticApproach.EXTENSIONAL,Representation.ENGLISH,0_L_fe4,"Imagine there are six people: Amber, Bryan, Christina, Dana, Elizabeth and Felicia. They have the following relationships to each other:;;;;",;;Here is how to figure out the answer to the following question:;;Who is Amber's parent's enemy?;;;;Here are the steps to arrive at the answer:;;1. Amber's parent = Bryan;;2. Bryan's enemy = Christina;;;;So the answer is Christina;;;;Now answer the following question:;;Who is Elizabeth's enemy's friend?,Elizabeth's enemy's friend,Christina,Amber;;Bryan;;Christina;;Dana;;Elizabeth;;Felicia,Amber's enemy = Elizabeth  Amber's friend = Christina  Amber's parent = Bryan          Bryan's child = Amber          ;;Bryan's enemy = Christina  Bryan's friend = Felicia    Dana's parent = Felicia         Christina's child = Elizabeth  ;;Christina's enemy = Bryan  Christina's friend = Amber  Elizabeth's parent = Christina  Felicia's child = Dana         ;;Dana's enemy = Felicia     Dana's friend = Elizabeth   ;;Elizabeth's enemy = Amber  Elizabeth's friend = Dana   ;;Felicia's enemy = Dana     Felicia's friend = Bryan    ,148,22
3,L,SemanticApproach.EXTENSIONAL,Representation.ENGLISH,0_L_ff4,"Imagine there are six people: Amber, Bryan, Christina, Dana, Elizabeth and Felicia. They have the following relationships to each other:;;;;",;;Here is how to figure out the answer to the following question:;;Who is Amber's parent's enemy?;;;;Here are the steps to arrive at the answer:;;1. Amber's parent = Bryan;;2. Bryan's enemy = Christina;;;;So the answer is Christina;;;;Now answer the following question:;;Who is Elizabeth's friend's friend?,Elizabeth's friend's friend,Elizabeth,Amber;;Bryan;;Christina;;Dana;;Elizabeth;;Felicia,Amber's enemy = Elizabeth  Amber's friend = Christina  Amber's parent = Bryan          Bryan's child = Amber          ;;Bryan's enemy = Christina  Bryan's friend = Felicia    Dana's parent = Felicia         Christina's child = Elizabeth  ;;Christina's enemy = Bryan  Christina's friend = Amber  Elizabeth's parent = Christina  Felicia's child = Dana         ;;Dana's enemy = Felicia     Dana's friend = Elizabeth   ;;Elizabeth's enemy = Amber  Elizabeth's friend = Dana   ;;Felicia's enemy = Dana     Felicia's friend = Bryan    ,145,23
3,L,SemanticApproach.EXTENSIONAL,Representation.ENGLISH,0_L_cp4,"Imagine there are six people: Amber, Bryan, Christina, Dana, Elizabeth and Felicia. They have the following relationships to each other:;;;;",;;Here is how to figure out the answer to the following question:;;Who is Amber's parent's enemy?;;;;Here are the steps to arrive at the answer:;;1. Amber's parent = Bryan;;2. Bryan's enemy = Christina;;;;So the answer is Christina;;;;Now answer the following question:;;Who is Elizabeth's parent's child?,Elizabeth's parent's child,Elizabeth,Amber;;Bryan;;Christina;;Dana;;Elizabeth;;Felicia,Amber's enemy = Elizabeth  Amber's friend = Christina  Amber's parent = Bryan          Bryan's child = Amber          ;;Bryan's enemy = Christina  Bryan's friend = Felicia    Dana's parent = Felicia         Christina's child = Elizabeth  ;;Christina's enemy = Bryan  Christina's friend = Amber  Elizabeth's parent = Christina  Felicia's child = Dana         ;;Dana's enemy = Felicia     Dana's friend = Elizabeth   ;;Elizabeth's enemy = Amber  Elizabeth's friend = Dana   ;;Felicia's enemy = Dana     Felicia's friend = Bryan    ,152,24
3,L,SemanticApproach.EXTENSIONAL,Representation.ENGLISH,0_L_fe0,"Imagine there are six people: Amber, Bryan, Christina, Dana, Elizabeth and Felicia. They have the following relationships to each other:;;;;",;;Here is how to figure out the answer to the following question:;;Who is Amber's parent's enemy?;;;;Here are the steps to arrive at the answer:;;1. Amber's parent = Bryan;;2. Bryan's enemy = Christina;;;;So the answer is Christina;;;;Now answer the following question:;;Who is Christina's enemy's friend?,Christina's enemy's friend,Felicia,Amber;;Bryan;;Christina;;Dana;;Elizabeth;;Felicia,Amber's enemy = Elizabeth  Amber's friend = Christina  Amber's parent = Bryan          Bryan's child = Amber          ;;Bryan's enemy = Christina  Bryan's friend = Felicia    Dana's parent = Felicia         Christina's child = Elizabeth  ;;Christina's enemy = Bryan  Christina's friend = Amber  Elizabeth's parent = Christina  Felicia's child = Dana         ;;Dana's enemy = Felicia     Dana's friend = Elizabeth   ;;Elizabeth's enemy = Amber  Elizabeth's friend = Dana   ;;Felicia's enemy = Dana     Felicia's friend = Bryan    ,122,25
3,L,SemanticApproach.EXTENSIONAL,Representation.ENGLISH,0_L_ee2,"Imagine there are six people: Amber, Bryan, Christina, Dana, Elizabeth and Felicia. They have the following relationships to each other:;;;;",;;Here is how to figure out the answer to the following question:;;Who is Amber's parent's enemy?;;;;Here are the steps to arrive at the answer:;;1. Amber's parent = Bryan;;2. Bryan's enemy = Christina;;;;So the answer is Christina;;;;Now answer the following question:;;Who is Dana's enemy's enemy?,Dana's enemy's enemy,Dana,Amber;;Bryan;;Christina;;Dana;;Elizabeth;;Felicia,Amber's enemy = Elizabeth  Amber's friend = Christina  Amber's parent = Bryan          Bryan's child = Amber          ;;Bryan's enemy = Christina  Bryan's friend = Felicia    Dana's parent = Felicia         Christina's child = Elizabeth  ;;Christina's enemy = Bryan  Christina's friend = Amber  Elizabeth's parent = Christina  Felicia's child = Dana         ;;Dana's enemy = Felicia     Dana's friend = Elizabeth   ;;Elizabeth's enemy = Amber  Elizabeth's friend = Dana   ;;Felicia's enemy = Dana     Felicia's friend = Bryan    ,136,26
3,L,SemanticApproach.EXTENSIONAL,Representation.ENGLISH,0_L_ff2,"Imagine there are six people: Amber, Bryan, Christina, Dana, Elizabeth and Felicia. They have the following relationships to each other:;;;;",;;Here is how to figure out the answer to the following question:;;Who is Amber's parent's enemy?;;;;Here are the steps to arrive at the answer:;;1. Amber's parent = Bryan;;2. Bryan's enemy = Christina;;;;So the answer is Christina;;;;Now answer the following question:;;Who is Dana's friend's friend?,Dana's friend's friend,Dana,Amber;;Bryan;;Christina;;Dana;;Elizabeth;;Felicia,Amber's enemy = Elizabeth  Amber's friend = Christina  Amber's parent = Bryan          Bryan's child = Amber          ;;Bryan's enemy = Christina  Bryan's friend = Felicia    Dana's parent = Felicia         Christina's child = Elizabeth  ;;Christina's enemy = Bryan  Christina's friend = Amber  Elizabeth's parent = Christina  Felicia's child = Dana         ;;Dana's enemy = Felicia     Dana's friend = Elizabeth   ;;Elizabeth's enemy = Amber  Elizabeth's friend = Dana   ;;Felicia's enemy = Dana     Felicia's friend = Bryan    ,132,27
3,L,SemanticApproach.EXTENSIONAL,Representation.ENGLISH,0_L_ff3,"Imagine there are six people: Amber, Bryan, Christina, Dana, Elizabeth and Felicia. They have the following relationships to each other:;;;;",;;Here is how to figure out the answer to the following question:;;Who is Amber's parent's enemy?;;;;Here are the steps to arrive at the answer:;;1. Amber's parent = Bryan;;2. Bryan's enemy = Christina;;;;So the answer is Christina;;;;Now answer the following question:;;Who is Bryan's friend's friend?,Bryan's friend's friend,Bryan,Amber;;Bryan;;Christina;;Dana;;Elizabeth;;Felicia,Amber's enemy = Elizabeth  Amber's friend = Christina  Amber's parent = Bryan          Bryan's child = Amber          ;;Bryan's enemy = Christina  Bryan's friend = Felicia    Dana's parent = Felicia         Christina's child = Elizabeth  ;;Christina's enemy = Bryan  Christina's friend = Amber  Elizabeth's parent = Christina  Felicia's child = Dana         ;;Dana's enemy = Felicia     Dana's friend = Elizabeth   ;;Elizabeth's enemy = Amber  Elizabeth's friend = Dana   ;;Felicia's enemy = Dana     Felicia's friend = Bryan    ,141,28
3,L,SemanticApproach.EXTENSIONAL,Representation.ENGLISH,0_L_ee1,"Imagine there are six people: Amber, Bryan, Christina, Dana, Elizabeth and Felicia. They have the following relationships to each other:;;;;",;;Here is how to figure out the answer to the following question:;;Who is Amber's parent's enemy?;;;;Here are the steps to arrive at the answer:;;1. Amber's parent = Bryan;;2. Bryan's enemy = Christina;;;;So the answer is Christina;;;;Now answer the following question:;;Who is Amber's enemy's enemy?,Amber's enemy's enemy,Amber,Amber;;Bryan;;Christina;;Dana;;Elizabeth;;Felicia,Amber's enemy = Elizabeth  Amber's friend = Christina  Amber's parent = Bryan          Bryan's child = Amber          ;;Bryan's enemy = Christina  Bryan's friend = Felicia    Dana's parent = Felicia         Christina's child = Elizabeth  ;;Christina's enemy = Bryan  Christina's friend = Amber  Elizabeth's parent = Christina  Felicia's child = Dana         ;;Dana's enemy = Felicia     Dana's friend = Elizabeth   ;;Elizabeth's enemy = Amber  Elizabeth's friend = Dana   ;;Felicia's enemy = Dana     Felicia's friend = Bryan    ,130,29
3,L,SemanticApproach.EXTENSIONAL,Representation.ENGLISH,0_L_cf1,"Imagine there are six people: Amber, Bryan, Christina, Dana, Elizabeth and Felicia. They have the following relationships to each other:;;;;",;;Here is how to figure out the answer to the following question:;;Who is Amber's parent's enemy?;;;;Here are the steps to arrive at the answer:;;1. Amber's parent = Bryan;;2. Bryan's enemy = Christina;;;;So the answer is Christina;;;;Now answer the following question:;;Who is Amber's friend's child?,Amber's friend's child,Elizabeth,Amber;;Bryan;;Christina;;Dana;;Elizabeth;;Felicia,Amber's enemy = Elizabeth  Amber's friend = Christina  Amber's parent = Bryan          Bryan's child = Amber          ;;Bryan's enemy = Christina  Bryan's friend = Felicia    Dana's parent = Felicia         Christina's child = Elizabeth  ;;Christina's enemy = Bryan  Christina's friend = Amber  Elizabeth's parent = Christina  Felicia's child = Dana         ;;Dana's enemy = Felicia     Dana's friend = Elizabeth   ;;Elizabeth's enemy = Amber  Elizabeth's friend = Dana   ;;Felicia's enemy = Dana     Felicia's friend = Bryan    ,129,30
3,L,SemanticApproach.EXTENSIONAL,Representation.ENGLISH,0_L_pf4,"Imagine there are six people: Amber, Bryan, Christina, Dana, Elizabeth and Felicia. They have the following relationships to each other:;;;;",;;Here is how to figure out the answer to the following question:;;Who is Amber's parent's enemy?;;;;Here are the steps to arrive at the answer:;;1. Amber's parent = Bryan;;2. Bryan's enemy = Christina;;;;So the answer is Christina;;;;Now answer the following question:;;Who is Elizabeth's friend's parent?,Elizabeth's friend's parent,Felicia,Amber;;Bryan;;Christina;;Dana;;Elizabeth;;Felicia,Amber's enemy = Elizabeth  Amber's friend = Christina  Amber's parent = Bryan          Bryan's child = Amber          ;;Bryan's enemy = Christina  Bryan's friend = Felicia    Dana's parent = Felicia         Christina's child = Elizabeth  ;;Christina's enemy = Bryan  Christina's friend = Amber  Elizabeth's parent = Christina  Felicia's child = Dana         ;;Dana's enemy = Felicia     Dana's friend = Elizabeth   ;;Elizabeth's enemy = Amber  Elizabeth's friend = Dana   ;;Felicia's enemy = Dana     Felicia's friend = Bryan    ,147,31
3,L,SemanticApproach.EXTENSIONAL,Representation.ENGLISH,0_L_ef0,"Imagine there are six people: Amber, Bryan, Christina, Dana, Elizabeth and Felicia. They have the following relationships to each other:;;;;",;;Here is how to figure out the answer to the following question:;;Who is Amber's parent's enemy?;;;;Here are the steps to arrive at the answer:;;1. Amber's parent = Bryan;;2. Bryan's enemy = Christina;;;;So the answer is Christina;;;;Now answer the following question:;;Who is Christina's friend's enemy?,Christina's friend's enemy,Elizabeth,Amber;;Bryan;;Christina;;Dana;;Elizabeth;;Felicia,Amber's enemy = Elizabeth  Amber's friend = Christina  Amber's parent = Bryan          Bryan's child = Amber          ;;Bryan's enemy = Christina  Bryan's friend = Felicia    Dana's parent = Felicia         Christina's child = Elizabeth  ;;Christina's enemy = Bryan  Christina's friend = Amber  Elizabeth's parent = Christina  Felicia's child = Dana         ;;Dana's enemy = Felicia     Dana's friend = Elizabeth   ;;Elizabeth's enemy = Amber  Elizabeth's friend = Dana   ;;Felicia's enemy = Dana     Felicia's friend = Bryan    ,121,32
3,L,SemanticApproach.EXTENSIONAL,Representation.ENGLISH,0_L_pc5,"Imagine there are six people: Amber, Bryan, Christina, Dana, Elizabeth and Felicia. They have the following relationships to each other:;;;;",;;Here is how to figure out the answer to the following question:;;Who is Amber's parent's enemy?;;;;Here are the steps to arrive at the answer:;;1. Amber's parent = Bryan;;2. Bryan's enemy = Christina;;;;So the answer is Christina;;;;Now answer the following question:;;Who is Felicia's child's parent?,Felicia's child's parent,Felicia,Amber;;Bryan;;Christina;;Dana;;Elizabeth;;Felicia,Amber's enemy = Elizabeth  Amber's friend = Christina  Amber's parent = Bryan          Bryan's child = Amber          ;;Bryan's enemy = Christina  Bryan's friend = Felicia    Dana's parent = Felicia         Christina's child = Elizabeth  ;;Christina's enemy = Bryan  Christina's friend = Amber  Elizabeth's parent = Christina  Felicia's child = Dana         ;;Dana's enemy = Felicia     Dana's friend = Elizabeth   ;;Elizabeth's enemy = Amber  Elizabeth's friend = Dana   ;;Felicia's enemy = Dana     Felicia's friend = Bryan    ,160,33
3,L,SemanticApproach.EXTENSIONAL,Representation.ENGLISH,0_L_ec0,"Imagine there are six people: Amber, Bryan, Christina, Dana, Elizabeth and Felicia. They have the following relationships to each other:;;;;",;;Here is how to figure out the answer to the following question:;;Who is Amber's parent's enemy?;;;;Here are the steps to arrive at the answer:;;1. Amber's parent = Bryan;;2. Bryan's enemy = Christina;;;;So the answer is Christina;;;;Now answer the following question:;;Who is Christina's child's enemy?,Christina's child's enemy,Amber,Amber;;Bryan;;Christina;;Dana;;Elizabeth;;Felicia,Amber's enemy = Elizabeth  Amber's friend = Christina  Amber's parent = Bryan          Bryan's child = Amber          ;;Bryan's enemy = Christina  Bryan's friend = Felicia    Dana's parent = Felicia         Christina's child = Elizabeth  ;;Christina's enemy = Bryan  Christina's friend = Amber  Elizabeth's parent = Christina  Felicia's child = Dana         ;;Dana's enemy = Felicia     Dana's friend = Elizabeth   ;;Elizabeth's enemy = Amber  Elizabeth's friend = Dana   ;;Felicia's enemy = Dana     Felicia's friend = Bryan    ,125,34
3,L,SemanticApproach.EXTENSIONAL,Representation.ENGLISH,0_L_ce0,"Imagine there are six people: Amber, Bryan, Christina, Dana, Elizabeth and Felicia. They have the following relationships to each other:;;;;",;;Here is how to figure out the answer to the following question:;;Who is Amber's parent's enemy?;;;;Here are the steps to arrive at the answer:;;1. Amber's parent = Bryan;;2. Bryan's enemy = Christina;;;;So the answer is Christina;;;;Now answer the following question:;;Who is Christina's enemy's child?,Christina's enemy's child,Amber,Amber;;Bryan;;Christina;;Dana;;Elizabeth;;Felicia,Amber's enemy = Elizabeth  Amber's friend = Christina  Amber's parent = Bryan          Bryan's child = Amber          ;;Bryan's enemy = Christina  Bryan's friend = Felicia    Dana's parent = Felicia         Christina's child = Elizabeth  ;;Christina's enemy = Bryan  Christina's friend = Amber  Elizabeth's parent = Christina  Felicia's child = Dana         ;;Dana's enemy = Felicia     Dana's friend = Elizabeth   ;;Elizabeth's enemy = Amber  Elizabeth's friend = Dana   ;;Felicia's enemy = Dana     Felicia's friend = Bryan    ,123,35
3,L,SemanticApproach.EXTENSIONAL,Representation.ENGLISH,0_L_ef4,"Imagine there are six people: Amber, Bryan, Christina, Dana, Elizabeth and Felicia. They have the following relationships to each other:;;;;",;;Here is how to figure out the answer to the following question:;;Who is Amber's parent's enemy?;;;;Here are the steps to arrive at the answer:;;1. Amber's parent = Bryan;;2. Bryan's enemy = Christina;;;;So the answer is Christina;;;;Now answer the following question:;;Who is Elizabeth's friend's enemy?,Elizabeth's friend's enemy,Felicia,Amber;;Bryan;;Christina;;Dana;;Elizabeth;;Felicia,Amber's enemy = Elizabeth  Amber's friend = Christina  Amber's parent = Bryan          Bryan's child = Amber          ;;Bryan's enemy = Christina  Bryan's friend = Felicia    Dana's parent = Felicia         Christina's child = Elizabeth  ;;Christina's enemy = Bryan  Christina's friend = Amber  Elizabeth's parent = Christina  Felicia's child = Dana         ;;Dana's enemy = Felicia     Dana's friend = Elizabeth   ;;Elizabeth's enemy = Amber  Elizabeth's friend = Dana   ;;Felicia's enemy = Dana     Felicia's friend = Bryan    ,146,36
3,L,SemanticApproach.EXTENSIONAL,Representation.ENGLISH,0_L_ee4,"Imagine there are six people: Amber, Bryan, Christina, Dana, Elizabeth and Felicia. They have the following relationships to each other:;;;;",;;Here is how to figure out the answer to the following question:;;Who is Amber's parent's enemy?;;;;Here are the steps to arrive at the answer:;;1. Amber's parent = Bryan;;2. Bryan's enemy = Christina;;;;So the answer is Christina;;;;Now answer the following question:;;Who is Elizabeth's enemy's enemy?,Elizabeth's enemy's enemy,Elizabeth,Amber;;Bryan;;Christina;;Dana;;Elizabeth;;Felicia,Amber's enemy = Elizabeth  Amber's friend = Christina  Amber's parent = Bryan          Bryan's child = Amber          ;;Bryan's enemy = Christina  Bryan's friend = Felicia    Dana's parent = Felicia         Christina's child = Elizabeth  ;;Christina's enemy = Bryan  Christina's friend = Amber  Elizabeth's parent = Christina  Felicia's child = Dana         ;;Dana's enemy = Felicia     Dana's friend = Elizabeth   ;;Elizabeth's enemy = Amber  Elizabeth's friend = Dana   ;;Felicia's enemy = Dana     Felicia's friend = Bryan    ,149,37
3,L,SemanticApproach.EXTENSIONAL,Representation.ENGLISH,0_L_fc0,"Imagine there are six people: Amber, Bryan, Christina, Dana, Elizabeth and Felicia. They have the following relationships to each other:;;;;",;;Here is how to figure out the answer to the following question:;;Who is Amber's parent's enemy?;;;;Here are the steps to arrive at the answer:;;1. Amber's parent = Bryan;;2. Bryan's enemy = Christina;;;;So the answer is Christina;;;;Now answer the following question:;;Who is Christina's child's friend?,Christina's child's friend,Dana,Amber;;Bryan;;Christina;;Dana;;Elizabeth;;Felicia,Amber's enemy = Elizabeth  Amber's friend = Christina  Amber's parent = Bryan          Bryan's child = Amber          ;;Bryan's enemy = Christina  Bryan's friend = Felicia    Dana's parent = Felicia         Christina's child = Elizabeth  ;;Christina's enemy = Bryan  Christina's friend = Amber  Elizabeth's parent = Christina  Felicia's child = Dana         ;;Dana's enemy = Felicia     Dana's friend = Elizabeth   ;;Elizabeth's enemy = Amber  Elizabeth's friend = Dana   ;;Felicia's enemy = Dana     Felicia's friend = Bryan    ,124,38
3,L,SemanticApproach.EXTENSIONAL,Representation.ENGLISH,0_L_ec5,"Imagine there are six people: Amber, Bryan, Christina, Dana, Elizabeth and Felicia. They have the following relationships to each other:;;;;",;;Here is how to figure out the answer to the following question:;;Who is Amber's parent's enemy?;;;;Here are the steps to arrive at the answer:;;1. Amber's parent = Bryan;;2. Bryan's enemy = Christina;;;;So the answer is Christina;;;;Now answer the following question:;;Who is Felicia's child's enemy?,Felicia's child's enemy,Felicia,Amber;;Bryan;;Christina;;Dana;;Elizabeth;;Felicia,Amber's enemy = Elizabeth  Amber's friend = Christina  Amber's parent = Bryan          Bryan's child = Amber          ;;Bryan's enemy = Christina  Bryan's friend = Felicia    Dana's parent = Felicia         Christina's child = Elizabeth  ;;Christina's enemy = Bryan  Christina's friend = Amber  Elizabeth's parent = Christina  Felicia's child = Dana         ;;Dana's enemy = Felicia     Dana's friend = Elizabeth   ;;Elizabeth's enemy = Amber  Elizabeth's friend = Dana   ;;Felicia's enemy = Dana     Felicia's friend = Bryan    ,159,39
3,R,SemanticApproach.EXTENSIONAL,Representation.ENGLISH,0_R_fc0,"Imagine there are six people: Amber, Bryan, Christina, Dana, Elizabeth and Felicia. They have the following relationships to each other:;;;;",;;Here is how to figure out the answer to the following question:;;Who is the enemy of the parent of Amber?;;;;Here are the steps to arrive at the answer:;;1. the parent of Amber = Bryan;;2. the enemy of Bryan = Christina;;;;So the answer is Christina;;;;Now answer the following question:;;Who is the friend of the child of Christina?,the friend of the child of Christina,Dana,Amber;;Bryan;;Christina;;Dana;;Elizabeth;;Felicia,the enemy of Amber = Elizabeth  the friend of Amber = Christina  the parent of Amber = Bryan          the child of Bryan = Amber          ;;the enemy of Bryan = Christina  the friend of Bryan = Felicia    the parent of Dana = Felicia         the child of Christina = Elizabeth  ;;the enemy of Christina = Bryan  the friend of Christina = Amber  the parent of Elizabeth = Christina  the child of Felicia = Dana         ;;the enemy of Dana = Felicia     the friend of Dana = Elizabeth   ;;the enemy of Elizabeth = Amber  the friend of Elizabeth = Dana   ;;the enemy of Felicia = Dana     the friend of Felicia = Bryan    ,24,0
3,R,SemanticApproach.EXTENSIONAL,Representation.ENGLISH,0_R_ce2,"Imagine there are six people: Amber, Bryan, Christina, Dana, Elizabeth and Felicia. They have the following relationships to each other:;;;;",;;Here is how to figure out the answer to the following question:;;Who is the enemy of the parent of Amber?;;;;Here are the steps to arrive at the answer:;;1. the parent of Amber = Bryan;;2. the enemy of Bryan = Christina;;;;So the answer is Christina;;;;Now answer the following question:;;Who is the child of the enemy of Dana?,the child of the enemy of Dana,Dana,Amber;;Bryan;;Christina;;Dana;;Elizabeth;;Felicia,the enemy of Amber = Elizabeth  the friend of Amber = Christina  the parent of Amber = Bryan          the child of Bryan = Amber          ;;the enemy of Bryan = Christina  the friend of Bryan = Felicia    the parent of Dana = Felicia         the child of Christina = Elizabeth  ;;the enemy of Christina = Bryan  the friend of Christina = Amber  the parent of Elizabeth = Christina  the child of Felicia = Dana         ;;the enemy of Dana = Felicia     the friend of Dana = Elizabeth   ;;the enemy of Elizabeth = Amber  the friend of Elizabeth = Dana   ;;the enemy of Felicia = Dana     the friend of Felicia = Bryan    ,37,1
3,R,SemanticApproach.EXTENSIONAL,Representation.ENGLISH,0_R_ff3,"Imagine there are six people: Amber, Bryan, Christina, Dana, Elizabeth and Felicia. They have the following relationships to each other:;;;;",;;Here is how to figure out the answer to the following question:;;Who is the enemy of the parent of Amber?;;;;Here are the steps to arrive at the answer:;;1. the parent of Amber = Bryan;;2. the enemy of Bryan = Christina;;;;So the answer is Christina;;;;Now answer the following question:;;Who is the friend of the friend of Bryan?,the friend of the friend of Bryan,Bryan,Amber;;Bryan;;Christina;;Dana;;Elizabeth;;Felicia,the enemy of Amber = Elizabeth  the friend of Amber = Christina  the parent of Amber = Bryan          the child of Bryan = Amber          ;;the enemy of Bryan = Christina  the friend of Bryan = Felicia    the parent of Dana = Felicia         the child of Christina = Elizabeth  ;;the enemy of Christina = Bryan  the friend of Christina = Amber  the parent of Elizabeth = Christina  the child of Felicia = Dana         ;;the enemy of Dana = Felicia     the friend of Dana = Elizabeth   ;;the enemy of Elizabeth = Amber  the friend of Elizabeth = Dana   ;;the enemy of Felicia = Dana     the friend of Felicia = Bryan    ,41,2
3,R,SemanticApproach.EXTENSIONAL,Representation.ENGLISH,0_R_pf4,"Imagine there are six people: Amber, Bryan, Christina, Dana, Elizabeth and Felicia. They have the following relationships to each other:;;;;",;;Here is how to figure out the answer to the following question:;;Who is the enemy of the parent of Amber?;;;;Here are the steps to arrive at the answer:;;1. the parent of Amber = Bryan;;2. the enemy of Bryan = Christina;;;;So the answer is Christina;;;;Now answer the following question:;;Who is the parent of the friend of Elizabeth?,the parent of the friend of Elizabeth,Felicia,Amber;;Bryan;;Christina;;Dana;;Elizabeth;;Felicia,the enemy of Amber = Elizabeth  the friend of Amber = Christina  the parent of Amber = Bryan          the child of Bryan = Amber          ;;the enemy of Bryan = Christina  the friend of Bryan = Felicia    the parent of Dana = Felicia         the child of Christina = Elizabeth  ;;the enemy of Christina = Bryan  the friend of Christina = Amber  the parent of Elizabeth = Christina  the child of Felicia = Dana         ;;the enemy of Dana = Felicia     the friend of Dana = Elizabeth   ;;the enemy of Elizabeth = Amber  the friend of Elizabeth = Dana   ;;the enemy of Felicia = Dana     the friend of Felicia = Bryan    ,47,3
3,R,SemanticApproach.EXTENSIONAL,Representation.ENGLISH,0_R_ff5,"Imagine there are six people: Amber, Bryan, Christina, Dana, Elizabeth and Felicia. They have the following relationships to each other:;;;;",;;Here is how to figure out the answer to the following question:;;Who is the enemy of the parent of Amber?;;;;Here are the steps to arrive at the answer:;;1. the parent of Amber = Bryan;;2. the enemy of Bryan = Christina;;;;So the answer is Christina;;;;Now answer the following question:;;Who is the friend of the friend of Felicia?,the friend of the friend of Felicia,Felicia,Amber;;Bryan;;Christina;;Dana;;Elizabeth;;Felicia,the enemy of Amber = Elizabeth  the friend of Amber = Christina  the parent of Amber = Bryan          the child of Bryan = Amber          ;;the enemy of Bryan = Christina  the friend of Bryan = Felicia    the parent of Dana = Felicia         the child of Christina = Elizabeth  ;;the enemy of Christina = Bryan  the friend of Christina = Amber  the parent of Elizabeth = Christina  the child of Felicia = Dana         ;;the enemy of Dana = Felicia     the friend of Dana = Elizabeth   ;;the enemy of Elizabeth = Amber  the friend of Elizabeth = Dana   ;;the enemy of Felicia = Dana     the friend of Felicia = Bryan    ,53,4
3,R,SemanticApproach.EXTENSIONAL,Representation.ENGLISH,0_R_pf2,"Imagine there are six people: Amber, Bryan, Christina, Dana, Elizabeth and Felicia. They have the following relationships to each other:;;;;",;;Here is how to figure out the answer to the following question:;;Who is the enemy of the parent of Amber?;;;;Here are the steps to arrive at the answer:;;1. the parent of Amber = Bryan;;2. the enemy of Bryan = Christina;;;;So the answer is Christina;;;;Now answer the following question:;;Who is the parent of the friend of Dana?,the parent of the friend of Dana,Christina,Amber;;Bryan;;Christina;;Dana;;Elizabeth;;Felicia,the enemy of Amber = Elizabeth  the friend of Amber = Christina  the parent of Amber = Bryan          the child of Bryan = Amber          ;;the enemy of Bryan = Christina  the friend of Bryan = Felicia    the parent of Dana = Felicia         the child of Christina = Elizabeth  ;;the enemy of Christina = Bryan  the friend of Christina = Amber  the parent of Elizabeth = Christina  the child of Felicia = Dana         ;;the enemy of Dana = Felicia     the friend of Dana = Elizabeth   ;;the enemy of Elizabeth = Amber  the friend of Elizabeth = Dana   ;;the enemy of Felicia = Dana     the friend of Felicia = Bryan    ,34,5
3,R,SemanticApproach.EXTENSIONAL,Representation.ENGLISH,0_R_fe0,"Imagine there are six people: Amber, Bryan, Christina, Dana, Elizabeth and Felicia. They have the following relationships to each other:;;;;",;;Here is how to figure out the answer to the following question:;;Who is the enemy of the parent of Amber?;;;;Here are the steps to arrive at the answer:;;1. the parent of Amber = Bryan;;2. the enemy of Bryan = Christina;;;;So the answer is Christina;;;;Now answer the following question:;;Who is the friend of the enemy of Christina?,the friend of the enemy of Christina,Felicia,Amber;;Bryan;;Christina;;Dana;;Elizabeth;;Felicia,the enemy of Amber = Elizabeth  the friend of Amber = Christina  the parent of Amber = Bryan          the child of Bryan = Amber          ;;the enemy of Bryan = Christina  the friend of Bryan = Felicia    the parent of Dana = Felicia         the child of Christina = Elizabeth  ;;the enemy of Christina = Bryan  the friend of Christina = Amber  the parent of Elizabeth = Christina  the child of Felicia = Dana         ;;the enemy of Dana = Felicia     the friend of Dana = Elizabeth   ;;the enemy of Elizabeth = Amber  the friend of Elizabeth = Dana   ;;the enemy of Felicia = Dana     the friend of Felicia = Bryan    ,22,6
3,R,SemanticApproach.EXTENSIONAL,Representation.ENGLISH,0_R_pc0,"Imagine there are six people: Amber, Bryan, Christina, Dana, Elizabeth and Felicia. They have the following relationships to each other:;;;;",;;Here is how to figure out the answer to the following question:;;Who is the enemy of the parent of Amber?;;;;Here are the steps to arrive at the answer:;;1. the parent of Amber = Bryan;;2. the enemy of Bryan = Christina;;;;So the answer is Christina;;;;Now answer the following question:;;Who is the parent of the child of Christina?,the parent of the child of Christina,Christina,Amber;;Bryan;;Christina;;Dana;;Elizabeth;;Felicia,the enemy of Amber = Elizabeth  the friend of Amber = Christina  the parent of Amber = Bryan          the child of Bryan = Amber          ;;the enemy of Bryan = Christina  the friend of Bryan = Felicia    the parent of Dana = Felicia         the child of Christina = Elizabeth  ;;the enemy of Christina = Bryan  the friend of Christina = Amber  the parent of Elizabeth = Christina  the child of Felicia = Dana         ;;the enemy of Dana = Felicia     the friend of Dana = Elizabeth   ;;the enemy of Elizabeth = Amber  the friend of Elizabeth = Dana   ;;the enemy of Felicia = Dana     the friend of Felicia = Bryan    ,26,7
3,R,SemanticApproach.EXTENSIONAL,Representation.ENGLISH,0_R_cf5,"Imagine there are six people: Amber, Bryan, Christina, Dana, Elizabeth and Felicia. They have the following relationships to each other:;;;;",;;Here is how to figure out the answer to the following question:;;Who is the enemy of the parent of Amber?;;;;Here are the steps to arrive at the answer:;;1. the parent of Amber = Bryan;;2. the enemy of Bryan = Christina;;;;So the answer is Christina;;;;Now answer the following question:;;Who is the child of the friend of Felicia?,the child of the friend of Felicia,Amber,Amber;;Bryan;;Christina;;Dana;;Elizabeth;;Felicia,the enemy of Amber = Elizabeth  the friend of Amber = Christina  the parent of Amber = Bryan          the child of Bryan = Amber          ;;the enemy of Bryan = Christina  the friend of Bryan = Felicia    the parent of Dana = Felicia         the child of Christina = Elizabeth  ;;the enemy of Christina = Bryan  the friend of Christina = Amber  the parent of Elizabeth = Christina  the child of Felicia = Dana         ;;the enemy of Dana = Felicia     the friend of Dana = Elizabeth   ;;the enemy of Elizabeth = Amber  the friend of Elizabeth = Dana   ;;the enemy of Felicia = Dana     the friend of Felicia = Bryan    ,54,8
3,R,SemanticApproach.EXTENSIONAL,Representation.ENGLISH,0_R_pc5,"Imagine there are six people: Amber, Bryan, Christina, Dana, Elizabeth and Felicia. They have the following relationships to each other:;;;;",;;Here is how to figure out the answer to the following question:;;Who is the enemy of the parent of Amber?;;;;Here are the steps to arrive at the answer:;;1. the parent of Amber = Bryan;;2. the enemy of Bryan = Christina;;;;So the answer is Christina;;;;Now answer the following question:;;Who is the parent of the child of Felicia?,the parent of the child of Felicia,Felicia,Amber;;Bryan;;Christina;;Dana;;Elizabeth;;Felicia,the enemy of Amber = Elizabeth  the friend of Amber = Christina  the parent of Amber = Bryan          the child of Bryan = Amber          ;;the enemy of Bryan = Christina  the friend of Bryan = Felicia    the parent of Dana = Felicia         the child of Christina = Elizabeth  ;;the enemy of Christina = Bryan  the friend of Christina = Amber  the parent of Elizabeth = Christina  the child of Felicia = Dana         ;;the enemy of Dana = Felicia     the friend of Dana = Elizabeth   ;;the enemy of Elizabeth = Amber  the friend of Elizabeth = Dana   ;;the enemy of Felicia = Dana     the friend of Felicia = Bryan    ,60,9
3,R,SemanticApproach.EXTENSIONAL,Representation.ENGLISH,0_R_fe2,"Imagine there are six people: Amber, Bryan, Christina, Dana, Elizabeth and Felicia. They have the following relationships to each other:;;;;",;;Here is how to figure out the answer to the following question:;;Who is the enemy of the parent of Amber?;;;;Here are the steps to arrive at the answer:;;1. the parent of Amber = Bryan;;2. the enemy of Bryan = Christina;;;;So the answer is Christina;;;;Now answer the following question:;;Who is the friend of the enemy of Dana?,the friend of the enemy of Dana,Bryan,Amber;;Bryan;;Christina;;Dana;;Elizabeth;;Felicia,the enemy of Amber = Elizabeth  the friend of Amber = Christina  the parent of Amber = Bryan          the child of Bryan = Amber          ;;the enemy of Bryan = Christina  the friend of Bryan = Felicia    the parent of Dana = Felicia         the child of Christina = Elizabeth  ;;the enemy of Christina = Bryan  the friend of Christina = Amber  the parent of Elizabeth = Christina  the child of Felicia = Dana         ;;the enemy of Dana = Felicia     the friend of Dana = Elizabeth   ;;the enemy of Elizabeth = Amber  the friend of Elizabeth = Dana   ;;the enemy of Felicia = Dana     the friend of Felicia = Bryan    ,35,10
3,R,SemanticApproach.EXTENSIONAL,Representation.ENGLISH,0_R_cp4,"Imagine there are six people: Amber, Bryan, Christina, Dana, Elizabeth and Felicia. They have the following relationships to each other:;;;;",;;Here is how to figure out the answer to the following question:;;Who is the enemy of the parent of Amber?;;;;Here are the steps to arrive at the answer:;;1. the parent of Amber = Bryan;;2. the enemy of Bryan = Christina;;;;So the answer is Christina;;;;Now answer the following question:;;Who is the child of the parent of Elizabeth?,the child of the parent of Elizabeth,Elizabeth,Amber;;Bryan;;Christina;;Dana;;Elizabeth;;Felicia,the enemy of Amber = Elizabeth  the friend of Amber = Christina  the parent of Amber = Bryan          the child of Bryan = Amber          ;;the enemy of Bryan = Christina  the friend of Bryan = Felicia    the parent of Dana = Felicia         the child of Christina = Elizabeth  ;;the enemy of Christina = Bryan  the friend of Christina = Amber  the parent of Elizabeth = Christina  the child of Felicia = Dana         ;;the enemy of Dana = Felicia     the friend of Dana = Elizabeth   ;;the enemy of Elizabeth = Amber  the friend of Elizabeth = Dana   ;;the enemy of Felicia = Dana     the friend of Felicia = Bryan    ,52,11
3,R,SemanticApproach.EXTENSIONAL,Representation.ENGLISH,0_R_pe5,"Imagine there are six people: Amber, Bryan, Christina, Dana, Elizabeth and Felicia. They have the following relationships to each other:;;;;",;;Here is how to figure out the answer to the following question:;;Who is the enemy of the parent of Amber?;;;;Here are the steps to arrive at the answer:;;1. the parent of Amber = Bryan;;2. the enemy of Bryan = Christina;;;;So the answer is Christina;;;;Now answer the following question:;;Who is the parent of the enemy of Felicia?,the parent of the enemy of Felicia,Felicia,Amber;;Bryan;;Christina;;Dana;;Elizabeth;;Felicia,the enemy of Amber = Elizabeth  the friend of Amber = Christina  the parent of Amber = Bryan          the child of Bryan = Amber          ;;the enemy of Bryan = Christina  the friend of Bryan = Felicia    the parent of Dana = Felicia         the child of Christina = Elizabeth  ;;the enemy of Christina = Bryan  the friend of Christina = Amber  the parent of Elizabeth = Christina  the child of Felicia = Dana         ;;the enemy of Dana = Felicia     the friend of Dana = Elizabeth   ;;the enemy of Elizabeth = Amber  the friend of Elizabeth = Dana   ;;the enemy of Felicia = Dana     the friend of Felicia = Bryan    ,57,12
3,R,SemanticApproach.EXTENSIONAL,Representation.ENGLISH,0_R_cf1,"Imagine there are six people: Amber, Bryan, Christina, Dana, Elizabeth and Felicia. They have the following relationships to each other:;;;;",;;Here is how to figure out the answer to the following question:;;Who is the enemy of the parent of Amber?;;;;Here are the steps to arrive at the answer:;;1. the parent of Amber = Bryan;;2. the enemy of Bryan = Christina;;;;So the answer is Christina;;;;Now answer the following question:;;Who is the child of the friend of Amber?,the child of the friend of Amber,Elizabeth,Amber;;Bryan;;Christina;;Dana;;Elizabeth;;Felicia,the enemy of Amber = Elizabeth  the friend of Amber = Christina  the parent of Amber = Bryan          the child of Bryan = Amber          ;;the enemy of Bryan = Christina  the friend of Bryan = Felicia    the parent of Dana = Felicia         the child of Christina = Elizabeth  ;;the enemy of Christina = Bryan  the friend of Christina = Amber  the parent of Elizabeth = Christina  the child of Felicia = Dana         ;;the enemy of Dana = Felicia     the friend of Dana = Elizabeth   ;;the enemy of Elizabeth = Amber  the friend of Elizabeth = Dana   ;;the enemy of Felicia = Dana     the friend of Felicia = Bryan    ,29,13
3,R,SemanticApproach.EXTENSIONAL,Representation.ENGLISH,0_R_ee2,"Imagine there are six people: Amber, Bryan, Christina, Dana, Elizabeth and Felicia. They have the following relationships to each other:;;;;",;;Here is how to figure out the answer to the following question:;;Who is the enemy of the parent of Amber?;;;;Here are the steps to arrive at the answer:;;1. the parent of Amber = Bryan;;2. the enemy of Bryan = Christina;;;;So the answer is Christina;;;;Now answer the following question:;;Who is the enemy of the enemy of Dana?,the enemy of the enemy of Dana,Dana,Amber;;Bryan;;Christina;;Dana;;Elizabeth;;Felicia,the enemy of Amber = Elizabeth  the friend of Amber = Christina  the parent of Amber = Bryan          the child of Bryan = Amber          ;;the enemy of Bryan = Christina  the friend of Bryan = Felicia    the parent of Dana = Felicia         the child of Christina = Elizabeth  ;;the enemy of Christina = Bryan  the friend of Christina = Amber  the parent of Elizabeth = Christina  the child of Felicia = Dana         ;;the enemy of Dana = Felicia     the friend of Dana = Elizabeth   ;;the enemy of Elizabeth = Amber  the friend of Elizabeth = Dana   ;;the enemy of Felicia = Dana     the friend of Felicia = Bryan    ,36,14
3,R,SemanticApproach.EXTENSIONAL,Representation.ENGLISH,0_R_ee1,"Imagine there are six people: Amber, Bryan, Christina, Dana, Elizabeth and Felicia. They have the following relationships to each other:;;;;",;;Here is how to figure out the answer to the following question:;;Who is the enemy of the parent of Amber?;;;;Here are the steps to arrive at the answer:;;1. the parent of Amber = Bryan;;2. the enemy of Bryan = Christina;;;;So the answer is Christina;;;;Now answer the following question:;;Who is the enemy of the enemy of Amber?,the enemy of the enemy of Amber,Amber,Amber;;Bryan;;Christina;;Dana;;Elizabeth;;Felicia,the enemy of Amber = Elizabeth  the friend of Amber = Christina  the parent of Amber = Bryan          the child of Bryan = Amber          ;;the enemy of Bryan = Christina  the friend of Bryan = Felicia    the parent of Dana = Felicia         the child of Christina = Elizabeth  ;;the enemy of Christina = Bryan  the friend of Christina = Amber  the parent of Elizabeth = Christina  the child of Felicia = Dana         ;;the enemy of Dana = Felicia     the friend of Dana = Elizabeth   ;;the enemy of Elizabeth = Amber  the friend of Elizabeth = Dana   ;;the enemy of Felicia = Dana     the friend of Felicia = Bryan    ,30,15
3,R,SemanticApproach.EXTENSIONAL,Representation.ENGLISH,0_R_ef3,"Imagine there are six people: Amber, Bryan, Christina, Dana, Elizabeth and Felicia. They have the following relationships to each other:;;;;",;;Here is how to figure out the answer to the following question:;;Who is the enemy of the parent of Amber?;;;;Here are the steps to arrive at the answer:;;1. the parent of Amber = Bryan;;2. the enemy of Bryan = Christina;;;;So the answer is Christina;;;;Now answer the following question:;;Who is the enemy of the friend of Bryan?,the enemy of the friend of Bryan,Dana,Amber;;Bryan;;Christina;;Dana;;Elizabeth;;Felicia,the enemy of Amber = Elizabeth  the friend of Amber = Christina  the parent of Amber = Bryan          the child of Bryan = Amber          ;;the enemy of Bryan = Christina  the friend of Bryan = Felicia    the parent of Dana = Felicia         the child of Christina = Elizabeth  ;;the enemy of Christina = Bryan  the friend of Christina = Amber  the parent of Elizabeth = Christina  the child of Felicia = Dana         ;;the enemy of Dana = Felicia     the friend of Dana = Elizabeth   ;;the enemy of Elizabeth = Amber  the friend of Elizabeth = Dana   ;;the enemy of Felicia = Dana     the friend of Felicia = Bryan    ,42,16
3,R,SemanticApproach.EXTENSIONAL,Representation.ENGLISH,0_R_fp2,"Imagine there are six people: Amber, Bryan, Christina, Dana, Elizabeth and Felicia. They have the following relationships to each other:;;;;",;;Here is how to figure out the answer to the following question:;;Who is the enemy of the parent of Amber?;;;;Here are the steps to arrive at the answer:;;1. the parent of Amber = Bryan;;2. the enemy of Bryan = Christina;;;;So the answer is Christina;;;;Now answer the following question:;;Who is the friend of the parent of Dana?,the friend of the parent of Dana,Bryan,Amber;;Bryan;;Christina;;Dana;;Elizabeth;;Felicia,the enemy of Amber = Elizabeth  the friend of Amber = Christina  the parent of Amber = Bryan          the child of Bryan = Amber          ;;the enemy of Bryan = Christina  the friend of Bryan = Felicia    the parent of Dana = Felicia         the child of Christina = Elizabeth  ;;the enemy of Christina = Bryan  the friend of Christina = Amber  the parent of Elizabeth = Christina  the child of Felicia = Dana         ;;the enemy of Dana = Felicia     the friend of Dana = Elizabeth   ;;the enemy of Elizabeth = Amber  the friend of Elizabeth = Dana   ;;the enemy of Felicia = Dana     the friend of Felicia = Bryan    ,38,17
3,R,SemanticApproach.EXTENSIONAL,Representation.ENGLISH,0_R_fe5,"Imagine there are six people: Amber, Bryan, Christina, Dana, Elizabeth and Felicia. They have the following relationships to each other:;;;;",;;Here is how to figure out the answer to the following question:;;Who is the enemy of the parent of Amber?;;;;Here are the steps to arrive at the answer:;;1. the parent of Amber = Bryan;;2. the enemy of Bryan = Christina;;;;So the answer is Christina;;;;Now answer the following question:;;Who is the friend of the enemy of Felicia?,the friend of the enemy of Felicia,Elizabeth,Amber;;Bryan;;Christina;;Dana;;Elizabeth;;Felicia,the enemy of Amber = Elizabeth  the friend of Amber = Christina  the parent of Amber = Bryan          the child of Bryan = Amber          ;;the enemy of Bryan = Christina  the friend of Bryan = Felicia    the parent of Dana = Felicia         the child of Christina = Elizabeth  ;;the enemy of Christina = Bryan  the friend of Christina = Amber  the parent of Elizabeth = Christina  the child of Felicia = Dana         ;;the enemy of Dana = Felicia     the friend of Dana = Elizabeth   ;;the enemy of Elizabeth = Amber  the friend of Elizabeth = Dana   ;;the enemy of Felicia = Dana     the friend of Felicia = Bryan    ,55,18
3,R,SemanticApproach.EXTENSIONAL,Representation.ENGLISH,0_R_ff2,"Imagine there are six people: Amber, Bryan, Christina, Dana, Elizabeth and Felicia. They have the following relationships to each other:;;;;",;;Here is how to figure out the answer to the following question:;;Who is the enemy of the parent of Amber?;;;;Here are the steps to arrive at the answer:;;1. the parent of Amber = Bryan;;2. the enemy of Bryan = Christina;;;;So the answer is Christina;;;;Now answer the following question:;;Who is the friend of the friend of Dana?,the friend of the friend of Dana,Dana,Amber;;Bryan;;Christina;;Dana;;Elizabeth;;Felicia,the enemy of Amber = Elizabeth  the friend of Amber = Christina  the parent of Amber = Bryan          the child of Bryan = Amber          ;;the enemy of Bryan = Christina  the friend of Bryan = Felicia    the parent of Dana = Felicia         the child of Christina = Elizabeth  ;;the enemy of Christina = Bryan  the friend of Christina = Amber  the parent of Elizabeth = Christina  the child of Felicia = Dana         ;;the enemy of Dana = Felicia     the friend of Dana = Elizabeth   ;;the enemy of Elizabeth = Amber  the friend of Elizabeth = Dana   ;;the enemy of Felicia = Dana     the friend of Felicia = Bryan    ,32,19
3,R,SemanticApproach.EXTENSIONAL,Representation.ENGLISH,0_R_ee5,"Imagine there are six people: Amber, Bryan, Christina, Dana, Elizabeth and Felicia. They have the following relationships to each other:;;;;",;;Here is how to figure out the answer to the following question:;;Who is the enemy of the parent of Amber?;;;;Here are the steps to arrive at the answer:;;1. the parent of Amber = Bryan;;2. the enemy of Bryan = Christina;;;;So the answer is Christina;;;;Now answer the following question:;;Who is the enemy of the enemy of Felicia?,the enemy of the enemy of Felicia,Felicia,Amber;;Bryan;;Christina;;Dana;;Elizabeth;;Felicia,the enemy of Amber = Elizabeth  the friend of Amber = Christina  the parent of Amber = Bryan          the child of Bryan = Amber          ;;the enemy of Bryan = Christina  the friend of Bryan = Felicia    the parent of Dana = Felicia         the child of Christina = Elizabeth  ;;the enemy of Christina = Bryan  the friend of Christina = Amber  the parent of Elizabeth = Christina  the child of Felicia = Dana         ;;the enemy of Dana = Felicia     the friend of Dana = Elizabeth   ;;the enemy of Elizabeth = Amber  the friend of Elizabeth = Dana   ;;the enemy of Felicia = Dana     the friend of Felicia = Bryan    ,56,20
3,R,SemanticApproach.EXTENSIONAL,Representation.ENGLISH,0_R_ff4,"Imagine there are six people: Amber, Bryan, Christina, Dana, Elizabeth and Felicia. They have the following relationships to each other:;;;;",;;Here is how to figure out the answer to the following question:;;Who is the enemy of the parent of Amber?;;;;Here are the steps to arrive at the answer:;;1. the parent of Amber = Bryan;;2. the enemy of Bryan = Christina;;;;So the answer is Christina;;;;Now answer the following question:;;Who is the friend of the friend of Elizabeth?,the friend of the friend of Elizabeth,Elizabeth,Amber;;Bryan;;Christina;;Dana;;Elizabeth;;Felicia,the enemy of Amber = Elizabeth  the friend of Amber = Christina  the parent of Amber = Bryan          the child of Bryan = Amber          ;;the enemy of Bryan = Christina  the friend of Bryan = Felicia    the parent of Dana = Felicia         the child of Christina = Elizabeth  ;;the enemy of Christina = Bryan  the friend of Christina = Amber  the parent of Elizabeth = Christina  the child of Felicia = Dana         ;;the enemy of Dana = Felicia     the friend of Dana = Elizabeth   ;;the enemy of Elizabeth = Amber  the friend of Elizabeth = Dana   ;;the enemy of Felicia = Dana     the friend of Felicia = Bryan    ,45,21
3,R,SemanticApproach.EXTENSIONAL,Representation.ENGLISH,0_R_ec0,"Imagine there are six people: Amber, Bryan, Christina, Dana, Elizabeth and Felicia. They have the following relationships to each other:;;;;",;;Here is how to figure out the answer to the following question:;;Who is the enemy of the parent of Amber?;;;;Here are the steps to arrive at the answer:;;1. the parent of Amber = Bryan;;2. the enemy of Bryan = Christina;;;;So the answer is Christina;;;;Now answer the following question:;;Who is the enemy of the child of Christina?,the enemy of the child of Christina,Amber,Amber;;Bryan;;Christina;;Dana;;Elizabeth;;Felicia,the enemy of Amber = Elizabeth  the friend of Amber = Christina  the parent of Amber = Bryan          the child of Bryan = Amber          ;;the enemy of Bryan = Christina  the friend of Bryan = Felicia    the parent of Dana = Felicia         the child of Christina = Elizabeth  ;;the enemy of Christina = Bryan  the friend of Christina = Amber  the parent of Elizabeth = Christina  the child of Felicia = Dana         ;;the enemy of Dana = Felicia     the friend of Dana = Elizabeth   ;;the enemy of Elizabeth = Amber  the friend of Elizabeth = Dana   ;;the enemy of Felicia = Dana     the friend of Felicia = Bryan    ,25,22
3,R,SemanticApproach.EXTENSIONAL,Representation.ENGLISH,0_R_ep2,"Imagine there are six people: Amber, Bryan, Christina, Dana, Elizabeth and Felicia. They have the following relationships to each other:;;;;",;;Here is how to figure out the answer to the following question:;;Who is the enemy of the parent of Amber?;;;;Here are the steps to arrive at the answer:;;1. the parent of Amber = Bryan;;2. the enemy of Bryan = Christina;;;;So the answer is Christina;;;;Now answer the following question:;;Who is the enemy of the parent of Dana?,the enemy of the parent of Dana,Dana,Amber;;Bryan;;Christina;;Dana;;Elizabeth;;Felicia,the enemy of Amber = Elizabeth  the friend of Amber = Christina  the parent of Amber = Bryan          the child of Bryan = Amber          ;;the enemy of Bryan = Christina  the friend of Bryan = Felicia    the parent of Dana = Felicia         the child of Christina = Elizabeth  ;;the enemy of Christina = Bryan  the friend of Christina = Amber  the parent of Elizabeth = Christina  the child of Felicia = Dana         ;;the enemy of Dana = Felicia     the friend of Dana = Elizabeth   ;;the enemy of Elizabeth = Amber  the friend of Elizabeth = Dana   ;;the enemy of Felicia = Dana     the friend of Felicia = Bryan    ,39,23
3,R,SemanticApproach.EXTENSIONAL,Representation.ENGLISH,0_R_ec3,"Imagine there are six people: Amber, Bryan, Christina, Dana, Elizabeth and Felicia. They have the following relationships to each other:;;;;",;;Here is how to figure out the answer to the following question:;;Who is the enemy of the parent of Amber?;;;;Here are the steps to arrive at the answer:;;1. the parent of Amber = Bryan;;2. the enemy of Bryan = Christina;;;;So the answer is Christina;;;;Now answer the following question:;;Who is the enemy of the child of Bryan?,the enemy of the child of Bryan,Elizabeth,Amber;;Bryan;;Christina;;Dana;;Elizabeth;;Felicia,the enemy of Amber = Elizabeth  the friend of Amber = Christina  the parent of Amber = Bryan          the child of Bryan = Amber          ;;the enemy of Bryan = Christina  the friend of Bryan = Felicia    the parent of Dana = Felicia         the child of Christina = Elizabeth  ;;the enemy of Christina = Bryan  the friend of Christina = Amber  the parent of Elizabeth = Christina  the child of Felicia = Dana         ;;the enemy of Dana = Felicia     the friend of Dana = Elizabeth   ;;the enemy of Elizabeth = Amber  the friend of Elizabeth = Dana   ;;the enemy of Felicia = Dana     the friend of Felicia = Bryan    ,44,24
3,R,SemanticApproach.EXTENSIONAL,Representation.ENGLISH,0_R_ce0,"Imagine there are six people: Amber, Bryan, Christina, Dana, Elizabeth and Felicia. They have the following relationships to each other:;;;;",;;Here is how to figure out the answer to the following question:;;Who is the enemy of the parent of Amber?;;;;Here are the steps to arrive at the answer:;;1. the parent of Amber = Bryan;;2. the enemy of Bryan = Christina;;;;So the answer is Christina;;;;Now answer the following question:;;Who is the child of the enemy of Christina?,the child of the enemy of Christina,Amber,Amber;;Bryan;;Christina;;Dana;;Elizabeth;;Felicia,the enemy of Amber = Elizabeth  the friend of Amber = Christina  the parent of Amber = Bryan          the child of Bryan = Amber          ;;the enemy of Bryan = Christina  the friend of Bryan = Felicia    the parent of Dana = Felicia         the child of Christina = Elizabeth  ;;the enemy of Christina = Bryan  the friend of Christina = Amber  the parent of Elizabeth = Christina  the child of Felicia = Dana         ;;the enemy of Dana = Felicia     the friend of Dana = Elizabeth   ;;the enemy of Elizabeth = Amber  the friend of Elizabeth = Dana   ;;the enemy of Felicia = Dana     the friend of Felicia = Bryan    ,23,25
3,R,SemanticApproach.EXTENSIONAL,Representation.ENGLISH,0_R_ee4,"Imagine there are six people: Amber, Bryan, Christina, Dana, Elizabeth and Felicia. They have the following relationships to each other:;;;;",;;Here is how to figure out the answer to the following question:;;Who is the enemy of the parent of Amber?;;;;Here are the steps to arrive at the answer:;;1. the parent of Amber = Bryan;;2. the enemy of Bryan = Christina;;;;So the answer is Christina;;;;Now answer the following question:;;Who is the enemy of the enemy of Elizabeth?,the enemy of the enemy of Elizabeth,Elizabeth,Amber;;Bryan;;Christina;;Dana;;Elizabeth;;Felicia,the enemy of Amber = Elizabeth  the friend of Amber = Christina  the parent of Amber = Bryan          the child of Bryan = Amber          ;;the enemy of Bryan = Christina  the friend of Bryan = Felicia    the parent of Dana = Felicia         the child of Christina = Elizabeth  ;;the enemy of Christina = Bryan  the friend of Christina = Amber  the parent of Elizabeth = Christina  the child of Felicia = Dana         ;;the enemy of Dana = Felicia     the friend of Dana = Elizabeth   ;;the enemy of Elizabeth = Amber  the friend of Elizabeth = Dana   ;;the enemy of Felicia = Dana     the friend of Felicia = Bryan    ,49,26
3,R,SemanticApproach.EXTENSIONAL,Representation.ENGLISH,0_R_ec5,"Imagine there are six people: Amber, Bryan, Christina, Dana, Elizabeth and Felicia. They have the following relationships to each other:;;;;",;;Here is how to figure out the answer to the following question:;;Who is the enemy of the parent of Amber?;;;;Here are the steps to arrive at the answer:;;1. the parent of Amber = Bryan;;2. the enemy of Bryan = Christina;;;;So the answer is Christina;;;;Now answer the following question:;;Who is the enemy of the child of Felicia?,the enemy of the child of Felicia,Felicia,Amber;;Bryan;;Christina;;Dana;;Elizabeth;;Felicia,the enemy of Amber = Elizabeth  the friend of Amber = Christina  the parent of Amber = Bryan          the child of Bryan = Amber          ;;the enemy of Bryan = Christina  the friend of Bryan = Felicia    the parent of Dana = Felicia         the child of Christina = Elizabeth  ;;the enemy of Christina = Bryan  the friend of Christina = Amber  the parent of Elizabeth = Christina  the child of Felicia = Dana         ;;the enemy of Dana = Felicia     the friend of Dana = Elizabeth   ;;the enemy of Elizabeth = Amber  the friend of Elizabeth = Dana   ;;the enemy of Felicia = Dana     the friend of Felicia = Bryan    ,59,27
3,R,SemanticApproach.EXTENSIONAL,Representation.ENGLISH,0_R_ef0,"Imagine there are six people: Amber, Bryan, Christina, Dana, Elizabeth and Felicia. They have the following relationships to each other:;;;;",;;Here is how to figure out the answer to the following question:;;Who is the enemy of the parent of Amber?;;;;Here are the steps to arrive at the answer:;;1. the parent of Amber = Bryan;;2. the enemy of Bryan = Christina;;;;So the answer is Christina;;;;Now answer the following question:;;Who is the enemy of the friend of Christina?,the enemy of the friend of Christina,Elizabeth,Amber;;Bryan;;Christina;;Dana;;Elizabeth;;Felicia,the enemy of Amber = Elizabeth  the friend of Amber = Christina  the parent of Amber = Bryan          the child of Bryan = Amber          ;;the enemy of Bryan = Christina  the friend of Bryan = Felicia    the parent of Dana = Felicia         the child of Christina = Elizabeth  ;;the enemy of Christina = Bryan  the friend of Christina = Amber  the parent of Elizabeth = Christina  the child of Felicia = Dana         ;;the enemy of Dana = Felicia     the friend of Dana = Elizabeth   ;;the enemy of Elizabeth = Amber  the friend of Elizabeth = Dana   ;;the enemy of Felicia = Dana     the friend of Felicia = Bryan    ,21,28
3,R,SemanticApproach.EXTENSIONAL,Representation.ENGLISH,0_R_ep4,"Imagine there are six people: Amber, Bryan, Christina, Dana, Elizabeth and Felicia. They have the following relationships to each other:;;;;",;;Here is how to figure out the answer to the following question:;;Who is the enemy of the parent of Amber?;;;;Here are the steps to arrive at the answer:;;1. the parent of Amber = Bryan;;2. the enemy of Bryan = Christina;;;;So the answer is Christina;;;;Now answer the following question:;;Who is the enemy of the parent of Elizabeth?,the enemy of the parent of Elizabeth,Bryan,Amber;;Bryan;;Christina;;Dana;;Elizabeth;;Felicia,the enemy of Amber = Elizabeth  the friend of Amber = Christina  the parent of Amber = Bryan          the child of Bryan = Amber          ;;the enemy of Bryan = Christina  the friend of Bryan = Felicia    the parent of Dana = Felicia         the child of Christina = Elizabeth  ;;the enemy of Christina = Bryan  the friend of Christina = Amber  the parent of Elizabeth = Christina  the child of Felicia = Dana         ;;the enemy of Dana = Felicia     the friend of Dana = Elizabeth   ;;the enemy of Elizabeth = Amber  the friend of Elizabeth = Dana   ;;the enemy of Felicia = Dana     the friend of Felicia = Bryan    ,51,29
3,R,SemanticApproach.EXTENSIONAL,Representation.ENGLISH,0_R_fc3,"Imagine there are six people: Amber, Bryan, Christina, Dana, Elizabeth and Felicia. They have the following relationships to each other:;;;;",;;Here is how to figure out the answer to the following question:;;Who is the enemy of the parent of Amber?;;;;Here are the steps to arrive at the answer:;;1. the parent of Amber = Bryan;;2. the enemy of Bryan = Christina;;;;So the answer is Christina;;;;Now answer the following question:;;Who is the friend of the child of Bryan?,the friend of the child of Bryan,Christina,Amber;;Bryan;;Christina;;Dana;;Elizabeth;;Felicia,the enemy of Amber = Elizabeth  the friend of Amber = Christina  the parent of Amber = Bryan          the child of Bryan = Amber          ;;the enemy of Bryan = Christina  the friend of Bryan = Felicia    the parent of Dana = Felicia         the child of Christina = Elizabeth  ;;the enemy of Christina = Bryan  the friend of Christina = Amber  the parent of Elizabeth = Christina  the child of Felicia = Dana         ;;the enemy of Dana = Felicia     the friend of Dana = Elizabeth   ;;the enemy of Elizabeth = Amber  the friend of Elizabeth = Dana   ;;the enemy of Felicia = Dana     the friend of Felicia = Bryan    ,43,30
3,R,SemanticApproach.EXTENSIONAL,Representation.ENGLISH,0_R_ef1,"Imagine there are six people: Amber, Bryan, Christina, Dana, Elizabeth and Felicia. They have the following relationships to each other:;;;;",;;Here is how to figure out the answer to the following question:;;Who is the enemy of the parent of Amber?;;;;Here are the steps to arrive at the answer:;;1. the parent of Amber = Bryan;;2. the enemy of Bryan = Christina;;;;So the answer is Christina;;;;Now answer the following question:;;Who is the enemy of the friend of Amber?,the enemy of the friend of Amber,Bryan,Amber;;Bryan;;Christina;;Dana;;Elizabeth;;Felicia,the enemy of Amber = Elizabeth  the friend of Amber = Christina  the parent of Amber = Bryan          the child of Bryan = Amber          ;;the enemy of Bryan = Christina  the friend of Bryan = Felicia    the parent of Dana = Felicia         the child of Christina = Elizabeth  ;;the enemy of Christina = Bryan  the friend of Christina = Amber  the parent of Elizabeth = Christina  the child of Felicia = Dana         ;;the enemy of Dana = Felicia     the friend of Dana = Elizabeth   ;;the enemy of Elizabeth = Amber  the friend of Elizabeth = Dana   ;;the enemy of Felicia = Dana     the friend of Felicia = Bryan    ,28,31
3,R,SemanticApproach.EXTENSIONAL,Representation.ENGLISH,0_R_ff1,"Imagine there are six people: Amber, Bryan, Christina, Dana, Elizabeth and Felicia. They have the following relationships to each other:;;;;",;;Here is how to figure out the answer to the following question:;;Who is the enemy of the parent of Amber?;;;;Here are the steps to arrive at the answer:;;1. the parent of Amber = Bryan;;2. the enemy of Bryan = Christina;;;;So the answer is Christina;;;;Now answer the following question:;;Who is the friend of the friend of Amber?,the friend of the friend of Amber,Amber,Amber;;Bryan;;Christina;;Dana;;Elizabeth;;Felicia,the enemy of Amber = Elizabeth  the friend of Amber = Christina  the parent of Amber = Bryan          the child of Bryan = Amber          ;;the enemy of Bryan = Christina  the friend of Bryan = Felicia    the parent of Dana = Felicia         the child of Christina = Elizabeth  ;;the enemy of Christina = Bryan  the friend of Christina = Amber  the parent of Elizabeth = Christina  the child of Felicia = Dana         ;;the enemy of Dana = Felicia     the friend of Dana = Elizabeth   ;;the enemy of Elizabeth = Amber  the friend of Elizabeth = Dana   ;;the enemy of Felicia = Dana     the friend of Felicia = Bryan    ,27,32
3,R,SemanticApproach.EXTENSIONAL,Representation.ENGLISH,0_R_pe1,"Imagine there are six people: Amber, Bryan, Christina, Dana, Elizabeth and Felicia. They have the following relationships to each other:;;;;",;;Here is how to figure out the answer to the following question:;;Who is the enemy of the parent of Amber?;;;;Here are the steps to arrive at the answer:;;1. the parent of Amber = Bryan;;2. the enemy of Bryan = Christina;;;;So the answer is Christina;;;;Now answer the following question:;;Who is the parent of the enemy of Amber?,the parent of the enemy of Amber,Christina,Amber;;Bryan;;Christina;;Dana;;Elizabeth;;Felicia,the enemy of Amber = Elizabeth  the friend of Amber = Christina  the parent of Amber = Bryan          the child of Bryan = Amber          ;;the enemy of Bryan = Christina  the friend of Bryan = Felicia    the parent of Dana = Felicia         the child of Christina = Elizabeth  ;;the enemy of Christina = Bryan  the friend of Christina = Amber  the parent of Elizabeth = Christina  the child of Felicia = Dana         ;;the enemy of Dana = Felicia     the friend of Dana = Elizabeth   ;;the enemy of Elizabeth = Amber  the friend of Elizabeth = Dana   ;;the enemy of Felicia = Dana     the friend of Felicia = Bryan    ,31,33
3,R,SemanticApproach.EXTENSIONAL,Representation.ENGLISH,0_R_cp2,"Imagine there are six people: Amber, Bryan, Christina, Dana, Elizabeth and Felicia. They have the following relationships to each other:;;;;",;;Here is how to figure out the answer to the following question:;;Who is the enemy of the parent of Amber?;;;;Here are the steps to arrive at the answer:;;1. the parent of Amber = Bryan;;2. the enemy of Bryan = Christina;;;;So the answer is Christina;;;;Now answer the following question:;;Who is the child of the parent of Dana?,the child of the parent of Dana,Dana,Amber;;Bryan;;Christina;;Dana;;Elizabeth;;Felicia,the enemy of Amber = Elizabeth  the friend of Amber = Christina  the parent of Amber = Bryan          the child of Bryan = Amber          ;;the enemy of Bryan = Christina  the friend of Bryan = Felicia    the parent of Dana = Felicia         the child of Christina = Elizabeth  ;;the enemy of Christina = Bryan  the friend of Christina = Amber  the parent of Elizabeth = Christina  the child of Felicia = Dana         ;;the enemy of Dana = Felicia     the friend of Dana = Elizabeth   ;;the enemy of Elizabeth = Amber  the friend of Elizabeth = Dana   ;;the enemy of Felicia = Dana     the friend of Felicia = Bryan    ,40,34
3,R,SemanticApproach.EXTENSIONAL,Representation.ENGLISH,0_R_fp4,"Imagine there are six people: Amber, Bryan, Christina, Dana, Elizabeth and Felicia. They have the following relationships to each other:;;;;",;;Here is how to figure out the answer to the following question:;;Who is the enemy of the parent of Amber?;;;;Here are the steps to arrive at the answer:;;1. the parent of Amber = Bryan;;2. the enemy of Bryan = Christina;;;;So the answer is Christina;;;;Now answer the following question:;;Who is the friend of the parent of Elizabeth?,the friend of the parent of Elizabeth,Amber,Amber;;Bryan;;Christina;;Dana;;Elizabeth;;Felicia,the enemy of Amber = Elizabeth  the friend of Amber = Christina  the parent of Amber = Bryan          the child of Bryan = Amber          ;;the enemy of Bryan = Christina  the friend of Bryan = Felicia    the parent of Dana = Felicia         the child of Christina = Elizabeth  ;;the enemy of Christina = Bryan  the friend of Christina = Amber  the parent of Elizabeth = Christina  the child of Felicia = Dana         ;;the enemy of Dana = Felicia     the friend of Dana = Elizabeth   ;;the enemy of Elizabeth = Amber  the friend of Elizabeth = Dana   ;;the enemy of Felicia = Dana     the friend of Felicia = Bryan    ,50,35
3,R,SemanticApproach.EXTENSIONAL,Representation.ENGLISH,0_R_ef2,"Imagine there are six people: Amber, Bryan, Christina, Dana, Elizabeth and Felicia. They have the following relationships to each other:;;;;",;;Here is how to figure out the answer to the following question:;;Who is the enemy of the parent of Amber?;;;;Here are the steps to arrive at the answer:;;1. the parent of Amber = Bryan;;2. the enemy of Bryan = Christina;;;;So the answer is Christina;;;;Now answer the following question:;;Who is the enemy of the friend of Dana?,the enemy of the friend of Dana,Amber,Amber;;Bryan;;Christina;;Dana;;Elizabeth;;Felicia,the enemy of Amber = Elizabeth  the friend of Amber = Christina  the parent of Amber = Bryan          the child of Bryan = Amber          ;;the enemy of Bryan = Christina  the friend of Bryan = Felicia    the parent of Dana = Felicia         the child of Christina = Elizabeth  ;;the enemy of Christina = Bryan  the friend of Christina = Amber  the parent of Elizabeth = Christina  the child of Felicia = Dana         ;;the enemy of Dana = Felicia     the friend of Dana = Elizabeth   ;;the enemy of Elizabeth = Amber  the friend of Elizabeth = Dana   ;;the enemy of Felicia = Dana     the friend of Felicia = Bryan    ,33,36
3,R,SemanticApproach.EXTENSIONAL,Representation.ENGLISH,0_R_fe4,"Imagine there are six people: Amber, Bryan, Christina, Dana, Elizabeth and Felicia. They have the following relationships to each other:;;;;",;;Here is how to figure out the answer to the following question:;;Who is the enemy of the parent of Amber?;;;;Here are the steps to arrive at the answer:;;1. the parent of Amber = Bryan;;2. the enemy of Bryan = Christina;;;;So the answer is Christina;;;;Now answer the following question:;;Who is the friend of the enemy of Elizabeth?,the friend of the enemy of Elizabeth,Christina,Amber;;Bryan;;Christina;;Dana;;Elizabeth;;Felicia,the enemy of Amber = Elizabeth  the friend of Amber = Christina  the parent of Amber = Bryan          the child of Bryan = Amber          ;;the enemy of Bryan = Christina  the friend of Bryan = Felicia    the parent of Dana = Felicia         the child of Christina = Elizabeth  ;;the enemy of Christina = Bryan  the friend of Christina = Amber  the parent of Elizabeth = Christina  the child of Felicia = Dana         ;;the enemy of Dana = Felicia     the friend of Dana = Elizabeth   ;;the enemy of Elizabeth = Amber  the friend of Elizabeth = Dana   ;;the enemy of Felicia = Dana     the friend of Felicia = Bryan    ,48,37
3,R,SemanticApproach.EXTENSIONAL,Representation.ENGLISH,0_R_ef4,"Imagine there are six people: Amber, Bryan, Christina, Dana, Elizabeth and Felicia. They have the following relationships to each other:;;;;",;;Here is how to figure out the answer to the following question:;;Who is the enemy of the parent of Amber?;;;;Here are the steps to arrive at the answer:;;1. the parent of Amber = Bryan;;2. the enemy of Bryan = Christina;;;;So the answer is Christina;;;;Now answer the following question:;;Who is the enemy of the friend of Elizabeth?,the enemy of the friend of Elizabeth,Felicia,Amber;;Bryan;;Christina;;Dana;;Elizabeth;;Felicia,the enemy of Amber = Elizabeth  the friend of Amber = Christina  the parent of Amber = Bryan          the child of Bryan = Amber          ;;the enemy of Bryan = Christina  the friend of Bryan = Felicia    the parent of Dana = Felicia         the child of Christina = Elizabeth  ;;the enemy of Christina = Bryan  the friend of Christina = Amber  the parent of Elizabeth = Christina  the child of Felicia = Dana         ;;the enemy of Dana = Felicia     the friend of Dana = Elizabeth   ;;the enemy of Elizabeth = Amber  the friend of Elizabeth = Dana   ;;the enemy of Felicia = Dana     the friend of Felicia = Bryan    ,46,38
3,R,SemanticApproach.EXTENSIONAL,Representation.ENGLISH,0_R_fc5,"Imagine there are six people: Amber, Bryan, Christina, Dana, Elizabeth and Felicia. They have the following relationships to each other:;;;;",;;Here is how to figure out the answer to the following question:;;Who is the enemy of the parent of Amber?;;;;Here are the steps to arrive at the answer:;;1. the parent of Amber = Bryan;;2. the enemy of Bryan = Christina;;;;So the answer is Christina;;;;Now answer the following question:;;Who is the friend of the child of Felicia?,the friend of the child of Felicia,Elizabeth,Amber;;Bryan;;Christina;;Dana;;Elizabeth;;Felicia,the enemy of Amber = Elizabeth  the friend of Amber = Christina  the parent of Amber = Bryan          the child of Bryan = Amber          ;;the enemy of Bryan = Christina  the friend of Bryan = Felicia    the parent of Dana = Felicia         the child of Christina = Elizabeth  ;;the enemy of Christina = Bryan  the friend of Christina = Amber  the parent of Elizabeth = Christina  the child of Felicia = Dana         ;;the enemy of Dana = Felicia     the friend of Dana = Elizabeth   ;;the enemy of Elizabeth = Amber  the friend of Elizabeth = Dana   ;;the enemy of Felicia = Dana     the friend of Felicia = Bryan    ,58,39
3,L,SemanticApproach.INTENSIONAL,Representation.ENGLISH,0_L_ec5,English phrases can be translated into formulae. Use the following translations to answer the question.;;;;,";;;;Here is an example of how to get a formula for a phrase.;;What is the formula for ""Amber's parent's enemy""?;;;;Here are the steps to arrive at the answer:;;1. Amber's parent = parent(amber);;2. Amber's parent's enemy = enemy(parent(amber));;;;So the answer is enemy(parent(amber));;;;What is the formula for ""Felicia's child's enemy""?",Felicia's child's enemy,enemy(child(felicia)),Amber;;Bryan;;Christina;;Dana;;Elizabeth;;Felicia,Christina's friend = friend(christina);;Amber's friend = friend(amber);;Dana's enemy = enemy(dana);;Bryan's enemy = enemy(bryan);;Elizabeth's parent = parent(elizabeth);;Felicia's child = child(felicia),159,0
3,L,SemanticApproach.INTENSIONAL,Representation.ENGLISH,0_L_fe4,English phrases can be translated into formulae. Use the following translations to answer the question.;;;;,";;;;Here is an example of how to get a formula for a phrase.;;What is the formula for ""Amber's parent's enemy""?;;;;Here are the steps to arrive at the answer:;;1. Amber's parent = parent(amber);;2. Amber's parent's enemy = enemy(parent(amber));;;;So the answer is enemy(parent(amber));;;;What is the formula for ""Elizabeth's enemy's friend""?",Elizabeth's enemy's friend,friend(enemy(elizabeth)),Amber;;Bryan;;Christina;;Dana;;Elizabeth;;Felicia,Christina's friend = friend(christina);;Amber's friend = friend(amber);;Dana's enemy = enemy(dana);;Bryan's enemy = enemy(bryan);;Elizabeth's parent = parent(elizabeth);;Felicia's child = child(felicia),148,1
3,L,SemanticApproach.INTENSIONAL,Representation.ENGLISH,0_L_fp4,English phrases can be translated into formulae. Use the following translations to answer the question.;;;;,";;;;Here is an example of how to get a formula for a phrase.;;What is the formula for ""Amber's parent's enemy""?;;;;Here are the steps to arrive at the answer:;;1. Amber's parent = parent(amber);;2. Amber's parent's enemy = enemy(parent(amber));;;;So the answer is enemy(parent(amber));;;;What is the formula for ""Elizabeth's parent's friend""?",Elizabeth's parent's friend,friend(parent(elizabeth)),Amber;;Bryan;;Christina;;Dana;;Elizabeth;;Felicia,Christina's friend = friend(christina);;Amber's friend = friend(amber);;Dana's enemy = enemy(dana);;Bryan's enemy = enemy(bryan);;Elizabeth's parent = parent(elizabeth);;Felicia's child = child(felicia),150,2
3,L,SemanticApproach.INTENSIONAL,Representation.ENGLISH,0_L_ef2,English phrases can be translated into formulae. Use the following translations to answer the question.;;;;,";;;;Here is an example of how to get a formula for a phrase.;;What is the formula for ""Amber's parent's enemy""?;;;;Here are the steps to arrive at the answer:;;1. Amber's parent = parent(amber);;2. Amber's parent's enemy = enemy(parent(amber));;;;So the answer is enemy(parent(amber));;;;What is the formula for ""Dana's friend's enemy""?",Dana's friend's enemy,enemy(friend(dana)),Amber;;Bryan;;Christina;;Dana;;Elizabeth;;Felicia,Christina's friend = friend(christina);;Amber's friend = friend(amber);;Dana's enemy = enemy(dana);;Bryan's enemy = enemy(bryan);;Elizabeth's parent = parent(elizabeth);;Felicia's child = child(felicia),133,3
3,L,SemanticApproach.INTENSIONAL,Representation.ENGLISH,0_L_fc0,English phrases can be translated into formulae. Use the following translations to answer the question.;;;;,";;;;Here is an example of how to get a formula for a phrase.;;What is the formula for ""Amber's parent's enemy""?;;;;Here are the steps to arrive at the answer:;;1. Amber's parent = parent(amber);;2. Amber's parent's enemy = enemy(parent(amber));;;;So the answer is enemy(parent(amber));;;;What is the formula for ""Christina's child's friend""?",Christina's child's friend,friend(child(christina)),Amber;;Bryan;;Christina;;Dana;;Elizabeth;;Felicia,Christina's friend = friend(christina);;Amber's friend = friend(amber);;Dana's enemy = enemy(dana);;Bryan's enemy = enemy(bryan);;Elizabeth's parent = parent(elizabeth);;Felicia's child = child(felicia),124,4
3,L,SemanticApproach.INTENSIONAL,Representation.ENGLISH,0_L_ff4,English phrases can be translated into formulae. Use the following translations to answer the question.;;;;,";;;;Here is an example of how to get a formula for a phrase.;;What is the formula for ""Amber's parent's enemy""?;;;;Here are the steps to arrive at the answer:;;1. Amber's parent = parent(amber);;2. Amber's parent's enemy = enemy(parent(amber));;;;So the answer is enemy(parent(amber));;;;What is the formula for ""Elizabeth's friend's friend""?",Elizabeth's friend's friend,friend(friend(elizabeth)),Amber;;Bryan;;Christina;;Dana;;Elizabeth;;Felicia,Christina's friend = friend(christina);;Amber's friend = friend(amber);;Dana's enemy = enemy(dana);;Bryan's enemy = enemy(bryan);;Elizabeth's parent = parent(elizabeth);;Felicia's child = child(felicia),145,5
3,L,SemanticApproach.INTENSIONAL,Representation.ENGLISH,0_L_ep4,English phrases can be translated into formulae. Use the following translations to answer the question.;;;;,";;;;Here is an example of how to get a formula for a phrase.;;What is the formula for ""Amber's parent's enemy""?;;;;Here are the steps to arrive at the answer:;;1. Amber's parent = parent(amber);;2. Amber's parent's enemy = enemy(parent(amber));;;;So the answer is enemy(parent(amber));;;;What is the formula for ""Elizabeth's parent's enemy""?",Elizabeth's parent's enemy,enemy(parent(elizabeth)),Amber;;Bryan;;Christina;;Dana;;Elizabeth;;Felicia,Christina's friend = friend(christina);;Amber's friend = friend(amber);;Dana's enemy = enemy(dana);;Bryan's enemy = enemy(bryan);;Elizabeth's parent = parent(elizabeth);;Felicia's child = child(felicia),151,6
3,L,SemanticApproach.INTENSIONAL,Representation.ENGLISH,0_L_pf2,English phrases can be translated into formulae. Use the following translations to answer the question.;;;;,";;;;Here is an example of how to get a formula for a phrase.;;What is the formula for ""Amber's parent's enemy""?;;;;Here are the steps to arrive at the answer:;;1. Amber's parent = parent(amber);;2. Amber's parent's enemy = enemy(parent(amber));;;;So the answer is enemy(parent(amber));;;;What is the formula for ""Dana's friend's parent""?",Dana's friend's parent,parent(friend(dana)),Amber;;Bryan;;Christina;;Dana;;Elizabeth;;Felicia,Christina's friend = friend(christina);;Amber's friend = friend(amber);;Dana's enemy = enemy(dana);;Bryan's enemy = enemy(bryan);;Elizabeth's parent = parent(elizabeth);;Felicia's child = child(felicia),134,7
3,L,SemanticApproach.INTENSIONAL,Representation.ENGLISH,0_L_ff3,English phrases can be translated into formulae. Use the following translations to answer the question.;;;;,";;;;Here is an example of how to get a formula for a phrase.;;What is the formula for ""Amber's parent's enemy""?;;;;Here are the steps to arrive at the answer:;;1. Amber's parent = parent(amber);;2. Amber's parent's enemy = enemy(parent(amber));;;;So the answer is enemy(parent(amber));;;;What is the formula for ""Bryan's friend's friend""?",Bryan's friend's friend,friend(friend(bryan)),Amber;;Bryan;;Christina;;Dana;;Elizabeth;;Felicia,Christina's friend = friend(christina);;Amber's friend = friend(amber);;Dana's enemy = enemy(dana);;Bryan's enemy = enemy(bryan);;Elizabeth's parent = parent(elizabeth);;Felicia's child = child(felicia),141,8
3,L,SemanticApproach.INTENSIONAL,Representation.ENGLISH,0_L_fc3,English phrases can be translated into formulae. Use the following translations to answer the question.;;;;,";;;;Here is an example of how to get a formula for a phrase.;;What is the formula for ""Amber's parent's enemy""?;;;;Here are the steps to arrive at the answer:;;1. Amber's parent = parent(amber);;2. Amber's parent's enemy = enemy(parent(amber));;;;So the answer is enemy(parent(amber));;;;What is the formula for ""Bryan's child's friend""?",Bryan's child's friend,friend(child(bryan)),Amber;;Bryan;;Christina;;Dana;;Elizabeth;;Felicia,Christina's friend = friend(christina);;Amber's friend = friend(amber);;Dana's enemy = enemy(dana);;Bryan's enemy = enemy(bryan);;Elizabeth's parent = parent(elizabeth);;Felicia's child = child(felicia),143,9
3,L,SemanticApproach.INTENSIONAL,Representation.ENGLISH,0_L_ee4,English phrases can be translated into formulae. Use the following translations to answer the question.;;;;,";;;;Here is an example of how to get a formula for a phrase.;;What is the formula for ""Amber's parent's enemy""?;;;;Here are the steps to arrive at the answer:;;1. Amber's parent = parent(amber);;2. Amber's parent's enemy = enemy(parent(amber));;;;So the answer is enemy(parent(amber));;;;What is the formula for ""Elizabeth's enemy's enemy""?",Elizabeth's enemy's enemy,enemy(enemy(elizabeth)),Amber;;Bryan;;Christina;;Dana;;Elizabeth;;Felicia,Christina's friend = friend(christina);;Amber's friend = friend(amber);;Dana's enemy = enemy(dana);;Bryan's enemy = enemy(bryan);;Elizabeth's parent = parent(elizabeth);;Felicia's child = child(felicia),149,10
3,L,SemanticApproach.INTENSIONAL,Representation.ENGLISH,0_L_ce2,English phrases can be translated into formulae. Use the following translations to answer the question.;;;;,";;;;Here is an example of how to get a formula for a phrase.;;What is the formula for ""Amber's parent's enemy""?;;;;Here are the steps to arrive at the answer:;;1. Amber's parent = parent(amber);;2. Amber's parent's enemy = enemy(parent(amber));;;;So the answer is enemy(parent(amber));;;;What is the formula for ""Dana's enemy's child""?",Dana's enemy's child,child(enemy(dana)),Amber;;Bryan;;Christina;;Dana;;Elizabeth;;Felicia,Christina's friend = friend(christina);;Amber's friend = friend(amber);;Dana's enemy = enemy(dana);;Bryan's enemy = enemy(bryan);;Elizabeth's parent = parent(elizabeth);;Felicia's child = child(felicia),137,11
3,L,SemanticApproach.INTENSIONAL,Representation.ENGLISH,0_L_pe5,English phrases can be translated into formulae. Use the following translations to answer the question.;;;;,";;;;Here is an example of how to get a formula for a phrase.;;What is the formula for ""Amber's parent's enemy""?;;;;Here are the steps to arrive at the answer:;;1. Amber's parent = parent(amber);;2. Amber's parent's enemy = enemy(parent(amber));;;;So the answer is enemy(parent(amber));;;;What is the formula for ""Felicia's enemy's parent""?",Felicia's enemy's parent,parent(enemy(felicia)),Amber;;Bryan;;Christina;;Dana;;Elizabeth;;Felicia,Christina's friend = friend(christina);;Amber's friend = friend(amber);;Dana's enemy = enemy(dana);;Bryan's enemy = enemy(bryan);;Elizabeth's parent = parent(elizabeth);;Felicia's child = child(felicia),157,12
3,L,SemanticApproach.INTENSIONAL,Representation.ENGLISH,0_L_ff1,English phrases can be translated into formulae. Use the following translations to answer the question.;;;;,";;;;Here is an example of how to get a formula for a phrase.;;What is the formula for ""Amber's parent's enemy""?;;;;Here are the steps to arrive at the answer:;;1. Amber's parent = parent(amber);;2. Amber's parent's enemy = enemy(parent(amber));;;;So the answer is enemy(parent(amber));;;;What is the formula for ""Amber's friend's friend""?",Amber's friend's friend,friend(friend(amber)),Amber;;Bryan;;Christina;;Dana;;Elizabeth;;Felicia,Christina's friend = friend(christina);;Amber's friend = friend(amber);;Dana's enemy = enemy(dana);;Bryan's enemy = enemy(bryan);;Elizabeth's parent = parent(elizabeth);;Felicia's child = child(felicia),127,13
3,L,SemanticApproach.INTENSIONAL,Representation.ENGLISH,0_L_fp2,English phrases can be translated into formulae. Use the following translations to answer the question.;;;;,";;;;Here is an example of how to get a formula for a phrase.;;What is the formula for ""Amber's parent's enemy""?;;;;Here are the steps to arrive at the answer:;;1. Amber's parent = parent(amber);;2. Amber's parent's enemy = enemy(parent(amber));;;;So the answer is enemy(parent(amber));;;;What is the formula for ""Dana's parent's friend""?",Dana's parent's friend,friend(parent(dana)),Amber;;Bryan;;Christina;;Dana;;Elizabeth;;Felicia,Christina's friend = friend(christina);;Amber's friend = friend(amber);;Dana's enemy = enemy(dana);;Bryan's enemy = enemy(bryan);;Elizabeth's parent = parent(elizabeth);;Felicia's child = child(felicia),138,14
3,L,SemanticApproach.INTENSIONAL,Representation.ENGLISH,0_L_ep2,English phrases can be translated into formulae. Use the following translations to answer the question.;;;;,";;;;Here is an example of how to get a formula for a phrase.;;What is the formula for ""Amber's parent's enemy""?;;;;Here are the steps to arrive at the answer:;;1. Amber's parent = parent(amber);;2. Amber's parent's enemy = enemy(parent(amber));;;;So the answer is enemy(parent(amber));;;;What is the formula for ""Dana's parent's enemy""?",Dana's parent's enemy,enemy(parent(dana)),Amber;;Bryan;;Christina;;Dana;;Elizabeth;;Felicia,Christina's friend = friend(christina);;Amber's friend = friend(amber);;Dana's enemy = enemy(dana);;Bryan's enemy = enemy(bryan);;Elizabeth's parent = parent(elizabeth);;Felicia's child = child(felicia),139,15
3,L,SemanticApproach.INTENSIONAL,Representation.ENGLISH,0_L_fe2,English phrases can be translated into formulae. Use the following translations to answer the question.;;;;,";;;;Here is an example of how to get a formula for a phrase.;;What is the formula for ""Amber's parent's enemy""?;;;;Here are the steps to arrive at the answer:;;1. Amber's parent = parent(amber);;2. Amber's parent's enemy = enemy(parent(amber));;;;So the answer is enemy(parent(amber));;;;What is the formula for ""Dana's enemy's friend""?",Dana's enemy's friend,friend(enemy(dana)),Amber;;Bryan;;Christina;;Dana;;Elizabeth;;Felicia,Christina's friend = friend(christina);;Amber's friend = friend(amber);;Dana's enemy = enemy(dana);;Bryan's enemy = enemy(bryan);;Elizabeth's parent = parent(elizabeth);;Felicia's child = child(felicia),135,16
3,L,SemanticApproach.INTENSIONAL,Representation.ENGLISH,0_L_pc5,English phrases can be translated into formulae. Use the following translations to answer the question.;;;;,";;;;Here is an example of how to get a formula for a phrase.;;What is the formula for ""Amber's parent's enemy""?;;;;Here are the steps to arrive at the answer:;;1. Amber's parent = parent(amber);;2. Amber's parent's enemy = enemy(parent(amber));;;;So the answer is enemy(parent(amber));;;;What is the formula for ""Felicia's child's parent""?",Felicia's child's parent,parent(child(felicia)),Amber;;Bryan;;Christina;;Dana;;Elizabeth;;Felicia,Christina's friend = friend(christina);;Amber's friend = friend(amber);;Dana's enemy = enemy(dana);;Bryan's enemy = enemy(bryan);;Elizabeth's parent = parent(elizabeth);;Felicia's child = child(felicia),160,17
3,L,SemanticApproach.INTENSIONAL,Representation.ENGLISH,0_L_cf1,English phrases can be translated into formulae. Use the following translations to answer the question.;;;;,";;;;Here is an example of how to get a formula for a phrase.;;What is the formula for ""Amber's parent's enemy""?;;;;Here are the steps to arrive at the answer:;;1. Amber's parent = parent(amber);;2. Amber's parent's enemy = enemy(parent(amber));;;;So the answer is enemy(parent(amber));;;;What is the formula for ""Amber's friend's child""?",Amber's friend's child,child(friend(amber)),Amber;;Bryan;;Christina;;Dana;;Elizabeth;;Felicia,Christina's friend = friend(christina);;Amber's friend = friend(amber);;Dana's enemy = enemy(dana);;Bryan's enemy = enemy(bryan);;Elizabeth's parent = parent(elizabeth);;Felicia's child = child(felicia),129,18
3,L,SemanticApproach.INTENSIONAL,Representation.ENGLISH,0_L_ec0,English phrases can be translated into formulae. Use the following translations to answer the question.;;;;,";;;;Here is an example of how to get a formula for a phrase.;;What is the formula for ""Amber's parent's enemy""?;;;;Here are the steps to arrive at the answer:;;1. Amber's parent = parent(amber);;2. Amber's parent's enemy = enemy(parent(amber));;;;So the answer is enemy(parent(amber));;;;What is the formula for ""Christina's child's enemy""?",Christina's child's enemy,enemy(child(christina)),Amber;;Bryan;;Christina;;Dana;;Elizabeth;;Felicia,Christina's friend = friend(christina);;Amber's friend = friend(amber);;Dana's enemy = enemy(dana);;Bryan's enemy = enemy(bryan);;Elizabeth's parent = parent(elizabeth);;Felicia's child = child(felicia),125,19
3,L,SemanticApproach.INTENSIONAL,Representation.ENGLISH,0_L_cp2,English phrases can be translated into formulae. Use the following translations to answer the question.;;;;,";;;;Here is an example of how to get a formula for a phrase.;;What is the formula for ""Amber's parent's enemy""?;;;;Here are the steps to arrive at the answer:;;1. Amber's parent = parent(amber);;2. Amber's parent's enemy = enemy(parent(amber));;;;So the answer is enemy(parent(amber));;;;What is the formula for ""Dana's parent's child""?",Dana's parent's child,child(parent(dana)),Amber;;Bryan;;Christina;;Dana;;Elizabeth;;Felicia,Christina's friend = friend(christina);;Amber's friend = friend(amber);;Dana's enemy = enemy(dana);;Bryan's enemy = enemy(bryan);;Elizabeth's parent = parent(elizabeth);;Felicia's child = child(felicia),140,20
3,L,SemanticApproach.INTENSIONAL,Representation.ENGLISH,0_L_ee5,English phrases can be translated into formulae. Use the following translations to answer the question.;;;;,";;;;Here is an example of how to get a formula for a phrase.;;What is the formula for ""Amber's parent's enemy""?;;;;Here are the steps to arrive at the answer:;;1. Amber's parent = parent(amber);;2. Amber's parent's enemy = enemy(parent(amber));;;;So the answer is enemy(parent(amber));;;;What is the formula for ""Felicia's enemy's enemy""?",Felicia's enemy's enemy,enemy(enemy(felicia)),Amber;;Bryan;;Christina;;Dana;;Elizabeth;;Felicia,Christina's friend = friend(christina);;Amber's friend = friend(amber);;Dana's enemy = enemy(dana);;Bryan's enemy = enemy(bryan);;Elizabeth's parent = parent(elizabeth);;Felicia's child = child(felicia),156,21
3,L,SemanticApproach.INTENSIONAL,Representation.ENGLISH,0_L_pe1,English phrases can be translated into formulae. Use the following translations to answer the question.;;;;,";;;;Here is an example of how to get a formula for a phrase.;;What is the formula for ""Amber's parent's enemy""?;;;;Here are the steps to arrive at the answer:;;1. Amber's parent = parent(amber);;2. Amber's parent's enemy = enemy(parent(amber));;;;So the answer is enemy(parent(amber));;;;What is the formula for ""Amber's enemy's parent""?",Amber's enemy's parent,parent(enemy(amber)),Amber;;Bryan;;Christina;;Dana;;Elizabeth;;Felicia,Christina's friend = friend(christina);;Amber's friend = friend(amber);;Dana's enemy = enemy(dana);;Bryan's enemy = enemy(bryan);;Elizabeth's parent = parent(elizabeth);;Felicia's child = child(felicia),131,22
3,L,SemanticApproach.INTENSIONAL,Representation.ENGLISH,0_L_pc0,English phrases can be translated into formulae. Use the following translations to answer the question.;;;;,";;;;Here is an example of how to get a formula for a phrase.;;What is the formula for ""Amber's parent's enemy""?;;;;Here are the steps to arrive at the answer:;;1. Amber's parent = parent(amber);;2. Amber's parent's enemy = enemy(parent(amber));;;;So the answer is enemy(parent(amber));;;;What is the formula for ""Christina's child's parent""?",Christina's child's parent,parent(child(christina)),Amber;;Bryan;;Christina;;Dana;;Elizabeth;;Felicia,Christina's friend = friend(christina);;Amber's friend = friend(amber);;Dana's enemy = enemy(dana);;Bryan's enemy = enemy(bryan);;Elizabeth's parent = parent(elizabeth);;Felicia's child = child(felicia),126,23
3,L,SemanticApproach.INTENSIONAL,Representation.ENGLISH,0_L_ee2,English phrases can be translated into formulae. Use the following translations to answer the question.;;;;,";;;;Here is an example of how to get a formula for a phrase.;;What is the formula for ""Amber's parent's enemy""?;;;;Here are the steps to arrive at the answer:;;1. Amber's parent = parent(amber);;2. Amber's parent's enemy = enemy(parent(amber));;;;So the answer is enemy(parent(amber));;;;What is the formula for ""Dana's enemy's enemy""?",Dana's enemy's enemy,enemy(enemy(dana)),Amber;;Bryan;;Christina;;Dana;;Elizabeth;;Felicia,Christina's friend = friend(christina);;Amber's friend = friend(amber);;Dana's enemy = enemy(dana);;Bryan's enemy = enemy(bryan);;Elizabeth's parent = parent(elizabeth);;Felicia's child = child(felicia),136,24
3,L,SemanticApproach.INTENSIONAL,Representation.ENGLISH,0_L_ff5,English phrases can be translated into formulae. Use the following translations to answer the question.;;;;,";;;;Here is an example of how to get a formula for a phrase.;;What is the formula for ""Amber's parent's enemy""?;;;;Here are the steps to arrive at the answer:;;1. Amber's parent = parent(amber);;2. Amber's parent's enemy = enemy(parent(amber));;;;So the answer is enemy(parent(amber));;;;What is the formula for ""Felicia's friend's friend""?",Felicia's friend's friend,friend(friend(felicia)),Amber;;Bryan;;Christina;;Dana;;Elizabeth;;Felicia,Christina's friend = friend(christina);;Amber's friend = friend(amber);;Dana's enemy = enemy(dana);;Bryan's enemy = enemy(bryan);;Elizabeth's parent = parent(elizabeth);;Felicia's child = child(felicia),153,25
3,L,SemanticApproach.INTENSIONAL,Representation.ENGLISH,0_L_fe0,English phrases can be translated into formulae. Use the following translations to answer the question.;;;;,";;;;Here is an example of how to get a formula for a phrase.;;What is the formula for ""Amber's parent's enemy""?;;;;Here are the steps to arrive at the answer:;;1. Amber's parent = parent(amber);;2. Amber's parent's enemy = enemy(parent(amber));;;;So the answer is enemy(parent(amber));;;;What is the formula for ""Christina's enemy's friend""?",Christina's enemy's friend,friend(enemy(christina)),Amber;;Bryan;;Christina;;Dana;;Elizabeth;;Felicia,Christina's friend = friend(christina);;Amber's friend = friend(amber);;Dana's enemy = enemy(dana);;Bryan's enemy = enemy(bryan);;Elizabeth's parent = parent(elizabeth);;Felicia's child = child(felicia),122,26
3,L,SemanticApproach.INTENSIONAL,Representation.ENGLISH,0_L_ce0,English phrases can be translated into formulae. Use the following translations to answer the question.;;;;,";;;;Here is an example of how to get a formula for a phrase.;;What is the formula for ""Amber's parent's enemy""?;;;;Here are the steps to arrive at the answer:;;1. Amber's parent = parent(amber);;2. Amber's parent's enemy = enemy(parent(amber));;;;So the answer is enemy(parent(amber));;;;What is the formula for ""Christina's enemy's child""?",Christina's enemy's child,child(enemy(christina)),Amber;;Bryan;;Christina;;Dana;;Elizabeth;;Felicia,Christina's friend = friend(christina);;Amber's friend = friend(amber);;Dana's enemy = enemy(dana);;Bryan's enemy = enemy(bryan);;Elizabeth's parent = parent(elizabeth);;Felicia's child = child(felicia),123,27
3,L,SemanticApproach.INTENSIONAL,Representation.ENGLISH,0_L_ef1,English phrases can be translated into formulae. Use the following translations to answer the question.;;;;,";;;;Here is an example of how to get a formula for a phrase.;;What is the formula for ""Amber's parent's enemy""?;;;;Here are the steps to arrive at the answer:;;1. Amber's parent = parent(amber);;2. Amber's parent's enemy = enemy(parent(amber));;;;So the answer is enemy(parent(amber));;;;What is the formula for ""Amber's friend's enemy""?",Amber's friend's enemy,enemy(friend(amber)),Amber;;Bryan;;Christina;;Dana;;Elizabeth;;Felicia,Christina's friend = friend(christina);;Amber's friend = friend(amber);;Dana's enemy = enemy(dana);;Bryan's enemy = enemy(bryan);;Elizabeth's parent = parent(elizabeth);;Felicia's child = child(felicia),128,28
3,L,SemanticApproach.INTENSIONAL,Representation.ENGLISH,0_L_ef0,English phrases can be translated into formulae. Use the following translations to answer the question.;;;;,";;;;Here is an example of how to get a formula for a phrase.;;What is the formula for ""Amber's parent's enemy""?;;;;Here are the steps to arrive at the answer:;;1. Amber's parent = parent(amber);;2. Amber's parent's enemy = enemy(parent(amber));;;;So the answer is enemy(parent(amber));;;;What is the formula for ""Christina's friend's enemy""?",Christina's friend's enemy,enemy(friend(christina)),Amber;;Bryan;;Christina;;Dana;;Elizabeth;;Felicia,Christina's friend = friend(christina);;Amber's friend = friend(amber);;Dana's enemy = enemy(dana);;Bryan's enemy = enemy(bryan);;Elizabeth's parent = parent(elizabeth);;Felicia's child = child(felicia),121,29
3,L,SemanticApproach.INTENSIONAL,Representation.ENGLISH,0_L_fe5,English phrases can be translated into formulae. Use the following translations to answer the question.;;;;,";;;;Here is an example of how to get a formula for a phrase.;;What is the formula for ""Amber's parent's enemy""?;;;;Here are the steps to arrive at the answer:;;1. Amber's parent = parent(amber);;2. Amber's parent's enemy = enemy(parent(amber));;;;So the answer is enemy(parent(amber));;;;What is the formula for ""Felicia's enemy's friend""?",Felicia's enemy's friend,friend(enemy(felicia)),Amber;;Bryan;;Christina;;Dana;;Elizabeth;;Felicia,Christina's friend = friend(christina);;Amber's friend = friend(amber);;Dana's enemy = enemy(dana);;Bryan's enemy = enemy(bryan);;Elizabeth's parent = parent(elizabeth);;Felicia's child = child(felicia),155,30
3,L,SemanticApproach.INTENSIONAL,Representation.ENGLISH,0_L_ff2,English phrases can be translated into formulae. Use the following translations to answer the question.;;;;,";;;;Here is an example of how to get a formula for a phrase.;;What is the formula for ""Amber's parent's enemy""?;;;;Here are the steps to arrive at the answer:;;1. Amber's parent = parent(amber);;2. Amber's parent's enemy = enemy(parent(amber));;;;So the answer is enemy(parent(amber));;;;What is the formula for ""Dana's friend's friend""?",Dana's friend's friend,friend(friend(dana)),Amber;;Bryan;;Christina;;Dana;;Elizabeth;;Felicia,Christina's friend = friend(christina);;Amber's friend = friend(amber);;Dana's enemy = enemy(dana);;Bryan's enemy = enemy(bryan);;Elizabeth's parent = parent(elizabeth);;Felicia's child = child(felicia),132,31
3,L,SemanticApproach.INTENSIONAL,Representation.ENGLISH,0_L_cf5,English phrases can be translated into formulae. Use the following translations to answer the question.;;;;,";;;;Here is an example of how to get a formula for a phrase.;;What is the formula for ""Amber's parent's enemy""?;;;;Here are the steps to arrive at the answer:;;1. Amber's parent = parent(amber);;2. Amber's parent's enemy = enemy(parent(amber));;;;So the answer is enemy(parent(amber));;;;What is the formula for ""Felicia's friend's child""?",Felicia's friend's child,child(friend(felicia)),Amber;;Bryan;;Christina;;Dana;;Elizabeth;;Felicia,Christina's friend = friend(christina);;Amber's friend = friend(amber);;Dana's enemy = enemy(dana);;Bryan's enemy = enemy(bryan);;Elizabeth's parent = parent(elizabeth);;Felicia's child = child(felicia),154,32
3,L,SemanticApproach.INTENSIONAL,Representation.ENGLISH,0_L_cp4,English phrases can be translated into formulae. Use the following translations to answer the question.;;;;,";;;;Here is an example of how to get a formula for a phrase.;;What is the formula for ""Amber's parent's enemy""?;;;;Here are the steps to arrive at the answer:;;1. Amber's parent = parent(amber);;2. Amber's parent's enemy = enemy(parent(amber));;;;So the answer is enemy(parent(amber));;;;What is the formula for ""Elizabeth's parent's child""?",Elizabeth's parent's child,child(parent(elizabeth)),Amber;;Bryan;;Christina;;Dana;;Elizabeth;;Felicia,Christina's friend = friend(christina);;Amber's friend = friend(amber);;Dana's enemy = enemy(dana);;Bryan's enemy = enemy(bryan);;Elizabeth's parent = parent(elizabeth);;Felicia's child = child(felicia),152,33
3,L,SemanticApproach.INTENSIONAL,Representation.ENGLISH,0_L_ee1,English phrases can be translated into formulae. Use the following translations to answer the question.;;;;,";;;;Here is an example of how to get a formula for a phrase.;;What is the formula for ""Amber's parent's enemy""?;;;;Here are the steps to arrive at the answer:;;1. Amber's parent = parent(amber);;2. Amber's parent's enemy = enemy(parent(amber));;;;So the answer is enemy(parent(amber));;;;What is the formula for ""Amber's enemy's enemy""?",Amber's enemy's enemy,enemy(enemy(amber)),Amber;;Bryan;;Christina;;Dana;;Elizabeth;;Felicia,Christina's friend = friend(christina);;Amber's friend = friend(amber);;Dana's enemy = enemy(dana);;Bryan's enemy = enemy(bryan);;Elizabeth's parent = parent(elizabeth);;Felicia's child = child(felicia),130,34
3,L,SemanticApproach.INTENSIONAL,Representation.ENGLISH,0_L_fc5,English phrases can be translated into formulae. Use the following translations to answer the question.;;;;,";;;;Here is an example of how to get a formula for a phrase.;;What is the formula for ""Amber's parent's enemy""?;;;;Here are the steps to arrive at the answer:;;1. Amber's parent = parent(amber);;2. Amber's parent's enemy = enemy(parent(amber));;;;So the answer is enemy(parent(amber));;;;What is the formula for ""Felicia's child's friend""?",Felicia's child's friend,friend(child(felicia)),Amber;;Bryan;;Christina;;Dana;;Elizabeth;;Felicia,Christina's friend = friend(christina);;Amber's friend = friend(amber);;Dana's enemy = enemy(dana);;Bryan's enemy = enemy(bryan);;Elizabeth's parent = parent(elizabeth);;Felicia's child = child(felicia),158,35
3,L,SemanticApproach.INTENSIONAL,Representation.ENGLISH,0_L_pf4,English phrases can be translated into formulae. Use the following translations to answer the question.;;;;,";;;;Here is an example of how to get a formula for a phrase.;;What is the formula for ""Amber's parent's enemy""?;;;;Here are the steps to arrive at the answer:;;1. Amber's parent = parent(amber);;2. Amber's parent's enemy = enemy(parent(amber));;;;So the answer is enemy(parent(amber));;;;What is the formula for ""Elizabeth's friend's parent""?",Elizabeth's friend's parent,parent(friend(elizabeth)),Amber;;Bryan;;Christina;;Dana;;Elizabeth;;Felicia,Christina's friend = friend(christina);;Amber's friend = friend(amber);;Dana's enemy = enemy(dana);;Bryan's enemy = enemy(bryan);;Elizabeth's parent = parent(elizabeth);;Felicia's child = child(felicia),147,36
3,L,SemanticApproach.INTENSIONAL,Representation.ENGLISH,0_L_ef3,English phrases can be translated into formulae. Use the following translations to answer the question.;;;;,";;;;Here is an example of how to get a formula for a phrase.;;What is the formula for ""Amber's parent's enemy""?;;;;Here are the steps to arrive at the answer:;;1. Amber's parent = parent(amber);;2. Amber's parent's enemy = enemy(parent(amber));;;;So the answer is enemy(parent(amber));;;;What is the formula for ""Bryan's friend's enemy""?",Bryan's friend's enemy,enemy(friend(bryan)),Amber;;Bryan;;Christina;;Dana;;Elizabeth;;Felicia,Christina's friend = friend(christina);;Amber's friend = friend(amber);;Dana's enemy = enemy(dana);;Bryan's enemy = enemy(bryan);;Elizabeth's parent = parent(elizabeth);;Felicia's child = child(felicia),142,37
3,L,SemanticApproach.INTENSIONAL,Representation.ENGLISH,0_L_ef4,English phrases can be translated into formulae. Use the following translations to answer the question.;;;;,";;;;Here is an example of how to get a formula for a phrase.;;What is the formula for ""Amber's parent's enemy""?;;;;Here are the steps to arrive at the answer:;;1. Amber's parent = parent(amber);;2. Amber's parent's enemy = enemy(parent(amber));;;;So the answer is enemy(parent(amber));;;;What is the formula for ""Elizabeth's friend's enemy""?",Elizabeth's friend's enemy,enemy(friend(elizabeth)),Amber;;Bryan;;Christina;;Dana;;Elizabeth;;Felicia,Christina's friend = friend(christina);;Amber's friend = friend(amber);;Dana's enemy = enemy(dana);;Bryan's enemy = enemy(bryan);;Elizabeth's parent = parent(elizabeth);;Felicia's child = child(felicia),146,38
3,L,SemanticApproach.INTENSIONAL,Representation.ENGLISH,0_L_ec3,English phrases can be translated into formulae. Use the following translations to answer the question.;;;;,";;;;Here is an example of how to get a formula for a phrase.;;What is the formula for ""Amber's parent's enemy""?;;;;Here are the steps to arrive at the answer:;;1. Amber's parent = parent(amber);;2. Amber's parent's enemy = enemy(parent(amber));;;;So the answer is enemy(parent(amber));;;;What is the formula for ""Bryan's child's enemy""?",Bryan's child's enemy,enemy(child(bryan)),Amber;;Bryan;;Christina;;Dana;;Elizabeth;;Felicia,Christina's friend = friend(christina);;Amber's friend = friend(amber);;Dana's enemy = enemy(dana);;Bryan's enemy = enemy(bryan);;Elizabeth's parent = parent(elizabeth);;Felicia's child = child(felicia),144,39
3,R,SemanticApproach.INTENSIONAL,Representation.ENGLISH,0_R_ff1,English phrases can be translated into formulae. Use the following translations to answer the question.;;;;,";;;;Here is an example of how to get a formula for a phrase.;;What is the formula for ""the enemy of the parent of Amber""?;;;;Here are the steps to arrive at the answer:;;1. the parent of Amber = parent(amber);;2. the enemy of the parent of Amber = enemy(parent(amber));;;;So the answer is enemy(parent(amber));;;;What is the formula for ""the friend of the friend of Amber""?",the friend of the friend of Amber,friend(friend(amber)),Amber;;Bryan;;Christina;;Dana;;Elizabeth;;Felicia,the friend of Christina = friend(christina);;the friend of Amber = friend(amber);;the enemy of Dana = enemy(dana);;the enemy of Bryan = enemy(bryan);;the parent of Elizabeth = parent(elizabeth);;the child of Felicia = child(felicia),27,0
3,R,SemanticApproach.INTENSIONAL,Representation.ENGLISH,0_R_pf4,English phrases can be translated into formulae. Use the following translations to answer the question.;;;;,";;;;Here is an example of how to get a formula for a phrase.;;What is the formula for ""the enemy of the parent of Amber""?;;;;Here are the steps to arrive at the answer:;;1. the parent of Amber = parent(amber);;2. the enemy of the parent of Amber = enemy(parent(amber));;;;So the answer is enemy(parent(amber));;;;What is the formula for ""the parent of the friend of Elizabeth""?",the parent of the friend of Elizabeth,parent(friend(elizabeth)),Amber;;Bryan;;Christina;;Dana;;Elizabeth;;Felicia,the friend of Christina = friend(christina);;the friend of Amber = friend(amber);;the enemy of Dana = enemy(dana);;the enemy of Bryan = enemy(bryan);;the parent of Elizabeth = parent(elizabeth);;the child of Felicia = child(felicia),47,1
3,R,SemanticApproach.INTENSIONAL,Representation.ENGLISH,0_R_pc5,English phrases can be translated into formulae. Use the following translations to answer the question.;;;;,";;;;Here is an example of how to get a formula for a phrase.;;What is the formula for ""the enemy of the parent of Amber""?;;;;Here are the steps to arrive at the answer:;;1. the parent of Amber = parent(amber);;2. the enemy of the parent of Amber = enemy(parent(amber));;;;So the answer is enemy(parent(amber));;;;What is the formula for ""the parent of the child of Felicia""?",the parent of the child of Felicia,parent(child(felicia)),Amber;;Bryan;;Christina;;Dana;;Elizabeth;;Felicia,the friend of Christina = friend(christina);;the friend of Amber = friend(amber);;the enemy of Dana = enemy(dana);;the enemy of Bryan = enemy(bryan);;the parent of Elizabeth = parent(elizabeth);;the child of Felicia = child(felicia),60,2
3,R,SemanticApproach.INTENSIONAL,Representation.ENGLISH,0_R_ec3,English phrases can be translated into formulae. Use the following translations to answer the question.;;;;,";;;;Here is an example of how to get a formula for a phrase.;;What is the formula for ""the enemy of the parent of Amber""?;;;;Here are the steps to arrive at the answer:;;1. the parent of Amber = parent(amber);;2. the enemy of the parent of Amber = enemy(parent(amber));;;;So the answer is enemy(parent(amber));;;;What is the formula for ""the enemy of the child of Bryan""?",the enemy of the child of Bryan,enemy(child(bryan)),Amber;;Bryan;;Christina;;Dana;;Elizabeth;;Felicia,the friend of Christina = friend(christina);;the friend of Amber = friend(amber);;the enemy of Dana = enemy(dana);;the enemy of Bryan = enemy(bryan);;the parent of Elizabeth = parent(elizabeth);;the child of Felicia = child(felicia),44,3
3,R,SemanticApproach.INTENSIONAL,Representation.ENGLISH,0_R_ef2,English phrases can be translated into formulae. Use the following translations to answer the question.;;;;,";;;;Here is an example of how to get a formula for a phrase.;;What is the formula for ""the enemy of the parent of Amber""?;;;;Here are the steps to arrive at the answer:;;1. the parent of Amber = parent(amber);;2. the enemy of the parent of Amber = enemy(parent(amber));;;;So the answer is enemy(parent(amber));;;;What is the formula for ""the enemy of the friend of Dana""?",the enemy of the friend of Dana,enemy(friend(dana)),Amber;;Bryan;;Christina;;Dana;;Elizabeth;;Felicia,the friend of Christina = friend(christina);;the friend of Amber = friend(amber);;the enemy of Dana = enemy(dana);;the enemy of Bryan = enemy(bryan);;the parent of Elizabeth = parent(elizabeth);;the child of Felicia = child(felicia),33,4
3,R,SemanticApproach.INTENSIONAL,Representation.ENGLISH,0_R_ep2,English phrases can be translated into formulae. Use the following translations to answer the question.;;;;,";;;;Here is an example of how to get a formula for a phrase.;;What is the formula for ""the enemy of the parent of Amber""?;;;;Here are the steps to arrive at the answer:;;1. the parent of Amber = parent(amber);;2. the enemy of the parent of Amber = enemy(parent(amber));;;;So the answer is enemy(parent(amber));;;;What is the formula for ""the enemy of the parent of Dana""?",the enemy of the parent of Dana,enemy(parent(dana)),Amber;;Bryan;;Christina;;Dana;;Elizabeth;;Felicia,the friend of Christina = friend(christina);;the friend of Amber = friend(amber);;the enemy of Dana = enemy(dana);;the enemy of Bryan = enemy(bryan);;the parent of Elizabeth = parent(elizabeth);;the child of Felicia = child(felicia),39,5
3,R,SemanticApproach.INTENSIONAL,Representation.ENGLISH,0_R_ec0,English phrases can be translated into formulae. Use the following translations to answer the question.;;;;,";;;;Here is an example of how to get a formula for a phrase.;;What is the formula for ""the enemy of the parent of Amber""?;;;;Here are the steps to arrive at the answer:;;1. the parent of Amber = parent(amber);;2. the enemy of the parent of Amber = enemy(parent(amber));;;;So the answer is enemy(parent(amber));;;;What is the formula for ""the enemy of the child of Christina""?",the enemy of the child of Christina,enemy(child(christina)),Amber;;Bryan;;Christina;;Dana;;Elizabeth;;Felicia,the friend of Christina = friend(christina);;the friend of Amber = friend(amber);;the enemy of Dana = enemy(dana);;the enemy of Bryan = enemy(bryan);;the parent of Elizabeth = parent(elizabeth);;the child of Felicia = child(felicia),25,6
3,R,SemanticApproach.INTENSIONAL,Representation.ENGLISH,0_R_pe1,English phrases can be translated into formulae. Use the following translations to answer the question.;;;;,";;;;Here is an example of how to get a formula for a phrase.;;What is the formula for ""the enemy of the parent of Amber""?;;;;Here are the steps to arrive at the answer:;;1. the parent of Amber = parent(amber);;2. the enemy of the parent of Amber = enemy(parent(amber));;;;So the answer is enemy(parent(amber));;;;What is the formula for ""the parent of the enemy of Amber""?",the parent of the enemy of Amber,parent(enemy(amber)),Amber;;Bryan;;Christina;;Dana;;Elizabeth;;Felicia,the friend of Christina = friend(christina);;the friend of Amber = friend(amber);;the enemy of Dana = enemy(dana);;the enemy of Bryan = enemy(bryan);;the parent of Elizabeth = parent(elizabeth);;the child of Felicia = child(felicia),31,7
3,R,SemanticApproach.INTENSIONAL,Representation.ENGLISH,0_R_pe5,English phrases can be translated into formulae. Use the following translations to answer the question.;;;;,";;;;Here is an example of how to get a formula for a phrase.;;What is the formula for ""the enemy of the parent of Amber""?;;;;Here are the steps to arrive at the answer:;;1. the parent of Amber = parent(amber);;2. the enemy of the parent of Amber = enemy(parent(amber));;;;So the answer is enemy(parent(amber));;;;What is the formula for ""the parent of the enemy of Felicia""?",the parent of the enemy of Felicia,parent(enemy(felicia)),Amber;;Bryan;;Christina;;Dana;;Elizabeth;;Felicia,the friend of Christina = friend(christina);;the friend of Amber = friend(amber);;the enemy of Dana = enemy(dana);;the enemy of Bryan = enemy(bryan);;the parent of Elizabeth = parent(elizabeth);;the child of Felicia = child(felicia),57,8
3,R,SemanticApproach.INTENSIONAL,Representation.ENGLISH,0_R_cf5,English phrases can be translated into formulae. Use the following translations to answer the question.;;;;,";;;;Here is an example of how to get a formula for a phrase.;;What is the formula for ""the enemy of the parent of Amber""?;;;;Here are the steps to arrive at the answer:;;1. the parent of Amber = parent(amber);;2. the enemy of the parent of Amber = enemy(parent(amber));;;;So the answer is enemy(parent(amber));;;;What is the formula for ""the child of the friend of Felicia""?",the child of the friend of Felicia,child(friend(felicia)),Amber;;Bryan;;Christina;;Dana;;Elizabeth;;Felicia,the friend of Christina = friend(christina);;the friend of Amber = friend(amber);;the enemy of Dana = enemy(dana);;the enemy of Bryan = enemy(bryan);;the parent of Elizabeth = parent(elizabeth);;the child of Felicia = child(felicia),54,9
3,R,SemanticApproach.INTENSIONAL,Representation.ENGLISH,0_R_fe2,English phrases can be translated into formulae. Use the following translations to answer the question.;;;;,";;;;Here is an example of how to get a formula for a phrase.;;What is the formula for ""the enemy of the parent of Amber""?;;;;Here are the steps to arrive at the answer:;;1. the parent of Amber = parent(amber);;2. the enemy of the parent of Amber = enemy(parent(amber));;;;So the answer is enemy(parent(amber));;;;What is the formula for ""the friend of the enemy of Dana""?",the friend of the enemy of Dana,friend(enemy(dana)),Amber;;Bryan;;Christina;;Dana;;Elizabeth;;Felicia,the friend of Christina = friend(christina);;the friend of Amber = friend(amber);;the enemy of Dana = enemy(dana);;the enemy of Bryan = enemy(bryan);;the parent of Elizabeth = parent(elizabeth);;the child of Felicia = child(felicia),35,10
3,R,SemanticApproach.INTENSIONAL,Representation.ENGLISH,0_R_fc0,English phrases can be translated into formulae. Use the following translations to answer the question.;;;;,";;;;Here is an example of how to get a formula for a phrase.;;What is the formula for ""the enemy of the parent of Amber""?;;;;Here are the steps to arrive at the answer:;;1. the parent of Amber = parent(amber);;2. the enemy of the parent of Amber = enemy(parent(amber));;;;So the answer is enemy(parent(amber));;;;What is the formula for ""the friend of the child of Christina""?",the friend of the child of Christina,friend(child(christina)),Amber;;Bryan;;Christina;;Dana;;Elizabeth;;Felicia,the friend of Christina = friend(christina);;the friend of Amber = friend(amber);;the enemy of Dana = enemy(dana);;the enemy of Bryan = enemy(bryan);;the parent of Elizabeth = parent(elizabeth);;the child of Felicia = child(felicia),24,11
3,R,SemanticApproach.INTENSIONAL,Representation.ENGLISH,0_R_fc5,English phrases can be translated into formulae. Use the following translations to answer the question.;;;;,";;;;Here is an example of how to get a formula for a phrase.;;What is the formula for ""the enemy of the parent of Amber""?;;;;Here are the steps to arrive at the answer:;;1. the parent of Amber = parent(amber);;2. the enemy of the parent of Amber = enemy(parent(amber));;;;So the answer is enemy(parent(amber));;;;What is the formula for ""the friend of the child of Felicia""?",the friend of the child of Felicia,friend(child(felicia)),Amber;;Bryan;;Christina;;Dana;;Elizabeth;;Felicia,the friend of Christina = friend(christina);;the friend of Amber = friend(amber);;the enemy of Dana = enemy(dana);;the enemy of Bryan = enemy(bryan);;the parent of Elizabeth = parent(elizabeth);;the child of Felicia = child(felicia),58,12
3,R,SemanticApproach.INTENSIONAL,Representation.ENGLISH,0_R_ff5,English phrases can be translated into formulae. Use the following translations to answer the question.;;;;,";;;;Here is an example of how to get a formula for a phrase.;;What is the formula for ""the enemy of the parent of Amber""?;;;;Here are the steps to arrive at the answer:;;1. the parent of Amber = parent(amber);;2. the enemy of the parent of Amber = enemy(parent(amber));;;;So the answer is enemy(parent(amber));;;;What is the formula for ""the friend of the friend of Felicia""?",the friend of the friend of Felicia,friend(friend(felicia)),Amber;;Bryan;;Christina;;Dana;;Elizabeth;;Felicia,the friend of Christina = friend(christina);;the friend of Amber = friend(amber);;the enemy of Dana = enemy(dana);;the enemy of Bryan = enemy(bryan);;the parent of Elizabeth = parent(elizabeth);;the child of Felicia = child(felicia),53,13
3,R,SemanticApproach.INTENSIONAL,Representation.ENGLISH,0_R_fp4,English phrases can be translated into formulae. Use the following translations to answer the question.;;;;,";;;;Here is an example of how to get a formula for a phrase.;;What is the formula for ""the enemy of the parent of Amber""?;;;;Here are the steps to arrive at the answer:;;1. the parent of Amber = parent(amber);;2. the enemy of the parent of Amber = enemy(parent(amber));;;;So the answer is enemy(parent(amber));;;;What is the formula for ""the friend of the parent of Elizabeth""?",the friend of the parent of Elizabeth,friend(parent(elizabeth)),Amber;;Bryan;;Christina;;Dana;;Elizabeth;;Felicia,the friend of Christina = friend(christina);;the friend of Amber = friend(amber);;the enemy of Dana = enemy(dana);;the enemy of Bryan = enemy(bryan);;the parent of Elizabeth = parent(elizabeth);;the child of Felicia = child(felicia),50,14
3,R,SemanticApproach.INTENSIONAL,Representation.ENGLISH,0_R_fp2,English phrases can be translated into formulae. Use the following translations to answer the question.;;;;,";;;;Here is an example of how to get a formula for a phrase.;;What is the formula for ""the enemy of the parent of Amber""?;;;;Here are the steps to arrive at the answer:;;1. the parent of Amber = parent(amber);;2. the enemy of the parent of Amber = enemy(parent(amber));;;;So the answer is enemy(parent(amber));;;;What is the formula for ""the friend of the parent of Dana""?",the friend of the parent of Dana,friend(parent(dana)),Amber;;Bryan;;Christina;;Dana;;Elizabeth;;Felicia,the friend of Christina = friend(christina);;the friend of Amber = friend(amber);;the enemy of Dana = enemy(dana);;the enemy of Bryan = enemy(bryan);;the parent of Elizabeth = parent(elizabeth);;the child of Felicia = child(felicia),38,15
3,R,SemanticApproach.INTENSIONAL,Representation.ENGLISH,0_R_ee5,English phrases can be translated into formulae. Use the following translations to answer the question.;;;;,";;;;Here is an example of how to get a formula for a phrase.;;What is the formula for ""the enemy of the parent of Amber""?;;;;Here are the steps to arrive at the answer:;;1. the parent of Amber = parent(amber);;2. the enemy of the parent of Amber = enemy(parent(amber));;;;So the answer is enemy(parent(amber));;;;What is the formula for ""the enemy of the enemy of Felicia""?",the enemy of the enemy of Felicia,enemy(enemy(felicia)),Amber;;Bryan;;Christina;;Dana;;Elizabeth;;Felicia,the friend of Christina = friend(christina);;the friend of Amber = friend(amber);;the enemy of Dana = enemy(dana);;the enemy of Bryan = enemy(bryan);;the parent of Elizabeth = parent(elizabeth);;the child of Felicia = child(felicia),56,16
3,R,SemanticApproach.INTENSIONAL,Representation.ENGLISH,0_R_ef1,English phrases can be translated into formulae. Use the following translations to answer the question.;;;;,";;;;Here is an example of how to get a formula for a phrase.;;What is the formula for ""the enemy of the parent of Amber""?;;;;Here are the steps to arrive at the answer:;;1. the parent of Amber = parent(amber);;2. the enemy of the parent of Amber = enemy(parent(amber));;;;So the answer is enemy(parent(amber));;;;What is the formula for ""the enemy of the friend of Amber""?",the enemy of the friend of Amber,enemy(friend(amber)),Amber;;Bryan;;Christina;;Dana;;Elizabeth;;Felicia,the friend of Christina = friend(christina);;the friend of Amber = friend(amber);;the enemy of Dana = enemy(dana);;the enemy of Bryan = enemy(bryan);;the parent of Elizabeth = parent(elizabeth);;the child of Felicia = child(felicia),28,17
3,R,SemanticApproach.INTENSIONAL,Representation.ENGLISH,0_R_ff4,English phrases can be translated into formulae. Use the following translations to answer the question.;;;;,";;;;Here is an example of how to get a formula for a phrase.;;What is the formula for ""the enemy of the parent of Amber""?;;;;Here are the steps to arrive at the answer:;;1. the parent of Amber = parent(amber);;2. the enemy of the parent of Amber = enemy(parent(amber));;;;So the answer is enemy(parent(amber));;;;What is the formula for ""the friend of the friend of Elizabeth""?",the friend of the friend of Elizabeth,friend(friend(elizabeth)),Amber;;Bryan;;Christina;;Dana;;Elizabeth;;Felicia,the friend of Christina = friend(christina);;the friend of Amber = friend(amber);;the enemy of Dana = enemy(dana);;the enemy of Bryan = enemy(bryan);;the parent of Elizabeth = parent(elizabeth);;the child of Felicia = child(felicia),45,18
3,R,SemanticApproach.INTENSIONAL,Representation.ENGLISH,0_R_fe5,English phrases can be translated into formulae. Use the following translations to answer the question.;;;;,";;;;Here is an example of how to get a formula for a phrase.;;What is the formula for ""the enemy of the parent of Amber""?;;;;Here are the steps to arrive at the answer:;;1. the parent of Amber = parent(amber);;2. the enemy of the parent of Amber = enemy(parent(amber));;;;So the answer is enemy(parent(amber));;;;What is the formula for ""the friend of the enemy of Felicia""?",the friend of the enemy of Felicia,friend(enemy(felicia)),Amber;;Bryan;;Christina;;Dana;;Elizabeth;;Felicia,the friend of Christina = friend(christina);;the friend of Amber = friend(amber);;the enemy of Dana = enemy(dana);;the enemy of Bryan = enemy(bryan);;the parent of Elizabeth = parent(elizabeth);;the child of Felicia = child(felicia),55,19
3,R,SemanticApproach.INTENSIONAL,Representation.ENGLISH,0_R_fc3,English phrases can be translated into formulae. Use the following translations to answer the question.;;;;,";;;;Here is an example of how to get a formula for a phrase.;;What is the formula for ""the enemy of the parent of Amber""?;;;;Here are the steps to arrive at the answer:;;1. the parent of Amber = parent(amber);;2. the enemy of the parent of Amber = enemy(parent(amber));;;;So the answer is enemy(parent(amber));;;;What is the formula for ""the friend of the child of Bryan""?",the friend of the child of Bryan,friend(child(bryan)),Amber;;Bryan;;Christina;;Dana;;Elizabeth;;Felicia,the friend of Christina = friend(christina);;the friend of Amber = friend(amber);;the enemy of Dana = enemy(dana);;the enemy of Bryan = enemy(bryan);;the parent of Elizabeth = parent(elizabeth);;the child of Felicia = child(felicia),43,20
3,R,SemanticApproach.INTENSIONAL,Representation.ENGLISH,0_R_ee4,English phrases can be translated into formulae. Use the following translations to answer the question.;;;;,";;;;Here is an example of how to get a formula for a phrase.;;What is the formula for ""the enemy of the parent of Amber""?;;;;Here are the steps to arrive at the answer:;;1. the parent of Amber = parent(amber);;2. the enemy of the parent of Amber = enemy(parent(amber));;;;So the answer is enemy(parent(amber));;;;What is the formula for ""the enemy of the enemy of Elizabeth""?",the enemy of the enemy of Elizabeth,enemy(enemy(elizabeth)),Amber;;Bryan;;Christina;;Dana;;Elizabeth;;Felicia,the friend of Christina = friend(christina);;the friend of Amber = friend(amber);;the enemy of Dana = enemy(dana);;the enemy of Bryan = enemy(bryan);;the parent of Elizabeth = parent(elizabeth);;the child of Felicia = child(felicia),49,21
3,R,SemanticApproach.INTENSIONAL,Representation.ENGLISH,0_R_ec5,English phrases can be translated into formulae. Use the following translations to answer the question.;;;;,";;;;Here is an example of how to get a formula for a phrase.;;What is the formula for ""the enemy of the parent of Amber""?;;;;Here are the steps to arrive at the answer:;;1. the parent of Amber = parent(amber);;2. the enemy of the parent of Amber = enemy(parent(amber));;;;So the answer is enemy(parent(amber));;;;What is the formula for ""the enemy of the child of Felicia""?",the enemy of the child of Felicia,enemy(child(felicia)),Amber;;Bryan;;Christina;;Dana;;Elizabeth;;Felicia,the friend of Christina = friend(christina);;the friend of Amber = friend(amber);;the enemy of Dana = enemy(dana);;the enemy of Bryan = enemy(bryan);;the parent of Elizabeth = parent(elizabeth);;the child of Felicia = child(felicia),59,22
3,R,SemanticApproach.INTENSIONAL,Representation.ENGLISH,0_R_pf2,English phrases can be translated into formulae. Use the following translations to answer the question.;;;;,";;;;Here is an example of how to get a formula for a phrase.;;What is the formula for ""the enemy of the parent of Amber""?;;;;Here are the steps to arrive at the answer:;;1. the parent of Amber = parent(amber);;2. the enemy of the parent of Amber = enemy(parent(amber));;;;So the answer is enemy(parent(amber));;;;What is the formula for ""the parent of the friend of Dana""?",the parent of the friend of Dana,parent(friend(dana)),Amber;;Bryan;;Christina;;Dana;;Elizabeth;;Felicia,the friend of Christina = friend(christina);;the friend of Amber = friend(amber);;the enemy of Dana = enemy(dana);;the enemy of Bryan = enemy(bryan);;the parent of Elizabeth = parent(elizabeth);;the child of Felicia = child(felicia),34,23
3,R,SemanticApproach.INTENSIONAL,Representation.ENGLISH,0_R_ff3,English phrases can be translated into formulae. Use the following translations to answer the question.;;;;,";;;;Here is an example of how to get a formula for a phrase.;;What is the formula for ""the enemy of the parent of Amber""?;;;;Here are the steps to arrive at the answer:;;1. the parent of Amber = parent(amber);;2. the enemy of the parent of Amber = enemy(parent(amber));;;;So the answer is enemy(parent(amber));;;;What is the formula for ""the friend of the friend of Bryan""?",the friend of the friend of Bryan,friend(friend(bryan)),Amber;;Bryan;;Christina;;Dana;;Elizabeth;;Felicia,the friend of Christina = friend(christina);;the friend of Amber = friend(amber);;the enemy of Dana = enemy(dana);;the enemy of Bryan = enemy(bryan);;the parent of Elizabeth = parent(elizabeth);;the child of Felicia = child(felicia),41,24
3,R,SemanticApproach.INTENSIONAL,Representation.ENGLISH,0_R_fe4,English phrases can be translated into formulae. Use the following translations to answer the question.;;;;,";;;;Here is an example of how to get a formula for a phrase.;;What is the formula for ""the enemy of the parent of Amber""?;;;;Here are the steps to arrive at the answer:;;1. the parent of Amber = parent(amber);;2. the enemy of the parent of Amber = enemy(parent(amber));;;;So the answer is enemy(parent(amber));;;;What is the formula for ""the friend of the enemy of Elizabeth""?",the friend of the enemy of Elizabeth,friend(enemy(elizabeth)),Amber;;Bryan;;Christina;;Dana;;Elizabeth;;Felicia,the friend of Christina = friend(christina);;the friend of Amber = friend(amber);;the enemy of Dana = enemy(dana);;the enemy of Bryan = enemy(bryan);;the parent of Elizabeth = parent(elizabeth);;the child of Felicia = child(felicia),48,25
3,R,SemanticApproach.INTENSIONAL,Representation.ENGLISH,0_R_ef4,English phrases can be translated into formulae. Use the following translations to answer the question.;;;;,";;;;Here is an example of how to get a formula for a phrase.;;What is the formula for ""the enemy of the parent of Amber""?;;;;Here are the steps to arrive at the answer:;;1. the parent of Amber = parent(amber);;2. the enemy of the parent of Amber = enemy(parent(amber));;;;So the answer is enemy(parent(amber));;;;What is the formula for ""the enemy of the friend of Elizabeth""?",the enemy of the friend of Elizabeth,enemy(friend(elizabeth)),Amber;;Bryan;;Christina;;Dana;;Elizabeth;;Felicia,the friend of Christina = friend(christina);;the friend of Amber = friend(amber);;the enemy of Dana = enemy(dana);;the enemy of Bryan = enemy(bryan);;the parent of Elizabeth = parent(elizabeth);;the child of Felicia = child(felicia),46,26
3,R,SemanticApproach.INTENSIONAL,Representation.ENGLISH,0_R_pc0,English phrases can be translated into formulae. Use the following translations to answer the question.;;;;,";;;;Here is an example of how to get a formula for a phrase.;;What is the formula for ""the enemy of the parent of Amber""?;;;;Here are the steps to arrive at the answer:;;1. the parent of Amber = parent(amber);;2. the enemy of the parent of Amber = enemy(parent(amber));;;;So the answer is enemy(parent(amber));;;;What is the formula for ""the parent of the child of Christina""?",the parent of the child of Christina,parent(child(christina)),Amber;;Bryan;;Christina;;Dana;;Elizabeth;;Felicia,the friend of Christina = friend(christina);;the friend of Amber = friend(amber);;the enemy of Dana = enemy(dana);;the enemy of Bryan = enemy(bryan);;the parent of Elizabeth = parent(elizabeth);;the child of Felicia = child(felicia),26,27
3,R,SemanticApproach.INTENSIONAL,Representation.ENGLISH,0_R_ef3,English phrases can be translated into formulae. Use the following translations to answer the question.;;;;,";;;;Here is an example of how to get a formula for a phrase.;;What is the formula for ""the enemy of the parent of Amber""?;;;;Here are the steps to arrive at the answer:;;1. the parent of Amber = parent(amber);;2. the enemy of the parent of Amber = enemy(parent(amber));;;;So the answer is enemy(parent(amber));;;;What is the formula for ""the enemy of the friend of Bryan""?",the enemy of the friend of Bryan,enemy(friend(bryan)),Amber;;Bryan;;Christina;;Dana;;Elizabeth;;Felicia,the friend of Christina = friend(christina);;the friend of Amber = friend(amber);;the enemy of Dana = enemy(dana);;the enemy of Bryan = enemy(bryan);;the parent of Elizabeth = parent(elizabeth);;the child of Felicia = child(felicia),42,28
3,R,SemanticApproach.INTENSIONAL,Representation.ENGLISH,0_R_ce2,English phrases can be translated into formulae. Use the following translations to answer the question.;;;;,";;;;Here is an example of how to get a formula for a phrase.;;What is the formula for ""the enemy of the parent of Amber""?;;;;Here are the steps to arrive at the answer:;;1. the parent of Amber = parent(amber);;2. the enemy of the parent of Amber = enemy(parent(amber));;;;So the answer is enemy(parent(amber));;;;What is the formula for ""the child of the enemy of Dana""?",the child of the enemy of Dana,child(enemy(dana)),Amber;;Bryan;;Christina;;Dana;;Elizabeth;;Felicia,the friend of Christina = friend(christina);;the friend of Amber = friend(amber);;the enemy of Dana = enemy(dana);;the enemy of Bryan = enemy(bryan);;the parent of Elizabeth = parent(elizabeth);;the child of Felicia = child(felicia),37,29
3,R,SemanticApproach.INTENSIONAL,Representation.ENGLISH,0_R_ee1,English phrases can be translated into formulae. Use the following translations to answer the question.;;;;,";;;;Here is an example of how to get a formula for a phrase.;;What is the formula for ""the enemy of the parent of Amber""?;;;;Here are the steps to arrive at the answer:;;1. the parent of Amber = parent(amber);;2. the enemy of the parent of Amber = enemy(parent(amber));;;;So the answer is enemy(parent(amber));;;;What is the formula for ""the enemy of the enemy of Amber""?",the enemy of the enemy of Amber,enemy(enemy(amber)),Amber;;Bryan;;Christina;;Dana;;Elizabeth;;Felicia,the friend of Christina = friend(christina);;the friend of Amber = friend(amber);;the enemy of Dana = enemy(dana);;the enemy of Bryan = enemy(bryan);;the parent of Elizabeth = parent(elizabeth);;the child of Felicia = child(felicia),30,30
3,R,SemanticApproach.INTENSIONAL,Representation.ENGLISH,0_R_ff2,English phrases can be translated into formulae. Use the following translations to answer the question.;;;;,";;;;Here is an example of how to get a formula for a phrase.;;What is the formula for ""the enemy of the parent of Amber""?;;;;Here are the steps to arrive at the answer:;;1. the parent of Amber = parent(amber);;2. the enemy of the parent of Amber = enemy(parent(amber));;;;So the answer is enemy(parent(amber));;;;What is the formula for ""the friend of the friend of Dana""?",the friend of the friend of Dana,friend(friend(dana)),Amber;;Bryan;;Christina;;Dana;;Elizabeth;;Felicia,the friend of Christina = friend(christina);;the friend of Amber = friend(amber);;the enemy of Dana = enemy(dana);;the enemy of Bryan = enemy(bryan);;the parent of Elizabeth = parent(elizabeth);;the child of Felicia = child(felicia),32,31
3,R,SemanticApproach.INTENSIONAL,Representation.ENGLISH,0_R_ef0,English phrases can be translated into formulae. Use the following translations to answer the question.;;;;,";;;;Here is an example of how to get a formula for a phrase.;;What is the formula for ""the enemy of the parent of Amber""?;;;;Here are the steps to arrive at the answer:;;1. the parent of Amber = parent(amber);;2. the enemy of the parent of Amber = enemy(parent(amber));;;;So the answer is enemy(parent(amber));;;;What is the formula for ""the enemy of the friend of Christina""?",the enemy of the friend of Christina,enemy(friend(christina)),Amber;;Bryan;;Christina;;Dana;;Elizabeth;;Felicia,the friend of Christina = friend(christina);;the friend of Amber = friend(amber);;the enemy of Dana = enemy(dana);;the enemy of Bryan = enemy(bryan);;the parent of Elizabeth = parent(elizabeth);;the child of Felicia = child(felicia),21,32
3,R,SemanticApproach.INTENSIONAL,Representation.ENGLISH,0_R_ee2,English phrases can be translated into formulae. Use the following translations to answer the question.;;;;,";;;;Here is an example of how to get a formula for a phrase.;;What is the formula for ""the enemy of the parent of Amber""?;;;;Here are the steps to arrive at the answer:;;1. the parent of Amber = parent(amber);;2. the enemy of the parent of Amber = enemy(parent(amber));;;;So the answer is enemy(parent(amber));;;;What is the formula for ""the enemy of the enemy of Dana""?",the enemy of the enemy of Dana,enemy(enemy(dana)),Amber;;Bryan;;Christina;;Dana;;Elizabeth;;Felicia,the friend of Christina = friend(christina);;the friend of Amber = friend(amber);;the enemy of Dana = enemy(dana);;the enemy of Bryan = enemy(bryan);;the parent of Elizabeth = parent(elizabeth);;the child of Felicia = child(felicia),36,33
3,R,SemanticApproach.INTENSIONAL,Representation.ENGLISH,0_R_cf1,English phrases can be translated into formulae. Use the following translations to answer the question.;;;;,";;;;Here is an example of how to get a formula for a phrase.;;What is the formula for ""the enemy of the parent of Amber""?;;;;Here are the steps to arrive at the answer:;;1. the parent of Amber = parent(amber);;2. the enemy of the parent of Amber = enemy(parent(amber));;;;So the answer is enemy(parent(amber));;;;What is the formula for ""the child of the friend of Amber""?",the child of the friend of Amber,child(friend(amber)),Amber;;Bryan;;Christina;;Dana;;Elizabeth;;Felicia,the friend of Christina = friend(christina);;the friend of Amber = friend(amber);;the enemy of Dana = enemy(dana);;the enemy of Bryan = enemy(bryan);;the parent of Elizabeth = parent(elizabeth);;the child of Felicia = child(felicia),29,34
3,R,SemanticApproach.INTENSIONAL,Representation.ENGLISH,0_R_ce0,English phrases can be translated into formulae. Use the following translations to answer the question.;;;;,";;;;Here is an example of how to get a formula for a phrase.;;What is the formula for ""the enemy of the parent of Amber""?;;;;Here are the steps to arrive at the answer:;;1. the parent of Amber = parent(amber);;2. the enemy of the parent of Amber = enemy(parent(amber));;;;So the answer is enemy(parent(amber));;;;What is the formula for ""the child of the enemy of Christina""?",the child of the enemy of Christina,child(enemy(christina)),Amber;;Bryan;;Christina;;Dana;;Elizabeth;;Felicia,the friend of Christina = friend(christina);;the friend of Amber = friend(amber);;the enemy of Dana = enemy(dana);;the enemy of Bryan = enemy(bryan);;the parent of Elizabeth = parent(elizabeth);;the child of Felicia = child(felicia),23,35
3,R,SemanticApproach.INTENSIONAL,Representation.ENGLISH,0_R_ep4,English phrases can be translated into formulae. Use the following translations to answer the question.;;;;,";;;;Here is an example of how to get a formula for a phrase.;;What is the formula for ""the enemy of the parent of Amber""?;;;;Here are the steps to arrive at the answer:;;1. the parent of Amber = parent(amber);;2. the enemy of the parent of Amber = enemy(parent(amber));;;;So the answer is enemy(parent(amber));;;;What is the formula for ""the enemy of the parent of Elizabeth""?",the enemy of the parent of Elizabeth,enemy(parent(elizabeth)),Amber;;Bryan;;Christina;;Dana;;Elizabeth;;Felicia,the friend of Christina = friend(christina);;the friend of Amber = friend(amber);;the enemy of Dana = enemy(dana);;the enemy of Bryan = enemy(bryan);;the parent of Elizabeth = parent(elizabeth);;the child of Felicia = child(felicia),51,36
3,R,SemanticApproach.INTENSIONAL,Representation.ENGLISH,0_R_fe0,English phrases can be translated into formulae. Use the following translations to answer the question.;;;;,";;;;Here is an example of how to get a formula for a phrase.;;What is the formula for ""the enemy of the parent of Amber""?;;;;Here are the steps to arrive at the answer:;;1. the parent of Amber = parent(amber);;2. the enemy of the parent of Amber = enemy(parent(amber));;;;So the answer is enemy(parent(amber));;;;What is the formula for ""the friend of the enemy of Christina""?",the friend of the enemy of Christina,friend(enemy(christina)),Amber;;Bryan;;Christina;;Dana;;Elizabeth;;Felicia,the friend of Christina = friend(christina);;the friend of Amber = friend(amber);;the enemy of Dana = enemy(dana);;the enemy of Bryan = enemy(bryan);;the parent of Elizabeth = parent(elizabeth);;the child of Felicia = child(felicia),22,37
3,R,SemanticApproach.INTENSIONAL,Representation.ENGLISH,0_R_cp2,English phrases can be translated into formulae. Use the following translations to answer the question.;;;;,";;;;Here is an example of how to get a formula for a phrase.;;What is the formula for ""the enemy of the parent of Amber""?;;;;Here are the steps to arrive at the answer:;;1. the parent of Amber = parent(amber);;2. the enemy of the parent of Amber = enemy(parent(amber));;;;So the answer is enemy(parent(amber));;;;What is the formula for ""the child of the parent of Dana""?",the child of the parent of Dana,child(parent(dana)),Amber;;Bryan;;Christina;;Dana;;Elizabeth;;Felicia,the friend of Christina = friend(christina);;the friend of Amber = friend(amber);;the enemy of Dana = enemy(dana);;the enemy of Bryan = enemy(bryan);;the parent of Elizabeth = parent(elizabeth);;the child of Felicia = child(felicia),40,38
3,R,SemanticApproach.INTENSIONAL,Representation.ENGLISH,0_R_cp4,English phrases can be translated into formulae. Use the following translations to answer the question.;;;;,";;;;Here is an example of how to get a formula for a phrase.;;What is the formula for ""the enemy of the parent of Amber""?;;;;Here are the steps to arrive at the answer:;;1. the parent of Amber = parent(amber);;2. the enemy of the parent of Amber = enemy(parent(amber));;;;So the answer is enemy(parent(amber));;;;What is the formula for ""the child of the parent of Elizabeth""?",the child of the parent of Elizabeth,child(parent(elizabeth)),Amber;;Bryan;;Christina;;Dana;;Elizabeth;;Felicia,the friend of Christina = friend(christina);;the friend of Amber = friend(amber);;the enemy of Dana = enemy(dana);;the enemy of Bryan = enemy(bryan);;the parent of Elizabeth = parent(elizabeth);;the child of Felicia = child(felicia),52,39
4,L,SemanticApproach.EXTENSIONAL,Representation.ABSTRACT,0_L_pcp4,"Imagine there are six people: Amber, Bryan, Christina, Dana, Elizabeth and Felicia. They have the following relationships to each other:;;;;",;;Here is how to figure out the answer to the following question:;;Who is Amber's parent's enemy?;;;;Here are the steps to arrive at the answer:;;1. Amber's parent = t;;2. Bryan's enemy = y;;;;So the answer is y;;;;Now answer the following question:;;Who is Elizabeth's parent's child's parent?,Elizabeth's parent's child's parent,y,h;;q;;s;;t;;v;;y,Amber = h      Amber's enemy = v      Amber's friend = y      Amber's parent = t      Bryan's child = h      ;;Bryan = t      Bryan's enemy = y      Bryan's friend = q      Dana's parent = q       Christina's child = v  ;;Christina = y  Christina's enemy = t  Christina's friend = h  Elizabeth's parent = y  Felicia's child = s    ;;Dana = s       Dana's enemy = q       Dana's friend = v       ;;Elizabeth = v  Elizabeth's enemy = h  Elizabeth's friend = s  ;;Felicia = q    Felicia's enemy = s    Felicia's friend = t    ,189,0
4,L,SemanticApproach.EXTENSIONAL,Representation.ABSTRACT,0_L_fff5,"Imagine there are six people: Amber, Bryan, Christina, Dana, Elizabeth and Felicia. They have the following relationships to each other:;;;;",;;Here is how to figure out the answer to the following question:;;Who is Amber's parent's enemy?;;;;Here are the steps to arrive at the answer:;;1. Amber's parent = t;;2. Bryan's enemy = y;;;;So the answer is y;;;;Now answer the following question:;;Who is Felicia's friend's friend's friend?,Felicia's friend's friend's friend,t,h;;q;;s;;t;;v;;y,Amber = h      Amber's enemy = v      Amber's friend = y      Amber's parent = t      Bryan's child = h      ;;Bryan = t      Bryan's enemy = y      Bryan's friend = q      Dana's parent = q       Christina's child = v  ;;Christina = y  Christina's enemy = t  Christina's friend = h  Elizabeth's parent = y  Felicia's child = s    ;;Dana = s       Dana's enemy = q       Dana's friend = v       ;;Elizabeth = v  Elizabeth's enemy = h  Elizabeth's friend = s  ;;Felicia = q    Felicia's enemy = s    Felicia's friend = t    ,190,1
4,L,SemanticApproach.EXTENSIONAL,Representation.ABSTRACT,0_L_epe1,"Imagine there are six people: Amber, Bryan, Christina, Dana, Elizabeth and Felicia. They have the following relationships to each other:;;;;",;;Here is how to figure out the answer to the following question:;;Who is Amber's parent's enemy?;;;;Here are the steps to arrive at the answer:;;1. Amber's parent = t;;2. Bryan's enemy = y;;;;So the answer is y;;;;Now answer the following question:;;Who is Amber's enemy's parent's enemy?,Amber's enemy's parent's enemy,t,h;;q;;s;;t;;v;;y,Amber = h      Amber's enemy = v      Amber's friend = y      Amber's parent = t      Bryan's child = h      ;;Bryan = t      Bryan's enemy = y      Bryan's friend = q      Dana's parent = q       Christina's child = v  ;;Christina = y  Christina's enemy = t  Christina's friend = h  Elizabeth's parent = y  Felicia's child = s    ;;Dana = s       Dana's enemy = q       Dana's friend = v       ;;Elizabeth = v  Elizabeth's enemy = h  Elizabeth's friend = s  ;;Felicia = q    Felicia's enemy = s    Felicia's friend = t    ,167,2
4,L,SemanticApproach.EXTENSIONAL,Representation.ABSTRACT,0_L_fee5,"Imagine there are six people: Amber, Bryan, Christina, Dana, Elizabeth and Felicia. They have the following relationships to each other:;;;;",;;Here is how to figure out the answer to the following question:;;Who is Amber's parent's enemy?;;;;Here are the steps to arrive at the answer:;;1. Amber's parent = t;;2. Bryan's enemy = y;;;;So the answer is y;;;;Now answer the following question:;;Who is Felicia's enemy's enemy's friend?,Felicia's enemy's enemy's friend,t,h;;q;;s;;t;;v;;y,Amber = h      Amber's enemy = v      Amber's friend = y      Amber's parent = t      Bryan's child = h      ;;Bryan = t      Bryan's enemy = y      Bryan's friend = q      Dana's parent = q       Christina's child = v  ;;Christina = y  Christina's enemy = t  Christina's friend = h  Elizabeth's parent = y  Felicia's child = s    ;;Dana = s       Dana's enemy = q       Dana's friend = v       ;;Elizabeth = v  Elizabeth's enemy = h  Elizabeth's friend = s  ;;Felicia = q    Felicia's enemy = s    Felicia's friend = t    ,194,3
4,L,SemanticApproach.EXTENSIONAL,Representation.ABSTRACT,0_L_efe0,"Imagine there are six people: Amber, Bryan, Christina, Dana, Elizabeth and Felicia. They have the following relationships to each other:;;;;",;;Here is how to figure out the answer to the following question:;;Who is Amber's parent's enemy?;;;;Here are the steps to arrive at the answer:;;1. Amber's parent = t;;2. Bryan's enemy = y;;;;So the answer is y;;;;Now answer the following question:;;Who is Christina's enemy's friend's enemy?,Christina's enemy's friend's enemy,s,h;;q;;s;;t;;v;;y,Amber = h      Amber's enemy = v      Amber's friend = y      Amber's parent = t      Bryan's child = h      ;;Bryan = t      Bryan's enemy = y      Bryan's friend = q      Dana's parent = q       Christina's child = v  ;;Christina = y  Christina's enemy = t  Christina's friend = h  Elizabeth's parent = y  Felicia's child = s    ;;Dana = s       Dana's enemy = q       Dana's friend = v       ;;Elizabeth = v  Elizabeth's enemy = h  Elizabeth's friend = s  ;;Felicia = q    Felicia's enemy = s    Felicia's friend = t    ,161,4
4,L,SemanticApproach.EXTENSIONAL,Representation.ABSTRACT,0_L_cef1,"Imagine there are six people: Amber, Bryan, Christina, Dana, Elizabeth and Felicia. They have the following relationships to each other:;;;;",;;Here is how to figure out the answer to the following question:;;Who is Amber's parent's enemy?;;;;Here are the steps to arrive at the answer:;;1. Amber's parent = t;;2. Bryan's enemy = y;;;;So the answer is y;;;;Now answer the following question:;;Who is Amber's friend's enemy's child?,Amber's friend's enemy's child,h,h;;q;;s;;t;;v;;y,Amber = h      Amber's enemy = v      Amber's friend = y      Amber's parent = t      Bryan's child = h      ;;Bryan = t      Bryan's enemy = y      Bryan's friend = q      Dana's parent = q       Christina's child = v  ;;Christina = y  Christina's enemy = t  Christina's friend = h  Elizabeth's parent = y  Felicia's child = s    ;;Dana = s       Dana's enemy = q       Dana's friend = v       ;;Elizabeth = v  Elizabeth's enemy = h  Elizabeth's friend = s  ;;Felicia = q    Felicia's enemy = s    Felicia's friend = t    ,166,5
4,L,SemanticApproach.EXTENSIONAL,Representation.ABSTRACT,0_L_pce2,"Imagine there are six people: Amber, Bryan, Christina, Dana, Elizabeth and Felicia. They have the following relationships to each other:;;;;",;;Here is how to figure out the answer to the following question:;;Who is Amber's parent's enemy?;;;;Here are the steps to arrive at the answer:;;1. Amber's parent = t;;2. Bryan's enemy = y;;;;So the answer is y;;;;Now answer the following question:;;Who is Dana's enemy's child's parent?,Dana's enemy's child's parent,q,h;;q;;s;;t;;v;;y,Amber = h      Amber's enemy = v      Amber's friend = y      Amber's parent = t      Bryan's child = h      ;;Bryan = t      Bryan's enemy = y      Bryan's friend = q      Dana's parent = q       Christina's child = v  ;;Christina = y  Christina's enemy = t  Christina's friend = h  Elizabeth's parent = y  Felicia's child = s    ;;Dana = s       Dana's enemy = q       Dana's friend = v       ;;Elizabeth = v  Elizabeth's enemy = h  Elizabeth's friend = s  ;;Felicia = q    Felicia's enemy = s    Felicia's friend = t    ,172,6
4,L,SemanticApproach.EXTENSIONAL,Representation.ABSTRACT,0_L_eef4,"Imagine there are six people: Amber, Bryan, Christina, Dana, Elizabeth and Felicia. They have the following relationships to each other:;;;;",;;Here is how to figure out the answer to the following question:;;Who is Amber's parent's enemy?;;;;Here are the steps to arrive at the answer:;;1. Amber's parent = t;;2. Bryan's enemy = y;;;;So the answer is y;;;;Now answer the following question:;;Who is Elizabeth's friend's enemy's enemy?,Elizabeth's friend's enemy's enemy,s,h;;q;;s;;t;;v;;y,Amber = h      Amber's enemy = v      Amber's friend = y      Amber's parent = t      Bryan's child = h      ;;Bryan = t      Bryan's enemy = y      Bryan's friend = q      Dana's parent = q       Christina's child = v  ;;Christina = y  Christina's enemy = t  Christina's friend = h  Elizabeth's parent = y  Felicia's child = s    ;;Dana = s       Dana's enemy = q       Dana's friend = v       ;;Elizabeth = v  Elizabeth's enemy = h  Elizabeth's friend = s  ;;Felicia = q    Felicia's enemy = s    Felicia's friend = t    ,182,7
4,L,SemanticApproach.EXTENSIONAL,Representation.ABSTRACT,0_L_fce2,"Imagine there are six people: Amber, Bryan, Christina, Dana, Elizabeth and Felicia. They have the following relationships to each other:;;;;",;;Here is how to figure out the answer to the following question:;;Who is Amber's parent's enemy?;;;;Here are the steps to arrive at the answer:;;1. Amber's parent = t;;2. Bryan's enemy = y;;;;So the answer is y;;;;Now answer the following question:;;Who is Dana's enemy's child's friend?,Dana's enemy's child's friend,v,h;;q;;s;;t;;v;;y,Amber = h      Amber's enemy = v      Amber's friend = y      Amber's parent = t      Bryan's child = h      ;;Bryan = t      Bryan's enemy = y      Bryan's friend = q      Dana's parent = q       Christina's child = v  ;;Christina = y  Christina's enemy = t  Christina's friend = h  Elizabeth's parent = y  Felicia's child = s    ;;Dana = s       Dana's enemy = q       Dana's friend = v       ;;Elizabeth = v  Elizabeth's enemy = h  Elizabeth's friend = s  ;;Felicia = q    Felicia's enemy = s    Felicia's friend = t    ,171,8
4,L,SemanticApproach.EXTENSIONAL,Representation.ABSTRACT,0_L_fec5,"Imagine there are six people: Amber, Bryan, Christina, Dana, Elizabeth and Felicia. They have the following relationships to each other:;;;;",;;Here is how to figure out the answer to the following question:;;Who is Amber's parent's enemy?;;;;Here are the steps to arrive at the answer:;;1. Amber's parent = t;;2. Bryan's enemy = y;;;;So the answer is y;;;;Now answer the following question:;;Who is Felicia's child's enemy's friend?,Felicia's child's enemy's friend,t,h;;q;;s;;t;;v;;y,Amber = h      Amber's enemy = v      Amber's friend = y      Amber's parent = t      Bryan's child = h      ;;Bryan = t      Bryan's enemy = y      Bryan's friend = q      Dana's parent = q       Christina's child = v  ;;Christina = y  Christina's enemy = t  Christina's friend = h  Elizabeth's parent = y  Felicia's child = s    ;;Dana = s       Dana's enemy = q       Dana's friend = v       ;;Elizabeth = v  Elizabeth's enemy = h  Elizabeth's friend = s  ;;Felicia = q    Felicia's enemy = s    Felicia's friend = t    ,199,9
4,L,SemanticApproach.EXTENSIONAL,Representation.ABSTRACT,0_L_fcf5,"Imagine there are six people: Amber, Bryan, Christina, Dana, Elizabeth and Felicia. They have the following relationships to each other:;;;;",;;Here is how to figure out the answer to the following question:;;Who is Amber's parent's enemy?;;;;Here are the steps to arrive at the answer:;;1. Amber's parent = t;;2. Bryan's enemy = y;;;;So the answer is y;;;;Now answer the following question:;;Who is Felicia's friend's child's friend?,Felicia's friend's child's friend,y,h;;q;;s;;t;;v;;y,Amber = h      Amber's enemy = v      Amber's friend = y      Amber's parent = t      Bryan's child = h      ;;Bryan = t      Bryan's enemy = y      Bryan's friend = q      Dana's parent = q       Christina's child = v  ;;Christina = y  Christina's enemy = t  Christina's friend = h  Elizabeth's parent = y  Felicia's child = s    ;;Dana = s       Dana's enemy = q       Dana's friend = v       ;;Elizabeth = v  Elizabeth's enemy = h  Elizabeth's friend = s  ;;Felicia = q    Felicia's enemy = s    Felicia's friend = t    ,191,10
4,L,SemanticApproach.EXTENSIONAL,Representation.ABSTRACT,0_L_fec0,"Imagine there are six people: Amber, Bryan, Christina, Dana, Elizabeth and Felicia. They have the following relationships to each other:;;;;",;;Here is how to figure out the answer to the following question:;;Who is Amber's parent's enemy?;;;;Here are the steps to arrive at the answer:;;1. Amber's parent = t;;2. Bryan's enemy = y;;;;So the answer is y;;;;Now answer the following question:;;Who is Christina's child's enemy's friend?,Christina's child's enemy's friend,y,h;;q;;s;;t;;v;;y,Amber = h      Amber's enemy = v      Amber's friend = y      Amber's parent = t      Bryan's child = h      ;;Bryan = t      Bryan's enemy = y      Bryan's friend = q      Dana's parent = q       Christina's child = v  ;;Christina = y  Christina's enemy = t  Christina's friend = h  Elizabeth's parent = y  Felicia's child = s    ;;Dana = s       Dana's enemy = q       Dana's friend = v       ;;Elizabeth = v  Elizabeth's enemy = h  Elizabeth's friend = s  ;;Felicia = q    Felicia's enemy = s    Felicia's friend = t    ,164,11
4,L,SemanticApproach.EXTENSIONAL,Representation.ABSTRACT,0_L_eee5,"Imagine there are six people: Amber, Bryan, Christina, Dana, Elizabeth and Felicia. They have the following relationships to each other:;;;;",;;Here is how to figure out the answer to the following question:;;Who is Amber's parent's enemy?;;;;Here are the steps to arrive at the answer:;;1. Amber's parent = t;;2. Bryan's enemy = y;;;;So the answer is y;;;;Now answer the following question:;;Who is Felicia's enemy's enemy's enemy?,Felicia's enemy's enemy's enemy,s,h;;q;;s;;t;;v;;y,Amber = h      Amber's enemy = v      Amber's friend = y      Amber's parent = t      Bryan's child = h      ;;Bryan = t      Bryan's enemy = y      Bryan's friend = q      Dana's parent = q       Christina's child = v  ;;Christina = y  Christina's enemy = t  Christina's friend = h  Elizabeth's parent = y  Felicia's child = s    ;;Dana = s       Dana's enemy = q       Dana's friend = v       ;;Elizabeth = v  Elizabeth's enemy = h  Elizabeth's friend = s  ;;Felicia = q    Felicia's enemy = s    Felicia's friend = t    ,195,12
4,L,SemanticApproach.EXTENSIONAL,Representation.ABSTRACT,0_L_pcf3,"Imagine there are six people: Amber, Bryan, Christina, Dana, Elizabeth and Felicia. They have the following relationships to each other:;;;;",;;Here is how to figure out the answer to the following question:;;Who is Amber's parent's enemy?;;;;Here are the steps to arrive at the answer:;;1. Amber's parent = t;;2. Bryan's enemy = y;;;;So the answer is y;;;;Now answer the following question:;;Who is Bryan's friend's child's parent?,Bryan's friend's child's parent,q,h;;q;;s;;t;;v;;y,Amber = h      Amber's enemy = v      Amber's friend = y      Amber's parent = t      Bryan's child = h      ;;Bryan = t      Bryan's enemy = y      Bryan's friend = q      Dana's parent = q       Christina's child = v  ;;Christina = y  Christina's enemy = t  Christina's friend = h  Elizabeth's parent = y  Felicia's child = s    ;;Dana = s       Dana's enemy = q       Dana's friend = v       ;;Elizabeth = v  Elizabeth's enemy = h  Elizabeth's friend = s  ;;Felicia = q    Felicia's enemy = s    Felicia's friend = t    ,177,13
4,L,SemanticApproach.EXTENSIONAL,Representation.ABSTRACT,0_L_cpe5,"Imagine there are six people: Amber, Bryan, Christina, Dana, Elizabeth and Felicia. They have the following relationships to each other:;;;;",;;Here is how to figure out the answer to the following question:;;Who is Amber's parent's enemy?;;;;Here are the steps to arrive at the answer:;;1. Amber's parent = t;;2. Bryan's enemy = y;;;;So the answer is y;;;;Now answer the following question:;;Who is Felicia's enemy's parent's child?,Felicia's enemy's parent's child,s,h;;q;;s;;t;;v;;y,Amber = h      Amber's enemy = v      Amber's friend = y      Amber's parent = t      Bryan's child = h      ;;Bryan = t      Bryan's enemy = y      Bryan's friend = q      Dana's parent = q       Christina's child = v  ;;Christina = y  Christina's enemy = t  Christina's friend = h  Elizabeth's parent = y  Felicia's child = s    ;;Dana = s       Dana's enemy = q       Dana's friend = v       ;;Elizabeth = v  Elizabeth's enemy = h  Elizabeth's friend = s  ;;Felicia = q    Felicia's enemy = s    Felicia's friend = t    ,197,14
4,L,SemanticApproach.EXTENSIONAL,Representation.ABSTRACT,0_L_efe5,"Imagine there are six people: Amber, Bryan, Christina, Dana, Elizabeth and Felicia. They have the following relationships to each other:;;;;",;;Here is how to figure out the answer to the following question:;;Who is Amber's parent's enemy?;;;;Here are the steps to arrive at the answer:;;1. Amber's parent = t;;2. Bryan's enemy = y;;;;So the answer is y;;;;Now answer the following question:;;Who is Felicia's enemy's friend's enemy?,Felicia's enemy's friend's enemy,h,h;;q;;s;;t;;v;;y,Amber = h      Amber's enemy = v      Amber's friend = y      Amber's parent = t      Bryan's child = h      ;;Bryan = t      Bryan's enemy = y      Bryan's friend = q      Dana's parent = q       Christina's child = v  ;;Christina = y  Christina's enemy = t  Christina's friend = h  Elizabeth's parent = y  Felicia's child = s    ;;Dana = s       Dana's enemy = q       Dana's friend = v       ;;Elizabeth = v  Elizabeth's enemy = h  Elizabeth's friend = s  ;;Felicia = q    Felicia's enemy = s    Felicia's friend = t    ,193,15
4,L,SemanticApproach.EXTENSIONAL,Representation.ABSTRACT,0_L_ecp4,"Imagine there are six people: Amber, Bryan, Christina, Dana, Elizabeth and Felicia. They have the following relationships to each other:;;;;",;;Here is how to figure out the answer to the following question:;;Who is Amber's parent's enemy?;;;;Here are the steps to arrive at the answer:;;1. Amber's parent = t;;2. Bryan's enemy = y;;;;So the answer is y;;;;Now answer the following question:;;Who is Elizabeth's parent's child's enemy?,Elizabeth's parent's child's enemy,h,h;;q;;s;;t;;v;;y,Amber = h      Amber's enemy = v      Amber's friend = y      Amber's parent = t      Bryan's child = h      ;;Bryan = t      Bryan's enemy = y      Bryan's friend = q      Dana's parent = q       Christina's child = v  ;;Christina = y  Christina's enemy = t  Christina's friend = h  Elizabeth's parent = y  Felicia's child = s    ;;Dana = s       Dana's enemy = q       Dana's friend = v       ;;Elizabeth = v  Elizabeth's enemy = h  Elizabeth's friend = s  ;;Felicia = q    Felicia's enemy = s    Felicia's friend = t    ,188,16
4,L,SemanticApproach.EXTENSIONAL,Representation.ABSTRACT,0_L_cef4,"Imagine there are six people: Amber, Bryan, Christina, Dana, Elizabeth and Felicia. They have the following relationships to each other:;;;;",;;Here is how to figure out the answer to the following question:;;Who is Amber's parent's enemy?;;;;Here are the steps to arrive at the answer:;;1. Amber's parent = t;;2. Bryan's enemy = y;;;;So the answer is y;;;;Now answer the following question:;;Who is Elizabeth's friend's enemy's child?,Elizabeth's friend's enemy's child,s,h;;q;;s;;t;;v;;y,Amber = h      Amber's enemy = v      Amber's friend = y      Amber's parent = t      Bryan's child = h      ;;Bryan = t      Bryan's enemy = y      Bryan's friend = q      Dana's parent = q       Christina's child = v  ;;Christina = y  Christina's enemy = t  Christina's friend = h  Elizabeth's parent = y  Felicia's child = s    ;;Dana = s       Dana's enemy = q       Dana's friend = v       ;;Elizabeth = v  Elizabeth's enemy = h  Elizabeth's friend = s  ;;Felicia = q    Felicia's enemy = s    Felicia's friend = t    ,183,17
4,L,SemanticApproach.EXTENSIONAL,Representation.ABSTRACT,0_L_ffe4,"Imagine there are six people: Amber, Bryan, Christina, Dana, Elizabeth and Felicia. They have the following relationships to each other:;;;;",;;Here is how to figure out the answer to the following question:;;Who is Amber's parent's enemy?;;;;Here are the steps to arrive at the answer:;;1. Amber's parent = t;;2. Bryan's enemy = y;;;;So the answer is y;;;;Now answer the following question:;;Who is Elizabeth's enemy's friend's friend?,Elizabeth's enemy's friend's friend,h,h;;q;;s;;t;;v;;y,Amber = h      Amber's enemy = v      Amber's friend = y      Amber's parent = t      Bryan's child = h      ;;Bryan = t      Bryan's enemy = y      Bryan's friend = q      Dana's parent = q       Christina's child = v  ;;Christina = y  Christina's enemy = t  Christina's friend = h  Elizabeth's parent = y  Felicia's child = s    ;;Dana = s       Dana's enemy = q       Dana's friend = v       ;;Elizabeth = v  Elizabeth's enemy = h  Elizabeth's friend = s  ;;Felicia = q    Felicia's enemy = s    Felicia's friend = t    ,185,18
4,L,SemanticApproach.EXTENSIONAL,Representation.ABSTRACT,0_L_ffc3,"Imagine there are six people: Amber, Bryan, Christina, Dana, Elizabeth and Felicia. They have the following relationships to each other:;;;;",;;Here is how to figure out the answer to the following question:;;Who is Amber's parent's enemy?;;;;Here are the steps to arrive at the answer:;;1. Amber's parent = t;;2. Bryan's enemy = y;;;;So the answer is y;;;;Now answer the following question:;;Who is Bryan's child's friend's friend?,Bryan's child's friend's friend,h,h;;q;;s;;t;;v;;y,Amber = h      Amber's enemy = v      Amber's friend = y      Amber's parent = t      Bryan's child = h      ;;Bryan = t      Bryan's enemy = y      Bryan's friend = q      Dana's parent = q       Christina's child = v  ;;Christina = y  Christina's enemy = t  Christina's friend = h  Elizabeth's parent = y  Felicia's child = s    ;;Dana = s       Dana's enemy = q       Dana's friend = v       ;;Elizabeth = v  Elizabeth's enemy = h  Elizabeth's friend = s  ;;Felicia = q    Felicia's enemy = s    Felicia's friend = t    ,178,19
4,L,SemanticApproach.EXTENSIONAL,Representation.ABSTRACT,0_L_pec3,"Imagine there are six people: Amber, Bryan, Christina, Dana, Elizabeth and Felicia. They have the following relationships to each other:;;;;",;;Here is how to figure out the answer to the following question:;;Who is Amber's parent's enemy?;;;;Here are the steps to arrive at the answer:;;1. Amber's parent = t;;2. Bryan's enemy = y;;;;So the answer is y;;;;Now answer the following question:;;Who is Bryan's child's enemy's parent?,Bryan's child's enemy's parent,y,h;;q;;s;;t;;v;;y,Amber = h      Amber's enemy = v      Amber's friend = y      Amber's parent = t      Bryan's child = h      ;;Bryan = t      Bryan's enemy = y      Bryan's friend = q      Dana's parent = q       Christina's child = v  ;;Christina = y  Christina's enemy = t  Christina's friend = h  Elizabeth's parent = y  Felicia's child = s    ;;Dana = s       Dana's enemy = q       Dana's friend = v       ;;Elizabeth = v  Elizabeth's enemy = h  Elizabeth's friend = s  ;;Felicia = q    Felicia's enemy = s    Felicia's friend = t    ,180,20
4,L,SemanticApproach.EXTENSIONAL,Representation.ABSTRACT,0_L_pep2,"Imagine there are six people: Amber, Bryan, Christina, Dana, Elizabeth and Felicia. They have the following relationships to each other:;;;;",;;Here is how to figure out the answer to the following question:;;Who is Amber's parent's enemy?;;;;Here are the steps to arrive at the answer:;;1. Amber's parent = t;;2. Bryan's enemy = y;;;;So the answer is y;;;;Now answer the following question:;;Who is Dana's parent's enemy's parent?,Dana's parent's enemy's parent,q,h;;q;;s;;t;;v;;y,Amber = h      Amber's enemy = v      Amber's friend = y      Amber's parent = t      Bryan's child = h      ;;Bryan = t      Bryan's enemy = y      Bryan's friend = q      Dana's parent = q       Christina's child = v  ;;Christina = y  Christina's enemy = t  Christina's friend = h  Elizabeth's parent = y  Felicia's child = s    ;;Dana = s       Dana's enemy = q       Dana's friend = v       ;;Elizabeth = v  Elizabeth's enemy = h  Elizabeth's friend = s  ;;Felicia = q    Felicia's enemy = s    Felicia's friend = t    ,174,21
4,L,SemanticApproach.EXTENSIONAL,Representation.ABSTRACT,0_L_ffp4,"Imagine there are six people: Amber, Bryan, Christina, Dana, Elizabeth and Felicia. They have the following relationships to each other:;;;;",;;Here is how to figure out the answer to the following question:;;Who is Amber's parent's enemy?;;;;Here are the steps to arrive at the answer:;;1. Amber's parent = t;;2. Bryan's enemy = y;;;;So the answer is y;;;;Now answer the following question:;;Who is Elizabeth's parent's friend's friend?,Elizabeth's parent's friend's friend,y,h;;q;;s;;t;;v;;y,Amber = h      Amber's enemy = v      Amber's friend = y      Amber's parent = t      Bryan's child = h      ;;Bryan = t      Bryan's enemy = y      Bryan's friend = q      Dana's parent = q       Christina's child = v  ;;Christina = y  Christina's enemy = t  Christina's friend = h  Elizabeth's parent = y  Felicia's child = s    ;;Dana = s       Dana's enemy = q       Dana's friend = v       ;;Elizabeth = v  Elizabeth's enemy = h  Elizabeth's friend = s  ;;Felicia = q    Felicia's enemy = s    Felicia's friend = t    ,186,22
4,L,SemanticApproach.EXTENSIONAL,Representation.ABSTRACT,0_L_cpc5,"Imagine there are six people: Amber, Bryan, Christina, Dana, Elizabeth and Felicia. They have the following relationships to each other:;;;;",;;Here is how to figure out the answer to the following question:;;Who is Amber's parent's enemy?;;;;Here are the steps to arrive at the answer:;;1. Amber's parent = t;;2. Bryan's enemy = y;;;;So the answer is y;;;;Now answer the following question:;;Who is Felicia's child's parent's child?,Felicia's child's parent's child,s,h;;q;;s;;t;;v;;y,Amber = h      Amber's enemy = v      Amber's friend = y      Amber's parent = t      Bryan's child = h      ;;Bryan = t      Bryan's enemy = y      Bryan's friend = q      Dana's parent = q       Christina's child = v  ;;Christina = y  Christina's enemy = t  Christina's friend = h  Elizabeth's parent = y  Felicia's child = s    ;;Dana = s       Dana's enemy = q       Dana's friend = v       ;;Elizabeth = v  Elizabeth's enemy = h  Elizabeth's friend = s  ;;Felicia = q    Felicia's enemy = s    Felicia's friend = t    ,200,23
4,L,SemanticApproach.EXTENSIONAL,Representation.ABSTRACT,0_L_ecf5,"Imagine there are six people: Amber, Bryan, Christina, Dana, Elizabeth and Felicia. They have the following relationships to each other:;;;;",;;Here is how to figure out the answer to the following question:;;Who is Amber's parent's enemy?;;;;Here are the steps to arrive at the answer:;;1. Amber's parent = t;;2. Bryan's enemy = y;;;;So the answer is y;;;;Now answer the following question:;;Who is Felicia's friend's child's enemy?,Felicia's friend's child's enemy,v,h;;q;;s;;t;;v;;y,Amber = h      Amber's enemy = v      Amber's friend = y      Amber's parent = t      Bryan's child = h      ;;Bryan = t      Bryan's enemy = y      Bryan's friend = q      Dana's parent = q       Christina's child = v  ;;Christina = y  Christina's enemy = t  Christina's friend = h  Elizabeth's parent = y  Felicia's child = s    ;;Dana = s       Dana's enemy = q       Dana's friend = v       ;;Elizabeth = v  Elizabeth's enemy = h  Elizabeth's friend = s  ;;Felicia = q    Felicia's enemy = s    Felicia's friend = t    ,192,24
4,L,SemanticApproach.EXTENSIONAL,Representation.ABSTRACT,0_L_cfp2,"Imagine there are six people: Amber, Bryan, Christina, Dana, Elizabeth and Felicia. They have the following relationships to each other:;;;;",;;Here is how to figure out the answer to the following question:;;Who is Amber's parent's enemy?;;;;Here are the steps to arrive at the answer:;;1. Amber's parent = t;;2. Bryan's enemy = y;;;;So the answer is y;;;;Now answer the following question:;;Who is Dana's parent's friend's child?,Dana's parent's friend's child,h,h;;q;;s;;t;;v;;y,Amber = h      Amber's enemy = v      Amber's friend = y      Amber's parent = t      Bryan's child = h      ;;Bryan = t      Bryan's enemy = y      Bryan's friend = q      Dana's parent = q       Christina's child = v  ;;Christina = y  Christina's enemy = t  Christina's friend = h  Elizabeth's parent = y  Felicia's child = s    ;;Dana = s       Dana's enemy = q       Dana's friend = v       ;;Elizabeth = v  Elizabeth's enemy = h  Elizabeth's friend = s  ;;Felicia = q    Felicia's enemy = s    Felicia's friend = t    ,173,25
4,L,SemanticApproach.EXTENSIONAL,Representation.ABSTRACT,0_L_fef4,"Imagine there are six people: Amber, Bryan, Christina, Dana, Elizabeth and Felicia. They have the following relationships to each other:;;;;",;;Here is how to figure out the answer to the following question:;;Who is Amber's parent's enemy?;;;;Here are the steps to arrive at the answer:;;1. Amber's parent = t;;2. Bryan's enemy = y;;;;So the answer is y;;;;Now answer the following question:;;Who is Elizabeth's friend's enemy's friend?,Elizabeth's friend's enemy's friend,t,h;;q;;s;;t;;v;;y,Amber = h      Amber's enemy = v      Amber's friend = y      Amber's parent = t      Bryan's child = h      ;;Bryan = t      Bryan's enemy = y      Bryan's friend = q      Dana's parent = q       Christina's child = v  ;;Christina = y  Christina's enemy = t  Christina's friend = h  Elizabeth's parent = y  Felicia's child = s    ;;Dana = s       Dana's enemy = q       Dana's friend = v       ;;Elizabeth = v  Elizabeth's enemy = h  Elizabeth's friend = s  ;;Felicia = q    Felicia's enemy = s    Felicia's friend = t    ,181,26
4,L,SemanticApproach.EXTENSIONAL,Representation.ABSTRACT,0_L_pfc0,"Imagine there are six people: Amber, Bryan, Christina, Dana, Elizabeth and Felicia. They have the following relationships to each other:;;;;",;;Here is how to figure out the answer to the following question:;;Who is Amber's parent's enemy?;;;;Here are the steps to arrive at the answer:;;1. Amber's parent = t;;2. Bryan's enemy = y;;;;So the answer is y;;;;Now answer the following question:;;Who is Christina's child's friend's parent?,Christina's child's friend's parent,q,h;;q;;s;;t;;v;;y,Amber = h      Amber's enemy = v      Amber's friend = y      Amber's parent = t      Bryan's child = h      ;;Bryan = t      Bryan's enemy = y      Bryan's friend = q      Dana's parent = q       Christina's child = v  ;;Christina = y  Christina's enemy = t  Christina's friend = h  Elizabeth's parent = y  Felicia's child = s    ;;Dana = s       Dana's enemy = q       Dana's friend = v       ;;Elizabeth = v  Elizabeth's enemy = h  Elizabeth's friend = s  ;;Felicia = q    Felicia's enemy = s    Felicia's friend = t    ,163,27
4,L,SemanticApproach.EXTENSIONAL,Representation.ABSTRACT,0_L_ffc5,"Imagine there are six people: Amber, Bryan, Christina, Dana, Elizabeth and Felicia. They have the following relationships to each other:;;;;",;;Here is how to figure out the answer to the following question:;;Who is Amber's parent's enemy?;;;;Here are the steps to arrive at the answer:;;1. Amber's parent = t;;2. Bryan's enemy = y;;;;So the answer is y;;;;Now answer the following question:;;Who is Felicia's child's friend's friend?,Felicia's child's friend's friend,s,h;;q;;s;;t;;v;;y,Amber = h      Amber's enemy = v      Amber's friend = y      Amber's parent = t      Bryan's child = h      ;;Bryan = t      Bryan's enemy = y      Bryan's friend = q      Dana's parent = q       Christina's child = v  ;;Christina = y  Christina's enemy = t  Christina's friend = h  Elizabeth's parent = y  Felicia's child = s    ;;Dana = s       Dana's enemy = q       Dana's friend = v       ;;Elizabeth = v  Elizabeth's enemy = h  Elizabeth's friend = s  ;;Felicia = q    Felicia's enemy = s    Felicia's friend = t    ,198,28
4,L,SemanticApproach.EXTENSIONAL,Representation.ABSTRACT,0_L_pcp2,"Imagine there are six people: Amber, Bryan, Christina, Dana, Elizabeth and Felicia. They have the following relationships to each other:;;;;",;;Here is how to figure out the answer to the following question:;;Who is Amber's parent's enemy?;;;;Here are the steps to arrive at the answer:;;1. Amber's parent = t;;2. Bryan's enemy = y;;;;So the answer is y;;;;Now answer the following question:;;Who is Dana's parent's child's parent?,Dana's parent's child's parent,q,h;;q;;s;;t;;v;;y,Amber = h      Amber's enemy = v      Amber's friend = y      Amber's parent = t      Bryan's child = h      ;;Bryan = t      Bryan's enemy = y      Bryan's friend = q      Dana's parent = q       Christina's child = v  ;;Christina = y  Christina's enemy = t  Christina's friend = h  Elizabeth's parent = y  Felicia's child = s    ;;Dana = s       Dana's enemy = q       Dana's friend = v       ;;Elizabeth = v  Elizabeth's enemy = h  Elizabeth's friend = s  ;;Felicia = q    Felicia's enemy = s    Felicia's friend = t    ,175,29
4,L,SemanticApproach.EXTENSIONAL,Representation.ABSTRACT,0_L_epf2,"Imagine there are six people: Amber, Bryan, Christina, Dana, Elizabeth and Felicia. They have the following relationships to each other:;;;;",;;Here is how to figure out the answer to the following question:;;Who is Amber's parent's enemy?;;;;Here are the steps to arrive at the answer:;;1. Amber's parent = t;;2. Bryan's enemy = y;;;;So the answer is y;;;;Now answer the following question:;;Who is Dana's friend's parent's enemy?,Dana's friend's parent's enemy,t,h;;q;;s;;t;;v;;y,Amber = h      Amber's enemy = v      Amber's friend = y      Amber's parent = t      Bryan's child = h      ;;Bryan = t      Bryan's enemy = y      Bryan's friend = q      Dana's parent = q       Christina's child = v  ;;Christina = y  Christina's enemy = t  Christina's friend = h  Elizabeth's parent = y  Felicia's child = s    ;;Dana = s       Dana's enemy = q       Dana's friend = v       ;;Elizabeth = v  Elizabeth's enemy = h  Elizabeth's friend = s  ;;Felicia = q    Felicia's enemy = s    Felicia's friend = t    ,168,30
4,L,SemanticApproach.EXTENSIONAL,Representation.ABSTRACT,0_L_efp4,"Imagine there are six people: Amber, Bryan, Christina, Dana, Elizabeth and Felicia. They have the following relationships to each other:;;;;",;;Here is how to figure out the answer to the following question:;;Who is Amber's parent's enemy?;;;;Here are the steps to arrive at the answer:;;1. Amber's parent = t;;2. Bryan's enemy = y;;;;So the answer is y;;;;Now answer the following question:;;Who is Elizabeth's parent's friend's enemy?,Elizabeth's parent's friend's enemy,v,h;;q;;s;;t;;v;;y,Amber = h      Amber's enemy = v      Amber's friend = y      Amber's parent = t      Bryan's child = h      ;;Bryan = t      Bryan's enemy = y      Bryan's friend = q      Dana's parent = q       Christina's child = v  ;;Christina = y  Christina's enemy = t  Christina's friend = h  Elizabeth's parent = y  Felicia's child = s    ;;Dana = s       Dana's enemy = q       Dana's friend = v       ;;Elizabeth = v  Elizabeth's enemy = h  Elizabeth's friend = s  ;;Felicia = q    Felicia's enemy = s    Felicia's friend = t    ,187,31
4,L,SemanticApproach.EXTENSIONAL,Representation.ABSTRACT,0_L_cfe0,"Imagine there are six people: Amber, Bryan, Christina, Dana, Elizabeth and Felicia. They have the following relationships to each other:;;;;",;;Here is how to figure out the answer to the following question:;;Who is Amber's parent's enemy?;;;;Here are the steps to arrive at the answer:;;1. Amber's parent = t;;2. Bryan's enemy = y;;;;So the answer is y;;;;Now answer the following question:;;Who is Christina's enemy's friend's child?,Christina's enemy's friend's child,s,h;;q;;s;;t;;v;;y,Amber = h      Amber's enemy = v      Amber's friend = y      Amber's parent = t      Bryan's child = h      ;;Bryan = t      Bryan's enemy = y      Bryan's friend = q      Dana's parent = q       Christina's child = v  ;;Christina = y  Christina's enemy = t  Christina's friend = h  Elizabeth's parent = y  Felicia's child = s    ;;Dana = s       Dana's enemy = q       Dana's friend = v       ;;Elizabeth = v  Elizabeth's enemy = h  Elizabeth's friend = s  ;;Felicia = q    Felicia's enemy = s    Felicia's friend = t    ,162,32
4,L,SemanticApproach.EXTENSIONAL,Representation.ABSTRACT,0_L_ecf3,"Imagine there are six people: Amber, Bryan, Christina, Dana, Elizabeth and Felicia. They have the following relationships to each other:;;;;",;;Here is how to figure out the answer to the following question:;;Who is Amber's parent's enemy?;;;;Here are the steps to arrive at the answer:;;1. Amber's parent = t;;2. Bryan's enemy = y;;;;So the answer is y;;;;Now answer the following question:;;Who is Bryan's friend's child's enemy?,Bryan's friend's child's enemy,q,h;;q;;s;;t;;v;;y,Amber = h      Amber's enemy = v      Amber's friend = y      Amber's parent = t      Bryan's child = h      ;;Bryan = t      Bryan's enemy = y      Bryan's friend = q      Dana's parent = q       Christina's child = v  ;;Christina = y  Christina's enemy = t  Christina's friend = h  Elizabeth's parent = y  Felicia's child = s    ;;Dana = s       Dana's enemy = q       Dana's friend = v       ;;Elizabeth = v  Elizabeth's enemy = h  Elizabeth's friend = s  ;;Felicia = q    Felicia's enemy = s    Felicia's friend = t    ,176,33
4,L,SemanticApproach.EXTENSIONAL,Representation.ABSTRACT,0_L_cpf2,"Imagine there are six people: Amber, Bryan, Christina, Dana, Elizabeth and Felicia. They have the following relationships to each other:;;;;",;;Here is how to figure out the answer to the following question:;;Who is Amber's parent's enemy?;;;;Here are the steps to arrive at the answer:;;1. Amber's parent = t;;2. Bryan's enemy = y;;;;So the answer is y;;;;Now answer the following question:;;Who is Dana's friend's parent's child?,Dana's friend's parent's child,v,h;;q;;s;;t;;v;;y,Amber = h      Amber's enemy = v      Amber's friend = y      Amber's parent = t      Bryan's child = h      ;;Bryan = t      Bryan's enemy = y      Bryan's friend = q      Dana's parent = q       Christina's child = v  ;;Christina = y  Christina's enemy = t  Christina's friend = h  Elizabeth's parent = y  Felicia's child = s    ;;Dana = s       Dana's enemy = q       Dana's friend = v       ;;Elizabeth = v  Elizabeth's enemy = h  Elizabeth's friend = s  ;;Felicia = q    Felicia's enemy = s    Felicia's friend = t    ,169,34
4,L,SemanticApproach.EXTENSIONAL,Representation.ABSTRACT,0_L_epe5,"Imagine there are six people: Amber, Bryan, Christina, Dana, Elizabeth and Felicia. They have the following relationships to each other:;;;;",;;Here is how to figure out the answer to the following question:;;Who is Amber's parent's enemy?;;;;Here are the steps to arrive at the answer:;;1. Amber's parent = t;;2. Bryan's enemy = y;;;;So the answer is y;;;;Now answer the following question:;;Who is Felicia's enemy's parent's enemy?,Felicia's enemy's parent's enemy,s,h;;q;;s;;t;;v;;y,Amber = h      Amber's enemy = v      Amber's friend = y      Amber's parent = t      Bryan's child = h      ;;Bryan = t      Bryan's enemy = y      Bryan's friend = q      Dana's parent = q       Christina's child = v  ;;Christina = y  Christina's enemy = t  Christina's friend = h  Elizabeth's parent = y  Felicia's child = s    ;;Dana = s       Dana's enemy = q       Dana's friend = v       ;;Elizabeth = v  Elizabeth's enemy = h  Elizabeth's friend = s  ;;Felicia = q    Felicia's enemy = s    Felicia's friend = t    ,196,35
4,L,SemanticApproach.EXTENSIONAL,Representation.ABSTRACT,0_L_cpf4,"Imagine there are six people: Amber, Bryan, Christina, Dana, Elizabeth and Felicia. They have the following relationships to each other:;;;;",;;Here is how to figure out the answer to the following question:;;Who is Amber's parent's enemy?;;;;Here are the steps to arrive at the answer:;;1. Amber's parent = t;;2. Bryan's enemy = y;;;;So the answer is y;;;;Now answer the following question:;;Who is Elizabeth's friend's parent's child?,Elizabeth's friend's parent's child,s,h;;q;;s;;t;;v;;y,Amber = h      Amber's enemy = v      Amber's friend = y      Amber's parent = t      Bryan's child = h      ;;Bryan = t      Bryan's enemy = y      Bryan's friend = q      Dana's parent = q       Christina's child = v  ;;Christina = y  Christina's enemy = t  Christina's friend = h  Elizabeth's parent = y  Felicia's child = s    ;;Dana = s       Dana's enemy = q       Dana's friend = v       ;;Elizabeth = v  Elizabeth's enemy = h  Elizabeth's friend = s  ;;Felicia = q    Felicia's enemy = s    Felicia's friend = t    ,184,36
4,L,SemanticApproach.EXTENSIONAL,Representation.ABSTRACT,0_L_eff1,"Imagine there are six people: Amber, Bryan, Christina, Dana, Elizabeth and Felicia. They have the following relationships to each other:;;;;",;;Here is how to figure out the answer to the following question:;;Who is Amber's parent's enemy?;;;;Here are the steps to arrive at the answer:;;1. Amber's parent = t;;2. Bryan's enemy = y;;;;So the answer is y;;;;Now answer the following question:;;Who is Amber's friend's friend's enemy?,Amber's friend's friend's enemy,v,h;;q;;s;;t;;v;;y,Amber = h      Amber's enemy = v      Amber's friend = y      Amber's parent = t      Bryan's child = h      ;;Bryan = t      Bryan's enemy = y      Bryan's friend = q      Dana's parent = q       Christina's child = v  ;;Christina = y  Christina's enemy = t  Christina's friend = h  Elizabeth's parent = y  Felicia's child = s    ;;Dana = s       Dana's enemy = q       Dana's friend = v       ;;Elizabeth = v  Elizabeth's enemy = h  Elizabeth's friend = s  ;;Felicia = q    Felicia's enemy = s    Felicia's friend = t    ,165,37
4,L,SemanticApproach.EXTENSIONAL,Representation.ABSTRACT,0_L_eec3,"Imagine there are six people: Amber, Bryan, Christina, Dana, Elizabeth and Felicia. They have the following relationships to each other:;;;;",;;Here is how to figure out the answer to the following question:;;Who is Amber's parent's enemy?;;;;Here are the steps to arrive at the answer:;;1. Amber's parent = t;;2. Bryan's enemy = y;;;;So the answer is y;;;;Now answer the following question:;;Who is Bryan's child's enemy's enemy?,Bryan's child's enemy's enemy,h,h;;q;;s;;t;;v;;y,Amber = h      Amber's enemy = v      Amber's friend = y      Amber's parent = t      Bryan's child = h      ;;Bryan = t      Bryan's enemy = y      Bryan's friend = q      Dana's parent = q       Christina's child = v  ;;Christina = y  Christina's enemy = t  Christina's friend = h  Elizabeth's parent = y  Felicia's child = s    ;;Dana = s       Dana's enemy = q       Dana's friend = v       ;;Elizabeth = v  Elizabeth's enemy = h  Elizabeth's friend = s  ;;Felicia = q    Felicia's enemy = s    Felicia's friend = t    ,179,38
4,L,SemanticApproach.EXTENSIONAL,Representation.ABSTRACT,0_L_eee2,"Imagine there are six people: Amber, Bryan, Christina, Dana, Elizabeth and Felicia. They have the following relationships to each other:;;;;",;;Here is how to figure out the answer to the following question:;;Who is Amber's parent's enemy?;;;;Here are the steps to arrive at the answer:;;1. Amber's parent = t;;2. Bryan's enemy = y;;;;So the answer is y;;;;Now answer the following question:;;Who is Dana's enemy's enemy's enemy?,Dana's enemy's enemy's enemy,q,h;;q;;s;;t;;v;;y,Amber = h      Amber's enemy = v      Amber's friend = y      Amber's parent = t      Bryan's child = h      ;;Bryan = t      Bryan's enemy = y      Bryan's friend = q      Dana's parent = q       Christina's child = v  ;;Christina = y  Christina's enemy = t  Christina's friend = h  Elizabeth's parent = y  Felicia's child = s    ;;Dana = s       Dana's enemy = q       Dana's friend = v       ;;Elizabeth = v  Elizabeth's enemy = h  Elizabeth's friend = s  ;;Felicia = q    Felicia's enemy = s    Felicia's friend = t    ,170,39
4,R,SemanticApproach.EXTENSIONAL,Representation.ABSTRACT,0_R_fce2,"Imagine there are six people: Amber, Bryan, Christina, Dana, Elizabeth and Felicia. They have the following relationships to each other:;;;;",;;Here is how to figure out the answer to the following question:;;Who is the enemy of the parent of Amber?;;;;Here are the steps to arrive at the answer:;;1. the parent of Amber = t;;2. the enemy of Bryan = y;;;;So the answer is y;;;;Now answer the following question:;;Who is the friend of the child of the enemy of Dana?,the friend of the child of the enemy of Dana,v,h;;q;;s;;t;;v;;y,Amber = h      the enemy of Amber = v      the friend of Amber = y      the parent of Amber = t      the child of Bryan = h      ;;Bryan = t      the enemy of Bryan = y      the friend of Bryan = q      the parent of Dana = q       the child of Christina = v  ;;Christina = y  the enemy of Christina = t  the friend of Christina = h  the parent of Elizabeth = y  the child of Felicia = s    ;;Dana = s       the enemy of Dana = q       the friend of Dana = v       ;;Elizabeth = v  the enemy of Elizabeth = h  the friend of Elizabeth = s  ;;Felicia = q    the enemy of Felicia = s    the friend of Felicia = t    ,71,0
4,R,SemanticApproach.EXTENSIONAL,Representation.ABSTRACT,0_R_ecf3,"Imagine there are six people: Amber, Bryan, Christina, Dana, Elizabeth and Felicia. They have the following relationships to each other:;;;;",;;Here is how to figure out the answer to the following question:;;Who is the enemy of the parent of Amber?;;;;Here are the steps to arrive at the answer:;;1. the parent of Amber = t;;2. the enemy of Bryan = y;;;;So the answer is y;;;;Now answer the following question:;;Who is the enemy of the child of the friend of Bryan?,the enemy of the child of the friend of Bryan,q,h;;q;;s;;t;;v;;y,Amber = h      the enemy of Amber = v      the friend of Amber = y      the parent of Amber = t      the child of Bryan = h      ;;Bryan = t      the enemy of Bryan = y      the friend of Bryan = q      the parent of Dana = q       the child of Christina = v  ;;Christina = y  the enemy of Christina = t  the friend of Christina = h  the parent of Elizabeth = y  the child of Felicia = s    ;;Dana = s       the enemy of Dana = q       the friend of Dana = v       ;;Elizabeth = v  the enemy of Elizabeth = h  the friend of Elizabeth = s  ;;Felicia = q    the enemy of Felicia = s    the friend of Felicia = t    ,76,1
4,R,SemanticApproach.EXTENSIONAL,Representation.ABSTRACT,0_R_pcp2,"Imagine there are six people: Amber, Bryan, Christina, Dana, Elizabeth and Felicia. They have the following relationships to each other:;;;;",;;Here is how to figure out the answer to the following question:;;Who is the enemy of the parent of Amber?;;;;Here are the steps to arrive at the answer:;;1. the parent of Amber = t;;2. the enemy of Bryan = y;;;;So the answer is y;;;;Now answer the following question:;;Who is the parent of the child of the parent of Dana?,the parent of the child of the parent of Dana,q,h;;q;;s;;t;;v;;y,Amber = h      the enemy of Amber = v      the friend of Amber = y      the parent of Amber = t      the child of Bryan = h      ;;Bryan = t      the enemy of Bryan = y      the friend of Bryan = q      the parent of Dana = q       the child of Christina = v  ;;Christina = y  the enemy of Christina = t  the friend of Christina = h  the parent of Elizabeth = y  the child of Felicia = s    ;;Dana = s       the enemy of Dana = q       the friend of Dana = v       ;;Elizabeth = v  the enemy of Elizabeth = h  the friend of Elizabeth = s  ;;Felicia = q    the enemy of Felicia = s    the friend of Felicia = t    ,75,2
4,R,SemanticApproach.EXTENSIONAL,Representation.ABSTRACT,0_R_ffp4,"Imagine there are six people: Amber, Bryan, Christina, Dana, Elizabeth and Felicia. They have the following relationships to each other:;;;;",;;Here is how to figure out the answer to the following question:;;Who is the enemy of the parent of Amber?;;;;Here are the steps to arrive at the answer:;;1. the parent of Amber = t;;2. the enemy of Bryan = y;;;;So the answer is y;;;;Now answer the following question:;;Who is the friend of the friend of the parent of Elizabeth?,the friend of the friend of the parent of Elizabeth,y,h;;q;;s;;t;;v;;y,Amber = h      the enemy of Amber = v      the friend of Amber = y      the parent of Amber = t      the child of Bryan = h      ;;Bryan = t      the enemy of Bryan = y      the friend of Bryan = q      the parent of Dana = q       the child of Christina = v  ;;Christina = y  the enemy of Christina = t  the friend of Christina = h  the parent of Elizabeth = y  the child of Felicia = s    ;;Dana = s       the enemy of Dana = q       the friend of Dana = v       ;;Elizabeth = v  the enemy of Elizabeth = h  the friend of Elizabeth = s  ;;Felicia = q    the enemy of Felicia = s    the friend of Felicia = t    ,86,3
4,R,SemanticApproach.EXTENSIONAL,Representation.ABSTRACT,0_R_fee5,"Imagine there are six people: Amber, Bryan, Christina, Dana, Elizabeth and Felicia. They have the following relationships to each other:;;;;",;;Here is how to figure out the answer to the following question:;;Who is the enemy of the parent of Amber?;;;;Here are the steps to arrive at the answer:;;1. the parent of Amber = t;;2. the enemy of Bryan = y;;;;So the answer is y;;;;Now answer the following question:;;Who is the friend of the enemy of the enemy of Felicia?,the friend of the enemy of the enemy of Felicia,t,h;;q;;s;;t;;v;;y,Amber = h      the enemy of Amber = v      the friend of Amber = y      the parent of Amber = t      the child of Bryan = h      ;;Bryan = t      the enemy of Bryan = y      the friend of Bryan = q      the parent of Dana = q       the child of Christina = v  ;;Christina = y  the enemy of Christina = t  the friend of Christina = h  the parent of Elizabeth = y  the child of Felicia = s    ;;Dana = s       the enemy of Dana = q       the friend of Dana = v       ;;Elizabeth = v  the enemy of Elizabeth = h  the friend of Elizabeth = s  ;;Felicia = q    the enemy of Felicia = s    the friend of Felicia = t    ,94,4
4,R,SemanticApproach.EXTENSIONAL,Representation.ABSTRACT,0_R_ecp4,"Imagine there are six people: Amber, Bryan, Christina, Dana, Elizabeth and Felicia. They have the following relationships to each other:;;;;",;;Here is how to figure out the answer to the following question:;;Who is the enemy of the parent of Amber?;;;;Here are the steps to arrive at the answer:;;1. the parent of Amber = t;;2. the enemy of Bryan = y;;;;So the answer is y;;;;Now answer the following question:;;Who is the enemy of the child of the parent of Elizabeth?,the enemy of the child of the parent of Elizabeth,h,h;;q;;s;;t;;v;;y,Amber = h      the enemy of Amber = v      the friend of Amber = y      the parent of Amber = t      the child of Bryan = h      ;;Bryan = t      the enemy of Bryan = y      the friend of Bryan = q      the parent of Dana = q       the child of Christina = v  ;;Christina = y  the enemy of Christina = t  the friend of Christina = h  the parent of Elizabeth = y  the child of Felicia = s    ;;Dana = s       the enemy of Dana = q       the friend of Dana = v       ;;Elizabeth = v  the enemy of Elizabeth = h  the friend of Elizabeth = s  ;;Felicia = q    the enemy of Felicia = s    the friend of Felicia = t    ,88,5
4,R,SemanticApproach.EXTENSIONAL,Representation.ABSTRACT,0_R_ffc5,"Imagine there are six people: Amber, Bryan, Christina, Dana, Elizabeth and Felicia. They have the following relationships to each other:;;;;",;;Here is how to figure out the answer to the following question:;;Who is the enemy of the parent of Amber?;;;;Here are the steps to arrive at the answer:;;1. the parent of Amber = t;;2. the enemy of Bryan = y;;;;So the answer is y;;;;Now answer the following question:;;Who is the friend of the friend of the child of Felicia?,the friend of the friend of the child of Felicia,s,h;;q;;s;;t;;v;;y,Amber = h      the enemy of Amber = v      the friend of Amber = y      the parent of Amber = t      the child of Bryan = h      ;;Bryan = t      the enemy of Bryan = y      the friend of Bryan = q      the parent of Dana = q       the child of Christina = v  ;;Christina = y  the enemy of Christina = t  the friend of Christina = h  the parent of Elizabeth = y  the child of Felicia = s    ;;Dana = s       the enemy of Dana = q       the friend of Dana = v       ;;Elizabeth = v  the enemy of Elizabeth = h  the friend of Elizabeth = s  ;;Felicia = q    the enemy of Felicia = s    the friend of Felicia = t    ,98,6
4,R,SemanticApproach.EXTENSIONAL,Representation.ABSTRACT,0_R_efe0,"Imagine there are six people: Amber, Bryan, Christina, Dana, Elizabeth and Felicia. They have the following relationships to each other:;;;;",;;Here is how to figure out the answer to the following question:;;Who is the enemy of the parent of Amber?;;;;Here are the steps to arrive at the answer:;;1. the parent of Amber = t;;2. the enemy of Bryan = y;;;;So the answer is y;;;;Now answer the following question:;;Who is the enemy of the friend of the enemy of Christina?,the enemy of the friend of the enemy of Christina,s,h;;q;;s;;t;;v;;y,Amber = h      the enemy of Amber = v      the friend of Amber = y      the parent of Amber = t      the child of Bryan = h      ;;Bryan = t      the enemy of Bryan = y      the friend of Bryan = q      the parent of Dana = q       the child of Christina = v  ;;Christina = y  the enemy of Christina = t  the friend of Christina = h  the parent of Elizabeth = y  the child of Felicia = s    ;;Dana = s       the enemy of Dana = q       the friend of Dana = v       ;;Elizabeth = v  the enemy of Elizabeth = h  the friend of Elizabeth = s  ;;Felicia = q    the enemy of Felicia = s    the friend of Felicia = t    ,61,7
4,R,SemanticApproach.EXTENSIONAL,Representation.ABSTRACT,0_R_ecf5,"Imagine there are six people: Amber, Bryan, Christina, Dana, Elizabeth and Felicia. They have the following relationships to each other:;;;;",;;Here is how to figure out the answer to the following question:;;Who is the enemy of the parent of Amber?;;;;Here are the steps to arrive at the answer:;;1. the parent of Amber = t;;2. the enemy of Bryan = y;;;;So the answer is y;;;;Now answer the following question:;;Who is the enemy of the child of the friend of Felicia?,the enemy of the child of the friend of Felicia,v,h;;q;;s;;t;;v;;y,Amber = h      the enemy of Amber = v      the friend of Amber = y      the parent of Amber = t      the child of Bryan = h      ;;Bryan = t      the enemy of Bryan = y      the friend of Bryan = q      the parent of Dana = q       the child of Christina = v  ;;Christina = y  the enemy of Christina = t  the friend of Christina = h  the parent of Elizabeth = y  the child of Felicia = s    ;;Dana = s       the enemy of Dana = q       the friend of Dana = v       ;;Elizabeth = v  the enemy of Elizabeth = h  the friend of Elizabeth = s  ;;Felicia = q    the enemy of Felicia = s    the friend of Felicia = t    ,92,8
4,R,SemanticApproach.EXTENSIONAL,Representation.ABSTRACT,0_R_cpf2,"Imagine there are six people: Amber, Bryan, Christina, Dana, Elizabeth and Felicia. They have the following relationships to each other:;;;;",;;Here is how to figure out the answer to the following question:;;Who is the enemy of the parent of Amber?;;;;Here are the steps to arrive at the answer:;;1. the parent of Amber = t;;2. the enemy of Bryan = y;;;;So the answer is y;;;;Now answer the following question:;;Who is the child of the parent of the friend of Dana?,the child of the parent of the friend of Dana,v,h;;q;;s;;t;;v;;y,Amber = h      the enemy of Amber = v      the friend of Amber = y      the parent of Amber = t      the child of Bryan = h      ;;Bryan = t      the enemy of Bryan = y      the friend of Bryan = q      the parent of Dana = q       the child of Christina = v  ;;Christina = y  the enemy of Christina = t  the friend of Christina = h  the parent of Elizabeth = y  the child of Felicia = s    ;;Dana = s       the enemy of Dana = q       the friend of Dana = v       ;;Elizabeth = v  the enemy of Elizabeth = h  the friend of Elizabeth = s  ;;Felicia = q    the enemy of Felicia = s    the friend of Felicia = t    ,69,9
4,R,SemanticApproach.EXTENSIONAL,Representation.ABSTRACT,0_R_pfc0,"Imagine there are six people: Amber, Bryan, Christina, Dana, Elizabeth and Felicia. They have the following relationships to each other:;;;;",;;Here is how to figure out the answer to the following question:;;Who is the enemy of the parent of Amber?;;;;Here are the steps to arrive at the answer:;;1. the parent of Amber = t;;2. the enemy of Bryan = y;;;;So the answer is y;;;;Now answer the following question:;;Who is the parent of the friend of the child of Christina?,the parent of the friend of the child of Christina,q,h;;q;;s;;t;;v;;y,Amber = h      the enemy of Amber = v      the friend of Amber = y      the parent of Amber = t      the child of Bryan = h      ;;Bryan = t      the enemy of Bryan = y      the friend of Bryan = q      the parent of Dana = q       the child of Christina = v  ;;Christina = y  the enemy of Christina = t  the friend of Christina = h  the parent of Elizabeth = y  the child of Felicia = s    ;;Dana = s       the enemy of Dana = q       the friend of Dana = v       ;;Elizabeth = v  the enemy of Elizabeth = h  the friend of Elizabeth = s  ;;Felicia = q    the enemy of Felicia = s    the friend of Felicia = t    ,63,10
4,R,SemanticApproach.EXTENSIONAL,Representation.ABSTRACT,0_R_pce2,"Imagine there are six people: Amber, Bryan, Christina, Dana, Elizabeth and Felicia. They have the following relationships to each other:;;;;",;;Here is how to figure out the answer to the following question:;;Who is the enemy of the parent of Amber?;;;;Here are the steps to arrive at the answer:;;1. the parent of Amber = t;;2. the enemy of Bryan = y;;;;So the answer is y;;;;Now answer the following question:;;Who is the parent of the child of the enemy of Dana?,the parent of the child of the enemy of Dana,q,h;;q;;s;;t;;v;;y,Amber = h      the enemy of Amber = v      the friend of Amber = y      the parent of Amber = t      the child of Bryan = h      ;;Bryan = t      the enemy of Bryan = y      the friend of Bryan = q      the parent of Dana = q       the child of Christina = v  ;;Christina = y  the enemy of Christina = t  the friend of Christina = h  the parent of Elizabeth = y  the child of Felicia = s    ;;Dana = s       the enemy of Dana = q       the friend of Dana = v       ;;Elizabeth = v  the enemy of Elizabeth = h  the friend of Elizabeth = s  ;;Felicia = q    the enemy of Felicia = s    the friend of Felicia = t    ,72,11
4,R,SemanticApproach.EXTENSIONAL,Representation.ABSTRACT,0_R_eef4,"Imagine there are six people: Amber, Bryan, Christina, Dana, Elizabeth and Felicia. They have the following relationships to each other:;;;;",;;Here is how to figure out the answer to the following question:;;Who is the enemy of the parent of Amber?;;;;Here are the steps to arrive at the answer:;;1. the parent of Amber = t;;2. the enemy of Bryan = y;;;;So the answer is y;;;;Now answer the following question:;;Who is the enemy of the enemy of the friend of Elizabeth?,the enemy of the enemy of the friend of Elizabeth,s,h;;q;;s;;t;;v;;y,Amber = h      the enemy of Amber = v      the friend of Amber = y      the parent of Amber = t      the child of Bryan = h      ;;Bryan = t      the enemy of Bryan = y      the friend of Bryan = q      the parent of Dana = q       the child of Christina = v  ;;Christina = y  the enemy of Christina = t  the friend of Christina = h  the parent of Elizabeth = y  the child of Felicia = s    ;;Dana = s       the enemy of Dana = q       the friend of Dana = v       ;;Elizabeth = v  the enemy of Elizabeth = h  the friend of Elizabeth = s  ;;Felicia = q    the enemy of Felicia = s    the friend of Felicia = t    ,82,12
4,R,SemanticApproach.EXTENSIONAL,Representation.ABSTRACT,0_R_eec3,"Imagine there are six people: Amber, Bryan, Christina, Dana, Elizabeth and Felicia. They have the following relationships to each other:;;;;",;;Here is how to figure out the answer to the following question:;;Who is the enemy of the parent of Amber?;;;;Here are the steps to arrive at the answer:;;1. the parent of Amber = t;;2. the enemy of Bryan = y;;;;So the answer is y;;;;Now answer the following question:;;Who is the enemy of the enemy of the child of Bryan?,the enemy of the enemy of the child of Bryan,h,h;;q;;s;;t;;v;;y,Amber = h      the enemy of Amber = v      the friend of Amber = y      the parent of Amber = t      the child of Bryan = h      ;;Bryan = t      the enemy of Bryan = y      the friend of Bryan = q      the parent of Dana = q       the child of Christina = v  ;;Christina = y  the enemy of Christina = t  the friend of Christina = h  the parent of Elizabeth = y  the child of Felicia = s    ;;Dana = s       the enemy of Dana = q       the friend of Dana = v       ;;Elizabeth = v  the enemy of Elizabeth = h  the friend of Elizabeth = s  ;;Felicia = q    the enemy of Felicia = s    the friend of Felicia = t    ,79,13
4,R,SemanticApproach.EXTENSIONAL,Representation.ABSTRACT,0_R_cpf4,"Imagine there are six people: Amber, Bryan, Christina, Dana, Elizabeth and Felicia. They have the following relationships to each other:;;;;",;;Here is how to figure out the answer to the following question:;;Who is the enemy of the parent of Amber?;;;;Here are the steps to arrive at the answer:;;1. the parent of Amber = t;;2. the enemy of Bryan = y;;;;So the answer is y;;;;Now answer the following question:;;Who is the child of the parent of the friend of Elizabeth?,the child of the parent of the friend of Elizabeth,s,h;;q;;s;;t;;v;;y,Amber = h      the enemy of Amber = v      the friend of Amber = y      the parent of Amber = t      the child of Bryan = h      ;;Bryan = t      the enemy of Bryan = y      the friend of Bryan = q      the parent of Dana = q       the child of Christina = v  ;;Christina = y  the enemy of Christina = t  the friend of Christina = h  the parent of Elizabeth = y  the child of Felicia = s    ;;Dana = s       the enemy of Dana = q       the friend of Dana = v       ;;Elizabeth = v  the enemy of Elizabeth = h  the friend of Elizabeth = s  ;;Felicia = q    the enemy of Felicia = s    the friend of Felicia = t    ,84,14
4,R,SemanticApproach.EXTENSIONAL,Representation.ABSTRACT,0_R_efp4,"Imagine there are six people: Amber, Bryan, Christina, Dana, Elizabeth and Felicia. They have the following relationships to each other:;;;;",;;Here is how to figure out the answer to the following question:;;Who is the enemy of the parent of Amber?;;;;Here are the steps to arrive at the answer:;;1. the parent of Amber = t;;2. the enemy of Bryan = y;;;;So the answer is y;;;;Now answer the following question:;;Who is the enemy of the friend of the parent of Elizabeth?,the enemy of the friend of the parent of Elizabeth,v,h;;q;;s;;t;;v;;y,Amber = h      the enemy of Amber = v      the friend of Amber = y      the parent of Amber = t      the child of Bryan = h      ;;Bryan = t      the enemy of Bryan = y      the friend of Bryan = q      the parent of Dana = q       the child of Christina = v  ;;Christina = y  the enemy of Christina = t  the friend of Christina = h  the parent of Elizabeth = y  the child of Felicia = s    ;;Dana = s       the enemy of Dana = q       the friend of Dana = v       ;;Elizabeth = v  the enemy of Elizabeth = h  the friend of Elizabeth = s  ;;Felicia = q    the enemy of Felicia = s    the friend of Felicia = t    ,87,15
4,R,SemanticApproach.EXTENSIONAL,Representation.ABSTRACT,0_R_cfp2,"Imagine there are six people: Amber, Bryan, Christina, Dana, Elizabeth and Felicia. They have the following relationships to each other:;;;;",;;Here is how to figure out the answer to the following question:;;Who is the enemy of the parent of Amber?;;;;Here are the steps to arrive at the answer:;;1. the parent of Amber = t;;2. the enemy of Bryan = y;;;;So the answer is y;;;;Now answer the following question:;;Who is the child of the friend of the parent of Dana?,the child of the friend of the parent of Dana,h,h;;q;;s;;t;;v;;y,Amber = h      the enemy of Amber = v      the friend of Amber = y      the parent of Amber = t      the child of Bryan = h      ;;Bryan = t      the enemy of Bryan = y      the friend of Bryan = q      the parent of Dana = q       the child of Christina = v  ;;Christina = y  the enemy of Christina = t  the friend of Christina = h  the parent of Elizabeth = y  the child of Felicia = s    ;;Dana = s       the enemy of Dana = q       the friend of Dana = v       ;;Elizabeth = v  the enemy of Elizabeth = h  the friend of Elizabeth = s  ;;Felicia = q    the enemy of Felicia = s    the friend of Felicia = t    ,73,16
4,R,SemanticApproach.EXTENSIONAL,Representation.ABSTRACT,0_R_eff1,"Imagine there are six people: Amber, Bryan, Christina, Dana, Elizabeth and Felicia. They have the following relationships to each other:;;;;",;;Here is how to figure out the answer to the following question:;;Who is the enemy of the parent of Amber?;;;;Here are the steps to arrive at the answer:;;1. the parent of Amber = t;;2. the enemy of Bryan = y;;;;So the answer is y;;;;Now answer the following question:;;Who is the enemy of the friend of the friend of Amber?,the enemy of the friend of the friend of Amber,v,h;;q;;s;;t;;v;;y,Amber = h      the enemy of Amber = v      the friend of Amber = y      the parent of Amber = t      the child of Bryan = h      ;;Bryan = t      the enemy of Bryan = y      the friend of Bryan = q      the parent of Dana = q       the child of Christina = v  ;;Christina = y  the enemy of Christina = t  the friend of Christina = h  the parent of Elizabeth = y  the child of Felicia = s    ;;Dana = s       the enemy of Dana = q       the friend of Dana = v       ;;Elizabeth = v  the enemy of Elizabeth = h  the friend of Elizabeth = s  ;;Felicia = q    the enemy of Felicia = s    the friend of Felicia = t    ,65,17
4,R,SemanticApproach.EXTENSIONAL,Representation.ABSTRACT,0_R_eee2,"Imagine there are six people: Amber, Bryan, Christina, Dana, Elizabeth and Felicia. They have the following relationships to each other:;;;;",;;Here is how to figure out the answer to the following question:;;Who is the enemy of the parent of Amber?;;;;Here are the steps to arrive at the answer:;;1. the parent of Amber = t;;2. the enemy of Bryan = y;;;;So the answer is y;;;;Now answer the following question:;;Who is the enemy of the enemy of the enemy of Dana?,the enemy of the enemy of the enemy of Dana,q,h;;q;;s;;t;;v;;y,Amber = h      the enemy of Amber = v      the friend of Amber = y      the parent of Amber = t      the child of Bryan = h      ;;Bryan = t      the enemy of Bryan = y      the friend of Bryan = q      the parent of Dana = q       the child of Christina = v  ;;Christina = y  the enemy of Christina = t  the friend of Christina = h  the parent of Elizabeth = y  the child of Felicia = s    ;;Dana = s       the enemy of Dana = q       the friend of Dana = v       ;;Elizabeth = v  the enemy of Elizabeth = h  the friend of Elizabeth = s  ;;Felicia = q    the enemy of Felicia = s    the friend of Felicia = t    ,70,18
4,R,SemanticApproach.EXTENSIONAL,Representation.ABSTRACT,0_R_epe5,"Imagine there are six people: Amber, Bryan, Christina, Dana, Elizabeth and Felicia. They have the following relationships to each other:;;;;",;;Here is how to figure out the answer to the following question:;;Who is the enemy of the parent of Amber?;;;;Here are the steps to arrive at the answer:;;1. the parent of Amber = t;;2. the enemy of Bryan = y;;;;So the answer is y;;;;Now answer the following question:;;Who is the enemy of the parent of the enemy of Felicia?,the enemy of the parent of the enemy of Felicia,s,h;;q;;s;;t;;v;;y,Amber = h      the enemy of Amber = v      the friend of Amber = y      the parent of Amber = t      the child of Bryan = h      ;;Bryan = t      the enemy of Bryan = y      the friend of Bryan = q      the parent of Dana = q       the child of Christina = v  ;;Christina = y  the enemy of Christina = t  the friend of Christina = h  the parent of Elizabeth = y  the child of Felicia = s    ;;Dana = s       the enemy of Dana = q       the friend of Dana = v       ;;Elizabeth = v  the enemy of Elizabeth = h  the friend of Elizabeth = s  ;;Felicia = q    the enemy of Felicia = s    the friend of Felicia = t    ,96,19
4,R,SemanticApproach.EXTENSIONAL,Representation.ABSTRACT,0_R_pep2,"Imagine there are six people: Amber, Bryan, Christina, Dana, Elizabeth and Felicia. They have the following relationships to each other:;;;;",;;Here is how to figure out the answer to the following question:;;Who is the enemy of the parent of Amber?;;;;Here are the steps to arrive at the answer:;;1. the parent of Amber = t;;2. the enemy of Bryan = y;;;;So the answer is y;;;;Now answer the following question:;;Who is the parent of the enemy of the parent of Dana?,the parent of the enemy of the parent of Dana,q,h;;q;;s;;t;;v;;y,Amber = h      the enemy of Amber = v      the friend of Amber = y      the parent of Amber = t      the child of Bryan = h      ;;Bryan = t      the enemy of Bryan = y      the friend of Bryan = q      the parent of Dana = q       the child of Christina = v  ;;Christina = y  the enemy of Christina = t  the friend of Christina = h  the parent of Elizabeth = y  the child of Felicia = s    ;;Dana = s       the enemy of Dana = q       the friend of Dana = v       ;;Elizabeth = v  the enemy of Elizabeth = h  the friend of Elizabeth = s  ;;Felicia = q    the enemy of Felicia = s    the friend of Felicia = t    ,74,20
4,R,SemanticApproach.EXTENSIONAL,Representation.ABSTRACT,0_R_pcf3,"Imagine there are six people: Amber, Bryan, Christina, Dana, Elizabeth and Felicia. They have the following relationships to each other:;;;;",;;Here is how to figure out the answer to the following question:;;Who is the enemy of the parent of Amber?;;;;Here are the steps to arrive at the answer:;;1. the parent of Amber = t;;2. the enemy of Bryan = y;;;;So the answer is y;;;;Now answer the following question:;;Who is the parent of the child of the friend of Bryan?,the parent of the child of the friend of Bryan,q,h;;q;;s;;t;;v;;y,Amber = h      the enemy of Amber = v      the friend of Amber = y      the parent of Amber = t      the child of Bryan = h      ;;Bryan = t      the enemy of Bryan = y      the friend of Bryan = q      the parent of Dana = q       the child of Christina = v  ;;Christina = y  the enemy of Christina = t  the friend of Christina = h  the parent of Elizabeth = y  the child of Felicia = s    ;;Dana = s       the enemy of Dana = q       the friend of Dana = v       ;;Elizabeth = v  the enemy of Elizabeth = h  the friend of Elizabeth = s  ;;Felicia = q    the enemy of Felicia = s    the friend of Felicia = t    ,77,21
4,R,SemanticApproach.EXTENSIONAL,Representation.ABSTRACT,0_R_fcf5,"Imagine there are six people: Amber, Bryan, Christina, Dana, Elizabeth and Felicia. They have the following relationships to each other:;;;;",;;Here is how to figure out the answer to the following question:;;Who is the enemy of the parent of Amber?;;;;Here are the steps to arrive at the answer:;;1. the parent of Amber = t;;2. the enemy of Bryan = y;;;;So the answer is y;;;;Now answer the following question:;;Who is the friend of the child of the friend of Felicia?,the friend of the child of the friend of Felicia,y,h;;q;;s;;t;;v;;y,Amber = h      the enemy of Amber = v      the friend of Amber = y      the parent of Amber = t      the child of Bryan = h      ;;Bryan = t      the enemy of Bryan = y      the friend of Bryan = q      the parent of Dana = q       the child of Christina = v  ;;Christina = y  the enemy of Christina = t  the friend of Christina = h  the parent of Elizabeth = y  the child of Felicia = s    ;;Dana = s       the enemy of Dana = q       the friend of Dana = v       ;;Elizabeth = v  the enemy of Elizabeth = h  the friend of Elizabeth = s  ;;Felicia = q    the enemy of Felicia = s    the friend of Felicia = t    ,91,22
4,R,SemanticApproach.EXTENSIONAL,Representation.ABSTRACT,0_R_cef4,"Imagine there are six people: Amber, Bryan, Christina, Dana, Elizabeth and Felicia. They have the following relationships to each other:;;;;",;;Here is how to figure out the answer to the following question:;;Who is the enemy of the parent of Amber?;;;;Here are the steps to arrive at the answer:;;1. the parent of Amber = t;;2. the enemy of Bryan = y;;;;So the answer is y;;;;Now answer the following question:;;Who is the child of the enemy of the friend of Elizabeth?,the child of the enemy of the friend of Elizabeth,s,h;;q;;s;;t;;v;;y,Amber = h      the enemy of Amber = v      the friend of Amber = y      the parent of Amber = t      the child of Bryan = h      ;;Bryan = t      the enemy of Bryan = y      the friend of Bryan = q      the parent of Dana = q       the child of Christina = v  ;;Christina = y  the enemy of Christina = t  the friend of Christina = h  the parent of Elizabeth = y  the child of Felicia = s    ;;Dana = s       the enemy of Dana = q       the friend of Dana = v       ;;Elizabeth = v  the enemy of Elizabeth = h  the friend of Elizabeth = s  ;;Felicia = q    the enemy of Felicia = s    the friend of Felicia = t    ,83,23
4,R,SemanticApproach.EXTENSIONAL,Representation.ABSTRACT,0_R_ffe4,"Imagine there are six people: Amber, Bryan, Christina, Dana, Elizabeth and Felicia. They have the following relationships to each other:;;;;",;;Here is how to figure out the answer to the following question:;;Who is the enemy of the parent of Amber?;;;;Here are the steps to arrive at the answer:;;1. the parent of Amber = t;;2. the enemy of Bryan = y;;;;So the answer is y;;;;Now answer the following question:;;Who is the friend of the friend of the enemy of Elizabeth?,the friend of the friend of the enemy of Elizabeth,h,h;;q;;s;;t;;v;;y,Amber = h      the enemy of Amber = v      the friend of Amber = y      the parent of Amber = t      the child of Bryan = h      ;;Bryan = t      the enemy of Bryan = y      the friend of Bryan = q      the parent of Dana = q       the child of Christina = v  ;;Christina = y  the enemy of Christina = t  the friend of Christina = h  the parent of Elizabeth = y  the child of Felicia = s    ;;Dana = s       the enemy of Dana = q       the friend of Dana = v       ;;Elizabeth = v  the enemy of Elizabeth = h  the friend of Elizabeth = s  ;;Felicia = q    the enemy of Felicia = s    the friend of Felicia = t    ,85,24
4,R,SemanticApproach.EXTENSIONAL,Representation.ABSTRACT,0_R_fff5,"Imagine there are six people: Amber, Bryan, Christina, Dana, Elizabeth and Felicia. They have the following relationships to each other:;;;;",;;Here is how to figure out the answer to the following question:;;Who is the enemy of the parent of Amber?;;;;Here are the steps to arrive at the answer:;;1. the parent of Amber = t;;2. the enemy of Bryan = y;;;;So the answer is y;;;;Now answer the following question:;;Who is the friend of the friend of the friend of Felicia?,the friend of the friend of the friend of Felicia,t,h;;q;;s;;t;;v;;y,Amber = h      the enemy of Amber = v      the friend of Amber = y      the parent of Amber = t      the child of Bryan = h      ;;Bryan = t      the enemy of Bryan = y      the friend of Bryan = q      the parent of Dana = q       the child of Christina = v  ;;Christina = y  the enemy of Christina = t  the friend of Christina = h  the parent of Elizabeth = y  the child of Felicia = s    ;;Dana = s       the enemy of Dana = q       the friend of Dana = v       ;;Elizabeth = v  the enemy of Elizabeth = h  the friend of Elizabeth = s  ;;Felicia = q    the enemy of Felicia = s    the friend of Felicia = t    ,90,25
4,R,SemanticApproach.EXTENSIONAL,Representation.ABSTRACT,0_R_epf2,"Imagine there are six people: Amber, Bryan, Christina, Dana, Elizabeth and Felicia. They have the following relationships to each other:;;;;",;;Here is how to figure out the answer to the following question:;;Who is the enemy of the parent of Amber?;;;;Here are the steps to arrive at the answer:;;1. the parent of Amber = t;;2. the enemy of Bryan = y;;;;So the answer is y;;;;Now answer the following question:;;Who is the enemy of the parent of the friend of Dana?,the enemy of the parent of the friend of Dana,t,h;;q;;s;;t;;v;;y,Amber = h      the enemy of Amber = v      the friend of Amber = y      the parent of Amber = t      the child of Bryan = h      ;;Bryan = t      the enemy of Bryan = y      the friend of Bryan = q      the parent of Dana = q       the child of Christina = v  ;;Christina = y  the enemy of Christina = t  the friend of Christina = h  the parent of Elizabeth = y  the child of Felicia = s    ;;Dana = s       the enemy of Dana = q       the friend of Dana = v       ;;Elizabeth = v  the enemy of Elizabeth = h  the friend of Elizabeth = s  ;;Felicia = q    the enemy of Felicia = s    the friend of Felicia = t    ,68,26
4,R,SemanticApproach.EXTENSIONAL,Representation.ABSTRACT,0_R_ffc3,"Imagine there are six people: Amber, Bryan, Christina, Dana, Elizabeth and Felicia. They have the following relationships to each other:;;;;",;;Here is how to figure out the answer to the following question:;;Who is the enemy of the parent of Amber?;;;;Here are the steps to arrive at the answer:;;1. the parent of Amber = t;;2. the enemy of Bryan = y;;;;So the answer is y;;;;Now answer the following question:;;Who is the friend of the friend of the child of Bryan?,the friend of the friend of the child of Bryan,h,h;;q;;s;;t;;v;;y,Amber = h      the enemy of Amber = v      the friend of Amber = y      the parent of Amber = t      the child of Bryan = h      ;;Bryan = t      the enemy of Bryan = y      the friend of Bryan = q      the parent of Dana = q       the child of Christina = v  ;;Christina = y  the enemy of Christina = t  the friend of Christina = h  the parent of Elizabeth = y  the child of Felicia = s    ;;Dana = s       the enemy of Dana = q       the friend of Dana = v       ;;Elizabeth = v  the enemy of Elizabeth = h  the friend of Elizabeth = s  ;;Felicia = q    the enemy of Felicia = s    the friend of Felicia = t    ,78,27
4,R,SemanticApproach.EXTENSIONAL,Representation.ABSTRACT,0_R_pcp4,"Imagine there are six people: Amber, Bryan, Christina, Dana, Elizabeth and Felicia. They have the following relationships to each other:;;;;",;;Here is how to figure out the answer to the following question:;;Who is the enemy of the parent of Amber?;;;;Here are the steps to arrive at the answer:;;1. the parent of Amber = t;;2. the enemy of Bryan = y;;;;So the answer is y;;;;Now answer the following question:;;Who is the parent of the child of the parent of Elizabeth?,the parent of the child of the parent of Elizabeth,y,h;;q;;s;;t;;v;;y,Amber = h      the enemy of Amber = v      the friend of Amber = y      the parent of Amber = t      the child of Bryan = h      ;;Bryan = t      the enemy of Bryan = y      the friend of Bryan = q      the parent of Dana = q       the child of Christina = v  ;;Christina = y  the enemy of Christina = t  the friend of Christina = h  the parent of Elizabeth = y  the child of Felicia = s    ;;Dana = s       the enemy of Dana = q       the friend of Dana = v       ;;Elizabeth = v  the enemy of Elizabeth = h  the friend of Elizabeth = s  ;;Felicia = q    the enemy of Felicia = s    the friend of Felicia = t    ,89,28
4,R,SemanticApproach.EXTENSIONAL,Representation.ABSTRACT,0_R_epe1,"Imagine there are six people: Amber, Bryan, Christina, Dana, Elizabeth and Felicia. They have the following relationships to each other:;;;;",;;Here is how to figure out the answer to the following question:;;Who is the enemy of the parent of Amber?;;;;Here are the steps to arrive at the answer:;;1. the parent of Amber = t;;2. the enemy of Bryan = y;;;;So the answer is y;;;;Now answer the following question:;;Who is the enemy of the parent of the enemy of Amber?,the enemy of the parent of the enemy of Amber,t,h;;q;;s;;t;;v;;y,Amber = h      the enemy of Amber = v      the friend of Amber = y      the parent of Amber = t      the child of Bryan = h      ;;Bryan = t      the enemy of Bryan = y      the friend of Bryan = q      the parent of Dana = q       the child of Christina = v  ;;Christina = y  the enemy of Christina = t  the friend of Christina = h  the parent of Elizabeth = y  the child of Felicia = s    ;;Dana = s       the enemy of Dana = q       the friend of Dana = v       ;;Elizabeth = v  the enemy of Elizabeth = h  the friend of Elizabeth = s  ;;Felicia = q    the enemy of Felicia = s    the friend of Felicia = t    ,67,29
4,R,SemanticApproach.EXTENSIONAL,Representation.ABSTRACT,0_R_fec5,"Imagine there are six people: Amber, Bryan, Christina, Dana, Elizabeth and Felicia. They have the following relationships to each other:;;;;",;;Here is how to figure out the answer to the following question:;;Who is the enemy of the parent of Amber?;;;;Here are the steps to arrive at the answer:;;1. the parent of Amber = t;;2. the enemy of Bryan = y;;;;So the answer is y;;;;Now answer the following question:;;Who is the friend of the enemy of the child of Felicia?,the friend of the enemy of the child of Felicia,t,h;;q;;s;;t;;v;;y,Amber = h      the enemy of Amber = v      the friend of Amber = y      the parent of Amber = t      the child of Bryan = h      ;;Bryan = t      the enemy of Bryan = y      the friend of Bryan = q      the parent of Dana = q       the child of Christina = v  ;;Christina = y  the enemy of Christina = t  the friend of Christina = h  the parent of Elizabeth = y  the child of Felicia = s    ;;Dana = s       the enemy of Dana = q       the friend of Dana = v       ;;Elizabeth = v  the enemy of Elizabeth = h  the friend of Elizabeth = s  ;;Felicia = q    the enemy of Felicia = s    the friend of Felicia = t    ,99,30
4,R,SemanticApproach.EXTENSIONAL,Representation.ABSTRACT,0_R_pec3,"Imagine there are six people: Amber, Bryan, Christina, Dana, Elizabeth and Felicia. They have the following relationships to each other:;;;;",;;Here is how to figure out the answer to the following question:;;Who is the enemy of the parent of Amber?;;;;Here are the steps to arrive at the answer:;;1. the parent of Amber = t;;2. the enemy of Bryan = y;;;;So the answer is y;;;;Now answer the following question:;;Who is the parent of the enemy of the child of Bryan?,the parent of the enemy of the child of Bryan,y,h;;q;;s;;t;;v;;y,Amber = h      the enemy of Amber = v      the friend of Amber = y      the parent of Amber = t      the child of Bryan = h      ;;Bryan = t      the enemy of Bryan = y      the friend of Bryan = q      the parent of Dana = q       the child of Christina = v  ;;Christina = y  the enemy of Christina = t  the friend of Christina = h  the parent of Elizabeth = y  the child of Felicia = s    ;;Dana = s       the enemy of Dana = q       the friend of Dana = v       ;;Elizabeth = v  the enemy of Elizabeth = h  the friend of Elizabeth = s  ;;Felicia = q    the enemy of Felicia = s    the friend of Felicia = t    ,80,31
4,R,SemanticApproach.EXTENSIONAL,Representation.ABSTRACT,0_R_cfe0,"Imagine there are six people: Amber, Bryan, Christina, Dana, Elizabeth and Felicia. They have the following relationships to each other:;;;;",;;Here is how to figure out the answer to the following question:;;Who is the enemy of the parent of Amber?;;;;Here are the steps to arrive at the answer:;;1. the parent of Amber = t;;2. the enemy of Bryan = y;;;;So the answer is y;;;;Now answer the following question:;;Who is the child of the friend of the enemy of Christina?,the child of the friend of the enemy of Christina,s,h;;q;;s;;t;;v;;y,Amber = h      the enemy of Amber = v      the friend of Amber = y      the parent of Amber = t      the child of Bryan = h      ;;Bryan = t      the enemy of Bryan = y      the friend of Bryan = q      the parent of Dana = q       the child of Christina = v  ;;Christina = y  the enemy of Christina = t  the friend of Christina = h  the parent of Elizabeth = y  the child of Felicia = s    ;;Dana = s       the enemy of Dana = q       the friend of Dana = v       ;;Elizabeth = v  the enemy of Elizabeth = h  the friend of Elizabeth = s  ;;Felicia = q    the enemy of Felicia = s    the friend of Felicia = t    ,62,32
4,R,SemanticApproach.EXTENSIONAL,Representation.ABSTRACT,0_R_fef4,"Imagine there are six people: Amber, Bryan, Christina, Dana, Elizabeth and Felicia. They have the following relationships to each other:;;;;",;;Here is how to figure out the answer to the following question:;;Who is the enemy of the parent of Amber?;;;;Here are the steps to arrive at the answer:;;1. the parent of Amber = t;;2. the enemy of Bryan = y;;;;So the answer is y;;;;Now answer the following question:;;Who is the friend of the enemy of the friend of Elizabeth?,the friend of the enemy of the friend of Elizabeth,t,h;;q;;s;;t;;v;;y,Amber = h      the enemy of Amber = v      the friend of Amber = y      the parent of Amber = t      the child of Bryan = h      ;;Bryan = t      the enemy of Bryan = y      the friend of Bryan = q      the parent of Dana = q       the child of Christina = v  ;;Christina = y  the enemy of Christina = t  the friend of Christina = h  the parent of Elizabeth = y  the child of Felicia = s    ;;Dana = s       the enemy of Dana = q       the friend of Dana = v       ;;Elizabeth = v  the enemy of Elizabeth = h  the friend of Elizabeth = s  ;;Felicia = q    the enemy of Felicia = s    the friend of Felicia = t    ,81,33
4,R,SemanticApproach.EXTENSIONAL,Representation.ABSTRACT,0_R_cpc5,"Imagine there are six people: Amber, Bryan, Christina, Dana, Elizabeth and Felicia. They have the following relationships to each other:;;;;",;;Here is how to figure out the answer to the following question:;;Who is the enemy of the parent of Amber?;;;;Here are the steps to arrive at the answer:;;1. the parent of Amber = t;;2. the enemy of Bryan = y;;;;So the answer is y;;;;Now answer the following question:;;Who is the child of the parent of the child of Felicia?,the child of the parent of the child of Felicia,s,h;;q;;s;;t;;v;;y,Amber = h      the enemy of Amber = v      the friend of Amber = y      the parent of Amber = t      the child of Bryan = h      ;;Bryan = t      the enemy of Bryan = y      the friend of Bryan = q      the parent of Dana = q       the child of Christina = v  ;;Christina = y  the enemy of Christina = t  the friend of Christina = h  the parent of Elizabeth = y  the child of Felicia = s    ;;Dana = s       the enemy of Dana = q       the friend of Dana = v       ;;Elizabeth = v  the enemy of Elizabeth = h  the friend of Elizabeth = s  ;;Felicia = q    the enemy of Felicia = s    the friend of Felicia = t    ,100,34
4,R,SemanticApproach.EXTENSIONAL,Representation.ABSTRACT,0_R_cpe5,"Imagine there are six people: Amber, Bryan, Christina, Dana, Elizabeth and Felicia. They have the following relationships to each other:;;;;",;;Here is how to figure out the answer to the following question:;;Who is the enemy of the parent of Amber?;;;;Here are the steps to arrive at the answer:;;1. the parent of Amber = t;;2. the enemy of Bryan = y;;;;So the answer is y;;;;Now answer the following question:;;Who is the child of the parent of the enemy of Felicia?,the child of the parent of the enemy of Felicia,s,h;;q;;s;;t;;v;;y,Amber = h      the enemy of Amber = v      the friend of Amber = y      the parent of Amber = t      the child of Bryan = h      ;;Bryan = t      the enemy of Bryan = y      the friend of Bryan = q      the parent of Dana = q       the child of Christina = v  ;;Christina = y  the enemy of Christina = t  the friend of Christina = h  the parent of Elizabeth = y  the child of Felicia = s    ;;Dana = s       the enemy of Dana = q       the friend of Dana = v       ;;Elizabeth = v  the enemy of Elizabeth = h  the friend of Elizabeth = s  ;;Felicia = q    the enemy of Felicia = s    the friend of Felicia = t    ,97,35
4,R,SemanticApproach.EXTENSIONAL,Representation.ABSTRACT,0_R_fec0,"Imagine there are six people: Amber, Bryan, Christina, Dana, Elizabeth and Felicia. They have the following relationships to each other:;;;;",;;Here is how to figure out the answer to the following question:;;Who is the enemy of the parent of Amber?;;;;Here are the steps to arrive at the answer:;;1. the parent of Amber = t;;2. the enemy of Bryan = y;;;;So the answer is y;;;;Now answer the following question:;;Who is the friend of the enemy of the child of Christina?,the friend of the enemy of the child of Christina,y,h;;q;;s;;t;;v;;y,Amber = h      the enemy of Amber = v      the friend of Amber = y      the parent of Amber = t      the child of Bryan = h      ;;Bryan = t      the enemy of Bryan = y      the friend of Bryan = q      the parent of Dana = q       the child of Christina = v  ;;Christina = y  the enemy of Christina = t  the friend of Christina = h  the parent of Elizabeth = y  the child of Felicia = s    ;;Dana = s       the enemy of Dana = q       the friend of Dana = v       ;;Elizabeth = v  the enemy of Elizabeth = h  the friend of Elizabeth = s  ;;Felicia = q    the enemy of Felicia = s    the friend of Felicia = t    ,64,36
4,R,SemanticApproach.EXTENSIONAL,Representation.ABSTRACT,0_R_eee5,"Imagine there are six people: Amber, Bryan, Christina, Dana, Elizabeth and Felicia. They have the following relationships to each other:;;;;",;;Here is how to figure out the answer to the following question:;;Who is the enemy of the parent of Amber?;;;;Here are the steps to arrive at the answer:;;1. the parent of Amber = t;;2. the enemy of Bryan = y;;;;So the answer is y;;;;Now answer the following question:;;Who is the enemy of the enemy of the enemy of Felicia?,the enemy of the enemy of the enemy of Felicia,s,h;;q;;s;;t;;v;;y,Amber = h      the enemy of Amber = v      the friend of Amber = y      the parent of Amber = t      the child of Bryan = h      ;;Bryan = t      the enemy of Bryan = y      the friend of Bryan = q      the parent of Dana = q       the child of Christina = v  ;;Christina = y  the enemy of Christina = t  the friend of Christina = h  the parent of Elizabeth = y  the child of Felicia = s    ;;Dana = s       the enemy of Dana = q       the friend of Dana = v       ;;Elizabeth = v  the enemy of Elizabeth = h  the friend of Elizabeth = s  ;;Felicia = q    the enemy of Felicia = s    the friend of Felicia = t    ,95,37
4,R,SemanticApproach.EXTENSIONAL,Representation.ABSTRACT,0_R_cef1,"Imagine there are six people: Amber, Bryan, Christina, Dana, Elizabeth and Felicia. They have the following relationships to each other:;;;;",;;Here is how to figure out the answer to the following question:;;Who is the enemy of the parent of Amber?;;;;Here are the steps to arrive at the answer:;;1. the parent of Amber = t;;2. the enemy of Bryan = y;;;;So the answer is y;;;;Now answer the following question:;;Who is the child of the enemy of the friend of Amber?,the child of the enemy of the friend of Amber,h,h;;q;;s;;t;;v;;y,Amber = h      the enemy of Amber = v      the friend of Amber = y      the parent of Amber = t      the child of Bryan = h      ;;Bryan = t      the enemy of Bryan = y      the friend of Bryan = q      the parent of Dana = q       the child of Christina = v  ;;Christina = y  the enemy of Christina = t  the friend of Christina = h  the parent of Elizabeth = y  the child of Felicia = s    ;;Dana = s       the enemy of Dana = q       the friend of Dana = v       ;;Elizabeth = v  the enemy of Elizabeth = h  the friend of Elizabeth = s  ;;Felicia = q    the enemy of Felicia = s    the friend of Felicia = t    ,66,38
4,R,SemanticApproach.EXTENSIONAL,Representation.ABSTRACT,0_R_efe5,"Imagine there are six people: Amber, Bryan, Christina, Dana, Elizabeth and Felicia. They have the following relationships to each other:;;;;",;;Here is how to figure out the answer to the following question:;;Who is the enemy of the parent of Amber?;;;;Here are the steps to arrive at the answer:;;1. the parent of Amber = t;;2. the enemy of Bryan = y;;;;So the answer is y;;;;Now answer the following question:;;Who is the enemy of the friend of the enemy of Felicia?,the enemy of the friend of the enemy of Felicia,h,h;;q;;s;;t;;v;;y,Amber = h      the enemy of Amber = v      the friend of Amber = y      the parent of Amber = t      the child of Bryan = h      ;;Bryan = t      the enemy of Bryan = y      the friend of Bryan = q      the parent of Dana = q       the child of Christina = v  ;;Christina = y  the enemy of Christina = t  the friend of Christina = h  the parent of Elizabeth = y  the child of Felicia = s    ;;Dana = s       the enemy of Dana = q       the friend of Dana = v       ;;Elizabeth = v  the enemy of Elizabeth = h  the friend of Elizabeth = s  ;;Felicia = q    the enemy of Felicia = s    the friend of Felicia = t    ,93,39
4,L,SemanticApproach.INTENSIONAL,Representation.ABSTRACT,0_L_eef4,English phrases can be translated into formulae. Use the following translations to answer the question.;;;;,";;;;Here is an example of how to get a formula for a phrase.;;What is the formula for ""Amber's parent's enemy""?;;;;Here are the steps to arrive at the answer:;;1. Amber's parent = k(h);;2. Amber's parent's enemy = w(k(h));;;;So the answer is w(k(h));;;;What is the formula for ""Elizabeth's friend's enemy's enemy""?",Elizabeth's friend's enemy's enemy,w(w(s(v))),h;;q;;s;;t;;v;;y,Amber = h      Christina's friend = s(y)  ;;Bryan = t      Amber's friend = s(h)      ;;Christina = y  Dana's enemy = w(s)        ;;Dana = s       Bryan's enemy = w(t)       ;;Elizabeth = v  Elizabeth's parent = k(v)  ;;Felicia = q    Felicia's child = t(q)     ,182,0
4,L,SemanticApproach.INTENSIONAL,Representation.ABSTRACT,0_L_eec3,English phrases can be translated into formulae. Use the following translations to answer the question.;;;;,";;;;Here is an example of how to get a formula for a phrase.;;What is the formula for ""Amber's parent's enemy""?;;;;Here are the steps to arrive at the answer:;;1. Amber's parent = k(h);;2. Amber's parent's enemy = w(k(h));;;;So the answer is w(k(h));;;;What is the formula for ""Bryan's child's enemy's enemy""?",Bryan's child's enemy's enemy,w(w(t(t))),h;;q;;s;;t;;v;;y,Amber = h      Christina's friend = s(y)  ;;Bryan = t      Amber's friend = s(h)      ;;Christina = y  Dana's enemy = w(s)        ;;Dana = s       Bryan's enemy = w(t)       ;;Elizabeth = v  Elizabeth's parent = k(v)  ;;Felicia = q    Felicia's child = t(q)     ,179,1
4,L,SemanticApproach.INTENSIONAL,Representation.ABSTRACT,0_L_pec3,English phrases can be translated into formulae. Use the following translations to answer the question.;;;;,";;;;Here is an example of how to get a formula for a phrase.;;What is the formula for ""Amber's parent's enemy""?;;;;Here are the steps to arrive at the answer:;;1. Amber's parent = k(h);;2. Amber's parent's enemy = w(k(h));;;;So the answer is w(k(h));;;;What is the formula for ""Bryan's child's enemy's parent""?",Bryan's child's enemy's parent,k(w(t(t))),h;;q;;s;;t;;v;;y,Amber = h      Christina's friend = s(y)  ;;Bryan = t      Amber's friend = s(h)      ;;Christina = y  Dana's enemy = w(s)        ;;Dana = s       Bryan's enemy = w(t)       ;;Elizabeth = v  Elizabeth's parent = k(v)  ;;Felicia = q    Felicia's child = t(q)     ,180,2
4,L,SemanticApproach.INTENSIONAL,Representation.ABSTRACT,0_L_fff5,English phrases can be translated into formulae. Use the following translations to answer the question.;;;;,";;;;Here is an example of how to get a formula for a phrase.;;What is the formula for ""Amber's parent's enemy""?;;;;Here are the steps to arrive at the answer:;;1. Amber's parent = k(h);;2. Amber's parent's enemy = w(k(h));;;;So the answer is w(k(h));;;;What is the formula for ""Felicia's friend's friend's friend""?",Felicia's friend's friend's friend,s(s(s(q))),h;;q;;s;;t;;v;;y,Amber = h      Christina's friend = s(y)  ;;Bryan = t      Amber's friend = s(h)      ;;Christina = y  Dana's enemy = w(s)        ;;Dana = s       Bryan's enemy = w(t)       ;;Elizabeth = v  Elizabeth's parent = k(v)  ;;Felicia = q    Felicia's child = t(q)     ,190,3
4,L,SemanticApproach.INTENSIONAL,Representation.ABSTRACT,0_L_fec0,English phrases can be translated into formulae. Use the following translations to answer the question.;;;;,";;;;Here is an example of how to get a formula for a phrase.;;What is the formula for ""Amber's parent's enemy""?;;;;Here are the steps to arrive at the answer:;;1. Amber's parent = k(h);;2. Amber's parent's enemy = w(k(h));;;;So the answer is w(k(h));;;;What is the formula for ""Christina's child's enemy's friend""?",Christina's child's enemy's friend,s(w(t(y))),h;;q;;s;;t;;v;;y,Amber = h      Christina's friend = s(y)  ;;Bryan = t      Amber's friend = s(h)      ;;Christina = y  Dana's enemy = w(s)        ;;Dana = s       Bryan's enemy = w(t)       ;;Elizabeth = v  Elizabeth's parent = k(v)  ;;Felicia = q    Felicia's child = t(q)     ,164,4
4,L,SemanticApproach.INTENSIONAL,Representation.ABSTRACT,0_L_fce2,English phrases can be translated into formulae. Use the following translations to answer the question.;;;;,";;;;Here is an example of how to get a formula for a phrase.;;What is the formula for ""Amber's parent's enemy""?;;;;Here are the steps to arrive at the answer:;;1. Amber's parent = k(h);;2. Amber's parent's enemy = w(k(h));;;;So the answer is w(k(h));;;;What is the formula for ""Dana's enemy's child's friend""?",Dana's enemy's child's friend,s(t(w(s))),h;;q;;s;;t;;v;;y,Amber = h      Christina's friend = s(y)  ;;Bryan = t      Amber's friend = s(h)      ;;Christina = y  Dana's enemy = w(s)        ;;Dana = s       Bryan's enemy = w(t)       ;;Elizabeth = v  Elizabeth's parent = k(v)  ;;Felicia = q    Felicia's child = t(q)     ,171,5
4,L,SemanticApproach.INTENSIONAL,Representation.ABSTRACT,0_L_fcf5,English phrases can be translated into formulae. Use the following translations to answer the question.;;;;,";;;;Here is an example of how to get a formula for a phrase.;;What is the formula for ""Amber's parent's enemy""?;;;;Here are the steps to arrive at the answer:;;1. Amber's parent = k(h);;2. Amber's parent's enemy = w(k(h));;;;So the answer is w(k(h));;;;What is the formula for ""Felicia's friend's child's friend""?",Felicia's friend's child's friend,s(t(s(q))),h;;q;;s;;t;;v;;y,Amber = h      Christina's friend = s(y)  ;;Bryan = t      Amber's friend = s(h)      ;;Christina = y  Dana's enemy = w(s)        ;;Dana = s       Bryan's enemy = w(t)       ;;Elizabeth = v  Elizabeth's parent = k(v)  ;;Felicia = q    Felicia's child = t(q)     ,191,6
4,L,SemanticApproach.INTENSIONAL,Representation.ABSTRACT,0_L_ecf3,English phrases can be translated into formulae. Use the following translations to answer the question.;;;;,";;;;Here is an example of how to get a formula for a phrase.;;What is the formula for ""Amber's parent's enemy""?;;;;Here are the steps to arrive at the answer:;;1. Amber's parent = k(h);;2. Amber's parent's enemy = w(k(h));;;;So the answer is w(k(h));;;;What is the formula for ""Bryan's friend's child's enemy""?",Bryan's friend's child's enemy,w(t(s(t))),h;;q;;s;;t;;v;;y,Amber = h      Christina's friend = s(y)  ;;Bryan = t      Amber's friend = s(h)      ;;Christina = y  Dana's enemy = w(s)        ;;Dana = s       Bryan's enemy = w(t)       ;;Elizabeth = v  Elizabeth's parent = k(v)  ;;Felicia = q    Felicia's child = t(q)     ,176,7
4,L,SemanticApproach.INTENSIONAL,Representation.ABSTRACT,0_L_ffp4,English phrases can be translated into formulae. Use the following translations to answer the question.;;;;,";;;;Here is an example of how to get a formula for a phrase.;;What is the formula for ""Amber's parent's enemy""?;;;;Here are the steps to arrive at the answer:;;1. Amber's parent = k(h);;2. Amber's parent's enemy = w(k(h));;;;So the answer is w(k(h));;;;What is the formula for ""Elizabeth's parent's friend's friend""?",Elizabeth's parent's friend's friend,s(s(k(v))),h;;q;;s;;t;;v;;y,Amber = h      Christina's friend = s(y)  ;;Bryan = t      Amber's friend = s(h)      ;;Christina = y  Dana's enemy = w(s)        ;;Dana = s       Bryan's enemy = w(t)       ;;Elizabeth = v  Elizabeth's parent = k(v)  ;;Felicia = q    Felicia's child = t(q)     ,186,8
4,L,SemanticApproach.INTENSIONAL,Representation.ABSTRACT,0_L_epf2,English phrases can be translated into formulae. Use the following translations to answer the question.;;;;,";;;;Here is an example of how to get a formula for a phrase.;;What is the formula for ""Amber's parent's enemy""?;;;;Here are the steps to arrive at the answer:;;1. Amber's parent = k(h);;2. Amber's parent's enemy = w(k(h));;;;So the answer is w(k(h));;;;What is the formula for ""Dana's friend's parent's enemy""?",Dana's friend's parent's enemy,w(k(s(s))),h;;q;;s;;t;;v;;y,Amber = h      Christina's friend = s(y)  ;;Bryan = t      Amber's friend = s(h)      ;;Christina = y  Dana's enemy = w(s)        ;;Dana = s       Bryan's enemy = w(t)       ;;Elizabeth = v  Elizabeth's parent = k(v)  ;;Felicia = q    Felicia's child = t(q)     ,168,9
4,L,SemanticApproach.INTENSIONAL,Representation.ABSTRACT,0_L_epe1,English phrases can be translated into formulae. Use the following translations to answer the question.;;;;,";;;;Here is an example of how to get a formula for a phrase.;;What is the formula for ""Amber's parent's enemy""?;;;;Here are the steps to arrive at the answer:;;1. Amber's parent = k(h);;2. Amber's parent's enemy = w(k(h));;;;So the answer is w(k(h));;;;What is the formula for ""Amber's enemy's parent's enemy""?",Amber's enemy's parent's enemy,w(k(w(h))),h;;q;;s;;t;;v;;y,Amber = h      Christina's friend = s(y)  ;;Bryan = t      Amber's friend = s(h)      ;;Christina = y  Dana's enemy = w(s)        ;;Dana = s       Bryan's enemy = w(t)       ;;Elizabeth = v  Elizabeth's parent = k(v)  ;;Felicia = q    Felicia's child = t(q)     ,167,10
4,L,SemanticApproach.INTENSIONAL,Representation.ABSTRACT,0_L_epe5,English phrases can be translated into formulae. Use the following translations to answer the question.;;;;,";;;;Here is an example of how to get a formula for a phrase.;;What is the formula for ""Amber's parent's enemy""?;;;;Here are the steps to arrive at the answer:;;1. Amber's parent = k(h);;2. Amber's parent's enemy = w(k(h));;;;So the answer is w(k(h));;;;What is the formula for ""Felicia's enemy's parent's enemy""?",Felicia's enemy's parent's enemy,w(k(w(q))),h;;q;;s;;t;;v;;y,Amber = h      Christina's friend = s(y)  ;;Bryan = t      Amber's friend = s(h)      ;;Christina = y  Dana's enemy = w(s)        ;;Dana = s       Bryan's enemy = w(t)       ;;Elizabeth = v  Elizabeth's parent = k(v)  ;;Felicia = q    Felicia's child = t(q)     ,196,11
4,L,SemanticApproach.INTENSIONAL,Representation.ABSTRACT,0_L_eee5,English phrases can be translated into formulae. Use the following translations to answer the question.;;;;,";;;;Here is an example of how to get a formula for a phrase.;;What is the formula for ""Amber's parent's enemy""?;;;;Here are the steps to arrive at the answer:;;1. Amber's parent = k(h);;2. Amber's parent's enemy = w(k(h));;;;So the answer is w(k(h));;;;What is the formula for ""Felicia's enemy's enemy's enemy""?",Felicia's enemy's enemy's enemy,w(w(w(q))),h;;q;;s;;t;;v;;y,Amber = h      Christina's friend = s(y)  ;;Bryan = t      Amber's friend = s(h)      ;;Christina = y  Dana's enemy = w(s)        ;;Dana = s       Bryan's enemy = w(t)       ;;Elizabeth = v  Elizabeth's parent = k(v)  ;;Felicia = q    Felicia's child = t(q)     ,195,12
4,L,SemanticApproach.INTENSIONAL,Representation.ABSTRACT,0_L_fef4,English phrases can be translated into formulae. Use the following translations to answer the question.;;;;,";;;;Here is an example of how to get a formula for a phrase.;;What is the formula for ""Amber's parent's enemy""?;;;;Here are the steps to arrive at the answer:;;1. Amber's parent = k(h);;2. Amber's parent's enemy = w(k(h));;;;So the answer is w(k(h));;;;What is the formula for ""Elizabeth's friend's enemy's friend""?",Elizabeth's friend's enemy's friend,s(w(s(v))),h;;q;;s;;t;;v;;y,Amber = h      Christina's friend = s(y)  ;;Bryan = t      Amber's friend = s(h)      ;;Christina = y  Dana's enemy = w(s)        ;;Dana = s       Bryan's enemy = w(t)       ;;Elizabeth = v  Elizabeth's parent = k(v)  ;;Felicia = q    Felicia's child = t(q)     ,181,13
4,L,SemanticApproach.INTENSIONAL,Representation.ABSTRACT,0_L_pcf3,English phrases can be translated into formulae. Use the following translations to answer the question.;;;;,";;;;Here is an example of how to get a formula for a phrase.;;What is the formula for ""Amber's parent's enemy""?;;;;Here are the steps to arrive at the answer:;;1. Amber's parent = k(h);;2. Amber's parent's enemy = w(k(h));;;;So the answer is w(k(h));;;;What is the formula for ""Bryan's friend's child's parent""?",Bryan's friend's child's parent,k(t(s(t))),h;;q;;s;;t;;v;;y,Amber = h      Christina's friend = s(y)  ;;Bryan = t      Amber's friend = s(h)      ;;Christina = y  Dana's enemy = w(s)        ;;Dana = s       Bryan's enemy = w(t)       ;;Elizabeth = v  Elizabeth's parent = k(v)  ;;Felicia = q    Felicia's child = t(q)     ,177,14
4,L,SemanticApproach.INTENSIONAL,Representation.ABSTRACT,0_L_ecp4,English phrases can be translated into formulae. Use the following translations to answer the question.;;;;,";;;;Here is an example of how to get a formula for a phrase.;;What is the formula for ""Amber's parent's enemy""?;;;;Here are the steps to arrive at the answer:;;1. Amber's parent = k(h);;2. Amber's parent's enemy = w(k(h));;;;So the answer is w(k(h));;;;What is the formula for ""Elizabeth's parent's child's enemy""?",Elizabeth's parent's child's enemy,w(t(k(v))),h;;q;;s;;t;;v;;y,Amber = h      Christina's friend = s(y)  ;;Bryan = t      Amber's friend = s(h)      ;;Christina = y  Dana's enemy = w(s)        ;;Dana = s       Bryan's enemy = w(t)       ;;Elizabeth = v  Elizabeth's parent = k(v)  ;;Felicia = q    Felicia's child = t(q)     ,188,15
4,L,SemanticApproach.INTENSIONAL,Representation.ABSTRACT,0_L_fee5,English phrases can be translated into formulae. Use the following translations to answer the question.;;;;,";;;;Here is an example of how to get a formula for a phrase.;;What is the formula for ""Amber's parent's enemy""?;;;;Here are the steps to arrive at the answer:;;1. Amber's parent = k(h);;2. Amber's parent's enemy = w(k(h));;;;So the answer is w(k(h));;;;What is the formula for ""Felicia's enemy's enemy's friend""?",Felicia's enemy's enemy's friend,s(w(w(q))),h;;q;;s;;t;;v;;y,Amber = h      Christina's friend = s(y)  ;;Bryan = t      Amber's friend = s(h)      ;;Christina = y  Dana's enemy = w(s)        ;;Dana = s       Bryan's enemy = w(t)       ;;Elizabeth = v  Elizabeth's parent = k(v)  ;;Felicia = q    Felicia's child = t(q)     ,194,16
4,L,SemanticApproach.INTENSIONAL,Representation.ABSTRACT,0_L_pcp4,English phrases can be translated into formulae. Use the following translations to answer the question.;;;;,";;;;Here is an example of how to get a formula for a phrase.;;What is the formula for ""Amber's parent's enemy""?;;;;Here are the steps to arrive at the answer:;;1. Amber's parent = k(h);;2. Amber's parent's enemy = w(k(h));;;;So the answer is w(k(h));;;;What is the formula for ""Elizabeth's parent's child's parent""?",Elizabeth's parent's child's parent,k(t(k(v))),h;;q;;s;;t;;v;;y,Amber = h      Christina's friend = s(y)  ;;Bryan = t      Amber's friend = s(h)      ;;Christina = y  Dana's enemy = w(s)        ;;Dana = s       Bryan's enemy = w(t)       ;;Elizabeth = v  Elizabeth's parent = k(v)  ;;Felicia = q    Felicia's child = t(q)     ,189,17
4,L,SemanticApproach.INTENSIONAL,Representation.ABSTRACT,0_L_cpe5,English phrases can be translated into formulae. Use the following translations to answer the question.;;;;,";;;;Here is an example of how to get a formula for a phrase.;;What is the formula for ""Amber's parent's enemy""?;;;;Here are the steps to arrive at the answer:;;1. Amber's parent = k(h);;2. Amber's parent's enemy = w(k(h));;;;So the answer is w(k(h));;;;What is the formula for ""Felicia's enemy's parent's child""?",Felicia's enemy's parent's child,t(k(w(q))),h;;q;;s;;t;;v;;y,Amber = h      Christina's friend = s(y)  ;;Bryan = t      Amber's friend = s(h)      ;;Christina = y  Dana's enemy = w(s)        ;;Dana = s       Bryan's enemy = w(t)       ;;Elizabeth = v  Elizabeth's parent = k(v)  ;;Felicia = q    Felicia's child = t(q)     ,197,18
4,L,SemanticApproach.INTENSIONAL,Representation.ABSTRACT,0_L_pfc0,English phrases can be translated into formulae. Use the following translations to answer the question.;;;;,";;;;Here is an example of how to get a formula for a phrase.;;What is the formula for ""Amber's parent's enemy""?;;;;Here are the steps to arrive at the answer:;;1. Amber's parent = k(h);;2. Amber's parent's enemy = w(k(h));;;;So the answer is w(k(h));;;;What is the formula for ""Christina's child's friend's parent""?",Christina's child's friend's parent,k(s(t(y))),h;;q;;s;;t;;v;;y,Amber = h      Christina's friend = s(y)  ;;Bryan = t      Amber's friend = s(h)      ;;Christina = y  Dana's enemy = w(s)        ;;Dana = s       Bryan's enemy = w(t)       ;;Elizabeth = v  Elizabeth's parent = k(v)  ;;Felicia = q    Felicia's child = t(q)     ,163,19
4,L,SemanticApproach.INTENSIONAL,Representation.ABSTRACT,0_L_fec5,English phrases can be translated into formulae. Use the following translations to answer the question.;;;;,";;;;Here is an example of how to get a formula for a phrase.;;What is the formula for ""Amber's parent's enemy""?;;;;Here are the steps to arrive at the answer:;;1. Amber's parent = k(h);;2. Amber's parent's enemy = w(k(h));;;;So the answer is w(k(h));;;;What is the formula for ""Felicia's child's enemy's friend""?",Felicia's child's enemy's friend,s(w(t(q))),h;;q;;s;;t;;v;;y,Amber = h      Christina's friend = s(y)  ;;Bryan = t      Amber's friend = s(h)      ;;Christina = y  Dana's enemy = w(s)        ;;Dana = s       Bryan's enemy = w(t)       ;;Elizabeth = v  Elizabeth's parent = k(v)  ;;Felicia = q    Felicia's child = t(q)     ,199,20
4,L,SemanticApproach.INTENSIONAL,Representation.ABSTRACT,0_L_cpf2,English phrases can be translated into formulae. Use the following translations to answer the question.;;;;,";;;;Here is an example of how to get a formula for a phrase.;;What is the formula for ""Amber's parent's enemy""?;;;;Here are the steps to arrive at the answer:;;1. Amber's parent = k(h);;2. Amber's parent's enemy = w(k(h));;;;So the answer is w(k(h));;;;What is the formula for ""Dana's friend's parent's child""?",Dana's friend's parent's child,t(k(s(s))),h;;q;;s;;t;;v;;y,Amber = h      Christina's friend = s(y)  ;;Bryan = t      Amber's friend = s(h)      ;;Christina = y  Dana's enemy = w(s)        ;;Dana = s       Bryan's enemy = w(t)       ;;Elizabeth = v  Elizabeth's parent = k(v)  ;;Felicia = q    Felicia's child = t(q)     ,169,21
4,L,SemanticApproach.INTENSIONAL,Representation.ABSTRACT,0_L_cpc5,English phrases can be translated into formulae. Use the following translations to answer the question.;;;;,";;;;Here is an example of how to get a formula for a phrase.;;What is the formula for ""Amber's parent's enemy""?;;;;Here are the steps to arrive at the answer:;;1. Amber's parent = k(h);;2. Amber's parent's enemy = w(k(h));;;;So the answer is w(k(h));;;;What is the formula for ""Felicia's child's parent's child""?",Felicia's child's parent's child,t(k(t(q))),h;;q;;s;;t;;v;;y,Amber = h      Christina's friend = s(y)  ;;Bryan = t      Amber's friend = s(h)      ;;Christina = y  Dana's enemy = w(s)        ;;Dana = s       Bryan's enemy = w(t)       ;;Elizabeth = v  Elizabeth's parent = k(v)  ;;Felicia = q    Felicia's child = t(q)     ,200,22
4,L,SemanticApproach.INTENSIONAL,Representation.ABSTRACT,0_L_cef1,English phrases can be translated into formulae. Use the following translations to answer the question.;;;;,";;;;Here is an example of how to get a formula for a phrase.;;What is the formula for ""Amber's parent's enemy""?;;;;Here are the steps to arrive at the answer:;;1. Amber's parent = k(h);;2. Amber's parent's enemy = w(k(h));;;;So the answer is w(k(h));;;;What is the formula for ""Amber's friend's enemy's child""?",Amber's friend's enemy's child,t(w(s(h))),h;;q;;s;;t;;v;;y,Amber = h      Christina's friend = s(y)  ;;Bryan = t      Amber's friend = s(h)      ;;Christina = y  Dana's enemy = w(s)        ;;Dana = s       Bryan's enemy = w(t)       ;;Elizabeth = v  Elizabeth's parent = k(v)  ;;Felicia = q    Felicia's child = t(q)     ,166,23
4,L,SemanticApproach.INTENSIONAL,Representation.ABSTRACT,0_L_pcp2,English phrases can be translated into formulae. Use the following translations to answer the question.;;;;,";;;;Here is an example of how to get a formula for a phrase.;;What is the formula for ""Amber's parent's enemy""?;;;;Here are the steps to arrive at the answer:;;1. Amber's parent = k(h);;2. Amber's parent's enemy = w(k(h));;;;So the answer is w(k(h));;;;What is the formula for ""Dana's parent's child's parent""?",Dana's parent's child's parent,k(t(k(s))),h;;q;;s;;t;;v;;y,Amber = h      Christina's friend = s(y)  ;;Bryan = t      Amber's friend = s(h)      ;;Christina = y  Dana's enemy = w(s)        ;;Dana = s       Bryan's enemy = w(t)       ;;Elizabeth = v  Elizabeth's parent = k(v)  ;;Felicia = q    Felicia's child = t(q)     ,175,24
4,L,SemanticApproach.INTENSIONAL,Representation.ABSTRACT,0_L_ffc3,English phrases can be translated into formulae. Use the following translations to answer the question.;;;;,";;;;Here is an example of how to get a formula for a phrase.;;What is the formula for ""Amber's parent's enemy""?;;;;Here are the steps to arrive at the answer:;;1. Amber's parent = k(h);;2. Amber's parent's enemy = w(k(h));;;;So the answer is w(k(h));;;;What is the formula for ""Bryan's child's friend's friend""?",Bryan's child's friend's friend,s(s(t(t))),h;;q;;s;;t;;v;;y,Amber = h      Christina's friend = s(y)  ;;Bryan = t      Amber's friend = s(h)      ;;Christina = y  Dana's enemy = w(s)        ;;Dana = s       Bryan's enemy = w(t)       ;;Elizabeth = v  Elizabeth's parent = k(v)  ;;Felicia = q    Felicia's child = t(q)     ,178,25
4,L,SemanticApproach.INTENSIONAL,Representation.ABSTRACT,0_L_efp4,English phrases can be translated into formulae. Use the following translations to answer the question.;;;;,";;;;Here is an example of how to get a formula for a phrase.;;What is the formula for ""Amber's parent's enemy""?;;;;Here are the steps to arrive at the answer:;;1. Amber's parent = k(h);;2. Amber's parent's enemy = w(k(h));;;;So the answer is w(k(h));;;;What is the formula for ""Elizabeth's parent's friend's enemy""?",Elizabeth's parent's friend's enemy,w(s(k(v))),h;;q;;s;;t;;v;;y,Amber = h      Christina's friend = s(y)  ;;Bryan = t      Amber's friend = s(h)      ;;Christina = y  Dana's enemy = w(s)        ;;Dana = s       Bryan's enemy = w(t)       ;;Elizabeth = v  Elizabeth's parent = k(v)  ;;Felicia = q    Felicia's child = t(q)     ,187,26
4,L,SemanticApproach.INTENSIONAL,Representation.ABSTRACT,0_L_eff1,English phrases can be translated into formulae. Use the following translations to answer the question.;;;;,";;;;Here is an example of how to get a formula for a phrase.;;What is the formula for ""Amber's parent's enemy""?;;;;Here are the steps to arrive at the answer:;;1. Amber's parent = k(h);;2. Amber's parent's enemy = w(k(h));;;;So the answer is w(k(h));;;;What is the formula for ""Amber's friend's friend's enemy""?",Amber's friend's friend's enemy,w(s(s(h))),h;;q;;s;;t;;v;;y,Amber = h      Christina's friend = s(y)  ;;Bryan = t      Amber's friend = s(h)      ;;Christina = y  Dana's enemy = w(s)        ;;Dana = s       Bryan's enemy = w(t)       ;;Elizabeth = v  Elizabeth's parent = k(v)  ;;Felicia = q    Felicia's child = t(q)     ,165,27
4,L,SemanticApproach.INTENSIONAL,Representation.ABSTRACT,0_L_eee2,English phrases can be translated into formulae. Use the following translations to answer the question.;;;;,";;;;Here is an example of how to get a formula for a phrase.;;What is the formula for ""Amber's parent's enemy""?;;;;Here are the steps to arrive at the answer:;;1. Amber's parent = k(h);;2. Amber's parent's enemy = w(k(h));;;;So the answer is w(k(h));;;;What is the formula for ""Dana's enemy's enemy's enemy""?",Dana's enemy's enemy's enemy,w(w(w(s))),h;;q;;s;;t;;v;;y,Amber = h      Christina's friend = s(y)  ;;Bryan = t      Amber's friend = s(h)      ;;Christina = y  Dana's enemy = w(s)        ;;Dana = s       Bryan's enemy = w(t)       ;;Elizabeth = v  Elizabeth's parent = k(v)  ;;Felicia = q    Felicia's child = t(q)     ,170,28
4,L,SemanticApproach.INTENSIONAL,Representation.ABSTRACT,0_L_efe0,English phrases can be translated into formulae. Use the following translations to answer the question.;;;;,";;;;Here is an example of how to get a formula for a phrase.;;What is the formula for ""Amber's parent's enemy""?;;;;Here are the steps to arrive at the answer:;;1. Amber's parent = k(h);;2. Amber's parent's enemy = w(k(h));;;;So the answer is w(k(h));;;;What is the formula for ""Christina's enemy's friend's enemy""?",Christina's enemy's friend's enemy,w(s(w(y))),h;;q;;s;;t;;v;;y,Amber = h      Christina's friend = s(y)  ;;Bryan = t      Amber's friend = s(h)      ;;Christina = y  Dana's enemy = w(s)        ;;Dana = s       Bryan's enemy = w(t)       ;;Elizabeth = v  Elizabeth's parent = k(v)  ;;Felicia = q    Felicia's child = t(q)     ,161,29
4,L,SemanticApproach.INTENSIONAL,Representation.ABSTRACT,0_L_cfe0,English phrases can be translated into formulae. Use the following translations to answer the question.;;;;,";;;;Here is an example of how to get a formula for a phrase.;;What is the formula for ""Amber's parent's enemy""?;;;;Here are the steps to arrive at the answer:;;1. Amber's parent = k(h);;2. Amber's parent's enemy = w(k(h));;;;So the answer is w(k(h));;;;What is the formula for ""Christina's enemy's friend's child""?",Christina's enemy's friend's child,t(s(w(y))),h;;q;;s;;t;;v;;y,Amber = h      Christina's friend = s(y)  ;;Bryan = t      Amber's friend = s(h)      ;;Christina = y  Dana's enemy = w(s)        ;;Dana = s       Bryan's enemy = w(t)       ;;Elizabeth = v  Elizabeth's parent = k(v)  ;;Felicia = q    Felicia's child = t(q)     ,162,30
4,L,SemanticApproach.INTENSIONAL,Representation.ABSTRACT,0_L_ecf5,English phrases can be translated into formulae. Use the following translations to answer the question.;;;;,";;;;Here is an example of how to get a formula for a phrase.;;What is the formula for ""Amber's parent's enemy""?;;;;Here are the steps to arrive at the answer:;;1. Amber's parent = k(h);;2. Amber's parent's enemy = w(k(h));;;;So the answer is w(k(h));;;;What is the formula for ""Felicia's friend's child's enemy""?",Felicia's friend's child's enemy,w(t(s(q))),h;;q;;s;;t;;v;;y,Amber = h      Christina's friend = s(y)  ;;Bryan = t      Amber's friend = s(h)      ;;Christina = y  Dana's enemy = w(s)        ;;Dana = s       Bryan's enemy = w(t)       ;;Elizabeth = v  Elizabeth's parent = k(v)  ;;Felicia = q    Felicia's child = t(q)     ,192,31
4,L,SemanticApproach.INTENSIONAL,Representation.ABSTRACT,0_L_ffe4,English phrases can be translated into formulae. Use the following translations to answer the question.;;;;,";;;;Here is an example of how to get a formula for a phrase.;;What is the formula for ""Amber's parent's enemy""?;;;;Here are the steps to arrive at the answer:;;1. Amber's parent = k(h);;2. Amber's parent's enemy = w(k(h));;;;So the answer is w(k(h));;;;What is the formula for ""Elizabeth's enemy's friend's friend""?",Elizabeth's enemy's friend's friend,s(s(w(v))),h;;q;;s;;t;;v;;y,Amber = h      Christina's friend = s(y)  ;;Bryan = t      Amber's friend = s(h)      ;;Christina = y  Dana's enemy = w(s)        ;;Dana = s       Bryan's enemy = w(t)       ;;Elizabeth = v  Elizabeth's parent = k(v)  ;;Felicia = q    Felicia's child = t(q)     ,185,32
4,L,SemanticApproach.INTENSIONAL,Representation.ABSTRACT,0_L_cpf4,English phrases can be translated into formulae. Use the following translations to answer the question.;;;;,";;;;Here is an example of how to get a formula for a phrase.;;What is the formula for ""Amber's parent's enemy""?;;;;Here are the steps to arrive at the answer:;;1. Amber's parent = k(h);;2. Amber's parent's enemy = w(k(h));;;;So the answer is w(k(h));;;;What is the formula for ""Elizabeth's friend's parent's child""?",Elizabeth's friend's parent's child,t(k(s(v))),h;;q;;s;;t;;v;;y,Amber = h      Christina's friend = s(y)  ;;Bryan = t      Amber's friend = s(h)      ;;Christina = y  Dana's enemy = w(s)        ;;Dana = s       Bryan's enemy = w(t)       ;;Elizabeth = v  Elizabeth's parent = k(v)  ;;Felicia = q    Felicia's child = t(q)     ,184,33
4,L,SemanticApproach.INTENSIONAL,Representation.ABSTRACT,0_L_efe5,English phrases can be translated into formulae. Use the following translations to answer the question.;;;;,";;;;Here is an example of how to get a formula for a phrase.;;What is the formula for ""Amber's parent's enemy""?;;;;Here are the steps to arrive at the answer:;;1. Amber's parent = k(h);;2. Amber's parent's enemy = w(k(h));;;;So the answer is w(k(h));;;;What is the formula for ""Felicia's enemy's friend's enemy""?",Felicia's enemy's friend's enemy,w(s(w(q))),h;;q;;s;;t;;v;;y,Amber = h      Christina's friend = s(y)  ;;Bryan = t      Amber's friend = s(h)      ;;Christina = y  Dana's enemy = w(s)        ;;Dana = s       Bryan's enemy = w(t)       ;;Elizabeth = v  Elizabeth's parent = k(v)  ;;Felicia = q    Felicia's child = t(q)     ,193,34
4,L,SemanticApproach.INTENSIONAL,Representation.ABSTRACT,0_L_pep2,English phrases can be translated into formulae. Use the following translations to answer the question.;;;;,";;;;Here is an example of how to get a formula for a phrase.;;What is the formula for ""Amber's parent's enemy""?;;;;Here are the steps to arrive at the answer:;;1. Amber's parent = k(h);;2. Amber's parent's enemy = w(k(h));;;;So the answer is w(k(h));;;;What is the formula for ""Dana's parent's enemy's parent""?",Dana's parent's enemy's parent,k(w(k(s))),h;;q;;s;;t;;v;;y,Amber = h      Christina's friend = s(y)  ;;Bryan = t      Amber's friend = s(h)      ;;Christina = y  Dana's enemy = w(s)        ;;Dana = s       Bryan's enemy = w(t)       ;;Elizabeth = v  Elizabeth's parent = k(v)  ;;Felicia = q    Felicia's child = t(q)     ,174,35
4,L,SemanticApproach.INTENSIONAL,Representation.ABSTRACT,0_L_cfp2,English phrases can be translated into formulae. Use the following translations to answer the question.;;;;,";;;;Here is an example of how to get a formula for a phrase.;;What is the formula for ""Amber's parent's enemy""?;;;;Here are the steps to arrive at the answer:;;1. Amber's parent = k(h);;2. Amber's parent's enemy = w(k(h));;;;So the answer is w(k(h));;;;What is the formula for ""Dana's parent's friend's child""?",Dana's parent's friend's child,t(s(k(s))),h;;q;;s;;t;;v;;y,Amber = h      Christina's friend = s(y)  ;;Bryan = t      Amber's friend = s(h)      ;;Christina = y  Dana's enemy = w(s)        ;;Dana = s       Bryan's enemy = w(t)       ;;Elizabeth = v  Elizabeth's parent = k(v)  ;;Felicia = q    Felicia's child = t(q)     ,173,36
4,L,SemanticApproach.INTENSIONAL,Representation.ABSTRACT,0_L_ffc5,English phrases can be translated into formulae. Use the following translations to answer the question.;;;;,";;;;Here is an example of how to get a formula for a phrase.;;What is the formula for ""Amber's parent's enemy""?;;;;Here are the steps to arrive at the answer:;;1. Amber's parent = k(h);;2. Amber's parent's enemy = w(k(h));;;;So the answer is w(k(h));;;;What is the formula for ""Felicia's child's friend's friend""?",Felicia's child's friend's friend,s(s(t(q))),h;;q;;s;;t;;v;;y,Amber = h      Christina's friend = s(y)  ;;Bryan = t      Amber's friend = s(h)      ;;Christina = y  Dana's enemy = w(s)        ;;Dana = s       Bryan's enemy = w(t)       ;;Elizabeth = v  Elizabeth's parent = k(v)  ;;Felicia = q    Felicia's child = t(q)     ,198,37
4,L,SemanticApproach.INTENSIONAL,Representation.ABSTRACT,0_L_cef4,English phrases can be translated into formulae. Use the following translations to answer the question.;;;;,";;;;Here is an example of how to get a formula for a phrase.;;What is the formula for ""Amber's parent's enemy""?;;;;Here are the steps to arrive at the answer:;;1. Amber's parent = k(h);;2. Amber's parent's enemy = w(k(h));;;;So the answer is w(k(h));;;;What is the formula for ""Elizabeth's friend's enemy's child""?",Elizabeth's friend's enemy's child,t(w(s(v))),h;;q;;s;;t;;v;;y,Amber = h      Christina's friend = s(y)  ;;Bryan = t      Amber's friend = s(h)      ;;Christina = y  Dana's enemy = w(s)        ;;Dana = s       Bryan's enemy = w(t)       ;;Elizabeth = v  Elizabeth's parent = k(v)  ;;Felicia = q    Felicia's child = t(q)     ,183,38
4,L,SemanticApproach.INTENSIONAL,Representation.ABSTRACT,0_L_pce2,English phrases can be translated into formulae. Use the following translations to answer the question.;;;;,";;;;Here is an example of how to get a formula for a phrase.;;What is the formula for ""Amber's parent's enemy""?;;;;Here are the steps to arrive at the answer:;;1. Amber's parent = k(h);;2. Amber's parent's enemy = w(k(h));;;;So the answer is w(k(h));;;;What is the formula for ""Dana's enemy's child's parent""?",Dana's enemy's child's parent,k(t(w(s))),h;;q;;s;;t;;v;;y,Amber = h      Christina's friend = s(y)  ;;Bryan = t      Amber's friend = s(h)      ;;Christina = y  Dana's enemy = w(s)        ;;Dana = s       Bryan's enemy = w(t)       ;;Elizabeth = v  Elizabeth's parent = k(v)  ;;Felicia = q    Felicia's child = t(q)     ,172,39
4,R,SemanticApproach.INTENSIONAL,Representation.ABSTRACT,0_R_ffc5,English phrases can be translated into formulae. Use the following translations to answer the question.;;;;,";;;;Here is an example of how to get a formula for a phrase.;;What is the formula for ""the enemy of the parent of Amber""?;;;;Here are the steps to arrive at the answer:;;1. the parent of Amber = k(h);;2. the enemy of the parent of Amber = w(k(h));;;;So the answer is w(k(h));;;;What is the formula for ""the friend of the friend of the child of Felicia""?",the friend of the friend of the child of Felicia,s(s(t(q))),h;;q;;s;;t;;v;;y,Amber = h      the friend of Christina = s(y)  ;;Bryan = t      the friend of Amber = s(h)      ;;Christina = y  the enemy of Dana = w(s)        ;;Dana = s       the enemy of Bryan = w(t)       ;;Elizabeth = v  the parent of Elizabeth = k(v)  ;;Felicia = q    the child of Felicia = t(q)     ,98,0
4,R,SemanticApproach.INTENSIONAL,Representation.ABSTRACT,0_R_epf2,English phrases can be translated into formulae. Use the following translations to answer the question.;;;;,";;;;Here is an example of how to get a formula for a phrase.;;What is the formula for ""the enemy of the parent of Amber""?;;;;Here are the steps to arrive at the answer:;;1. the parent of Amber = k(h);;2. the enemy of the parent of Amber = w(k(h));;;;So the answer is w(k(h));;;;What is the formula for ""the enemy of the parent of the friend of Dana""?",the enemy of the parent of the friend of Dana,w(k(s(s))),h;;q;;s;;t;;v;;y,Amber = h      the friend of Christina = s(y)  ;;Bryan = t      the friend of Amber = s(h)      ;;Christina = y  the enemy of Dana = w(s)        ;;Dana = s       the enemy of Bryan = w(t)       ;;Elizabeth = v  the parent of Elizabeth = k(v)  ;;Felicia = q    the child of Felicia = t(q)     ,68,1
4,R,SemanticApproach.INTENSIONAL,Representation.ABSTRACT,0_R_fce2,English phrases can be translated into formulae. Use the following translations to answer the question.;;;;,";;;;Here is an example of how to get a formula for a phrase.;;What is the formula for ""the enemy of the parent of Amber""?;;;;Here are the steps to arrive at the answer:;;1. the parent of Amber = k(h);;2. the enemy of the parent of Amber = w(k(h));;;;So the answer is w(k(h));;;;What is the formula for ""the friend of the child of the enemy of Dana""?",the friend of the child of the enemy of Dana,s(t(w(s))),h;;q;;s;;t;;v;;y,Amber = h      the friend of Christina = s(y)  ;;Bryan = t      the friend of Amber = s(h)      ;;Christina = y  the enemy of Dana = w(s)        ;;Dana = s       the enemy of Bryan = w(t)       ;;Elizabeth = v  the parent of Elizabeth = k(v)  ;;Felicia = q    the child of Felicia = t(q)     ,71,2
4,R,SemanticApproach.INTENSIONAL,Representation.ABSTRACT,0_R_pcp2,English phrases can be translated into formulae. Use the following translations to answer the question.;;;;,";;;;Here is an example of how to get a formula for a phrase.;;What is the formula for ""the enemy of the parent of Amber""?;;;;Here are the steps to arrive at the answer:;;1. the parent of Amber = k(h);;2. the enemy of the parent of Amber = w(k(h));;;;So the answer is w(k(h));;;;What is the formula for ""the parent of the child of the parent of Dana""?",the parent of the child of the parent of Dana,k(t(k(s))),h;;q;;s;;t;;v;;y,Amber = h      the friend of Christina = s(y)  ;;Bryan = t      the friend of Amber = s(h)      ;;Christina = y  the enemy of Dana = w(s)        ;;Dana = s       the enemy of Bryan = w(t)       ;;Elizabeth = v  the parent of Elizabeth = k(v)  ;;Felicia = q    the child of Felicia = t(q)     ,75,3
4,R,SemanticApproach.INTENSIONAL,Representation.ABSTRACT,0_R_cpe5,English phrases can be translated into formulae. Use the following translations to answer the question.;;;;,";;;;Here is an example of how to get a formula for a phrase.;;What is the formula for ""the enemy of the parent of Amber""?;;;;Here are the steps to arrive at the answer:;;1. the parent of Amber = k(h);;2. the enemy of the parent of Amber = w(k(h));;;;So the answer is w(k(h));;;;What is the formula for ""the child of the parent of the enemy of Felicia""?",the child of the parent of the enemy of Felicia,t(k(w(q))),h;;q;;s;;t;;v;;y,Amber = h      the friend of Christina = s(y)  ;;Bryan = t      the friend of Amber = s(h)      ;;Christina = y  the enemy of Dana = w(s)        ;;Dana = s       the enemy of Bryan = w(t)       ;;Elizabeth = v  the parent of Elizabeth = k(v)  ;;Felicia = q    the child of Felicia = t(q)     ,97,4
4,R,SemanticApproach.INTENSIONAL,Representation.ABSTRACT,0_R_fee5,English phrases can be translated into formulae. Use the following translations to answer the question.;;;;,";;;;Here is an example of how to get a formula for a phrase.;;What is the formula for ""the enemy of the parent of Amber""?;;;;Here are the steps to arrive at the answer:;;1. the parent of Amber = k(h);;2. the enemy of the parent of Amber = w(k(h));;;;So the answer is w(k(h));;;;What is the formula for ""the friend of the enemy of the enemy of Felicia""?",the friend of the enemy of the enemy of Felicia,s(w(w(q))),h;;q;;s;;t;;v;;y,Amber = h      the friend of Christina = s(y)  ;;Bryan = t      the friend of Amber = s(h)      ;;Christina = y  the enemy of Dana = w(s)        ;;Dana = s       the enemy of Bryan = w(t)       ;;Elizabeth = v  the parent of Elizabeth = k(v)  ;;Felicia = q    the child of Felicia = t(q)     ,94,5
4,R,SemanticApproach.INTENSIONAL,Representation.ABSTRACT,0_R_cef1,English phrases can be translated into formulae. Use the following translations to answer the question.;;;;,";;;;Here is an example of how to get a formula for a phrase.;;What is the formula for ""the enemy of the parent of Amber""?;;;;Here are the steps to arrive at the answer:;;1. the parent of Amber = k(h);;2. the enemy of the parent of Amber = w(k(h));;;;So the answer is w(k(h));;;;What is the formula for ""the child of the enemy of the friend of Amber""?",the child of the enemy of the friend of Amber,t(w(s(h))),h;;q;;s;;t;;v;;y,Amber = h      the friend of Christina = s(y)  ;;Bryan = t      the friend of Amber = s(h)      ;;Christina = y  the enemy of Dana = w(s)        ;;Dana = s       the enemy of Bryan = w(t)       ;;Elizabeth = v  the parent of Elizabeth = k(v)  ;;Felicia = q    the child of Felicia = t(q)     ,66,6
4,R,SemanticApproach.INTENSIONAL,Representation.ABSTRACT,0_R_eee2,English phrases can be translated into formulae. Use the following translations to answer the question.;;;;,";;;;Here is an example of how to get a formula for a phrase.;;What is the formula for ""the enemy of the parent of Amber""?;;;;Here are the steps to arrive at the answer:;;1. the parent of Amber = k(h);;2. the enemy of the parent of Amber = w(k(h));;;;So the answer is w(k(h));;;;What is the formula for ""the enemy of the enemy of the enemy of Dana""?",the enemy of the enemy of the enemy of Dana,w(w(w(s))),h;;q;;s;;t;;v;;y,Amber = h      the friend of Christina = s(y)  ;;Bryan = t      the friend of Amber = s(h)      ;;Christina = y  the enemy of Dana = w(s)        ;;Dana = s       the enemy of Bryan = w(t)       ;;Elizabeth = v  the parent of Elizabeth = k(v)  ;;Felicia = q    the child of Felicia = t(q)     ,70,7
4,R,SemanticApproach.INTENSIONAL,Representation.ABSTRACT,0_R_cpf2,English phrases can be translated into formulae. Use the following translations to answer the question.;;;;,";;;;Here is an example of how to get a formula for a phrase.;;What is the formula for ""the enemy of the parent of Amber""?;;;;Here are the steps to arrive at the answer:;;1. the parent of Amber = k(h);;2. the enemy of the parent of Amber = w(k(h));;;;So the answer is w(k(h));;;;What is the formula for ""the child of the parent of the friend of Dana""?",the child of the parent of the friend of Dana,t(k(s(s))),h;;q;;s;;t;;v;;y,Amber = h      the friend of Christina = s(y)  ;;Bryan = t      the friend of Amber = s(h)      ;;Christina = y  the enemy of Dana = w(s)        ;;Dana = s       the enemy of Bryan = w(t)       ;;Elizabeth = v  the parent of Elizabeth = k(v)  ;;Felicia = q    the child of Felicia = t(q)     ,69,8
4,R,SemanticApproach.INTENSIONAL,Representation.ABSTRACT,0_R_cfp2,English phrases can be translated into formulae. Use the following translations to answer the question.;;;;,";;;;Here is an example of how to get a formula for a phrase.;;What is the formula for ""the enemy of the parent of Amber""?;;;;Here are the steps to arrive at the answer:;;1. the parent of Amber = k(h);;2. the enemy of the parent of Amber = w(k(h));;;;So the answer is w(k(h));;;;What is the formula for ""the child of the friend of the parent of Dana""?",the child of the friend of the parent of Dana,t(s(k(s))),h;;q;;s;;t;;v;;y,Amber = h      the friend of Christina = s(y)  ;;Bryan = t      the friend of Amber = s(h)      ;;Christina = y  the enemy of Dana = w(s)        ;;Dana = s       the enemy of Bryan = w(t)       ;;Elizabeth = v  the parent of Elizabeth = k(v)  ;;Felicia = q    the child of Felicia = t(q)     ,73,9
4,R,SemanticApproach.INTENSIONAL,Representation.ABSTRACT,0_R_pfc0,English phrases can be translated into formulae. Use the following translations to answer the question.;;;;,";;;;Here is an example of how to get a formula for a phrase.;;What is the formula for ""the enemy of the parent of Amber""?;;;;Here are the steps to arrive at the answer:;;1. the parent of Amber = k(h);;2. the enemy of the parent of Amber = w(k(h));;;;So the answer is w(k(h));;;;What is the formula for ""the parent of the friend of the child of Christina""?",the parent of the friend of the child of Christina,k(s(t(y))),h;;q;;s;;t;;v;;y,Amber = h      the friend of Christina = s(y)  ;;Bryan = t      the friend of Amber = s(h)      ;;Christina = y  the enemy of Dana = w(s)        ;;Dana = s       the enemy of Bryan = w(t)       ;;Elizabeth = v  the parent of Elizabeth = k(v)  ;;Felicia = q    the child of Felicia = t(q)     ,63,10
4,R,SemanticApproach.INTENSIONAL,Representation.ABSTRACT,0_R_efe0,English phrases can be translated into formulae. Use the following translations to answer the question.;;;;,";;;;Here is an example of how to get a formula for a phrase.;;What is the formula for ""the enemy of the parent of Amber""?;;;;Here are the steps to arrive at the answer:;;1. the parent of Amber = k(h);;2. the enemy of the parent of Amber = w(k(h));;;;So the answer is w(k(h));;;;What is the formula for ""the enemy of the friend of the enemy of Christina""?",the enemy of the friend of the enemy of Christina,w(s(w(y))),h;;q;;s;;t;;v;;y,Amber = h      the friend of Christina = s(y)  ;;Bryan = t      the friend of Amber = s(h)      ;;Christina = y  the enemy of Dana = w(s)        ;;Dana = s       the enemy of Bryan = w(t)       ;;Elizabeth = v  the parent of Elizabeth = k(v)  ;;Felicia = q    the child of Felicia = t(q)     ,61,11
4,R,SemanticApproach.INTENSIONAL,Representation.ABSTRACT,0_R_efe5,English phrases can be translated into formulae. Use the following translations to answer the question.;;;;,";;;;Here is an example of how to get a formula for a phrase.;;What is the formula for ""the enemy of the parent of Amber""?;;;;Here are the steps to arrive at the answer:;;1. the parent of Amber = k(h);;2. the enemy of the parent of Amber = w(k(h));;;;So the answer is w(k(h));;;;What is the formula for ""the enemy of the friend of the enemy of Felicia""?",the enemy of the friend of the enemy of Felicia,w(s(w(q))),h;;q;;s;;t;;v;;y,Amber = h      the friend of Christina = s(y)  ;;Bryan = t      the friend of Amber = s(h)      ;;Christina = y  the enemy of Dana = w(s)        ;;Dana = s       the enemy of Bryan = w(t)       ;;Elizabeth = v  the parent of Elizabeth = k(v)  ;;Felicia = q    the child of Felicia = t(q)     ,93,12
4,R,SemanticApproach.INTENSIONAL,Representation.ABSTRACT,0_R_eee5,English phrases can be translated into formulae. Use the following translations to answer the question.;;;;,";;;;Here is an example of how to get a formula for a phrase.;;What is the formula for ""the enemy of the parent of Amber""?;;;;Here are the steps to arrive at the answer:;;1. the parent of Amber = k(h);;2. the enemy of the parent of Amber = w(k(h));;;;So the answer is w(k(h));;;;What is the formula for ""the enemy of the enemy of the enemy of Felicia""?",the enemy of the enemy of the enemy of Felicia,w(w(w(q))),h;;q;;s;;t;;v;;y,Amber = h      the friend of Christina = s(y)  ;;Bryan = t      the friend of Amber = s(h)      ;;Christina = y  the enemy of Dana = w(s)        ;;Dana = s       the enemy of Bryan = w(t)       ;;Elizabeth = v  the parent of Elizabeth = k(v)  ;;Felicia = q    the child of Felicia = t(q)     ,95,13
4,R,SemanticApproach.INTENSIONAL,Representation.ABSTRACT,0_R_fef4,English phrases can be translated into formulae. Use the following translations to answer the question.;;;;,";;;;Here is an example of how to get a formula for a phrase.;;What is the formula for ""the enemy of the parent of Amber""?;;;;Here are the steps to arrive at the answer:;;1. the parent of Amber = k(h);;2. the enemy of the parent of Amber = w(k(h));;;;So the answer is w(k(h));;;;What is the formula for ""the friend of the enemy of the friend of Elizabeth""?",the friend of the enemy of the friend of Elizabeth,s(w(s(v))),h;;q;;s;;t;;v;;y,Amber = h      the friend of Christina = s(y)  ;;Bryan = t      the friend of Amber = s(h)      ;;Christina = y  the enemy of Dana = w(s)        ;;Dana = s       the enemy of Bryan = w(t)       ;;Elizabeth = v  the parent of Elizabeth = k(v)  ;;Felicia = q    the child of Felicia = t(q)     ,81,14
4,R,SemanticApproach.INTENSIONAL,Representation.ABSTRACT,0_R_cpc5,English phrases can be translated into formulae. Use the following translations to answer the question.;;;;,";;;;Here is an example of how to get a formula for a phrase.;;What is the formula for ""the enemy of the parent of Amber""?;;;;Here are the steps to arrive at the answer:;;1. the parent of Amber = k(h);;2. the enemy of the parent of Amber = w(k(h));;;;So the answer is w(k(h));;;;What is the formula for ""the child of the parent of the child of Felicia""?",the child of the parent of the child of Felicia,t(k(t(q))),h;;q;;s;;t;;v;;y,Amber = h      the friend of Christina = s(y)  ;;Bryan = t      the friend of Amber = s(h)      ;;Christina = y  the enemy of Dana = w(s)        ;;Dana = s       the enemy of Bryan = w(t)       ;;Elizabeth = v  the parent of Elizabeth = k(v)  ;;Felicia = q    the child of Felicia = t(q)     ,100,15
4,R,SemanticApproach.INTENSIONAL,Representation.ABSTRACT,0_R_ffe4,English phrases can be translated into formulae. Use the following translations to answer the question.;;;;,";;;;Here is an example of how to get a formula for a phrase.;;What is the formula for ""the enemy of the parent of Amber""?;;;;Here are the steps to arrive at the answer:;;1. the parent of Amber = k(h);;2. the enemy of the parent of Amber = w(k(h));;;;So the answer is w(k(h));;;;What is the formula for ""the friend of the friend of the enemy of Elizabeth""?",the friend of the friend of the enemy of Elizabeth,s(s(w(v))),h;;q;;s;;t;;v;;y,Amber = h      the friend of Christina = s(y)  ;;Bryan = t      the friend of Amber = s(h)      ;;Christina = y  the enemy of Dana = w(s)        ;;Dana = s       the enemy of Bryan = w(t)       ;;Elizabeth = v  the parent of Elizabeth = k(v)  ;;Felicia = q    the child of Felicia = t(q)     ,85,16
4,R,SemanticApproach.INTENSIONAL,Representation.ABSTRACT,0_R_pep2,English phrases can be translated into formulae. Use the following translations to answer the question.;;;;,";;;;Here is an example of how to get a formula for a phrase.;;What is the formula for ""the enemy of the parent of Amber""?;;;;Here are the steps to arrive at the answer:;;1. the parent of Amber = k(h);;2. the enemy of the parent of Amber = w(k(h));;;;So the answer is w(k(h));;;;What is the formula for ""the parent of the enemy of the parent of Dana""?",the parent of the enemy of the parent of Dana,k(w(k(s))),h;;q;;s;;t;;v;;y,Amber = h      the friend of Christina = s(y)  ;;Bryan = t      the friend of Amber = s(h)      ;;Christina = y  the enemy of Dana = w(s)        ;;Dana = s       the enemy of Bryan = w(t)       ;;Elizabeth = v  the parent of Elizabeth = k(v)  ;;Felicia = q    the child of Felicia = t(q)     ,74,17
4,R,SemanticApproach.INTENSIONAL,Representation.ABSTRACT,0_R_fec5,English phrases can be translated into formulae. Use the following translations to answer the question.;;;;,";;;;Here is an example of how to get a formula for a phrase.;;What is the formula for ""the enemy of the parent of Amber""?;;;;Here are the steps to arrive at the answer:;;1. the parent of Amber = k(h);;2. the enemy of the parent of Amber = w(k(h));;;;So the answer is w(k(h));;;;What is the formula for ""the friend of the enemy of the child of Felicia""?",the friend of the enemy of the child of Felicia,s(w(t(q))),h;;q;;s;;t;;v;;y,Amber = h      the friend of Christina = s(y)  ;;Bryan = t      the friend of Amber = s(h)      ;;Christina = y  the enemy of Dana = w(s)        ;;Dana = s       the enemy of Bryan = w(t)       ;;Elizabeth = v  the parent of Elizabeth = k(v)  ;;Felicia = q    the child of Felicia = t(q)     ,99,18
4,R,SemanticApproach.INTENSIONAL,Representation.ABSTRACT,0_R_cpf4,English phrases can be translated into formulae. Use the following translations to answer the question.;;;;,";;;;Here is an example of how to get a formula for a phrase.;;What is the formula for ""the enemy of the parent of Amber""?;;;;Here are the steps to arrive at the answer:;;1. the parent of Amber = k(h);;2. the enemy of the parent of Amber = w(k(h));;;;So the answer is w(k(h));;;;What is the formula for ""the child of the parent of the friend of Elizabeth""?",the child of the parent of the friend of Elizabeth,t(k(s(v))),h;;q;;s;;t;;v;;y,Amber = h      the friend of Christina = s(y)  ;;Bryan = t      the friend of Amber = s(h)      ;;Christina = y  the enemy of Dana = w(s)        ;;Dana = s       the enemy of Bryan = w(t)       ;;Elizabeth = v  the parent of Elizabeth = k(v)  ;;Felicia = q    the child of Felicia = t(q)     ,84,19
4,R,SemanticApproach.INTENSIONAL,Representation.ABSTRACT,0_R_eec3,English phrases can be translated into formulae. Use the following translations to answer the question.;;;;,";;;;Here is an example of how to get a formula for a phrase.;;What is the formula for ""the enemy of the parent of Amber""?;;;;Here are the steps to arrive at the answer:;;1. the parent of Amber = k(h);;2. the enemy of the parent of Amber = w(k(h));;;;So the answer is w(k(h));;;;What is the formula for ""the enemy of the enemy of the child of Bryan""?",the enemy of the enemy of the child of Bryan,w(w(t(t))),h;;q;;s;;t;;v;;y,Amber = h      the friend of Christina = s(y)  ;;Bryan = t      the friend of Amber = s(h)      ;;Christina = y  the enemy of Dana = w(s)        ;;Dana = s       the enemy of Bryan = w(t)       ;;Elizabeth = v  the parent of Elizabeth = k(v)  ;;Felicia = q    the child of Felicia = t(q)     ,79,20
4,R,SemanticApproach.INTENSIONAL,Representation.ABSTRACT,0_R_pcp4,English phrases can be translated into formulae. Use the following translations to answer the question.;;;;,";;;;Here is an example of how to get a formula for a phrase.;;What is the formula for ""the enemy of the parent of Amber""?;;;;Here are the steps to arrive at the answer:;;1. the parent of Amber = k(h);;2. the enemy of the parent of Amber = w(k(h));;;;So the answer is w(k(h));;;;What is the formula for ""the parent of the child of the parent of Elizabeth""?",the parent of the child of the parent of Elizabeth,k(t(k(v))),h;;q;;s;;t;;v;;y,Amber = h      the friend of Christina = s(y)  ;;Bryan = t      the friend of Amber = s(h)      ;;Christina = y  the enemy of Dana = w(s)        ;;Dana = s       the enemy of Bryan = w(t)       ;;Elizabeth = v  the parent of Elizabeth = k(v)  ;;Felicia = q    the child of Felicia = t(q)     ,89,21
4,R,SemanticApproach.INTENSIONAL,Representation.ABSTRACT,0_R_pce2,English phrases can be translated into formulae. Use the following translations to answer the question.;;;;,";;;;Here is an example of how to get a formula for a phrase.;;What is the formula for ""the enemy of the parent of Amber""?;;;;Here are the steps to arrive at the answer:;;1. the parent of Amber = k(h);;2. the enemy of the parent of Amber = w(k(h));;;;So the answer is w(k(h));;;;What is the formula for ""the parent of the child of the enemy of Dana""?",the parent of the child of the enemy of Dana,k(t(w(s))),h;;q;;s;;t;;v;;y,Amber = h      the friend of Christina = s(y)  ;;Bryan = t      the friend of Amber = s(h)      ;;Christina = y  the enemy of Dana = w(s)        ;;Dana = s       the enemy of Bryan = w(t)       ;;Elizabeth = v  the parent of Elizabeth = k(v)  ;;Felicia = q    the child of Felicia = t(q)     ,72,22
4,R,SemanticApproach.INTENSIONAL,Representation.ABSTRACT,0_R_pec3,English phrases can be translated into formulae. Use the following translations to answer the question.;;;;,";;;;Here is an example of how to get a formula for a phrase.;;What is the formula for ""the enemy of the parent of Amber""?;;;;Here are the steps to arrive at the answer:;;1. the parent of Amber = k(h);;2. the enemy of the parent of Amber = w(k(h));;;;So the answer is w(k(h));;;;What is the formula for ""the parent of the enemy of the child of Bryan""?",the parent of the enemy of the child of Bryan,k(w(t(t))),h;;q;;s;;t;;v;;y,Amber = h      the friend of Christina = s(y)  ;;Bryan = t      the friend of Amber = s(h)      ;;Christina = y  the enemy of Dana = w(s)        ;;Dana = s       the enemy of Bryan = w(t)       ;;Elizabeth = v  the parent of Elizabeth = k(v)  ;;Felicia = q    the child of Felicia = t(q)     ,80,23
4,R,SemanticApproach.INTENSIONAL,Representation.ABSTRACT,0_R_ecf3,English phrases can be translated into formulae. Use the following translations to answer the question.;;;;,";;;;Here is an example of how to get a formula for a phrase.;;What is the formula for ""the enemy of the parent of Amber""?;;;;Here are the steps to arrive at the answer:;;1. the parent of Amber = k(h);;2. the enemy of the parent of Amber = w(k(h));;;;So the answer is w(k(h));;;;What is the formula for ""the enemy of the child of the friend of Bryan""?",the enemy of the child of the friend of Bryan,w(t(s(t))),h;;q;;s;;t;;v;;y,Amber = h      the friend of Christina = s(y)  ;;Bryan = t      the friend of Amber = s(h)      ;;Christina = y  the enemy of Dana = w(s)        ;;Dana = s       the enemy of Bryan = w(t)       ;;Elizabeth = v  the parent of Elizabeth = k(v)  ;;Felicia = q    the child of Felicia = t(q)     ,76,24
4,R,SemanticApproach.INTENSIONAL,Representation.ABSTRACT,0_R_ecp4,English phrases can be translated into formulae. Use the following translations to answer the question.;;;;,";;;;Here is an example of how to get a formula for a phrase.;;What is the formula for ""the enemy of the parent of Amber""?;;;;Here are the steps to arrive at the answer:;;1. the parent of Amber = k(h);;2. the enemy of the parent of Amber = w(k(h));;;;So the answer is w(k(h));;;;What is the formula for ""the enemy of the child of the parent of Elizabeth""?",the enemy of the child of the parent of Elizabeth,w(t(k(v))),h;;q;;s;;t;;v;;y,Amber = h      the friend of Christina = s(y)  ;;Bryan = t      the friend of Amber = s(h)      ;;Christina = y  the enemy of Dana = w(s)        ;;Dana = s       the enemy of Bryan = w(t)       ;;Elizabeth = v  the parent of Elizabeth = k(v)  ;;Felicia = q    the child of Felicia = t(q)     ,88,25
4,R,SemanticApproach.INTENSIONAL,Representation.ABSTRACT,0_R_ffp4,English phrases can be translated into formulae. Use the following translations to answer the question.;;;;,";;;;Here is an example of how to get a formula for a phrase.;;What is the formula for ""the enemy of the parent of Amber""?;;;;Here are the steps to arrive at the answer:;;1. the parent of Amber = k(h);;2. the enemy of the parent of Amber = w(k(h));;;;So the answer is w(k(h));;;;What is the formula for ""the friend of the friend of the parent of Elizabeth""?",the friend of the friend of the parent of Elizabeth,s(s(k(v))),h;;q;;s;;t;;v;;y,Amber = h      the friend of Christina = s(y)  ;;Bryan = t      the friend of Amber = s(h)      ;;Christina = y  the enemy of Dana = w(s)        ;;Dana = s       the enemy of Bryan = w(t)       ;;Elizabeth = v  the parent of Elizabeth = k(v)  ;;Felicia = q    the child of Felicia = t(q)     ,86,26
4,R,SemanticApproach.INTENSIONAL,Representation.ABSTRACT,0_R_efp4,English phrases can be translated into formulae. Use the following translations to answer the question.;;;;,";;;;Here is an example of how to get a formula for a phrase.;;What is the formula for ""the enemy of the parent of Amber""?;;;;Here are the steps to arrive at the answer:;;1. the parent of Amber = k(h);;2. the enemy of the parent of Amber = w(k(h));;;;So the answer is w(k(h));;;;What is the formula for ""the enemy of the friend of the parent of Elizabeth""?",the enemy of the friend of the parent of Elizabeth,w(s(k(v))),h;;q;;s;;t;;v;;y,Amber = h      the friend of Christina = s(y)  ;;Bryan = t      the friend of Amber = s(h)      ;;Christina = y  the enemy of Dana = w(s)        ;;Dana = s       the enemy of Bryan = w(t)       ;;Elizabeth = v  the parent of Elizabeth = k(v)  ;;Felicia = q    the child of Felicia = t(q)     ,87,27
4,R,SemanticApproach.INTENSIONAL,Representation.ABSTRACT,0_R_cfe0,English phrases can be translated into formulae. Use the following translations to answer the question.;;;;,";;;;Here is an example of how to get a formula for a phrase.;;What is the formula for ""the enemy of the parent of Amber""?;;;;Here are the steps to arrive at the answer:;;1. the parent of Amber = k(h);;2. the enemy of the parent of Amber = w(k(h));;;;So the answer is w(k(h));;;;What is the formula for ""the child of the friend of the enemy of Christina""?",the child of the friend of the enemy of Christina,t(s(w(y))),h;;q;;s;;t;;v;;y,Amber = h      the friend of Christina = s(y)  ;;Bryan = t      the friend of Amber = s(h)      ;;Christina = y  the enemy of Dana = w(s)        ;;Dana = s       the enemy of Bryan = w(t)       ;;Elizabeth = v  the parent of Elizabeth = k(v)  ;;Felicia = q    the child of Felicia = t(q)     ,62,28
4,R,SemanticApproach.INTENSIONAL,Representation.ABSTRACT,0_R_eef4,English phrases can be translated into formulae. Use the following translations to answer the question.;;;;,";;;;Here is an example of how to get a formula for a phrase.;;What is the formula for ""the enemy of the parent of Amber""?;;;;Here are the steps to arrive at the answer:;;1. the parent of Amber = k(h);;2. the enemy of the parent of Amber = w(k(h));;;;So the answer is w(k(h));;;;What is the formula for ""the enemy of the enemy of the friend of Elizabeth""?",the enemy of the enemy of the friend of Elizabeth,w(w(s(v))),h;;q;;s;;t;;v;;y,Amber = h      the friend of Christina = s(y)  ;;Bryan = t      the friend of Amber = s(h)      ;;Christina = y  the enemy of Dana = w(s)        ;;Dana = s       the enemy of Bryan = w(t)       ;;Elizabeth = v  the parent of Elizabeth = k(v)  ;;Felicia = q    the child of Felicia = t(q)     ,82,29
4,R,SemanticApproach.INTENSIONAL,Representation.ABSTRACT,0_R_ecf5,English phrases can be translated into formulae. Use the following translations to answer the question.;;;;,";;;;Here is an example of how to get a formula for a phrase.;;What is the formula for ""the enemy of the parent of Amber""?;;;;Here are the steps to arrive at the answer:;;1. the parent of Amber = k(h);;2. the enemy of the parent of Amber = w(k(h));;;;So the answer is w(k(h));;;;What is the formula for ""the enemy of the child of the friend of Felicia""?",the enemy of the child of the friend of Felicia,w(t(s(q))),h;;q;;s;;t;;v;;y,Amber = h      the friend of Christina = s(y)  ;;Bryan = t      the friend of Amber = s(h)      ;;Christina = y  the enemy of Dana = w(s)        ;;Dana = s       the enemy of Bryan = w(t)       ;;Elizabeth = v  the parent of Elizabeth = k(v)  ;;Felicia = q    the child of Felicia = t(q)     ,92,30
4,R,SemanticApproach.INTENSIONAL,Representation.ABSTRACT,0_R_fec0,English phrases can be translated into formulae. Use the following translations to answer the question.;;;;,";;;;Here is an example of how to get a formula for a phrase.;;What is the formula for ""the enemy of the parent of Amber""?;;;;Here are the steps to arrive at the answer:;;1. the parent of Amber = k(h);;2. the enemy of the parent of Amber = w(k(h));;;;So the answer is w(k(h));;;;What is the formula for ""the friend of the enemy of the child of Christina""?",the friend of the enemy of the child of Christina,s(w(t(y))),h;;q;;s;;t;;v;;y,Amber = h      the friend of Christina = s(y)  ;;Bryan = t      the friend of Amber = s(h)      ;;Christina = y  the enemy of Dana = w(s)        ;;Dana = s       the enemy of Bryan = w(t)       ;;Elizabeth = v  the parent of Elizabeth = k(v)  ;;Felicia = q    the child of Felicia = t(q)     ,64,31
4,R,SemanticApproach.INTENSIONAL,Representation.ABSTRACT,0_R_cef4,English phrases can be translated into formulae. Use the following translations to answer the question.;;;;,";;;;Here is an example of how to get a formula for a phrase.;;What is the formula for ""the enemy of the parent of Amber""?;;;;Here are the steps to arrive at the answer:;;1. the parent of Amber = k(h);;2. the enemy of the parent of Amber = w(k(h));;;;So the answer is w(k(h));;;;What is the formula for ""the child of the enemy of the friend of Elizabeth""?",the child of the enemy of the friend of Elizabeth,t(w(s(v))),h;;q;;s;;t;;v;;y,Amber = h      the friend of Christina = s(y)  ;;Bryan = t      the friend of Amber = s(h)      ;;Christina = y  the enemy of Dana = w(s)        ;;Dana = s       the enemy of Bryan = w(t)       ;;Elizabeth = v  the parent of Elizabeth = k(v)  ;;Felicia = q    the child of Felicia = t(q)     ,83,32
4,R,SemanticApproach.INTENSIONAL,Representation.ABSTRACT,0_R_fcf5,English phrases can be translated into formulae. Use the following translations to answer the question.;;;;,";;;;Here is an example of how to get a formula for a phrase.;;What is the formula for ""the enemy of the parent of Amber""?;;;;Here are the steps to arrive at the answer:;;1. the parent of Amber = k(h);;2. the enemy of the parent of Amber = w(k(h));;;;So the answer is w(k(h));;;;What is the formula for ""the friend of the child of the friend of Felicia""?",the friend of the child of the friend of Felicia,s(t(s(q))),h;;q;;s;;t;;v;;y,Amber = h      the friend of Christina = s(y)  ;;Bryan = t      the friend of Amber = s(h)      ;;Christina = y  the enemy of Dana = w(s)        ;;Dana = s       the enemy of Bryan = w(t)       ;;Elizabeth = v  the parent of Elizabeth = k(v)  ;;Felicia = q    the child of Felicia = t(q)     ,91,33
4,R,SemanticApproach.INTENSIONAL,Representation.ABSTRACT,0_R_fff5,English phrases can be translated into formulae. Use the following translations to answer the question.;;;;,";;;;Here is an example of how to get a formula for a phrase.;;What is the formula for ""the enemy of the parent of Amber""?;;;;Here are the steps to arrive at the answer:;;1. the parent of Amber = k(h);;2. the enemy of the parent of Amber = w(k(h));;;;So the answer is w(k(h));;;;What is the formula for ""the friend of the friend of the friend of Felicia""?",the friend of the friend of the friend of Felicia,s(s(s(q))),h;;q;;s;;t;;v;;y,Amber = h      the friend of Christina = s(y)  ;;Bryan = t      the friend of Amber = s(h)      ;;Christina = y  the enemy of Dana = w(s)        ;;Dana = s       the enemy of Bryan = w(t)       ;;Elizabeth = v  the parent of Elizabeth = k(v)  ;;Felicia = q    the child of Felicia = t(q)     ,90,34
4,R,SemanticApproach.INTENSIONAL,Representation.ABSTRACT,0_R_epe1,English phrases can be translated into formulae. Use the following translations to answer the question.;;;;,";;;;Here is an example of how to get a formula for a phrase.;;What is the formula for ""the enemy of the parent of Amber""?;;;;Here are the steps to arrive at the answer:;;1. the parent of Amber = k(h);;2. the enemy of the parent of Amber = w(k(h));;;;So the answer is w(k(h));;;;What is the formula for ""the enemy of the parent of the enemy of Amber""?",the enemy of the parent of the enemy of Amber,w(k(w(h))),h;;q;;s;;t;;v;;y,Amber = h      the friend of Christina = s(y)  ;;Bryan = t      the friend of Amber = s(h)      ;;Christina = y  the enemy of Dana = w(s)        ;;Dana = s       the enemy of Bryan = w(t)       ;;Elizabeth = v  the parent of Elizabeth = k(v)  ;;Felicia = q    the child of Felicia = t(q)     ,67,35
4,R,SemanticApproach.INTENSIONAL,Representation.ABSTRACT,0_R_eff1,English phrases can be translated into formulae. Use the following translations to answer the question.;;;;,";;;;Here is an example of how to get a formula for a phrase.;;What is the formula for ""the enemy of the parent of Amber""?;;;;Here are the steps to arrive at the answer:;;1. the parent of Amber = k(h);;2. the enemy of the parent of Amber = w(k(h));;;;So the answer is w(k(h));;;;What is the formula for ""the enemy of the friend of the friend of Amber""?",the enemy of the friend of the friend of Amber,w(s(s(h))),h;;q;;s;;t;;v;;y,Amber = h      the friend of Christina = s(y)  ;;Bryan = t      the friend of Amber = s(h)      ;;Christina = y  the enemy of Dana = w(s)        ;;Dana = s       the enemy of Bryan = w(t)       ;;Elizabeth = v  the parent of Elizabeth = k(v)  ;;Felicia = q    the child of Felicia = t(q)     ,65,36
4,R,SemanticApproach.INTENSIONAL,Representation.ABSTRACT,0_R_ffc3,English phrases can be translated into formulae. Use the following translations to answer the question.;;;;,";;;;Here is an example of how to get a formula for a phrase.;;What is the formula for ""the enemy of the parent of Amber""?;;;;Here are the steps to arrive at the answer:;;1. the parent of Amber = k(h);;2. the enemy of the parent of Amber = w(k(h));;;;So the answer is w(k(h));;;;What is the formula for ""the friend of the friend of the child of Bryan""?",the friend of the friend of the child of Bryan,s(s(t(t))),h;;q;;s;;t;;v;;y,Amber = h      the friend of Christina = s(y)  ;;Bryan = t      the friend of Amber = s(h)      ;;Christina = y  the enemy of Dana = w(s)        ;;Dana = s       the enemy of Bryan = w(t)       ;;Elizabeth = v  the parent of Elizabeth = k(v)  ;;Felicia = q    the child of Felicia = t(q)     ,78,37
4,R,SemanticApproach.INTENSIONAL,Representation.ABSTRACT,0_R_epe5,English phrases can be translated into formulae. Use the following translations to answer the question.;;;;,";;;;Here is an example of how to get a formula for a phrase.;;What is the formula for ""the enemy of the parent of Amber""?;;;;Here are the steps to arrive at the answer:;;1. the parent of Amber = k(h);;2. the enemy of the parent of Amber = w(k(h));;;;So the answer is w(k(h));;;;What is the formula for ""the enemy of the parent of the enemy of Felicia""?",the enemy of the parent of the enemy of Felicia,w(k(w(q))),h;;q;;s;;t;;v;;y,Amber = h      the friend of Christina = s(y)  ;;Bryan = t      the friend of Amber = s(h)      ;;Christina = y  the enemy of Dana = w(s)        ;;Dana = s       the enemy of Bryan = w(t)       ;;Elizabeth = v  the parent of Elizabeth = k(v)  ;;Felicia = q    the child of Felicia = t(q)     ,96,38
4,R,SemanticApproach.INTENSIONAL,Representation.ABSTRACT,0_R_pcf3,English phrases can be translated into formulae. Use the following translations to answer the question.;;;;,";;;;Here is an example of how to get a formula for a phrase.;;What is the formula for ""the enemy of the parent of Amber""?;;;;Here are the steps to arrive at the answer:;;1. the parent of Amber = k(h);;2. the enemy of the parent of Amber = w(k(h));;;;So the answer is w(k(h));;;;What is the formula for ""the parent of the child of the friend of Bryan""?",the parent of the child of the friend of Bryan,k(t(s(t))),h;;q;;s;;t;;v;;y,Amber = h      the friend of Christina = s(y)  ;;Bryan = t      the friend of Amber = s(h)      ;;Christina = y  the enemy of Dana = w(s)        ;;Dana = s       the enemy of Bryan = w(t)       ;;Elizabeth = v  the parent of Elizabeth = k(v)  ;;Felicia = q    the child of Felicia = t(q)     ,77,39
4,L,SemanticApproach.EXTENSIONAL,Representation.ENGLISH,0_L_pcp4,"Imagine there are six people: Amber, Bryan, Christina, Dana, Elizabeth and Felicia. They have the following relationships to each other:;;;;",;;Here is how to figure out the answer to the following question:;;Who is Amber's parent's enemy?;;;;Here are the steps to arrive at the answer:;;1. Amber's parent = Bryan;;2. Bryan's enemy = Christina;;;;So the answer is Christina;;;;Now answer the following question:;;Who is Elizabeth's parent's child's parent?,Elizabeth's parent's child's parent,Christina,Amber;;Bryan;;Christina;;Dana;;Elizabeth;;Felicia,Amber's enemy = Elizabeth  Amber's friend = Christina  Amber's parent = Bryan          Bryan's child = Amber          ;;Bryan's enemy = Christina  Bryan's friend = Felicia    Dana's parent = Felicia         Christina's child = Elizabeth  ;;Christina's enemy = Bryan  Christina's friend = Amber  Elizabeth's parent = Christina  Felicia's child = Dana         ;;Dana's enemy = Felicia     Dana's friend = Elizabeth   ;;Elizabeth's enemy = Amber  Elizabeth's friend = Dana   ;;Felicia's enemy = Dana     Felicia's friend = Bryan    ,189,0
4,L,SemanticApproach.EXTENSIONAL,Representation.ENGLISH,0_L_eef4,"Imagine there are six people: Amber, Bryan, Christina, Dana, Elizabeth and Felicia. They have the following relationships to each other:;;;;",;;Here is how to figure out the answer to the following question:;;Who is Amber's parent's enemy?;;;;Here are the steps to arrive at the answer:;;1. Amber's parent = Bryan;;2. Bryan's enemy = Christina;;;;So the answer is Christina;;;;Now answer the following question:;;Who is Elizabeth's friend's enemy's enemy?,Elizabeth's friend's enemy's enemy,Dana,Amber;;Bryan;;Christina;;Dana;;Elizabeth;;Felicia,Amber's enemy = Elizabeth  Amber's friend = Christina  Amber's parent = Bryan          Bryan's child = Amber          ;;Bryan's enemy = Christina  Bryan's friend = Felicia    Dana's parent = Felicia         Christina's child = Elizabeth  ;;Christina's enemy = Bryan  Christina's friend = Amber  Elizabeth's parent = Christina  Felicia's child = Dana         ;;Dana's enemy = Felicia     Dana's friend = Elizabeth   ;;Elizabeth's enemy = Amber  Elizabeth's friend = Dana   ;;Felicia's enemy = Dana     Felicia's friend = Bryan    ,182,1
4,L,SemanticApproach.EXTENSIONAL,Representation.ENGLISH,0_L_epe1,"Imagine there are six people: Amber, Bryan, Christina, Dana, Elizabeth and Felicia. They have the following relationships to each other:;;;;",;;Here is how to figure out the answer to the following question:;;Who is Amber's parent's enemy?;;;;Here are the steps to arrive at the answer:;;1. Amber's parent = Bryan;;2. Bryan's enemy = Christina;;;;So the answer is Christina;;;;Now answer the following question:;;Who is Amber's enemy's parent's enemy?,Amber's enemy's parent's enemy,Bryan,Amber;;Bryan;;Christina;;Dana;;Elizabeth;;Felicia,Amber's enemy = Elizabeth  Amber's friend = Christina  Amber's parent = Bryan          Bryan's child = Amber          ;;Bryan's enemy = Christina  Bryan's friend = Felicia    Dana's parent = Felicia         Christina's child = Elizabeth  ;;Christina's enemy = Bryan  Christina's friend = Amber  Elizabeth's parent = Christina  Felicia's child = Dana         ;;Dana's enemy = Felicia     Dana's friend = Elizabeth   ;;Elizabeth's enemy = Amber  Elizabeth's friend = Dana   ;;Felicia's enemy = Dana     Felicia's friend = Bryan    ,167,2
4,L,SemanticApproach.EXTENSIONAL,Representation.ENGLISH,0_L_eee5,"Imagine there are six people: Amber, Bryan, Christina, Dana, Elizabeth and Felicia. They have the following relationships to each other:;;;;",;;Here is how to figure out the answer to the following question:;;Who is Amber's parent's enemy?;;;;Here are the steps to arrive at the answer:;;1. Amber's parent = Bryan;;2. Bryan's enemy = Christina;;;;So the answer is Christina;;;;Now answer the following question:;;Who is Felicia's enemy's enemy's enemy?,Felicia's enemy's enemy's enemy,Dana,Amber;;Bryan;;Christina;;Dana;;Elizabeth;;Felicia,Amber's enemy = Elizabeth  Amber's friend = Christina  Amber's parent = Bryan          Bryan's child = Amber          ;;Bryan's enemy = Christina  Bryan's friend = Felicia    Dana's parent = Felicia         Christina's child = Elizabeth  ;;Christina's enemy = Bryan  Christina's friend = Amber  Elizabeth's parent = Christina  Felicia's child = Dana         ;;Dana's enemy = Felicia     Dana's friend = Elizabeth   ;;Elizabeth's enemy = Amber  Elizabeth's friend = Dana   ;;Felicia's enemy = Dana     Felicia's friend = Bryan    ,195,3
4,L,SemanticApproach.EXTENSIONAL,Representation.ENGLISH,0_L_pce2,"Imagine there are six people: Amber, Bryan, Christina, Dana, Elizabeth and Felicia. They have the following relationships to each other:;;;;",;;Here is how to figure out the answer to the following question:;;Who is Amber's parent's enemy?;;;;Here are the steps to arrive at the answer:;;1. Amber's parent = Bryan;;2. Bryan's enemy = Christina;;;;So the answer is Christina;;;;Now answer the following question:;;Who is Dana's enemy's child's parent?,Dana's enemy's child's parent,Felicia,Amber;;Bryan;;Christina;;Dana;;Elizabeth;;Felicia,Amber's enemy = Elizabeth  Amber's friend = Christina  Amber's parent = Bryan          Bryan's child = Amber          ;;Bryan's enemy = Christina  Bryan's friend = Felicia    Dana's parent = Felicia         Christina's child = Elizabeth  ;;Christina's enemy = Bryan  Christina's friend = Amber  Elizabeth's parent = Christina  Felicia's child = Dana         ;;Dana's enemy = Felicia     Dana's friend = Elizabeth   ;;Elizabeth's enemy = Amber  Elizabeth's friend = Dana   ;;Felicia's enemy = Dana     Felicia's friend = Bryan    ,172,4
4,L,SemanticApproach.EXTENSIONAL,Representation.ENGLISH,0_L_ecp4,"Imagine there are six people: Amber, Bryan, Christina, Dana, Elizabeth and Felicia. They have the following relationships to each other:;;;;",;;Here is how to figure out the answer to the following question:;;Who is Amber's parent's enemy?;;;;Here are the steps to arrive at the answer:;;1. Amber's parent = Bryan;;2. Bryan's enemy = Christina;;;;So the answer is Christina;;;;Now answer the following question:;;Who is Elizabeth's parent's child's enemy?,Elizabeth's parent's child's enemy,Amber,Amber;;Bryan;;Christina;;Dana;;Elizabeth;;Felicia,Amber's enemy = Elizabeth  Amber's friend = Christina  Amber's parent = Bryan          Bryan's child = Amber          ;;Bryan's enemy = Christina  Bryan's friend = Felicia    Dana's parent = Felicia         Christina's child = Elizabeth  ;;Christina's enemy = Bryan  Christina's friend = Amber  Elizabeth's parent = Christina  Felicia's child = Dana         ;;Dana's enemy = Felicia     Dana's friend = Elizabeth   ;;Elizabeth's enemy = Amber  Elizabeth's friend = Dana   ;;Felicia's enemy = Dana     Felicia's friend = Bryan    ,188,5
4,L,SemanticApproach.EXTENSIONAL,Representation.ENGLISH,0_L_epe5,"Imagine there are six people: Amber, Bryan, Christina, Dana, Elizabeth and Felicia. They have the following relationships to each other:;;;;",;;Here is how to figure out the answer to the following question:;;Who is Amber's parent's enemy?;;;;Here are the steps to arrive at the answer:;;1. Amber's parent = Bryan;;2. Bryan's enemy = Christina;;;;So the answer is Christina;;;;Now answer the following question:;;Who is Felicia's enemy's parent's enemy?,Felicia's enemy's parent's enemy,Dana,Amber;;Bryan;;Christina;;Dana;;Elizabeth;;Felicia,Amber's enemy = Elizabeth  Amber's friend = Christina  Amber's parent = Bryan          Bryan's child = Amber          ;;Bryan's enemy = Christina  Bryan's friend = Felicia    Dana's parent = Felicia         Christina's child = Elizabeth  ;;Christina's enemy = Bryan  Christina's friend = Amber  Elizabeth's parent = Christina  Felicia's child = Dana         ;;Dana's enemy = Felicia     Dana's friend = Elizabeth   ;;Elizabeth's enemy = Amber  Elizabeth's friend = Dana   ;;Felicia's enemy = Dana     Felicia's friend = Bryan    ,196,6
4,L,SemanticApproach.EXTENSIONAL,Representation.ENGLISH,0_L_cef1,"Imagine there are six people: Amber, Bryan, Christina, Dana, Elizabeth and Felicia. They have the following relationships to each other:;;;;",;;Here is how to figure out the answer to the following question:;;Who is Amber's parent's enemy?;;;;Here are the steps to arrive at the answer:;;1. Amber's parent = Bryan;;2. Bryan's enemy = Christina;;;;So the answer is Christina;;;;Now answer the following question:;;Who is Amber's friend's enemy's child?,Amber's friend's enemy's child,Amber,Amber;;Bryan;;Christina;;Dana;;Elizabeth;;Felicia,Amber's enemy = Elizabeth  Amber's friend = Christina  Amber's parent = Bryan          Bryan's child = Amber          ;;Bryan's enemy = Christina  Bryan's friend = Felicia    Dana's parent = Felicia         Christina's child = Elizabeth  ;;Christina's enemy = Bryan  Christina's friend = Amber  Elizabeth's parent = Christina  Felicia's child = Dana         ;;Dana's enemy = Felicia     Dana's friend = Elizabeth   ;;Elizabeth's enemy = Amber  Elizabeth's friend = Dana   ;;Felicia's enemy = Dana     Felicia's friend = Bryan    ,166,7
4,L,SemanticApproach.EXTENSIONAL,Representation.ENGLISH,0_L_ffe4,"Imagine there are six people: Amber, Bryan, Christina, Dana, Elizabeth and Felicia. They have the following relationships to each other:;;;;",;;Here is how to figure out the answer to the following question:;;Who is Amber's parent's enemy?;;;;Here are the steps to arrive at the answer:;;1. Amber's parent = Bryan;;2. Bryan's enemy = Christina;;;;So the answer is Christina;;;;Now answer the following question:;;Who is Elizabeth's enemy's friend's friend?,Elizabeth's enemy's friend's friend,Amber,Amber;;Bryan;;Christina;;Dana;;Elizabeth;;Felicia,Amber's enemy = Elizabeth  Amber's friend = Christina  Amber's parent = Bryan          Bryan's child = Amber          ;;Bryan's enemy = Christina  Bryan's friend = Felicia    Dana's parent = Felicia         Christina's child = Elizabeth  ;;Christina's enemy = Bryan  Christina's friend = Amber  Elizabeth's parent = Christina  Felicia's child = Dana         ;;Dana's enemy = Felicia     Dana's friend = Elizabeth   ;;Elizabeth's enemy = Amber  Elizabeth's friend = Dana   ;;Felicia's enemy = Dana     Felicia's friend = Bryan    ,185,8
4,L,SemanticApproach.EXTENSIONAL,Representation.ENGLISH,0_L_efe5,"Imagine there are six people: Amber, Bryan, Christina, Dana, Elizabeth and Felicia. They have the following relationships to each other:;;;;",;;Here is how to figure out the answer to the following question:;;Who is Amber's parent's enemy?;;;;Here are the steps to arrive at the answer:;;1. Amber's parent = Bryan;;2. Bryan's enemy = Christina;;;;So the answer is Christina;;;;Now answer the following question:;;Who is Felicia's enemy's friend's enemy?,Felicia's enemy's friend's enemy,Amber,Amber;;Bryan;;Christina;;Dana;;Elizabeth;;Felicia,Amber's enemy = Elizabeth  Amber's friend = Christina  Amber's parent = Bryan          Bryan's child = Amber          ;;Bryan's enemy = Christina  Bryan's friend = Felicia    Dana's parent = Felicia         Christina's child = Elizabeth  ;;Christina's enemy = Bryan  Christina's friend = Amber  Elizabeth's parent = Christina  Felicia's child = Dana         ;;Dana's enemy = Felicia     Dana's friend = Elizabeth   ;;Elizabeth's enemy = Amber  Elizabeth's friend = Dana   ;;Felicia's enemy = Dana     Felicia's friend = Bryan    ,193,9
4,L,SemanticApproach.EXTENSIONAL,Representation.ENGLISH,0_L_cpf2,"Imagine there are six people: Amber, Bryan, Christina, Dana, Elizabeth and Felicia. They have the following relationships to each other:;;;;",;;Here is how to figure out the answer to the following question:;;Who is Amber's parent's enemy?;;;;Here are the steps to arrive at the answer:;;1. Amber's parent = Bryan;;2. Bryan's enemy = Christina;;;;So the answer is Christina;;;;Now answer the following question:;;Who is Dana's friend's parent's child?,Dana's friend's parent's child,Elizabeth,Amber;;Bryan;;Christina;;Dana;;Elizabeth;;Felicia,Amber's enemy = Elizabeth  Amber's friend = Christina  Amber's parent = Bryan          Bryan's child = Amber          ;;Bryan's enemy = Christina  Bryan's friend = Felicia    Dana's parent = Felicia         Christina's child = Elizabeth  ;;Christina's enemy = Bryan  Christina's friend = Amber  Elizabeth's parent = Christina  Felicia's child = Dana         ;;Dana's enemy = Felicia     Dana's friend = Elizabeth   ;;Elizabeth's enemy = Amber  Elizabeth's friend = Dana   ;;Felicia's enemy = Dana     Felicia's friend = Bryan    ,169,10
4,L,SemanticApproach.EXTENSIONAL,Representation.ENGLISH,0_L_ffc3,"Imagine there are six people: Amber, Bryan, Christina, Dana, Elizabeth and Felicia. They have the following relationships to each other:;;;;",;;Here is how to figure out the answer to the following question:;;Who is Amber's parent's enemy?;;;;Here are the steps to arrive at the answer:;;1. Amber's parent = Bryan;;2. Bryan's enemy = Christina;;;;So the answer is Christina;;;;Now answer the following question:;;Who is Bryan's child's friend's friend?,Bryan's child's friend's friend,Amber,Amber;;Bryan;;Christina;;Dana;;Elizabeth;;Felicia,Amber's enemy = Elizabeth  Amber's friend = Christina  Amber's parent = Bryan          Bryan's child = Amber          ;;Bryan's enemy = Christina  Bryan's friend = Felicia    Dana's parent = Felicia         Christina's child = Elizabeth  ;;Christina's enemy = Bryan  Christina's friend = Amber  Elizabeth's parent = Christina  Felicia's child = Dana         ;;Dana's enemy = Felicia     Dana's friend = Elizabeth   ;;Elizabeth's enemy = Amber  Elizabeth's friend = Dana   ;;Felicia's enemy = Dana     Felicia's friend = Bryan    ,178,11
4,L,SemanticApproach.EXTENSIONAL,Representation.ENGLISH,0_L_eff1,"Imagine there are six people: Amber, Bryan, Christina, Dana, Elizabeth and Felicia. They have the following relationships to each other:;;;;",;;Here is how to figure out the answer to the following question:;;Who is Amber's parent's enemy?;;;;Here are the steps to arrive at the answer:;;1. Amber's parent = Bryan;;2. Bryan's enemy = Christina;;;;So the answer is Christina;;;;Now answer the following question:;;Who is Amber's friend's friend's enemy?,Amber's friend's friend's enemy,Elizabeth,Amber;;Bryan;;Christina;;Dana;;Elizabeth;;Felicia,Amber's enemy = Elizabeth  Amber's friend = Christina  Amber's parent = Bryan          Bryan's child = Amber          ;;Bryan's enemy = Christina  Bryan's friend = Felicia    Dana's parent = Felicia         Christina's child = Elizabeth  ;;Christina's enemy = Bryan  Christina's friend = Amber  Elizabeth's parent = Christina  Felicia's child = Dana         ;;Dana's enemy = Felicia     Dana's friend = Elizabeth   ;;Elizabeth's enemy = Amber  Elizabeth's friend = Dana   ;;Felicia's enemy = Dana     Felicia's friend = Bryan    ,165,12
4,L,SemanticApproach.EXTENSIONAL,Representation.ENGLISH,0_L_pcp2,"Imagine there are six people: Amber, Bryan, Christina, Dana, Elizabeth and Felicia. They have the following relationships to each other:;;;;",;;Here is how to figure out the answer to the following question:;;Who is Amber's parent's enemy?;;;;Here are the steps to arrive at the answer:;;1. Amber's parent = Bryan;;2. Bryan's enemy = Christina;;;;So the answer is Christina;;;;Now answer the following question:;;Who is Dana's parent's child's parent?,Dana's parent's child's parent,Felicia,Amber;;Bryan;;Christina;;Dana;;Elizabeth;;Felicia,Amber's enemy = Elizabeth  Amber's friend = Christina  Amber's parent = Bryan          Bryan's child = Amber          ;;Bryan's enemy = Christina  Bryan's friend = Felicia    Dana's parent = Felicia         Christina's child = Elizabeth  ;;Christina's enemy = Bryan  Christina's friend = Amber  Elizabeth's parent = Christina  Felicia's child = Dana         ;;Dana's enemy = Felicia     Dana's friend = Elizabeth   ;;Elizabeth's enemy = Amber  Elizabeth's friend = Dana   ;;Felicia's enemy = Dana     Felicia's friend = Bryan    ,175,13
4,L,SemanticApproach.EXTENSIONAL,Representation.ENGLISH,0_L_fee5,"Imagine there are six people: Amber, Bryan, Christina, Dana, Elizabeth and Felicia. They have the following relationships to each other:;;;;",;;Here is how to figure out the answer to the following question:;;Who is Amber's parent's enemy?;;;;Here are the steps to arrive at the answer:;;1. Amber's parent = Bryan;;2. Bryan's enemy = Christina;;;;So the answer is Christina;;;;Now answer the following question:;;Who is Felicia's enemy's enemy's friend?,Felicia's enemy's enemy's friend,Bryan,Amber;;Bryan;;Christina;;Dana;;Elizabeth;;Felicia,Amber's enemy = Elizabeth  Amber's friend = Christina  Amber's parent = Bryan          Bryan's child = Amber          ;;Bryan's enemy = Christina  Bryan's friend = Felicia    Dana's parent = Felicia         Christina's child = Elizabeth  ;;Christina's enemy = Bryan  Christina's friend = Amber  Elizabeth's parent = Christina  Felicia's child = Dana         ;;Dana's enemy = Felicia     Dana's friend = Elizabeth   ;;Elizabeth's enemy = Amber  Elizabeth's friend = Dana   ;;Felicia's enemy = Dana     Felicia's friend = Bryan    ,194,14
4,L,SemanticApproach.EXTENSIONAL,Representation.ENGLISH,0_L_ecf5,"Imagine there are six people: Amber, Bryan, Christina, Dana, Elizabeth and Felicia. They have the following relationships to each other:;;;;",;;Here is how to figure out the answer to the following question:;;Who is Amber's parent's enemy?;;;;Here are the steps to arrive at the answer:;;1. Amber's parent = Bryan;;2. Bryan's enemy = Christina;;;;So the answer is Christina;;;;Now answer the following question:;;Who is Felicia's friend's child's enemy?,Felicia's friend's child's enemy,Elizabeth,Amber;;Bryan;;Christina;;Dana;;Elizabeth;;Felicia,Amber's enemy = Elizabeth  Amber's friend = Christina  Amber's parent = Bryan          Bryan's child = Amber          ;;Bryan's enemy = Christina  Bryan's friend = Felicia    Dana's parent = Felicia         Christina's child = Elizabeth  ;;Christina's enemy = Bryan  Christina's friend = Amber  Elizabeth's parent = Christina  Felicia's child = Dana         ;;Dana's enemy = Felicia     Dana's friend = Elizabeth   ;;Elizabeth's enemy = Amber  Elizabeth's friend = Dana   ;;Felicia's enemy = Dana     Felicia's friend = Bryan    ,192,15
4,L,SemanticApproach.EXTENSIONAL,Representation.ENGLISH,0_L_ffp4,"Imagine there are six people: Amber, Bryan, Christina, Dana, Elizabeth and Felicia. They have the following relationships to each other:;;;;",;;Here is how to figure out the answer to the following question:;;Who is Amber's parent's enemy?;;;;Here are the steps to arrive at the answer:;;1. Amber's parent = Bryan;;2. Bryan's enemy = Christina;;;;So the answer is Christina;;;;Now answer the following question:;;Who is Elizabeth's parent's friend's friend?,Elizabeth's parent's friend's friend,Christina,Amber;;Bryan;;Christina;;Dana;;Elizabeth;;Felicia,Amber's enemy = Elizabeth  Amber's friend = Christina  Amber's parent = Bryan          Bryan's child = Amber          ;;Bryan's enemy = Christina  Bryan's friend = Felicia    Dana's parent = Felicia         Christina's child = Elizabeth  ;;Christina's enemy = Bryan  Christina's friend = Amber  Elizabeth's parent = Christina  Felicia's child = Dana         ;;Dana's enemy = Felicia     Dana's friend = Elizabeth   ;;Elizabeth's enemy = Amber  Elizabeth's friend = Dana   ;;Felicia's enemy = Dana     Felicia's friend = Bryan    ,186,16
4,L,SemanticApproach.EXTENSIONAL,Representation.ENGLISH,0_L_cpf4,"Imagine there are six people: Amber, Bryan, Christina, Dana, Elizabeth and Felicia. They have the following relationships to each other:;;;;",;;Here is how to figure out the answer to the following question:;;Who is Amber's parent's enemy?;;;;Here are the steps to arrive at the answer:;;1. Amber's parent = Bryan;;2. Bryan's enemy = Christina;;;;So the answer is Christina;;;;Now answer the following question:;;Who is Elizabeth's friend's parent's child?,Elizabeth's friend's parent's child,Dana,Amber;;Bryan;;Christina;;Dana;;Elizabeth;;Felicia,Amber's enemy = Elizabeth  Amber's friend = Christina  Amber's parent = Bryan          Bryan's child = Amber          ;;Bryan's enemy = Christina  Bryan's friend = Felicia    Dana's parent = Felicia         Christina's child = Elizabeth  ;;Christina's enemy = Bryan  Christina's friend = Amber  Elizabeth's parent = Christina  Felicia's child = Dana         ;;Dana's enemy = Felicia     Dana's friend = Elizabeth   ;;Elizabeth's enemy = Amber  Elizabeth's friend = Dana   ;;Felicia's enemy = Dana     Felicia's friend = Bryan    ,184,17
4,L,SemanticApproach.EXTENSIONAL,Representation.ENGLISH,0_L_efp4,"Imagine there are six people: Amber, Bryan, Christina, Dana, Elizabeth and Felicia. They have the following relationships to each other:;;;;",;;Here is how to figure out the answer to the following question:;;Who is Amber's parent's enemy?;;;;Here are the steps to arrive at the answer:;;1. Amber's parent = Bryan;;2. Bryan's enemy = Christina;;;;So the answer is Christina;;;;Now answer the following question:;;Who is Elizabeth's parent's friend's enemy?,Elizabeth's parent's friend's enemy,Elizabeth,Amber;;Bryan;;Christina;;Dana;;Elizabeth;;Felicia,Amber's enemy = Elizabeth  Amber's friend = Christina  Amber's parent = Bryan          Bryan's child = Amber          ;;Bryan's enemy = Christina  Bryan's friend = Felicia    Dana's parent = Felicia         Christina's child = Elizabeth  ;;Christina's enemy = Bryan  Christina's friend = Amber  Elizabeth's parent = Christina  Felicia's child = Dana         ;;Dana's enemy = Felicia     Dana's friend = Elizabeth   ;;Elizabeth's enemy = Amber  Elizabeth's friend = Dana   ;;Felicia's enemy = Dana     Felicia's friend = Bryan    ,187,18
4,L,SemanticApproach.EXTENSIONAL,Representation.ENGLISH,0_L_fce2,"Imagine there are six people: Amber, Bryan, Christina, Dana, Elizabeth and Felicia. They have the following relationships to each other:;;;;",;;Here is how to figure out the answer to the following question:;;Who is Amber's parent's enemy?;;;;Here are the steps to arrive at the answer:;;1. Amber's parent = Bryan;;2. Bryan's enemy = Christina;;;;So the answer is Christina;;;;Now answer the following question:;;Who is Dana's enemy's child's friend?,Dana's enemy's child's friend,Elizabeth,Amber;;Bryan;;Christina;;Dana;;Elizabeth;;Felicia,Amber's enemy = Elizabeth  Amber's friend = Christina  Amber's parent = Bryan          Bryan's child = Amber          ;;Bryan's enemy = Christina  Bryan's friend = Felicia    Dana's parent = Felicia         Christina's child = Elizabeth  ;;Christina's enemy = Bryan  Christina's friend = Amber  Elizabeth's parent = Christina  Felicia's child = Dana         ;;Dana's enemy = Felicia     Dana's friend = Elizabeth   ;;Elizabeth's enemy = Amber  Elizabeth's friend = Dana   ;;Felicia's enemy = Dana     Felicia's friend = Bryan    ,171,19
4,L,SemanticApproach.EXTENSIONAL,Representation.ENGLISH,0_L_fef4,"Imagine there are six people: Amber, Bryan, Christina, Dana, Elizabeth and Felicia. They have the following relationships to each other:;;;;",;;Here is how to figure out the answer to the following question:;;Who is Amber's parent's enemy?;;;;Here are the steps to arrive at the answer:;;1. Amber's parent = Bryan;;2. Bryan's enemy = Christina;;;;So the answer is Christina;;;;Now answer the following question:;;Who is Elizabeth's friend's enemy's friend?,Elizabeth's friend's enemy's friend,Bryan,Amber;;Bryan;;Christina;;Dana;;Elizabeth;;Felicia,Amber's enemy = Elizabeth  Amber's friend = Christina  Amber's parent = Bryan          Bryan's child = Amber          ;;Bryan's enemy = Christina  Bryan's friend = Felicia    Dana's parent = Felicia         Christina's child = Elizabeth  ;;Christina's enemy = Bryan  Christina's friend = Amber  Elizabeth's parent = Christina  Felicia's child = Dana         ;;Dana's enemy = Felicia     Dana's friend = Elizabeth   ;;Elizabeth's enemy = Amber  Elizabeth's friend = Dana   ;;Felicia's enemy = Dana     Felicia's friend = Bryan    ,181,20
4,L,SemanticApproach.EXTENSIONAL,Representation.ENGLISH,0_L_pec3,"Imagine there are six people: Amber, Bryan, Christina, Dana, Elizabeth and Felicia. They have the following relationships to each other:;;;;",;;Here is how to figure out the answer to the following question:;;Who is Amber's parent's enemy?;;;;Here are the steps to arrive at the answer:;;1. Amber's parent = Bryan;;2. Bryan's enemy = Christina;;;;So the answer is Christina;;;;Now answer the following question:;;Who is Bryan's child's enemy's parent?,Bryan's child's enemy's parent,Christina,Amber;;Bryan;;Christina;;Dana;;Elizabeth;;Felicia,Amber's enemy = Elizabeth  Amber's friend = Christina  Amber's parent = Bryan          Bryan's child = Amber          ;;Bryan's enemy = Christina  Bryan's friend = Felicia    Dana's parent = Felicia         Christina's child = Elizabeth  ;;Christina's enemy = Bryan  Christina's friend = Amber  Elizabeth's parent = Christina  Felicia's child = Dana         ;;Dana's enemy = Felicia     Dana's friend = Elizabeth   ;;Elizabeth's enemy = Amber  Elizabeth's friend = Dana   ;;Felicia's enemy = Dana     Felicia's friend = Bryan    ,180,21
4,L,SemanticApproach.EXTENSIONAL,Representation.ENGLISH,0_L_cfe0,"Imagine there are six people: Amber, Bryan, Christina, Dana, Elizabeth and Felicia. They have the following relationships to each other:;;;;",;;Here is how to figure out the answer to the following question:;;Who is Amber's parent's enemy?;;;;Here are the steps to arrive at the answer:;;1. Amber's parent = Bryan;;2. Bryan's enemy = Christina;;;;So the answer is Christina;;;;Now answer the following question:;;Who is Christina's enemy's friend's child?,Christina's enemy's friend's child,Dana,Amber;;Bryan;;Christina;;Dana;;Elizabeth;;Felicia,Amber's enemy = Elizabeth  Amber's friend = Christina  Amber's parent = Bryan          Bryan's child = Amber          ;;Bryan's enemy = Christina  Bryan's friend = Felicia    Dana's parent = Felicia         Christina's child = Elizabeth  ;;Christina's enemy = Bryan  Christina's friend = Amber  Elizabeth's parent = Christina  Felicia's child = Dana         ;;Dana's enemy = Felicia     Dana's friend = Elizabeth   ;;Elizabeth's enemy = Amber  Elizabeth's friend = Dana   ;;Felicia's enemy = Dana     Felicia's friend = Bryan    ,162,22
4,L,SemanticApproach.EXTENSIONAL,Representation.ENGLISH,0_L_pfc0,"Imagine there are six people: Amber, Bryan, Christina, Dana, Elizabeth and Felicia. They have the following relationships to each other:;;;;",;;Here is how to figure out the answer to the following question:;;Who is Amber's parent's enemy?;;;;Here are the steps to arrive at the answer:;;1. Amber's parent = Bryan;;2. Bryan's enemy = Christina;;;;So the answer is Christina;;;;Now answer the following question:;;Who is Christina's child's friend's parent?,Christina's child's friend's parent,Felicia,Amber;;Bryan;;Christina;;Dana;;Elizabeth;;Felicia,Amber's enemy = Elizabeth  Amber's friend = Christina  Amber's parent = Bryan          Bryan's child = Amber          ;;Bryan's enemy = Christina  Bryan's friend = Felicia    Dana's parent = Felicia         Christina's child = Elizabeth  ;;Christina's enemy = Bryan  Christina's friend = Amber  Elizabeth's parent = Christina  Felicia's child = Dana         ;;Dana's enemy = Felicia     Dana's friend = Elizabeth   ;;Elizabeth's enemy = Amber  Elizabeth's friend = Dana   ;;Felicia's enemy = Dana     Felicia's friend = Bryan    ,163,23
4,L,SemanticApproach.EXTENSIONAL,Representation.ENGLISH,0_L_pep2,"Imagine there are six people: Amber, Bryan, Christina, Dana, Elizabeth and Felicia. They have the following relationships to each other:;;;;",;;Here is how to figure out the answer to the following question:;;Who is Amber's parent's enemy?;;;;Here are the steps to arrive at the answer:;;1. Amber's parent = Bryan;;2. Bryan's enemy = Christina;;;;So the answer is Christina;;;;Now answer the following question:;;Who is Dana's parent's enemy's parent?,Dana's parent's enemy's parent,Felicia,Amber;;Bryan;;Christina;;Dana;;Elizabeth;;Felicia,Amber's enemy = Elizabeth  Amber's friend = Christina  Amber's parent = Bryan          Bryan's child = Amber          ;;Bryan's enemy = Christina  Bryan's friend = Felicia    Dana's parent = Felicia         Christina's child = Elizabeth  ;;Christina's enemy = Bryan  Christina's friend = Amber  Elizabeth's parent = Christina  Felicia's child = Dana         ;;Dana's enemy = Felicia     Dana's friend = Elizabeth   ;;Elizabeth's enemy = Amber  Elizabeth's friend = Dana   ;;Felicia's enemy = Dana     Felicia's friend = Bryan    ,174,24
4,L,SemanticApproach.EXTENSIONAL,Representation.ENGLISH,0_L_efe0,"Imagine there are six people: Amber, Bryan, Christina, Dana, Elizabeth and Felicia. They have the following relationships to each other:;;;;",;;Here is how to figure out the answer to the following question:;;Who is Amber's parent's enemy?;;;;Here are the steps to arrive at the answer:;;1. Amber's parent = Bryan;;2. Bryan's enemy = Christina;;;;So the answer is Christina;;;;Now answer the following question:;;Who is Christina's enemy's friend's enemy?,Christina's enemy's friend's enemy,Dana,Amber;;Bryan;;Christina;;Dana;;Elizabeth;;Felicia,Amber's enemy = Elizabeth  Amber's friend = Christina  Amber's parent = Bryan          Bryan's child = Amber          ;;Bryan's enemy = Christina  Bryan's friend = Felicia    Dana's parent = Felicia         Christina's child = Elizabeth  ;;Christina's enemy = Bryan  Christina's friend = Amber  Elizabeth's parent = Christina  Felicia's child = Dana         ;;Dana's enemy = Felicia     Dana's friend = Elizabeth   ;;Elizabeth's enemy = Amber  Elizabeth's friend = Dana   ;;Felicia's enemy = Dana     Felicia's friend = Bryan    ,161,25
4,L,SemanticApproach.EXTENSIONAL,Representation.ENGLISH,0_L_ffc5,"Imagine there are six people: Amber, Bryan, Christina, Dana, Elizabeth and Felicia. They have the following relationships to each other:;;;;",;;Here is how to figure out the answer to the following question:;;Who is Amber's parent's enemy?;;;;Here are the steps to arrive at the answer:;;1. Amber's parent = Bryan;;2. Bryan's enemy = Christina;;;;So the answer is Christina;;;;Now answer the following question:;;Who is Felicia's child's friend's friend?,Felicia's child's friend's friend,Dana,Amber;;Bryan;;Christina;;Dana;;Elizabeth;;Felicia,Amber's enemy = Elizabeth  Amber's friend = Christina  Amber's parent = Bryan          Bryan's child = Amber          ;;Bryan's enemy = Christina  Bryan's friend = Felicia    Dana's parent = Felicia         Christina's child = Elizabeth  ;;Christina's enemy = Bryan  Christina's friend = Amber  Elizabeth's parent = Christina  Felicia's child = Dana         ;;Dana's enemy = Felicia     Dana's friend = Elizabeth   ;;Elizabeth's enemy = Amber  Elizabeth's friend = Dana   ;;Felicia's enemy = Dana     Felicia's friend = Bryan    ,198,26
4,L,SemanticApproach.EXTENSIONAL,Representation.ENGLISH,0_L_eec3,"Imagine there are six people: Amber, Bryan, Christina, Dana, Elizabeth and Felicia. They have the following relationships to each other:;;;;",;;Here is how to figure out the answer to the following question:;;Who is Amber's parent's enemy?;;;;Here are the steps to arrive at the answer:;;1. Amber's parent = Bryan;;2. Bryan's enemy = Christina;;;;So the answer is Christina;;;;Now answer the following question:;;Who is Bryan's child's enemy's enemy?,Bryan's child's enemy's enemy,Amber,Amber;;Bryan;;Christina;;Dana;;Elizabeth;;Felicia,Amber's enemy = Elizabeth  Amber's friend = Christina  Amber's parent = Bryan          Bryan's child = Amber          ;;Bryan's enemy = Christina  Bryan's friend = Felicia    Dana's parent = Felicia         Christina's child = Elizabeth  ;;Christina's enemy = Bryan  Christina's friend = Amber  Elizabeth's parent = Christina  Felicia's child = Dana         ;;Dana's enemy = Felicia     Dana's friend = Elizabeth   ;;Elizabeth's enemy = Amber  Elizabeth's friend = Dana   ;;Felicia's enemy = Dana     Felicia's friend = Bryan    ,179,27
4,L,SemanticApproach.EXTENSIONAL,Representation.ENGLISH,0_L_cfp2,"Imagine there are six people: Amber, Bryan, Christina, Dana, Elizabeth and Felicia. They have the following relationships to each other:;;;;",;;Here is how to figure out the answer to the following question:;;Who is Amber's parent's enemy?;;;;Here are the steps to arrive at the answer:;;1. Amber's parent = Bryan;;2. Bryan's enemy = Christina;;;;So the answer is Christina;;;;Now answer the following question:;;Who is Dana's parent's friend's child?,Dana's parent's friend's child,Amber,Amber;;Bryan;;Christina;;Dana;;Elizabeth;;Felicia,Amber's enemy = Elizabeth  Amber's friend = Christina  Amber's parent = Bryan          Bryan's child = Amber          ;;Bryan's enemy = Christina  Bryan's friend = Felicia    Dana's parent = Felicia         Christina's child = Elizabeth  ;;Christina's enemy = Bryan  Christina's friend = Amber  Elizabeth's parent = Christina  Felicia's child = Dana         ;;Dana's enemy = Felicia     Dana's friend = Elizabeth   ;;Elizabeth's enemy = Amber  Elizabeth's friend = Dana   ;;Felicia's enemy = Dana     Felicia's friend = Bryan    ,173,28
4,L,SemanticApproach.EXTENSIONAL,Representation.ENGLISH,0_L_fcf5,"Imagine there are six people: Amber, Bryan, Christina, Dana, Elizabeth and Felicia. They have the following relationships to each other:;;;;",;;Here is how to figure out the answer to the following question:;;Who is Amber's parent's enemy?;;;;Here are the steps to arrive at the answer:;;1. Amber's parent = Bryan;;2. Bryan's enemy = Christina;;;;So the answer is Christina;;;;Now answer the following question:;;Who is Felicia's friend's child's friend?,Felicia's friend's child's friend,Christina,Amber;;Bryan;;Christina;;Dana;;Elizabeth;;Felicia,Amber's enemy = Elizabeth  Amber's friend = Christina  Amber's parent = Bryan          Bryan's child = Amber          ;;Bryan's enemy = Christina  Bryan's friend = Felicia    Dana's parent = Felicia         Christina's child = Elizabeth  ;;Christina's enemy = Bryan  Christina's friend = Amber  Elizabeth's parent = Christina  Felicia's child = Dana         ;;Dana's enemy = Felicia     Dana's friend = Elizabeth   ;;Elizabeth's enemy = Amber  Elizabeth's friend = Dana   ;;Felicia's enemy = Dana     Felicia's friend = Bryan    ,191,29
4,L,SemanticApproach.EXTENSIONAL,Representation.ENGLISH,0_L_cpe5,"Imagine there are six people: Amber, Bryan, Christina, Dana, Elizabeth and Felicia. They have the following relationships to each other:;;;;",;;Here is how to figure out the answer to the following question:;;Who is Amber's parent's enemy?;;;;Here are the steps to arrive at the answer:;;1. Amber's parent = Bryan;;2. Bryan's enemy = Christina;;;;So the answer is Christina;;;;Now answer the following question:;;Who is Felicia's enemy's parent's child?,Felicia's enemy's parent's child,Dana,Amber;;Bryan;;Christina;;Dana;;Elizabeth;;Felicia,Amber's enemy = Elizabeth  Amber's friend = Christina  Amber's parent = Bryan          Bryan's child = Amber          ;;Bryan's enemy = Christina  Bryan's friend = Felicia    Dana's parent = Felicia         Christina's child = Elizabeth  ;;Christina's enemy = Bryan  Christina's friend = Amber  Elizabeth's parent = Christina  Felicia's child = Dana         ;;Dana's enemy = Felicia     Dana's friend = Elizabeth   ;;Elizabeth's enemy = Amber  Elizabeth's friend = Dana   ;;Felicia's enemy = Dana     Felicia's friend = Bryan    ,197,30
4,L,SemanticApproach.EXTENSIONAL,Representation.ENGLISH,0_L_fec5,"Imagine there are six people: Amber, Bryan, Christina, Dana, Elizabeth and Felicia. They have the following relationships to each other:;;;;",;;Here is how to figure out the answer to the following question:;;Who is Amber's parent's enemy?;;;;Here are the steps to arrive at the answer:;;1. Amber's parent = Bryan;;2. Bryan's enemy = Christina;;;;So the answer is Christina;;;;Now answer the following question:;;Who is Felicia's child's enemy's friend?,Felicia's child's enemy's friend,Bryan,Amber;;Bryan;;Christina;;Dana;;Elizabeth;;Felicia,Amber's enemy = Elizabeth  Amber's friend = Christina  Amber's parent = Bryan          Bryan's child = Amber          ;;Bryan's enemy = Christina  Bryan's friend = Felicia    Dana's parent = Felicia         Christina's child = Elizabeth  ;;Christina's enemy = Bryan  Christina's friend = Amber  Elizabeth's parent = Christina  Felicia's child = Dana         ;;Dana's enemy = Felicia     Dana's friend = Elizabeth   ;;Elizabeth's enemy = Amber  Elizabeth's friend = Dana   ;;Felicia's enemy = Dana     Felicia's friend = Bryan    ,199,31
4,L,SemanticApproach.EXTENSIONAL,Representation.ENGLISH,0_L_ecf3,"Imagine there are six people: Amber, Bryan, Christina, Dana, Elizabeth and Felicia. They have the following relationships to each other:;;;;",;;Here is how to figure out the answer to the following question:;;Who is Amber's parent's enemy?;;;;Here are the steps to arrive at the answer:;;1. Amber's parent = Bryan;;2. Bryan's enemy = Christina;;;;So the answer is Christina;;;;Now answer the following question:;;Who is Bryan's friend's child's enemy?,Bryan's friend's child's enemy,Felicia,Amber;;Bryan;;Christina;;Dana;;Elizabeth;;Felicia,Amber's enemy = Elizabeth  Amber's friend = Christina  Amber's parent = Bryan          Bryan's child = Amber          ;;Bryan's enemy = Christina  Bryan's friend = Felicia    Dana's parent = Felicia         Christina's child = Elizabeth  ;;Christina's enemy = Bryan  Christina's friend = Amber  Elizabeth's parent = Christina  Felicia's child = Dana         ;;Dana's enemy = Felicia     Dana's friend = Elizabeth   ;;Elizabeth's enemy = Amber  Elizabeth's friend = Dana   ;;Felicia's enemy = Dana     Felicia's friend = Bryan    ,176,32
4,L,SemanticApproach.EXTENSIONAL,Representation.ENGLISH,0_L_pcf3,"Imagine there are six people: Amber, Bryan, Christina, Dana, Elizabeth and Felicia. They have the following relationships to each other:;;;;",;;Here is how to figure out the answer to the following question:;;Who is Amber's parent's enemy?;;;;Here are the steps to arrive at the answer:;;1. Amber's parent = Bryan;;2. Bryan's enemy = Christina;;;;So the answer is Christina;;;;Now answer the following question:;;Who is Bryan's friend's child's parent?,Bryan's friend's child's parent,Felicia,Amber;;Bryan;;Christina;;Dana;;Elizabeth;;Felicia,Amber's enemy = Elizabeth  Amber's friend = Christina  Amber's parent = Bryan          Bryan's child = Amber          ;;Bryan's enemy = Christina  Bryan's friend = Felicia    Dana's parent = Felicia         Christina's child = Elizabeth  ;;Christina's enemy = Bryan  Christina's friend = Amber  Elizabeth's parent = Christina  Felicia's child = Dana         ;;Dana's enemy = Felicia     Dana's friend = Elizabeth   ;;Elizabeth's enemy = Amber  Elizabeth's friend = Dana   ;;Felicia's enemy = Dana     Felicia's friend = Bryan    ,177,33
4,L,SemanticApproach.EXTENSIONAL,Representation.ENGLISH,0_L_cpc5,"Imagine there are six people: Amber, Bryan, Christina, Dana, Elizabeth and Felicia. They have the following relationships to each other:;;;;",;;Here is how to figure out the answer to the following question:;;Who is Amber's parent's enemy?;;;;Here are the steps to arrive at the answer:;;1. Amber's parent = Bryan;;2. Bryan's enemy = Christina;;;;So the answer is Christina;;;;Now answer the following question:;;Who is Felicia's child's parent's child?,Felicia's child's parent's child,Dana,Amber;;Bryan;;Christina;;Dana;;Elizabeth;;Felicia,Amber's enemy = Elizabeth  Amber's friend = Christina  Amber's parent = Bryan          Bryan's child = Amber          ;;Bryan's enemy = Christina  Bryan's friend = Felicia    Dana's parent = Felicia         Christina's child = Elizabeth  ;;Christina's enemy = Bryan  Christina's friend = Amber  Elizabeth's parent = Christina  Felicia's child = Dana         ;;Dana's enemy = Felicia     Dana's friend = Elizabeth   ;;Elizabeth's enemy = Amber  Elizabeth's friend = Dana   ;;Felicia's enemy = Dana     Felicia's friend = Bryan    ,200,34
4,L,SemanticApproach.EXTENSIONAL,Representation.ENGLISH,0_L_fff5,"Imagine there are six people: Amber, Bryan, Christina, Dana, Elizabeth and Felicia. They have the following relationships to each other:;;;;",;;Here is how to figure out the answer to the following question:;;Who is Amber's parent's enemy?;;;;Here are the steps to arrive at the answer:;;1. Amber's parent = Bryan;;2. Bryan's enemy = Christina;;;;So the answer is Christina;;;;Now answer the following question:;;Who is Felicia's friend's friend's friend?,Felicia's friend's friend's friend,Bryan,Amber;;Bryan;;Christina;;Dana;;Elizabeth;;Felicia,Amber's enemy = Elizabeth  Amber's friend = Christina  Amber's parent = Bryan          Bryan's child = Amber          ;;Bryan's enemy = Christina  Bryan's friend = Felicia    Dana's parent = Felicia         Christina's child = Elizabeth  ;;Christina's enemy = Bryan  Christina's friend = Amber  Elizabeth's parent = Christina  Felicia's child = Dana         ;;Dana's enemy = Felicia     Dana's friend = Elizabeth   ;;Elizabeth's enemy = Amber  Elizabeth's friend = Dana   ;;Felicia's enemy = Dana     Felicia's friend = Bryan    ,190,35
4,L,SemanticApproach.EXTENSIONAL,Representation.ENGLISH,0_L_epf2,"Imagine there are six people: Amber, Bryan, Christina, Dana, Elizabeth and Felicia. They have the following relationships to each other:;;;;",;;Here is how to figure out the answer to the following question:;;Who is Amber's parent's enemy?;;;;Here are the steps to arrive at the answer:;;1. Amber's parent = Bryan;;2. Bryan's enemy = Christina;;;;So the answer is Christina;;;;Now answer the following question:;;Who is Dana's friend's parent's enemy?,Dana's friend's parent's enemy,Bryan,Amber;;Bryan;;Christina;;Dana;;Elizabeth;;Felicia,Amber's enemy = Elizabeth  Amber's friend = Christina  Amber's parent = Bryan          Bryan's child = Amber          ;;Bryan's enemy = Christina  Bryan's friend = Felicia    Dana's parent = Felicia         Christina's child = Elizabeth  ;;Christina's enemy = Bryan  Christina's friend = Amber  Elizabeth's parent = Christina  Felicia's child = Dana         ;;Dana's enemy = Felicia     Dana's friend = Elizabeth   ;;Elizabeth's enemy = Amber  Elizabeth's friend = Dana   ;;Felicia's enemy = Dana     Felicia's friend = Bryan    ,168,36
4,L,SemanticApproach.EXTENSIONAL,Representation.ENGLISH,0_L_fec0,"Imagine there are six people: Amber, Bryan, Christina, Dana, Elizabeth and Felicia. They have the following relationships to each other:;;;;",;;Here is how to figure out the answer to the following question:;;Who is Amber's parent's enemy?;;;;Here are the steps to arrive at the answer:;;1. Amber's parent = Bryan;;2. Bryan's enemy = Christina;;;;So the answer is Christina;;;;Now answer the following question:;;Who is Christina's child's enemy's friend?,Christina's child's enemy's friend,Christina,Amber;;Bryan;;Christina;;Dana;;Elizabeth;;Felicia,Amber's enemy = Elizabeth  Amber's friend = Christina  Amber's parent = Bryan          Bryan's child = Amber          ;;Bryan's enemy = Christina  Bryan's friend = Felicia    Dana's parent = Felicia         Christina's child = Elizabeth  ;;Christina's enemy = Bryan  Christina's friend = Amber  Elizabeth's parent = Christina  Felicia's child = Dana         ;;Dana's enemy = Felicia     Dana's friend = Elizabeth   ;;Elizabeth's enemy = Amber  Elizabeth's friend = Dana   ;;Felicia's enemy = Dana     Felicia's friend = Bryan    ,164,37
4,L,SemanticApproach.EXTENSIONAL,Representation.ENGLISH,0_L_cef4,"Imagine there are six people: Amber, Bryan, Christina, Dana, Elizabeth and Felicia. They have the following relationships to each other:;;;;",;;Here is how to figure out the answer to the following question:;;Who is Amber's parent's enemy?;;;;Here are the steps to arrive at the answer:;;1. Amber's parent = Bryan;;2. Bryan's enemy = Christina;;;;So the answer is Christina;;;;Now answer the following question:;;Who is Elizabeth's friend's enemy's child?,Elizabeth's friend's enemy's child,Dana,Amber;;Bryan;;Christina;;Dana;;Elizabeth;;Felicia,Amber's enemy = Elizabeth  Amber's friend = Christina  Amber's parent = Bryan          Bryan's child = Amber          ;;Bryan's enemy = Christina  Bryan's friend = Felicia    Dana's parent = Felicia         Christina's child = Elizabeth  ;;Christina's enemy = Bryan  Christina's friend = Amber  Elizabeth's parent = Christina  Felicia's child = Dana         ;;Dana's enemy = Felicia     Dana's friend = Elizabeth   ;;Elizabeth's enemy = Amber  Elizabeth's friend = Dana   ;;Felicia's enemy = Dana     Felicia's friend = Bryan    ,183,38
4,L,SemanticApproach.EXTENSIONAL,Representation.ENGLISH,0_L_eee2,"Imagine there are six people: Amber, Bryan, Christina, Dana, Elizabeth and Felicia. They have the following relationships to each other:;;;;",;;Here is how to figure out the answer to the following question:;;Who is Amber's parent's enemy?;;;;Here are the steps to arrive at the answer:;;1. Amber's parent = Bryan;;2. Bryan's enemy = Christina;;;;So the answer is Christina;;;;Now answer the following question:;;Who is Dana's enemy's enemy's enemy?,Dana's enemy's enemy's enemy,Felicia,Amber;;Bryan;;Christina;;Dana;;Elizabeth;;Felicia,Amber's enemy = Elizabeth  Amber's friend = Christina  Amber's parent = Bryan          Bryan's child = Amber          ;;Bryan's enemy = Christina  Bryan's friend = Felicia    Dana's parent = Felicia         Christina's child = Elizabeth  ;;Christina's enemy = Bryan  Christina's friend = Amber  Elizabeth's parent = Christina  Felicia's child = Dana         ;;Dana's enemy = Felicia     Dana's friend = Elizabeth   ;;Elizabeth's enemy = Amber  Elizabeth's friend = Dana   ;;Felicia's enemy = Dana     Felicia's friend = Bryan    ,170,39
4,R,SemanticApproach.EXTENSIONAL,Representation.ENGLISH,0_R_ecf5,"Imagine there are six people: Amber, Bryan, Christina, Dana, Elizabeth and Felicia. They have the following relationships to each other:;;;;",;;Here is how to figure out the answer to the following question:;;Who is the enemy of the parent of Amber?;;;;Here are the steps to arrive at the answer:;;1. the parent of Amber = Bryan;;2. the enemy of Bryan = Christina;;;;So the answer is Christina;;;;Now answer the following question:;;Who is the enemy of the child of the friend of Felicia?,the enemy of the child of the friend of Felicia,Elizabeth,Amber;;Bryan;;Christina;;Dana;;Elizabeth;;Felicia,the enemy of Amber = Elizabeth  the friend of Amber = Christina  the parent of Amber = Bryan          the child of Bryan = Amber          ;;the enemy of Bryan = Christina  the friend of Bryan = Felicia    the parent of Dana = Felicia         the child of Christina = Elizabeth  ;;the enemy of Christina = Bryan  the friend of Christina = Amber  the parent of Elizabeth = Christina  the child of Felicia = Dana         ;;the enemy of Dana = Felicia     the friend of Dana = Elizabeth   ;;the enemy of Elizabeth = Amber  the friend of Elizabeth = Dana   ;;the enemy of Felicia = Dana     the friend of Felicia = Bryan    ,92,0
4,R,SemanticApproach.EXTENSIONAL,Representation.ENGLISH,0_R_eee2,"Imagine there are six people: Amber, Bryan, Christina, Dana, Elizabeth and Felicia. They have the following relationships to each other:;;;;",;;Here is how to figure out the answer to the following question:;;Who is the enemy of the parent of Amber?;;;;Here are the steps to arrive at the answer:;;1. the parent of Amber = Bryan;;2. the enemy of Bryan = Christina;;;;So the answer is Christina;;;;Now answer the following question:;;Who is the enemy of the enemy of the enemy of Dana?,the enemy of the enemy of the enemy of Dana,Felicia,Amber;;Bryan;;Christina;;Dana;;Elizabeth;;Felicia,the enemy of Amber = Elizabeth  the friend of Amber = Christina  the parent of Amber = Bryan          the child of Bryan = Amber          ;;the enemy of Bryan = Christina  the friend of Bryan = Felicia    the parent of Dana = Felicia         the child of Christina = Elizabeth  ;;the enemy of Christina = Bryan  the friend of Christina = Amber  the parent of Elizabeth = Christina  the child of Felicia = Dana         ;;the enemy of Dana = Felicia     the friend of Dana = Elizabeth   ;;the enemy of Elizabeth = Amber  the friend of Elizabeth = Dana   ;;the enemy of Felicia = Dana     the friend of Felicia = Bryan    ,70,1
4,R,SemanticApproach.EXTENSIONAL,Representation.ENGLISH,0_R_pfc0,"Imagine there are six people: Amber, Bryan, Christina, Dana, Elizabeth and Felicia. They have the following relationships to each other:;;;;",;;Here is how to figure out the answer to the following question:;;Who is the enemy of the parent of Amber?;;;;Here are the steps to arrive at the answer:;;1. the parent of Amber = Bryan;;2. the enemy of Bryan = Christina;;;;So the answer is Christina;;;;Now answer the following question:;;Who is the parent of the friend of the child of Christina?,the parent of the friend of the child of Christina,Felicia,Amber;;Bryan;;Christina;;Dana;;Elizabeth;;Felicia,the enemy of Amber = Elizabeth  the friend of Amber = Christina  the parent of Amber = Bryan          the child of Bryan = Amber          ;;the enemy of Bryan = Christina  the friend of Bryan = Felicia    the parent of Dana = Felicia         the child of Christina = Elizabeth  ;;the enemy of Christina = Bryan  the friend of Christina = Amber  the parent of Elizabeth = Christina  the child of Felicia = Dana         ;;the enemy of Dana = Felicia     the friend of Dana = Elizabeth   ;;the enemy of Elizabeth = Amber  the friend of Elizabeth = Dana   ;;the enemy of Felicia = Dana     the friend of Felicia = Bryan    ,63,2
4,R,SemanticApproach.EXTENSIONAL,Representation.ENGLISH,0_R_pep2,"Imagine there are six people: Amber, Bryan, Christina, Dana, Elizabeth and Felicia. They have the following relationships to each other:;;;;",;;Here is how to figure out the answer to the following question:;;Who is the enemy of the parent of Amber?;;;;Here are the steps to arrive at the answer:;;1. the parent of Amber = Bryan;;2. the enemy of Bryan = Christina;;;;So the answer is Christina;;;;Now answer the following question:;;Who is the parent of the enemy of the parent of Dana?,the parent of the enemy of the parent of Dana,Felicia,Amber;;Bryan;;Christina;;Dana;;Elizabeth;;Felicia,the enemy of Amber = Elizabeth  the friend of Amber = Christina  the parent of Amber = Bryan          the child of Bryan = Amber          ;;the enemy of Bryan = Christina  the friend of Bryan = Felicia    the parent of Dana = Felicia         the child of Christina = Elizabeth  ;;the enemy of Christina = Bryan  the friend of Christina = Amber  the parent of Elizabeth = Christina  the child of Felicia = Dana         ;;the enemy of Dana = Felicia     the friend of Dana = Elizabeth   ;;the enemy of Elizabeth = Amber  the friend of Elizabeth = Dana   ;;the enemy of Felicia = Dana     the friend of Felicia = Bryan    ,74,3
4,R,SemanticApproach.EXTENSIONAL,Representation.ENGLISH,0_R_fff5,"Imagine there are six people: Amber, Bryan, Christina, Dana, Elizabeth and Felicia. They have the following relationships to each other:;;;;",;;Here is how to figure out the answer to the following question:;;Who is the enemy of the parent of Amber?;;;;Here are the steps to arrive at the answer:;;1. the parent of Amber = Bryan;;2. the enemy of Bryan = Christina;;;;So the answer is Christina;;;;Now answer the following question:;;Who is the friend of the friend of the friend of Felicia?,the friend of the friend of the friend of Felicia,Bryan,Amber;;Bryan;;Christina;;Dana;;Elizabeth;;Felicia,the enemy of Amber = Elizabeth  the friend of Amber = Christina  the parent of Amber = Bryan          the child of Bryan = Amber          ;;the enemy of Bryan = Christina  the friend of Bryan = Felicia    the parent of Dana = Felicia         the child of Christina = Elizabeth  ;;the enemy of Christina = Bryan  the friend of Christina = Amber  the parent of Elizabeth = Christina  the child of Felicia = Dana         ;;the enemy of Dana = Felicia     the friend of Dana = Elizabeth   ;;the enemy of Elizabeth = Amber  the friend of Elizabeth = Dana   ;;the enemy of Felicia = Dana     the friend of Felicia = Bryan    ,90,4
4,R,SemanticApproach.EXTENSIONAL,Representation.ENGLISH,0_R_epe1,"Imagine there are six people: Amber, Bryan, Christina, Dana, Elizabeth and Felicia. They have the following relationships to each other:;;;;",;;Here is how to figure out the answer to the following question:;;Who is the enemy of the parent of Amber?;;;;Here are the steps to arrive at the answer:;;1. the parent of Amber = Bryan;;2. the enemy of Bryan = Christina;;;;So the answer is Christina;;;;Now answer the following question:;;Who is the enemy of the parent of the enemy of Amber?,the enemy of the parent of the enemy of Amber,Bryan,Amber;;Bryan;;Christina;;Dana;;Elizabeth;;Felicia,the enemy of Amber = Elizabeth  the friend of Amber = Christina  the parent of Amber = Bryan          the child of Bryan = Amber          ;;the enemy of Bryan = Christina  the friend of Bryan = Felicia    the parent of Dana = Felicia         the child of Christina = Elizabeth  ;;the enemy of Christina = Bryan  the friend of Christina = Amber  the parent of Elizabeth = Christina  the child of Felicia = Dana         ;;the enemy of Dana = Felicia     the friend of Dana = Elizabeth   ;;the enemy of Elizabeth = Amber  the friend of Elizabeth = Dana   ;;the enemy of Felicia = Dana     the friend of Felicia = Bryan    ,67,5
4,R,SemanticApproach.EXTENSIONAL,Representation.ENGLISH,0_R_eee5,"Imagine there are six people: Amber, Bryan, Christina, Dana, Elizabeth and Felicia. They have the following relationships to each other:;;;;",;;Here is how to figure out the answer to the following question:;;Who is the enemy of the parent of Amber?;;;;Here are the steps to arrive at the answer:;;1. the parent of Amber = Bryan;;2. the enemy of Bryan = Christina;;;;So the answer is Christina;;;;Now answer the following question:;;Who is the enemy of the enemy of the enemy of Felicia?,the enemy of the enemy of the enemy of Felicia,Dana,Amber;;Bryan;;Christina;;Dana;;Elizabeth;;Felicia,the enemy of Amber = Elizabeth  the friend of Amber = Christina  the parent of Amber = Bryan          the child of Bryan = Amber          ;;the enemy of Bryan = Christina  the friend of Bryan = Felicia    the parent of Dana = Felicia         the child of Christina = Elizabeth  ;;the enemy of Christina = Bryan  the friend of Christina = Amber  the parent of Elizabeth = Christina  the child of Felicia = Dana         ;;the enemy of Dana = Felicia     the friend of Dana = Elizabeth   ;;the enemy of Elizabeth = Amber  the friend of Elizabeth = Dana   ;;the enemy of Felicia = Dana     the friend of Felicia = Bryan    ,95,6
4,R,SemanticApproach.EXTENSIONAL,Representation.ENGLISH,0_R_pcp4,"Imagine there are six people: Amber, Bryan, Christina, Dana, Elizabeth and Felicia. They have the following relationships to each other:;;;;",;;Here is how to figure out the answer to the following question:;;Who is the enemy of the parent of Amber?;;;;Here are the steps to arrive at the answer:;;1. the parent of Amber = Bryan;;2. the enemy of Bryan = Christina;;;;So the answer is Christina;;;;Now answer the following question:;;Who is the parent of the child of the parent of Elizabeth?,the parent of the child of the parent of Elizabeth,Christina,Amber;;Bryan;;Christina;;Dana;;Elizabeth;;Felicia,the enemy of Amber = Elizabeth  the friend of Amber = Christina  the parent of Amber = Bryan          the child of Bryan = Amber          ;;the enemy of Bryan = Christina  the friend of Bryan = Felicia    the parent of Dana = Felicia         the child of Christina = Elizabeth  ;;the enemy of Christina = Bryan  the friend of Christina = Amber  the parent of Elizabeth = Christina  the child of Felicia = Dana         ;;the enemy of Dana = Felicia     the friend of Dana = Elizabeth   ;;the enemy of Elizabeth = Amber  the friend of Elizabeth = Dana   ;;the enemy of Felicia = Dana     the friend of Felicia = Bryan    ,89,7
4,R,SemanticApproach.EXTENSIONAL,Representation.ENGLISH,0_R_cpf4,"Imagine there are six people: Amber, Bryan, Christina, Dana, Elizabeth and Felicia. They have the following relationships to each other:;;;;",;;Here is how to figure out the answer to the following question:;;Who is the enemy of the parent of Amber?;;;;Here are the steps to arrive at the answer:;;1. the parent of Amber = Bryan;;2. the enemy of Bryan = Christina;;;;So the answer is Christina;;;;Now answer the following question:;;Who is the child of the parent of the friend of Elizabeth?,the child of the parent of the friend of Elizabeth,Dana,Amber;;Bryan;;Christina;;Dana;;Elizabeth;;Felicia,the enemy of Amber = Elizabeth  the friend of Amber = Christina  the parent of Amber = Bryan          the child of Bryan = Amber          ;;the enemy of Bryan = Christina  the friend of Bryan = Felicia    the parent of Dana = Felicia         the child of Christina = Elizabeth  ;;the enemy of Christina = Bryan  the friend of Christina = Amber  the parent of Elizabeth = Christina  the child of Felicia = Dana         ;;the enemy of Dana = Felicia     the friend of Dana = Elizabeth   ;;the enemy of Elizabeth = Amber  the friend of Elizabeth = Dana   ;;the enemy of Felicia = Dana     the friend of Felicia = Bryan    ,84,8
4,R,SemanticApproach.EXTENSIONAL,Representation.ENGLISH,0_R_eef4,"Imagine there are six people: Amber, Bryan, Christina, Dana, Elizabeth and Felicia. They have the following relationships to each other:;;;;",;;Here is how to figure out the answer to the following question:;;Who is the enemy of the parent of Amber?;;;;Here are the steps to arrive at the answer:;;1. the parent of Amber = Bryan;;2. the enemy of Bryan = Christina;;;;So the answer is Christina;;;;Now answer the following question:;;Who is the enemy of the enemy of the friend of Elizabeth?,the enemy of the enemy of the friend of Elizabeth,Dana,Amber;;Bryan;;Christina;;Dana;;Elizabeth;;Felicia,the enemy of Amber = Elizabeth  the friend of Amber = Christina  the parent of Amber = Bryan          the child of Bryan = Amber          ;;the enemy of Bryan = Christina  the friend of Bryan = Felicia    the parent of Dana = Felicia         the child of Christina = Elizabeth  ;;the enemy of Christina = Bryan  the friend of Christina = Amber  the parent of Elizabeth = Christina  the child of Felicia = Dana         ;;the enemy of Dana = Felicia     the friend of Dana = Elizabeth   ;;the enemy of Elizabeth = Amber  the friend of Elizabeth = Dana   ;;the enemy of Felicia = Dana     the friend of Felicia = Bryan    ,82,9
4,R,SemanticApproach.EXTENSIONAL,Representation.ENGLISH,0_R_cef4,"Imagine there are six people: Amber, Bryan, Christina, Dana, Elizabeth and Felicia. They have the following relationships to each other:;;;;",;;Here is how to figure out the answer to the following question:;;Who is the enemy of the parent of Amber?;;;;Here are the steps to arrive at the answer:;;1. the parent of Amber = Bryan;;2. the enemy of Bryan = Christina;;;;So the answer is Christina;;;;Now answer the following question:;;Who is the child of the enemy of the friend of Elizabeth?,the child of the enemy of the friend of Elizabeth,Dana,Amber;;Bryan;;Christina;;Dana;;Elizabeth;;Felicia,the enemy of Amber = Elizabeth  the friend of Amber = Christina  the parent of Amber = Bryan          the child of Bryan = Amber          ;;the enemy of Bryan = Christina  the friend of Bryan = Felicia    the parent of Dana = Felicia         the child of Christina = Elizabeth  ;;the enemy of Christina = Bryan  the friend of Christina = Amber  the parent of Elizabeth = Christina  the child of Felicia = Dana         ;;the enemy of Dana = Felicia     the friend of Dana = Elizabeth   ;;the enemy of Elizabeth = Amber  the friend of Elizabeth = Dana   ;;the enemy of Felicia = Dana     the friend of Felicia = Bryan    ,83,10
4,R,SemanticApproach.EXTENSIONAL,Representation.ENGLISH,0_R_ecp4,"Imagine there are six people: Amber, Bryan, Christina, Dana, Elizabeth and Felicia. They have the following relationships to each other:;;;;",;;Here is how to figure out the answer to the following question:;;Who is the enemy of the parent of Amber?;;;;Here are the steps to arrive at the answer:;;1. the parent of Amber = Bryan;;2. the enemy of Bryan = Christina;;;;So the answer is Christina;;;;Now answer the following question:;;Who is the enemy of the child of the parent of Elizabeth?,the enemy of the child of the parent of Elizabeth,Amber,Amber;;Bryan;;Christina;;Dana;;Elizabeth;;Felicia,the enemy of Amber = Elizabeth  the friend of Amber = Christina  the parent of Amber = Bryan          the child of Bryan = Amber          ;;the enemy of Bryan = Christina  the friend of Bryan = Felicia    the parent of Dana = Felicia         the child of Christina = Elizabeth  ;;the enemy of Christina = Bryan  the friend of Christina = Amber  the parent of Elizabeth = Christina  the child of Felicia = Dana         ;;the enemy of Dana = Felicia     the friend of Dana = Elizabeth   ;;the enemy of Elizabeth = Amber  the friend of Elizabeth = Dana   ;;the enemy of Felicia = Dana     the friend of Felicia = Bryan    ,88,11
4,R,SemanticApproach.EXTENSIONAL,Representation.ENGLISH,0_R_cef1,"Imagine there are six people: Amber, Bryan, Christina, Dana, Elizabeth and Felicia. They have the following relationships to each other:;;;;",;;Here is how to figure out the answer to the following question:;;Who is the enemy of the parent of Amber?;;;;Here are the steps to arrive at the answer:;;1. the parent of Amber = Bryan;;2. the enemy of Bryan = Christina;;;;So the answer is Christina;;;;Now answer the following question:;;Who is the child of the enemy of the friend of Amber?,the child of the enemy of the friend of Amber,Amber,Amber;;Bryan;;Christina;;Dana;;Elizabeth;;Felicia,the enemy of Amber = Elizabeth  the friend of Amber = Christina  the parent of Amber = Bryan          the child of Bryan = Amber          ;;the enemy of Bryan = Christina  the friend of Bryan = Felicia    the parent of Dana = Felicia         the child of Christina = Elizabeth  ;;the enemy of Christina = Bryan  the friend of Christina = Amber  the parent of Elizabeth = Christina  the child of Felicia = Dana         ;;the enemy of Dana = Felicia     the friend of Dana = Elizabeth   ;;the enemy of Elizabeth = Amber  the friend of Elizabeth = Dana   ;;the enemy of Felicia = Dana     the friend of Felicia = Bryan    ,66,12
4,R,SemanticApproach.EXTENSIONAL,Representation.ENGLISH,0_R_ffc3,"Imagine there are six people: Amber, Bryan, Christina, Dana, Elizabeth and Felicia. They have the following relationships to each other:;;;;",;;Here is how to figure out the answer to the following question:;;Who is the enemy of the parent of Amber?;;;;Here are the steps to arrive at the answer:;;1. the parent of Amber = Bryan;;2. the enemy of Bryan = Christina;;;;So the answer is Christina;;;;Now answer the following question:;;Who is the friend of the friend of the child of Bryan?,the friend of the friend of the child of Bryan,Amber,Amber;;Bryan;;Christina;;Dana;;Elizabeth;;Felicia,the enemy of Amber = Elizabeth  the friend of Amber = Christina  the parent of Amber = Bryan          the child of Bryan = Amber          ;;the enemy of Bryan = Christina  the friend of Bryan = Felicia    the parent of Dana = Felicia         the child of Christina = Elizabeth  ;;the enemy of Christina = Bryan  the friend of Christina = Amber  the parent of Elizabeth = Christina  the child of Felicia = Dana         ;;the enemy of Dana = Felicia     the friend of Dana = Elizabeth   ;;the enemy of Elizabeth = Amber  the friend of Elizabeth = Dana   ;;the enemy of Felicia = Dana     the friend of Felicia = Bryan    ,78,13
4,R,SemanticApproach.EXTENSIONAL,Representation.ENGLISH,0_R_eec3,"Imagine there are six people: Amber, Bryan, Christina, Dana, Elizabeth and Felicia. They have the following relationships to each other:;;;;",;;Here is how to figure out the answer to the following question:;;Who is the enemy of the parent of Amber?;;;;Here are the steps to arrive at the answer:;;1. the parent of Amber = Bryan;;2. the enemy of Bryan = Christina;;;;So the answer is Christina;;;;Now answer the following question:;;Who is the enemy of the enemy of the child of Bryan?,the enemy of the enemy of the child of Bryan,Amber,Amber;;Bryan;;Christina;;Dana;;Elizabeth;;Felicia,the enemy of Amber = Elizabeth  the friend of Amber = Christina  the parent of Amber = Bryan          the child of Bryan = Amber          ;;the enemy of Bryan = Christina  the friend of Bryan = Felicia    the parent of Dana = Felicia         the child of Christina = Elizabeth  ;;the enemy of Christina = Bryan  the friend of Christina = Amber  the parent of Elizabeth = Christina  the child of Felicia = Dana         ;;the enemy of Dana = Felicia     the friend of Dana = Elizabeth   ;;the enemy of Elizabeth = Amber  the friend of Elizabeth = Dana   ;;the enemy of Felicia = Dana     the friend of Felicia = Bryan    ,79,14
4,R,SemanticApproach.EXTENSIONAL,Representation.ENGLISH,0_R_ecf3,"Imagine there are six people: Amber, Bryan, Christina, Dana, Elizabeth and Felicia. They have the following relationships to each other:;;;;",;;Here is how to figure out the answer to the following question:;;Who is the enemy of the parent of Amber?;;;;Here are the steps to arrive at the answer:;;1. the parent of Amber = Bryan;;2. the enemy of Bryan = Christina;;;;So the answer is Christina;;;;Now answer the following question:;;Who is the enemy of the child of the friend of Bryan?,the enemy of the child of the friend of Bryan,Felicia,Amber;;Bryan;;Christina;;Dana;;Elizabeth;;Felicia,the enemy of Amber = Elizabeth  the friend of Amber = Christina  the parent of Amber = Bryan          the child of Bryan = Amber          ;;the enemy of Bryan = Christina  the friend of Bryan = Felicia    the parent of Dana = Felicia         the child of Christina = Elizabeth  ;;the enemy of Christina = Bryan  the friend of Christina = Amber  the parent of Elizabeth = Christina  the child of Felicia = Dana         ;;the enemy of Dana = Felicia     the friend of Dana = Elizabeth   ;;the enemy of Elizabeth = Amber  the friend of Elizabeth = Dana   ;;the enemy of Felicia = Dana     the friend of Felicia = Bryan    ,76,15
4,R,SemanticApproach.EXTENSIONAL,Representation.ENGLISH,0_R_fcf5,"Imagine there are six people: Amber, Bryan, Christina, Dana, Elizabeth and Felicia. They have the following relationships to each other:;;;;",;;Here is how to figure out the answer to the following question:;;Who is the enemy of the parent of Amber?;;;;Here are the steps to arrive at the answer:;;1. the parent of Amber = Bryan;;2. the enemy of Bryan = Christina;;;;So the answer is Christina;;;;Now answer the following question:;;Who is the friend of the child of the friend of Felicia?,the friend of the child of the friend of Felicia,Christina,Amber;;Bryan;;Christina;;Dana;;Elizabeth;;Felicia,the enemy of Amber = Elizabeth  the friend of Amber = Christina  the parent of Amber = Bryan          the child of Bryan = Amber          ;;the enemy of Bryan = Christina  the friend of Bryan = Felicia    the parent of Dana = Felicia         the child of Christina = Elizabeth  ;;the enemy of Christina = Bryan  the friend of Christina = Amber  the parent of Elizabeth = Christina  the child of Felicia = Dana         ;;the enemy of Dana = Felicia     the friend of Dana = Elizabeth   ;;the enemy of Elizabeth = Amber  the friend of Elizabeth = Dana   ;;the enemy of Felicia = Dana     the friend of Felicia = Bryan    ,91,16
4,R,SemanticApproach.EXTENSIONAL,Representation.ENGLISH,0_R_pcf3,"Imagine there are six people: Amber, Bryan, Christina, Dana, Elizabeth and Felicia. They have the following relationships to each other:;;;;",;;Here is how to figure out the answer to the following question:;;Who is the enemy of the parent of Amber?;;;;Here are the steps to arrive at the answer:;;1. the parent of Amber = Bryan;;2. the enemy of Bryan = Christina;;;;So the answer is Christina;;;;Now answer the following question:;;Who is the parent of the child of the friend of Bryan?,the parent of the child of the friend of Bryan,Felicia,Amber;;Bryan;;Christina;;Dana;;Elizabeth;;Felicia,the enemy of Amber = Elizabeth  the friend of Amber = Christina  the parent of Amber = Bryan          the child of Bryan = Amber          ;;the enemy of Bryan = Christina  the friend of Bryan = Felicia    the parent of Dana = Felicia         the child of Christina = Elizabeth  ;;the enemy of Christina = Bryan  the friend of Christina = Amber  the parent of Elizabeth = Christina  the child of Felicia = Dana         ;;the enemy of Dana = Felicia     the friend of Dana = Elizabeth   ;;the enemy of Elizabeth = Amber  the friend of Elizabeth = Dana   ;;the enemy of Felicia = Dana     the friend of Felicia = Bryan    ,77,17
4,R,SemanticApproach.EXTENSIONAL,Representation.ENGLISH,0_R_cpf2,"Imagine there are six people: Amber, Bryan, Christina, Dana, Elizabeth and Felicia. They have the following relationships to each other:;;;;",;;Here is how to figure out the answer to the following question:;;Who is the enemy of the parent of Amber?;;;;Here are the steps to arrive at the answer:;;1. the parent of Amber = Bryan;;2. the enemy of Bryan = Christina;;;;So the answer is Christina;;;;Now answer the following question:;;Who is the child of the parent of the friend of Dana?,the child of the parent of the friend of Dana,Elizabeth,Amber;;Bryan;;Christina;;Dana;;Elizabeth;;Felicia,the enemy of Amber = Elizabeth  the friend of Amber = Christina  the parent of Amber = Bryan          the child of Bryan = Amber          ;;the enemy of Bryan = Christina  the friend of Bryan = Felicia    the parent of Dana = Felicia         the child of Christina = Elizabeth  ;;the enemy of Christina = Bryan  the friend of Christina = Amber  the parent of Elizabeth = Christina  the child of Felicia = Dana         ;;the enemy of Dana = Felicia     the friend of Dana = Elizabeth   ;;the enemy of Elizabeth = Amber  the friend of Elizabeth = Dana   ;;the enemy of Felicia = Dana     the friend of Felicia = Bryan    ,69,18
4,R,SemanticApproach.EXTENSIONAL,Representation.ENGLISH,0_R_cpe5,"Imagine there are six people: Amber, Bryan, Christina, Dana, Elizabeth and Felicia. They have the following relationships to each other:;;;;",;;Here is how to figure out the answer to the following question:;;Who is the enemy of the parent of Amber?;;;;Here are the steps to arrive at the answer:;;1. the parent of Amber = Bryan;;2. the enemy of Bryan = Christina;;;;So the answer is Christina;;;;Now answer the following question:;;Who is the child of the parent of the enemy of Felicia?,the child of the parent of the enemy of Felicia,Dana,Amber;;Bryan;;Christina;;Dana;;Elizabeth;;Felicia,the enemy of Amber = Elizabeth  the friend of Amber = Christina  the parent of Amber = Bryan          the child of Bryan = Amber          ;;the enemy of Bryan = Christina  the friend of Bryan = Felicia    the parent of Dana = Felicia         the child of Christina = Elizabeth  ;;the enemy of Christina = Bryan  the friend of Christina = Amber  the parent of Elizabeth = Christina  the child of Felicia = Dana         ;;the enemy of Dana = Felicia     the friend of Dana = Elizabeth   ;;the enemy of Elizabeth = Amber  the friend of Elizabeth = Dana   ;;the enemy of Felicia = Dana     the friend of Felicia = Bryan    ,97,19
4,R,SemanticApproach.EXTENSIONAL,Representation.ENGLISH,0_R_cfp2,"Imagine there are six people: Amber, Bryan, Christina, Dana, Elizabeth and Felicia. They have the following relationships to each other:;;;;",;;Here is how to figure out the answer to the following question:;;Who is the enemy of the parent of Amber?;;;;Here are the steps to arrive at the answer:;;1. the parent of Amber = Bryan;;2. the enemy of Bryan = Christina;;;;So the answer is Christina;;;;Now answer the following question:;;Who is the child of the friend of the parent of Dana?,the child of the friend of the parent of Dana,Amber,Amber;;Bryan;;Christina;;Dana;;Elizabeth;;Felicia,the enemy of Amber = Elizabeth  the friend of Amber = Christina  the parent of Amber = Bryan          the child of Bryan = Amber          ;;the enemy of Bryan = Christina  the friend of Bryan = Felicia    the parent of Dana = Felicia         the child of Christina = Elizabeth  ;;the enemy of Christina = Bryan  the friend of Christina = Amber  the parent of Elizabeth = Christina  the child of Felicia = Dana         ;;the enemy of Dana = Felicia     the friend of Dana = Elizabeth   ;;the enemy of Elizabeth = Amber  the friend of Elizabeth = Dana   ;;the enemy of Felicia = Dana     the friend of Felicia = Bryan    ,73,20
4,R,SemanticApproach.EXTENSIONAL,Representation.ENGLISH,0_R_fee5,"Imagine there are six people: Amber, Bryan, Christina, Dana, Elizabeth and Felicia. They have the following relationships to each other:;;;;",;;Here is how to figure out the answer to the following question:;;Who is the enemy of the parent of Amber?;;;;Here are the steps to arrive at the answer:;;1. the parent of Amber = Bryan;;2. the enemy of Bryan = Christina;;;;So the answer is Christina;;;;Now answer the following question:;;Who is the friend of the enemy of the enemy of Felicia?,the friend of the enemy of the enemy of Felicia,Bryan,Amber;;Bryan;;Christina;;Dana;;Elizabeth;;Felicia,the enemy of Amber = Elizabeth  the friend of Amber = Christina  the parent of Amber = Bryan          the child of Bryan = Amber          ;;the enemy of Bryan = Christina  the friend of Bryan = Felicia    the parent of Dana = Felicia         the child of Christina = Elizabeth  ;;the enemy of Christina = Bryan  the friend of Christina = Amber  the parent of Elizabeth = Christina  the child of Felicia = Dana         ;;the enemy of Dana = Felicia     the friend of Dana = Elizabeth   ;;the enemy of Elizabeth = Amber  the friend of Elizabeth = Dana   ;;the enemy of Felicia = Dana     the friend of Felicia = Bryan    ,94,21
4,R,SemanticApproach.EXTENSIONAL,Representation.ENGLISH,0_R_pec3,"Imagine there are six people: Amber, Bryan, Christina, Dana, Elizabeth and Felicia. They have the following relationships to each other:;;;;",;;Here is how to figure out the answer to the following question:;;Who is the enemy of the parent of Amber?;;;;Here are the steps to arrive at the answer:;;1. the parent of Amber = Bryan;;2. the enemy of Bryan = Christina;;;;So the answer is Christina;;;;Now answer the following question:;;Who is the parent of the enemy of the child of Bryan?,the parent of the enemy of the child of Bryan,Christina,Amber;;Bryan;;Christina;;Dana;;Elizabeth;;Felicia,the enemy of Amber = Elizabeth  the friend of Amber = Christina  the parent of Amber = Bryan          the child of Bryan = Amber          ;;the enemy of Bryan = Christina  the friend of Bryan = Felicia    the parent of Dana = Felicia         the child of Christina = Elizabeth  ;;the enemy of Christina = Bryan  the friend of Christina = Amber  the parent of Elizabeth = Christina  the child of Felicia = Dana         ;;the enemy of Dana = Felicia     the friend of Dana = Elizabeth   ;;the enemy of Elizabeth = Amber  the friend of Elizabeth = Dana   ;;the enemy of Felicia = Dana     the friend of Felicia = Bryan    ,80,22
4,R,SemanticApproach.EXTENSIONAL,Representation.ENGLISH,0_R_pcp2,"Imagine there are six people: Amber, Bryan, Christina, Dana, Elizabeth and Felicia. They have the following relationships to each other:;;;;",;;Here is how to figure out the answer to the following question:;;Who is the enemy of the parent of Amber?;;;;Here are the steps to arrive at the answer:;;1. the parent of Amber = Bryan;;2. the enemy of Bryan = Christina;;;;So the answer is Christina;;;;Now answer the following question:;;Who is the parent of the child of the parent of Dana?,the parent of the child of the parent of Dana,Felicia,Amber;;Bryan;;Christina;;Dana;;Elizabeth;;Felicia,the enemy of Amber = Elizabeth  the friend of Amber = Christina  the parent of Amber = Bryan          the child of Bryan = Amber          ;;the enemy of Bryan = Christina  the friend of Bryan = Felicia    the parent of Dana = Felicia         the child of Christina = Elizabeth  ;;the enemy of Christina = Bryan  the friend of Christina = Amber  the parent of Elizabeth = Christina  the child of Felicia = Dana         ;;the enemy of Dana = Felicia     the friend of Dana = Elizabeth   ;;the enemy of Elizabeth = Amber  the friend of Elizabeth = Dana   ;;the enemy of Felicia = Dana     the friend of Felicia = Bryan    ,75,23
4,R,SemanticApproach.EXTENSIONAL,Representation.ENGLISH,0_R_fce2,"Imagine there are six people: Amber, Bryan, Christina, Dana, Elizabeth and Felicia. They have the following relationships to each other:;;;;",;;Here is how to figure out the answer to the following question:;;Who is the enemy of the parent of Amber?;;;;Here are the steps to arrive at the answer:;;1. the parent of Amber = Bryan;;2. the enemy of Bryan = Christina;;;;So the answer is Christina;;;;Now answer the following question:;;Who is the friend of the child of the enemy of Dana?,the friend of the child of the enemy of Dana,Elizabeth,Amber;;Bryan;;Christina;;Dana;;Elizabeth;;Felicia,the enemy of Amber = Elizabeth  the friend of Amber = Christina  the parent of Amber = Bryan          the child of Bryan = Amber          ;;the enemy of Bryan = Christina  the friend of Bryan = Felicia    the parent of Dana = Felicia         the child of Christina = Elizabeth  ;;the enemy of Christina = Bryan  the friend of Christina = Amber  the parent of Elizabeth = Christina  the child of Felicia = Dana         ;;the enemy of Dana = Felicia     the friend of Dana = Elizabeth   ;;the enemy of Elizabeth = Amber  the friend of Elizabeth = Dana   ;;the enemy of Felicia = Dana     the friend of Felicia = Bryan    ,71,24
4,R,SemanticApproach.EXTENSIONAL,Representation.ENGLISH,0_R_fec0,"Imagine there are six people: Amber, Bryan, Christina, Dana, Elizabeth and Felicia. They have the following relationships to each other:;;;;",;;Here is how to figure out the answer to the following question:;;Who is the enemy of the parent of Amber?;;;;Here are the steps to arrive at the answer:;;1. the parent of Amber = Bryan;;2. the enemy of Bryan = Christina;;;;So the answer is Christina;;;;Now answer the following question:;;Who is the friend of the enemy of the child of Christina?,the friend of the enemy of the child of Christina,Christina,Amber;;Bryan;;Christina;;Dana;;Elizabeth;;Felicia,the enemy of Amber = Elizabeth  the friend of Amber = Christina  the parent of Amber = Bryan          the child of Bryan = Amber          ;;the enemy of Bryan = Christina  the friend of Bryan = Felicia    the parent of Dana = Felicia         the child of Christina = Elizabeth  ;;the enemy of Christina = Bryan  the friend of Christina = Amber  the parent of Elizabeth = Christina  the child of Felicia = Dana         ;;the enemy of Dana = Felicia     the friend of Dana = Elizabeth   ;;the enemy of Elizabeth = Amber  the friend of Elizabeth = Dana   ;;the enemy of Felicia = Dana     the friend of Felicia = Bryan    ,64,25
4,R,SemanticApproach.EXTENSIONAL,Representation.ENGLISH,0_R_ffp4,"Imagine there are six people: Amber, Bryan, Christina, Dana, Elizabeth and Felicia. They have the following relationships to each other:;;;;",;;Here is how to figure out the answer to the following question:;;Who is the enemy of the parent of Amber?;;;;Here are the steps to arrive at the answer:;;1. the parent of Amber = Bryan;;2. the enemy of Bryan = Christina;;;;So the answer is Christina;;;;Now answer the following question:;;Who is the friend of the friend of the parent of Elizabeth?,the friend of the friend of the parent of Elizabeth,Christina,Amber;;Bryan;;Christina;;Dana;;Elizabeth;;Felicia,the enemy of Amber = Elizabeth  the friend of Amber = Christina  the parent of Amber = Bryan          the child of Bryan = Amber          ;;the enemy of Bryan = Christina  the friend of Bryan = Felicia    the parent of Dana = Felicia         the child of Christina = Elizabeth  ;;the enemy of Christina = Bryan  the friend of Christina = Amber  the parent of Elizabeth = Christina  the child of Felicia = Dana         ;;the enemy of Dana = Felicia     the friend of Dana = Elizabeth   ;;the enemy of Elizabeth = Amber  the friend of Elizabeth = Dana   ;;the enemy of Felicia = Dana     the friend of Felicia = Bryan    ,86,26
4,R,SemanticApproach.EXTENSIONAL,Representation.ENGLISH,0_R_fec5,"Imagine there are six people: Amber, Bryan, Christina, Dana, Elizabeth and Felicia. They have the following relationships to each other:;;;;",;;Here is how to figure out the answer to the following question:;;Who is the enemy of the parent of Amber?;;;;Here are the steps to arrive at the answer:;;1. the parent of Amber = Bryan;;2. the enemy of Bryan = Christina;;;;So the answer is Christina;;;;Now answer the following question:;;Who is the friend of the enemy of the child of Felicia?,the friend of the enemy of the child of Felicia,Bryan,Amber;;Bryan;;Christina;;Dana;;Elizabeth;;Felicia,the enemy of Amber = Elizabeth  the friend of Amber = Christina  the parent of Amber = Bryan          the child of Bryan = Amber          ;;the enemy of Bryan = Christina  the friend of Bryan = Felicia    the parent of Dana = Felicia         the child of Christina = Elizabeth  ;;the enemy of Christina = Bryan  the friend of Christina = Amber  the parent of Elizabeth = Christina  the child of Felicia = Dana         ;;the enemy of Dana = Felicia     the friend of Dana = Elizabeth   ;;the enemy of Elizabeth = Amber  the friend of Elizabeth = Dana   ;;the enemy of Felicia = Dana     the friend of Felicia = Bryan    ,99,27
4,R,SemanticApproach.EXTENSIONAL,Representation.ENGLISH,0_R_pce2,"Imagine there are six people: Amber, Bryan, Christina, Dana, Elizabeth and Felicia. They have the following relationships to each other:;;;;",;;Here is how to figure out the answer to the following question:;;Who is the enemy of the parent of Amber?;;;;Here are the steps to arrive at the answer:;;1. the parent of Amber = Bryan;;2. the enemy of Bryan = Christina;;;;So the answer is Christina;;;;Now answer the following question:;;Who is the parent of the child of the enemy of Dana?,the parent of the child of the enemy of Dana,Felicia,Amber;;Bryan;;Christina;;Dana;;Elizabeth;;Felicia,the enemy of Amber = Elizabeth  the friend of Amber = Christina  the parent of Amber = Bryan          the child of Bryan = Amber          ;;the enemy of Bryan = Christina  the friend of Bryan = Felicia    the parent of Dana = Felicia         the child of Christina = Elizabeth  ;;the enemy of Christina = Bryan  the friend of Christina = Amber  the parent of Elizabeth = Christina  the child of Felicia = Dana         ;;the enemy of Dana = Felicia     the friend of Dana = Elizabeth   ;;the enemy of Elizabeth = Amber  the friend of Elizabeth = Dana   ;;the enemy of Felicia = Dana     the friend of Felicia = Bryan    ,72,28
4,R,SemanticApproach.EXTENSIONAL,Representation.ENGLISH,0_R_ffe4,"Imagine there are six people: Amber, Bryan, Christina, Dana, Elizabeth and Felicia. They have the following relationships to each other:;;;;",;;Here is how to figure out the answer to the following question:;;Who is the enemy of the parent of Amber?;;;;Here are the steps to arrive at the answer:;;1. the parent of Amber = Bryan;;2. the enemy of Bryan = Christina;;;;So the answer is Christina;;;;Now answer the following question:;;Who is the friend of the friend of the enemy of Elizabeth?,the friend of the friend of the enemy of Elizabeth,Amber,Amber;;Bryan;;Christina;;Dana;;Elizabeth;;Felicia,the enemy of Amber = Elizabeth  the friend of Amber = Christina  the parent of Amber = Bryan          the child of Bryan = Amber          ;;the enemy of Bryan = Christina  the friend of Bryan = Felicia    the parent of Dana = Felicia         the child of Christina = Elizabeth  ;;the enemy of Christina = Bryan  the friend of Christina = Amber  the parent of Elizabeth = Christina  the child of Felicia = Dana         ;;the enemy of Dana = Felicia     the friend of Dana = Elizabeth   ;;the enemy of Elizabeth = Amber  the friend of Elizabeth = Dana   ;;the enemy of Felicia = Dana     the friend of Felicia = Bryan    ,85,29
4,R,SemanticApproach.EXTENSIONAL,Representation.ENGLISH,0_R_efe0,"Imagine there are six people: Amber, Bryan, Christina, Dana, Elizabeth and Felicia. They have the following relationships to each other:;;;;",;;Here is how to figure out the answer to the following question:;;Who is the enemy of the parent of Amber?;;;;Here are the steps to arrive at the answer:;;1. the parent of Amber = Bryan;;2. the enemy of Bryan = Christina;;;;So the answer is Christina;;;;Now answer the following question:;;Who is the enemy of the friend of the enemy of Christina?,the enemy of the friend of the enemy of Christina,Dana,Amber;;Bryan;;Christina;;Dana;;Elizabeth;;Felicia,the enemy of Amber = Elizabeth  the friend of Amber = Christina  the parent of Amber = Bryan          the child of Bryan = Amber          ;;the enemy of Bryan = Christina  the friend of Bryan = Felicia    the parent of Dana = Felicia         the child of Christina = Elizabeth  ;;the enemy of Christina = Bryan  the friend of Christina = Amber  the parent of Elizabeth = Christina  the child of Felicia = Dana         ;;the enemy of Dana = Felicia     the friend of Dana = Elizabeth   ;;the enemy of Elizabeth = Amber  the friend of Elizabeth = Dana   ;;the enemy of Felicia = Dana     the friend of Felicia = Bryan    ,61,30
4,R,SemanticApproach.EXTENSIONAL,Representation.ENGLISH,0_R_fef4,"Imagine there are six people: Amber, Bryan, Christina, Dana, Elizabeth and Felicia. They have the following relationships to each other:;;;;",;;Here is how to figure out the answer to the following question:;;Who is the enemy of the parent of Amber?;;;;Here are the steps to arrive at the answer:;;1. the parent of Amber = Bryan;;2. the enemy of Bryan = Christina;;;;So the answer is Christina;;;;Now answer the following question:;;Who is the friend of the enemy of the friend of Elizabeth?,the friend of the enemy of the friend of Elizabeth,Bryan,Amber;;Bryan;;Christina;;Dana;;Elizabeth;;Felicia,the enemy of Amber = Elizabeth  the friend of Amber = Christina  the parent of Amber = Bryan          the child of Bryan = Amber          ;;the enemy of Bryan = Christina  the friend of Bryan = Felicia    the parent of Dana = Felicia         the child of Christina = Elizabeth  ;;the enemy of Christina = Bryan  the friend of Christina = Amber  the parent of Elizabeth = Christina  the child of Felicia = Dana         ;;the enemy of Dana = Felicia     the friend of Dana = Elizabeth   ;;the enemy of Elizabeth = Amber  the friend of Elizabeth = Dana   ;;the enemy of Felicia = Dana     the friend of Felicia = Bryan    ,81,31
4,R,SemanticApproach.EXTENSIONAL,Representation.ENGLISH,0_R_efp4,"Imagine there are six people: Amber, Bryan, Christina, Dana, Elizabeth and Felicia. They have the following relationships to each other:;;;;",;;Here is how to figure out the answer to the following question:;;Who is the enemy of the parent of Amber?;;;;Here are the steps to arrive at the answer:;;1. the parent of Amber = Bryan;;2. the enemy of Bryan = Christina;;;;So the answer is Christina;;;;Now answer the following question:;;Who is the enemy of the friend of the parent of Elizabeth?,the enemy of the friend of the parent of Elizabeth,Elizabeth,Amber;;Bryan;;Christina;;Dana;;Elizabeth;;Felicia,the enemy of Amber = Elizabeth  the friend of Amber = Christina  the parent of Amber = Bryan          the child of Bryan = Amber          ;;the enemy of Bryan = Christina  the friend of Bryan = Felicia    the parent of Dana = Felicia         the child of Christina = Elizabeth  ;;the enemy of Christina = Bryan  the friend of Christina = Amber  the parent of Elizabeth = Christina  the child of Felicia = Dana         ;;the enemy of Dana = Felicia     the friend of Dana = Elizabeth   ;;the enemy of Elizabeth = Amber  the friend of Elizabeth = Dana   ;;the enemy of Felicia = Dana     the friend of Felicia = Bryan    ,87,32
4,R,SemanticApproach.EXTENSIONAL,Representation.ENGLISH,0_R_cfe0,"Imagine there are six people: Amber, Bryan, Christina, Dana, Elizabeth and Felicia. They have the following relationships to each other:;;;;",;;Here is how to figure out the answer to the following question:;;Who is the enemy of the parent of Amber?;;;;Here are the steps to arrive at the answer:;;1. the parent of Amber = Bryan;;2. the enemy of Bryan = Christina;;;;So the answer is Christina;;;;Now answer the following question:;;Who is the child of the friend of the enemy of Christina?,the child of the friend of the enemy of Christina,Dana,Amber;;Bryan;;Christina;;Dana;;Elizabeth;;Felicia,the enemy of Amber = Elizabeth  the friend of Amber = Christina  the parent of Amber = Bryan          the child of Bryan = Amber          ;;the enemy of Bryan = Christina  the friend of Bryan = Felicia    the parent of Dana = Felicia         the child of Christina = Elizabeth  ;;the enemy of Christina = Bryan  the friend of Christina = Amber  the parent of Elizabeth = Christina  the child of Felicia = Dana         ;;the enemy of Dana = Felicia     the friend of Dana = Elizabeth   ;;the enemy of Elizabeth = Amber  the friend of Elizabeth = Dana   ;;the enemy of Felicia = Dana     the friend of Felicia = Bryan    ,62,33
4,R,SemanticApproach.EXTENSIONAL,Representation.ENGLISH,0_R_cpc5,"Imagine there are six people: Amber, Bryan, Christina, Dana, Elizabeth and Felicia. They have the following relationships to each other:;;;;",;;Here is how to figure out the answer to the following question:;;Who is the enemy of the parent of Amber?;;;;Here are the steps to arrive at the answer:;;1. the parent of Amber = Bryan;;2. the enemy of Bryan = Christina;;;;So the answer is Christina;;;;Now answer the following question:;;Who is the child of the parent of the child of Felicia?,the child of the parent of the child of Felicia,Dana,Amber;;Bryan;;Christina;;Dana;;Elizabeth;;Felicia,the enemy of Amber = Elizabeth  the friend of Amber = Christina  the parent of Amber = Bryan          the child of Bryan = Amber          ;;the enemy of Bryan = Christina  the friend of Bryan = Felicia    the parent of Dana = Felicia         the child of Christina = Elizabeth  ;;the enemy of Christina = Bryan  the friend of Christina = Amber  the parent of Elizabeth = Christina  the child of Felicia = Dana         ;;the enemy of Dana = Felicia     the friend of Dana = Elizabeth   ;;the enemy of Elizabeth = Amber  the friend of Elizabeth = Dana   ;;the enemy of Felicia = Dana     the friend of Felicia = Bryan    ,100,34
4,R,SemanticApproach.EXTENSIONAL,Representation.ENGLISH,0_R_eff1,"Imagine there are six people: Amber, Bryan, Christina, Dana, Elizabeth and Felicia. They have the following relationships to each other:;;;;",;;Here is how to figure out the answer to the following question:;;Who is the enemy of the parent of Amber?;;;;Here are the steps to arrive at the answer:;;1. the parent of Amber = Bryan;;2. the enemy of Bryan = Christina;;;;So the answer is Christina;;;;Now answer the following question:;;Who is the enemy of the friend of the friend of Amber?,the enemy of the friend of the friend of Amber,Elizabeth,Amber;;Bryan;;Christina;;Dana;;Elizabeth;;Felicia,the enemy of Amber = Elizabeth  the friend of Amber = Christina  the parent of Amber = Bryan          the child of Bryan = Amber          ;;the enemy of Bryan = Christina  the friend of Bryan = Felicia    the parent of Dana = Felicia         the child of Christina = Elizabeth  ;;the enemy of Christina = Bryan  the friend of Christina = Amber  the parent of Elizabeth = Christina  the child of Felicia = Dana         ;;the enemy of Dana = Felicia     the friend of Dana = Elizabeth   ;;the enemy of Elizabeth = Amber  the friend of Elizabeth = Dana   ;;the enemy of Felicia = Dana     the friend of Felicia = Bryan    ,65,35
4,R,SemanticApproach.EXTENSIONAL,Representation.ENGLISH,0_R_ffc5,"Imagine there are six people: Amber, Bryan, Christina, Dana, Elizabeth and Felicia. They have the following relationships to each other:;;;;",;;Here is how to figure out the answer to the following question:;;Who is the enemy of the parent of Amber?;;;;Here are the steps to arrive at the answer:;;1. the parent of Amber = Bryan;;2. the enemy of Bryan = Christina;;;;So the answer is Christina;;;;Now answer the following question:;;Who is the friend of the friend of the child of Felicia?,the friend of the friend of the child of Felicia,Dana,Amber;;Bryan;;Christina;;Dana;;Elizabeth;;Felicia,the enemy of Amber = Elizabeth  the friend of Amber = Christina  the parent of Amber = Bryan          the child of Bryan = Amber          ;;the enemy of Bryan = Christina  the friend of Bryan = Felicia    the parent of Dana = Felicia         the child of Christina = Elizabeth  ;;the enemy of Christina = Bryan  the friend of Christina = Amber  the parent of Elizabeth = Christina  the child of Felicia = Dana         ;;the enemy of Dana = Felicia     the friend of Dana = Elizabeth   ;;the enemy of Elizabeth = Amber  the friend of Elizabeth = Dana   ;;the enemy of Felicia = Dana     the friend of Felicia = Bryan    ,98,36
4,R,SemanticApproach.EXTENSIONAL,Representation.ENGLISH,0_R_efe5,"Imagine there are six people: Amber, Bryan, Christina, Dana, Elizabeth and Felicia. They have the following relationships to each other:;;;;",;;Here is how to figure out the answer to the following question:;;Who is the enemy of the parent of Amber?;;;;Here are the steps to arrive at the answer:;;1. the parent of Amber = Bryan;;2. the enemy of Bryan = Christina;;;;So the answer is Christina;;;;Now answer the following question:;;Who is the enemy of the friend of the enemy of Felicia?,the enemy of the friend of the enemy of Felicia,Amber,Amber;;Bryan;;Christina;;Dana;;Elizabeth;;Felicia,the enemy of Amber = Elizabeth  the friend of Amber = Christina  the parent of Amber = Bryan          the child of Bryan = Amber          ;;the enemy of Bryan = Christina  the friend of Bryan = Felicia    the parent of Dana = Felicia         the child of Christina = Elizabeth  ;;the enemy of Christina = Bryan  the friend of Christina = Amber  the parent of Elizabeth = Christina  the child of Felicia = Dana         ;;the enemy of Dana = Felicia     the friend of Dana = Elizabeth   ;;the enemy of Elizabeth = Amber  the friend of Elizabeth = Dana   ;;the enemy of Felicia = Dana     the friend of Felicia = Bryan    ,93,37
4,R,SemanticApproach.EXTENSIONAL,Representation.ENGLISH,0_R_epe5,"Imagine there are six people: Amber, Bryan, Christina, Dana, Elizabeth and Felicia. They have the following relationships to each other:;;;;",;;Here is how to figure out the answer to the following question:;;Who is the enemy of the parent of Amber?;;;;Here are the steps to arrive at the answer:;;1. the parent of Amber = Bryan;;2. the enemy of Bryan = Christina;;;;So the answer is Christina;;;;Now answer the following question:;;Who is the enemy of the parent of the enemy of Felicia?,the enemy of the parent of the enemy of Felicia,Dana,Amber;;Bryan;;Christina;;Dana;;Elizabeth;;Felicia,the enemy of Amber = Elizabeth  the friend of Amber = Christina  the parent of Amber = Bryan          the child of Bryan = Amber          ;;the enemy of Bryan = Christina  the friend of Bryan = Felicia    the parent of Dana = Felicia         the child of Christina = Elizabeth  ;;the enemy of Christina = Bryan  the friend of Christina = Amber  the parent of Elizabeth = Christina  the child of Felicia = Dana         ;;the enemy of Dana = Felicia     the friend of Dana = Elizabeth   ;;the enemy of Elizabeth = Amber  the friend of Elizabeth = Dana   ;;the enemy of Felicia = Dana     the friend of Felicia = Bryan    ,96,38
4,R,SemanticApproach.EXTENSIONAL,Representation.ENGLISH,0_R_epf2,"Imagine there are six people: Amber, Bryan, Christina, Dana, Elizabeth and Felicia. They have the following relationships to each other:;;;;",;;Here is how to figure out the answer to the following question:;;Who is the enemy of the parent of Amber?;;;;Here are the steps to arrive at the answer:;;1. the parent of Amber = Bryan;;2. the enemy of Bryan = Christina;;;;So the answer is Christina;;;;Now answer the following question:;;Who is the enemy of the parent of the friend of Dana?,the enemy of the parent of the friend of Dana,Bryan,Amber;;Bryan;;Christina;;Dana;;Elizabeth;;Felicia,the enemy of Amber = Elizabeth  the friend of Amber = Christina  the parent of Amber = Bryan          the child of Bryan = Amber          ;;the enemy of Bryan = Christina  the friend of Bryan = Felicia    the parent of Dana = Felicia         the child of Christina = Elizabeth  ;;the enemy of Christina = Bryan  the friend of Christina = Amber  the parent of Elizabeth = Christina  the child of Felicia = Dana         ;;the enemy of Dana = Felicia     the friend of Dana = Elizabeth   ;;the enemy of Elizabeth = Amber  the friend of Elizabeth = Dana   ;;the enemy of Felicia = Dana     the friend of Felicia = Bryan    ,68,39
4,L,SemanticApproach.INTENSIONAL,Representation.ENGLISH,0_L_ecf3,English phrases can be translated into formulae. Use the following translations to answer the question.;;;;,";;;;Here is an example of how to get a formula for a phrase.;;What is the formula for ""Amber's parent's enemy""?;;;;Here are the steps to arrive at the answer:;;1. Amber's parent = parent(amber);;2. Amber's parent's enemy = enemy(parent(amber));;;;So the answer is enemy(parent(amber));;;;What is the formula for ""Bryan's friend's child's enemy""?",Bryan's friend's child's enemy,enemy(child(friend(bryan))),Amber;;Bryan;;Christina;;Dana;;Elizabeth;;Felicia,Christina's friend = friend(christina);;Amber's friend = friend(amber);;Dana's enemy = enemy(dana);;Bryan's enemy = enemy(bryan);;Elizabeth's parent = parent(elizabeth);;Felicia's child = child(felicia),176,0
4,L,SemanticApproach.INTENSIONAL,Representation.ENGLISH,0_L_epe5,English phrases can be translated into formulae. Use the following translations to answer the question.;;;;,";;;;Here is an example of how to get a formula for a phrase.;;What is the formula for ""Amber's parent's enemy""?;;;;Here are the steps to arrive at the answer:;;1. Amber's parent = parent(amber);;2. Amber's parent's enemy = enemy(parent(amber));;;;So the answer is enemy(parent(amber));;;;What is the formula for ""Felicia's enemy's parent's enemy""?",Felicia's enemy's parent's enemy,enemy(parent(enemy(felicia))),Amber;;Bryan;;Christina;;Dana;;Elizabeth;;Felicia,Christina's friend = friend(christina);;Amber's friend = friend(amber);;Dana's enemy = enemy(dana);;Bryan's enemy = enemy(bryan);;Elizabeth's parent = parent(elizabeth);;Felicia's child = child(felicia),196,1
4,L,SemanticApproach.INTENSIONAL,Representation.ENGLISH,0_L_fee5,English phrases can be translated into formulae. Use the following translations to answer the question.;;;;,";;;;Here is an example of how to get a formula for a phrase.;;What is the formula for ""Amber's parent's enemy""?;;;;Here are the steps to arrive at the answer:;;1. Amber's parent = parent(amber);;2. Amber's parent's enemy = enemy(parent(amber));;;;So the answer is enemy(parent(amber));;;;What is the formula for ""Felicia's enemy's enemy's friend""?",Felicia's enemy's enemy's friend,friend(enemy(enemy(felicia))),Amber;;Bryan;;Christina;;Dana;;Elizabeth;;Felicia,Christina's friend = friend(christina);;Amber's friend = friend(amber);;Dana's enemy = enemy(dana);;Bryan's enemy = enemy(bryan);;Elizabeth's parent = parent(elizabeth);;Felicia's child = child(felicia),194,2
4,L,SemanticApproach.INTENSIONAL,Representation.ENGLISH,0_L_eef4,English phrases can be translated into formulae. Use the following translations to answer the question.;;;;,";;;;Here is an example of how to get a formula for a phrase.;;What is the formula for ""Amber's parent's enemy""?;;;;Here are the steps to arrive at the answer:;;1. Amber's parent = parent(amber);;2. Amber's parent's enemy = enemy(parent(amber));;;;So the answer is enemy(parent(amber));;;;What is the formula for ""Elizabeth's friend's enemy's enemy""?",Elizabeth's friend's enemy's enemy,enemy(enemy(friend(elizabeth))),Amber;;Bryan;;Christina;;Dana;;Elizabeth;;Felicia,Christina's friend = friend(christina);;Amber's friend = friend(amber);;Dana's enemy = enemy(dana);;Bryan's enemy = enemy(bryan);;Elizabeth's parent = parent(elizabeth);;Felicia's child = child(felicia),182,3
4,L,SemanticApproach.INTENSIONAL,Representation.ENGLISH,0_L_cef4,English phrases can be translated into formulae. Use the following translations to answer the question.;;;;,";;;;Here is an example of how to get a formula for a phrase.;;What is the formula for ""Amber's parent's enemy""?;;;;Here are the steps to arrive at the answer:;;1. Amber's parent = parent(amber);;2. Amber's parent's enemy = enemy(parent(amber));;;;So the answer is enemy(parent(amber));;;;What is the formula for ""Elizabeth's friend's enemy's child""?",Elizabeth's friend's enemy's child,child(enemy(friend(elizabeth))),Amber;;Bryan;;Christina;;Dana;;Elizabeth;;Felicia,Christina's friend = friend(christina);;Amber's friend = friend(amber);;Dana's enemy = enemy(dana);;Bryan's enemy = enemy(bryan);;Elizabeth's parent = parent(elizabeth);;Felicia's child = child(felicia),183,4
4,L,SemanticApproach.INTENSIONAL,Representation.ENGLISH,0_L_cfe0,English phrases can be translated into formulae. Use the following translations to answer the question.;;;;,";;;;Here is an example of how to get a formula for a phrase.;;What is the formula for ""Amber's parent's enemy""?;;;;Here are the steps to arrive at the answer:;;1. Amber's parent = parent(amber);;2. Amber's parent's enemy = enemy(parent(amber));;;;So the answer is enemy(parent(amber));;;;What is the formula for ""Christina's enemy's friend's child""?",Christina's enemy's friend's child,child(friend(enemy(christina))),Amber;;Bryan;;Christina;;Dana;;Elizabeth;;Felicia,Christina's friend = friend(christina);;Amber's friend = friend(amber);;Dana's enemy = enemy(dana);;Bryan's enemy = enemy(bryan);;Elizabeth's parent = parent(elizabeth);;Felicia's child = child(felicia),162,5
4,L,SemanticApproach.INTENSIONAL,Representation.ENGLISH,0_L_efe5,English phrases can be translated into formulae. Use the following translations to answer the question.;;;;,";;;;Here is an example of how to get a formula for a phrase.;;What is the formula for ""Amber's parent's enemy""?;;;;Here are the steps to arrive at the answer:;;1. Amber's parent = parent(amber);;2. Amber's parent's enemy = enemy(parent(amber));;;;So the answer is enemy(parent(amber));;;;What is the formula for ""Felicia's enemy's friend's enemy""?",Felicia's enemy's friend's enemy,enemy(friend(enemy(felicia))),Amber;;Bryan;;Christina;;Dana;;Elizabeth;;Felicia,Christina's friend = friend(christina);;Amber's friend = friend(amber);;Dana's enemy = enemy(dana);;Bryan's enemy = enemy(bryan);;Elizabeth's parent = parent(elizabeth);;Felicia's child = child(felicia),193,6
4,L,SemanticApproach.INTENSIONAL,Representation.ENGLISH,0_L_ffe4,English phrases can be translated into formulae. Use the following translations to answer the question.;;;;,";;;;Here is an example of how to get a formula for a phrase.;;What is the formula for ""Amber's parent's enemy""?;;;;Here are the steps to arrive at the answer:;;1. Amber's parent = parent(amber);;2. Amber's parent's enemy = enemy(parent(amber));;;;So the answer is enemy(parent(amber));;;;What is the formula for ""Elizabeth's enemy's friend's friend""?",Elizabeth's enemy's friend's friend,friend(friend(enemy(elizabeth))),Amber;;Bryan;;Christina;;Dana;;Elizabeth;;Felicia,Christina's friend = friend(christina);;Amber's friend = friend(amber);;Dana's enemy = enemy(dana);;Bryan's enemy = enemy(bryan);;Elizabeth's parent = parent(elizabeth);;Felicia's child = child(felicia),185,7
4,L,SemanticApproach.INTENSIONAL,Representation.ENGLISH,0_L_eee2,English phrases can be translated into formulae. Use the following translations to answer the question.;;;;,";;;;Here is an example of how to get a formula for a phrase.;;What is the formula for ""Amber's parent's enemy""?;;;;Here are the steps to arrive at the answer:;;1. Amber's parent = parent(amber);;2. Amber's parent's enemy = enemy(parent(amber));;;;So the answer is enemy(parent(amber));;;;What is the formula for ""Dana's enemy's enemy's enemy""?",Dana's enemy's enemy's enemy,enemy(enemy(enemy(dana))),Amber;;Bryan;;Christina;;Dana;;Elizabeth;;Felicia,Christina's friend = friend(christina);;Amber's friend = friend(amber);;Dana's enemy = enemy(dana);;Bryan's enemy = enemy(bryan);;Elizabeth's parent = parent(elizabeth);;Felicia's child = child(felicia),170,8
4,L,SemanticApproach.INTENSIONAL,Representation.ENGLISH,0_L_fec0,English phrases can be translated into formulae. Use the following translations to answer the question.;;;;,";;;;Here is an example of how to get a formula for a phrase.;;What is the formula for ""Amber's parent's enemy""?;;;;Here are the steps to arrive at the answer:;;1. Amber's parent = parent(amber);;2. Amber's parent's enemy = enemy(parent(amber));;;;So the answer is enemy(parent(amber));;;;What is the formula for ""Christina's child's enemy's friend""?",Christina's child's enemy's friend,friend(enemy(child(christina))),Amber;;Bryan;;Christina;;Dana;;Elizabeth;;Felicia,Christina's friend = friend(christina);;Amber's friend = friend(amber);;Dana's enemy = enemy(dana);;Bryan's enemy = enemy(bryan);;Elizabeth's parent = parent(elizabeth);;Felicia's child = child(felicia),164,9
4,L,SemanticApproach.INTENSIONAL,Representation.ENGLISH,0_L_pcp4,English phrases can be translated into formulae. Use the following translations to answer the question.;;;;,";;;;Here is an example of how to get a formula for a phrase.;;What is the formula for ""Amber's parent's enemy""?;;;;Here are the steps to arrive at the answer:;;1. Amber's parent = parent(amber);;2. Amber's parent's enemy = enemy(parent(amber));;;;So the answer is enemy(parent(amber));;;;What is the formula for ""Elizabeth's parent's child's parent""?",Elizabeth's parent's child's parent,parent(child(parent(elizabeth))),Amber;;Bryan;;Christina;;Dana;;Elizabeth;;Felicia,Christina's friend = friend(christina);;Amber's friend = friend(amber);;Dana's enemy = enemy(dana);;Bryan's enemy = enemy(bryan);;Elizabeth's parent = parent(elizabeth);;Felicia's child = child(felicia),189,10
4,L,SemanticApproach.INTENSIONAL,Representation.ENGLISH,0_L_cpf4,English phrases can be translated into formulae. Use the following translations to answer the question.;;;;,";;;;Here is an example of how to get a formula for a phrase.;;What is the formula for ""Amber's parent's enemy""?;;;;Here are the steps to arrive at the answer:;;1. Amber's parent = parent(amber);;2. Amber's parent's enemy = enemy(parent(amber));;;;So the answer is enemy(parent(amber));;;;What is the formula for ""Elizabeth's friend's parent's child""?",Elizabeth's friend's parent's child,child(parent(friend(elizabeth))),Amber;;Bryan;;Christina;;Dana;;Elizabeth;;Felicia,Christina's friend = friend(christina);;Amber's friend = friend(amber);;Dana's enemy = enemy(dana);;Bryan's enemy = enemy(bryan);;Elizabeth's parent = parent(elizabeth);;Felicia's child = child(felicia),184,11
4,L,SemanticApproach.INTENSIONAL,Representation.ENGLISH,0_L_fce2,English phrases can be translated into formulae. Use the following translations to answer the question.;;;;,";;;;Here is an example of how to get a formula for a phrase.;;What is the formula for ""Amber's parent's enemy""?;;;;Here are the steps to arrive at the answer:;;1. Amber's parent = parent(amber);;2. Amber's parent's enemy = enemy(parent(amber));;;;So the answer is enemy(parent(amber));;;;What is the formula for ""Dana's enemy's child's friend""?",Dana's enemy's child's friend,friend(child(enemy(dana))),Amber;;Bryan;;Christina;;Dana;;Elizabeth;;Felicia,Christina's friend = friend(christina);;Amber's friend = friend(amber);;Dana's enemy = enemy(dana);;Bryan's enemy = enemy(bryan);;Elizabeth's parent = parent(elizabeth);;Felicia's child = child(felicia),171,12
4,L,SemanticApproach.INTENSIONAL,Representation.ENGLISH,0_L_cfp2,English phrases can be translated into formulae. Use the following translations to answer the question.;;;;,";;;;Here is an example of how to get a formula for a phrase.;;What is the formula for ""Amber's parent's enemy""?;;;;Here are the steps to arrive at the answer:;;1. Amber's parent = parent(amber);;2. Amber's parent's enemy = enemy(parent(amber));;;;So the answer is enemy(parent(amber));;;;What is the formula for ""Dana's parent's friend's child""?",Dana's parent's friend's child,child(friend(parent(dana))),Amber;;Bryan;;Christina;;Dana;;Elizabeth;;Felicia,Christina's friend = friend(christina);;Amber's friend = friend(amber);;Dana's enemy = enemy(dana);;Bryan's enemy = enemy(bryan);;Elizabeth's parent = parent(elizabeth);;Felicia's child = child(felicia),173,13
4,L,SemanticApproach.INTENSIONAL,Representation.ENGLISH,0_L_cpc5,English phrases can be translated into formulae. Use the following translations to answer the question.;;;;,";;;;Here is an example of how to get a formula for a phrase.;;What is the formula for ""Amber's parent's enemy""?;;;;Here are the steps to arrive at the answer:;;1. Amber's parent = parent(amber);;2. Amber's parent's enemy = enemy(parent(amber));;;;So the answer is enemy(parent(amber));;;;What is the formula for ""Felicia's child's parent's child""?",Felicia's child's parent's child,child(parent(child(felicia))),Amber;;Bryan;;Christina;;Dana;;Elizabeth;;Felicia,Christina's friend = friend(christina);;Amber's friend = friend(amber);;Dana's enemy = enemy(dana);;Bryan's enemy = enemy(bryan);;Elizabeth's parent = parent(elizabeth);;Felicia's child = child(felicia),200,14
4,L,SemanticApproach.INTENSIONAL,Representation.ENGLISH,0_L_pce2,English phrases can be translated into formulae. Use the following translations to answer the question.;;;;,";;;;Here is an example of how to get a formula for a phrase.;;What is the formula for ""Amber's parent's enemy""?;;;;Here are the steps to arrive at the answer:;;1. Amber's parent = parent(amber);;2. Amber's parent's enemy = enemy(parent(amber));;;;So the answer is enemy(parent(amber));;;;What is the formula for ""Dana's enemy's child's parent""?",Dana's enemy's child's parent,parent(child(enemy(dana))),Amber;;Bryan;;Christina;;Dana;;Elizabeth;;Felicia,Christina's friend = friend(christina);;Amber's friend = friend(amber);;Dana's enemy = enemy(dana);;Bryan's enemy = enemy(bryan);;Elizabeth's parent = parent(elizabeth);;Felicia's child = child(felicia),172,15
4,L,SemanticApproach.INTENSIONAL,Representation.ENGLISH,0_L_epf2,English phrases can be translated into formulae. Use the following translations to answer the question.;;;;,";;;;Here is an example of how to get a formula for a phrase.;;What is the formula for ""Amber's parent's enemy""?;;;;Here are the steps to arrive at the answer:;;1. Amber's parent = parent(amber);;2. Amber's parent's enemy = enemy(parent(amber));;;;So the answer is enemy(parent(amber));;;;What is the formula for ""Dana's friend's parent's enemy""?",Dana's friend's parent's enemy,enemy(parent(friend(dana))),Amber;;Bryan;;Christina;;Dana;;Elizabeth;;Felicia,Christina's friend = friend(christina);;Amber's friend = friend(amber);;Dana's enemy = enemy(dana);;Bryan's enemy = enemy(bryan);;Elizabeth's parent = parent(elizabeth);;Felicia's child = child(felicia),168,16
4,L,SemanticApproach.INTENSIONAL,Representation.ENGLISH,0_L_cpf2,English phrases can be translated into formulae. Use the following translations to answer the question.;;;;,";;;;Here is an example of how to get a formula for a phrase.;;What is the formula for ""Amber's parent's enemy""?;;;;Here are the steps to arrive at the answer:;;1. Amber's parent = parent(amber);;2. Amber's parent's enemy = enemy(parent(amber));;;;So the answer is enemy(parent(amber));;;;What is the formula for ""Dana's friend's parent's child""?",Dana's friend's parent's child,child(parent(friend(dana))),Amber;;Bryan;;Christina;;Dana;;Elizabeth;;Felicia,Christina's friend = friend(christina);;Amber's friend = friend(amber);;Dana's enemy = enemy(dana);;Bryan's enemy = enemy(bryan);;Elizabeth's parent = parent(elizabeth);;Felicia's child = child(felicia),169,17
4,L,SemanticApproach.INTENSIONAL,Representation.ENGLISH,0_L_efp4,English phrases can be translated into formulae. Use the following translations to answer the question.;;;;,";;;;Here is an example of how to get a formula for a phrase.;;What is the formula for ""Amber's parent's enemy""?;;;;Here are the steps to arrive at the answer:;;1. Amber's parent = parent(amber);;2. Amber's parent's enemy = enemy(parent(amber));;;;So the answer is enemy(parent(amber));;;;What is the formula for ""Elizabeth's parent's friend's enemy""?",Elizabeth's parent's friend's enemy,enemy(friend(parent(elizabeth))),Amber;;Bryan;;Christina;;Dana;;Elizabeth;;Felicia,Christina's friend = friend(christina);;Amber's friend = friend(amber);;Dana's enemy = enemy(dana);;Bryan's enemy = enemy(bryan);;Elizabeth's parent = parent(elizabeth);;Felicia's child = child(felicia),187,18
4,L,SemanticApproach.INTENSIONAL,Representation.ENGLISH,0_L_fff5,English phrases can be translated into formulae. Use the following translations to answer the question.;;;;,";;;;Here is an example of how to get a formula for a phrase.;;What is the formula for ""Amber's parent's enemy""?;;;;Here are the steps to arrive at the answer:;;1. Amber's parent = parent(amber);;2. Amber's parent's enemy = enemy(parent(amber));;;;So the answer is enemy(parent(amber));;;;What is the formula for ""Felicia's friend's friend's friend""?",Felicia's friend's friend's friend,friend(friend(friend(felicia))),Amber;;Bryan;;Christina;;Dana;;Elizabeth;;Felicia,Christina's friend = friend(christina);;Amber's friend = friend(amber);;Dana's enemy = enemy(dana);;Bryan's enemy = enemy(bryan);;Elizabeth's parent = parent(elizabeth);;Felicia's child = child(felicia),190,19
4,L,SemanticApproach.INTENSIONAL,Representation.ENGLISH,0_L_efe0,English phrases can be translated into formulae. Use the following translations to answer the question.;;;;,";;;;Here is an example of how to get a formula for a phrase.;;What is the formula for ""Amber's parent's enemy""?;;;;Here are the steps to arrive at the answer:;;1. Amber's parent = parent(amber);;2. Amber's parent's enemy = enemy(parent(amber));;;;So the answer is enemy(parent(amber));;;;What is the formula for ""Christina's enemy's friend's enemy""?",Christina's enemy's friend's enemy,enemy(friend(enemy(christina))),Amber;;Bryan;;Christina;;Dana;;Elizabeth;;Felicia,Christina's friend = friend(christina);;Amber's friend = friend(amber);;Dana's enemy = enemy(dana);;Bryan's enemy = enemy(bryan);;Elizabeth's parent = parent(elizabeth);;Felicia's child = child(felicia),161,20
4,L,SemanticApproach.INTENSIONAL,Representation.ENGLISH,0_L_pfc0,English phrases can be translated into formulae. Use the following translations to answer the question.;;;;,";;;;Here is an example of how to get a formula for a phrase.;;What is the formula for ""Amber's parent's enemy""?;;;;Here are the steps to arrive at the answer:;;1. Amber's parent = parent(amber);;2. Amber's parent's enemy = enemy(parent(amber));;;;So the answer is enemy(parent(amber));;;;What is the formula for ""Christina's child's friend's parent""?",Christina's child's friend's parent,parent(friend(child(christina))),Amber;;Bryan;;Christina;;Dana;;Elizabeth;;Felicia,Christina's friend = friend(christina);;Amber's friend = friend(amber);;Dana's enemy = enemy(dana);;Bryan's enemy = enemy(bryan);;Elizabeth's parent = parent(elizabeth);;Felicia's child = child(felicia),163,21
4,L,SemanticApproach.INTENSIONAL,Representation.ENGLISH,0_L_pcf3,English phrases can be translated into formulae. Use the following translations to answer the question.;;;;,";;;;Here is an example of how to get a formula for a phrase.;;What is the formula for ""Amber's parent's enemy""?;;;;Here are the steps to arrive at the answer:;;1. Amber's parent = parent(amber);;2. Amber's parent's enemy = enemy(parent(amber));;;;So the answer is enemy(parent(amber));;;;What is the formula for ""Bryan's friend's child's parent""?",Bryan's friend's child's parent,parent(child(friend(bryan))),Amber;;Bryan;;Christina;;Dana;;Elizabeth;;Felicia,Christina's friend = friend(christina);;Amber's friend = friend(amber);;Dana's enemy = enemy(dana);;Bryan's enemy = enemy(bryan);;Elizabeth's parent = parent(elizabeth);;Felicia's child = child(felicia),177,22
4,L,SemanticApproach.INTENSIONAL,Representation.ENGLISH,0_L_ffc5,English phrases can be translated into formulae. Use the following translations to answer the question.;;;;,";;;;Here is an example of how to get a formula for a phrase.;;What is the formula for ""Amber's parent's enemy""?;;;;Here are the steps to arrive at the answer:;;1. Amber's parent = parent(amber);;2. Amber's parent's enemy = enemy(parent(amber));;;;So the answer is enemy(parent(amber));;;;What is the formula for ""Felicia's child's friend's friend""?",Felicia's child's friend's friend,friend(friend(child(felicia))),Amber;;Bryan;;Christina;;Dana;;Elizabeth;;Felicia,Christina's friend = friend(christina);;Amber's friend = friend(amber);;Dana's enemy = enemy(dana);;Bryan's enemy = enemy(bryan);;Elizabeth's parent = parent(elizabeth);;Felicia's child = child(felicia),198,23
4,L,SemanticApproach.INTENSIONAL,Representation.ENGLISH,0_L_ecf5,English phrases can be translated into formulae. Use the following translations to answer the question.;;;;,";;;;Here is an example of how to get a formula for a phrase.;;What is the formula for ""Amber's parent's enemy""?;;;;Here are the steps to arrive at the answer:;;1. Amber's parent = parent(amber);;2. Amber's parent's enemy = enemy(parent(amber));;;;So the answer is enemy(parent(amber));;;;What is the formula for ""Felicia's friend's child's enemy""?",Felicia's friend's child's enemy,enemy(child(friend(felicia))),Amber;;Bryan;;Christina;;Dana;;Elizabeth;;Felicia,Christina's friend = friend(christina);;Amber's friend = friend(amber);;Dana's enemy = enemy(dana);;Bryan's enemy = enemy(bryan);;Elizabeth's parent = parent(elizabeth);;Felicia's child = child(felicia),192,24
4,L,SemanticApproach.INTENSIONAL,Representation.ENGLISH,0_L_cpe5,English phrases can be translated into formulae. Use the following translations to answer the question.;;;;,";;;;Here is an example of how to get a formula for a phrase.;;What is the formula for ""Amber's parent's enemy""?;;;;Here are the steps to arrive at the answer:;;1. Amber's parent = parent(amber);;2. Amber's parent's enemy = enemy(parent(amber));;;;So the answer is enemy(parent(amber));;;;What is the formula for ""Felicia's enemy's parent's child""?",Felicia's enemy's parent's child,child(parent(enemy(felicia))),Amber;;Bryan;;Christina;;Dana;;Elizabeth;;Felicia,Christina's friend = friend(christina);;Amber's friend = friend(amber);;Dana's enemy = enemy(dana);;Bryan's enemy = enemy(bryan);;Elizabeth's parent = parent(elizabeth);;Felicia's child = child(felicia),197,25
4,L,SemanticApproach.INTENSIONAL,Representation.ENGLISH,0_L_cef1,English phrases can be translated into formulae. Use the following translations to answer the question.;;;;,";;;;Here is an example of how to get a formula for a phrase.;;What is the formula for ""Amber's parent's enemy""?;;;;Here are the steps to arrive at the answer:;;1. Amber's parent = parent(amber);;2. Amber's parent's enemy = enemy(parent(amber));;;;So the answer is enemy(parent(amber));;;;What is the formula for ""Amber's friend's enemy's child""?",Amber's friend's enemy's child,child(enemy(friend(amber))),Amber;;Bryan;;Christina;;Dana;;Elizabeth;;Felicia,Christina's friend = friend(christina);;Amber's friend = friend(amber);;Dana's enemy = enemy(dana);;Bryan's enemy = enemy(bryan);;Elizabeth's parent = parent(elizabeth);;Felicia's child = child(felicia),166,26
4,L,SemanticApproach.INTENSIONAL,Representation.ENGLISH,0_L_pec3,English phrases can be translated into formulae. Use the following translations to answer the question.;;;;,";;;;Here is an example of how to get a formula for a phrase.;;What is the formula for ""Amber's parent's enemy""?;;;;Here are the steps to arrive at the answer:;;1. Amber's parent = parent(amber);;2. Amber's parent's enemy = enemy(parent(amber));;;;So the answer is enemy(parent(amber));;;;What is the formula for ""Bryan's child's enemy's parent""?",Bryan's child's enemy's parent,parent(enemy(child(bryan))),Amber;;Bryan;;Christina;;Dana;;Elizabeth;;Felicia,Christina's friend = friend(christina);;Amber's friend = friend(amber);;Dana's enemy = enemy(dana);;Bryan's enemy = enemy(bryan);;Elizabeth's parent = parent(elizabeth);;Felicia's child = child(felicia),180,27
4,L,SemanticApproach.INTENSIONAL,Representation.ENGLISH,0_L_eec3,English phrases can be translated into formulae. Use the following translations to answer the question.;;;;,";;;;Here is an example of how to get a formula for a phrase.;;What is the formula for ""Amber's parent's enemy""?;;;;Here are the steps to arrive at the answer:;;1. Amber's parent = parent(amber);;2. Amber's parent's enemy = enemy(parent(amber));;;;So the answer is enemy(parent(amber));;;;What is the formula for ""Bryan's child's enemy's enemy""?",Bryan's child's enemy's enemy,enemy(enemy(child(bryan))),Amber;;Bryan;;Christina;;Dana;;Elizabeth;;Felicia,Christina's friend = friend(christina);;Amber's friend = friend(amber);;Dana's enemy = enemy(dana);;Bryan's enemy = enemy(bryan);;Elizabeth's parent = parent(elizabeth);;Felicia's child = child(felicia),179,28
4,L,SemanticApproach.INTENSIONAL,Representation.ENGLISH,0_L_ffc3,English phrases can be translated into formulae. Use the following translations to answer the question.;;;;,";;;;Here is an example of how to get a formula for a phrase.;;What is the formula for ""Amber's parent's enemy""?;;;;Here are the steps to arrive at the answer:;;1. Amber's parent = parent(amber);;2. Amber's parent's enemy = enemy(parent(amber));;;;So the answer is enemy(parent(amber));;;;What is the formula for ""Bryan's child's friend's friend""?",Bryan's child's friend's friend,friend(friend(child(bryan))),Amber;;Bryan;;Christina;;Dana;;Elizabeth;;Felicia,Christina's friend = friend(christina);;Amber's friend = friend(amber);;Dana's enemy = enemy(dana);;Bryan's enemy = enemy(bryan);;Elizabeth's parent = parent(elizabeth);;Felicia's child = child(felicia),178,29
4,L,SemanticApproach.INTENSIONAL,Representation.ENGLISH,0_L_ffp4,English phrases can be translated into formulae. Use the following translations to answer the question.;;;;,";;;;Here is an example of how to get a formula for a phrase.;;What is the formula for ""Amber's parent's enemy""?;;;;Here are the steps to arrive at the answer:;;1. Amber's parent = parent(amber);;2. Amber's parent's enemy = enemy(parent(amber));;;;So the answer is enemy(parent(amber));;;;What is the formula for ""Elizabeth's parent's friend's friend""?",Elizabeth's parent's friend's friend,friend(friend(parent(elizabeth))),Amber;;Bryan;;Christina;;Dana;;Elizabeth;;Felicia,Christina's friend = friend(christina);;Amber's friend = friend(amber);;Dana's enemy = enemy(dana);;Bryan's enemy = enemy(bryan);;Elizabeth's parent = parent(elizabeth);;Felicia's child = child(felicia),186,30
4,L,SemanticApproach.INTENSIONAL,Representation.ENGLISH,0_L_ecp4,English phrases can be translated into formulae. Use the following translations to answer the question.;;;;,";;;;Here is an example of how to get a formula for a phrase.;;What is the formula for ""Amber's parent's enemy""?;;;;Here are the steps to arrive at the answer:;;1. Amber's parent = parent(amber);;2. Amber's parent's enemy = enemy(parent(amber));;;;So the answer is enemy(parent(amber));;;;What is the formula for ""Elizabeth's parent's child's enemy""?",Elizabeth's parent's child's enemy,enemy(child(parent(elizabeth))),Amber;;Bryan;;Christina;;Dana;;Elizabeth;;Felicia,Christina's friend = friend(christina);;Amber's friend = friend(amber);;Dana's enemy = enemy(dana);;Bryan's enemy = enemy(bryan);;Elizabeth's parent = parent(elizabeth);;Felicia's child = child(felicia),188,31
4,L,SemanticApproach.INTENSIONAL,Representation.ENGLISH,0_L_pep2,English phrases can be translated into formulae. Use the following translations to answer the question.;;;;,";;;;Here is an example of how to get a formula for a phrase.;;What is the formula for ""Amber's parent's enemy""?;;;;Here are the steps to arrive at the answer:;;1. Amber's parent = parent(amber);;2. Amber's parent's enemy = enemy(parent(amber));;;;So the answer is enemy(parent(amber));;;;What is the formula for ""Dana's parent's enemy's parent""?",Dana's parent's enemy's parent,parent(enemy(parent(dana))),Amber;;Bryan;;Christina;;Dana;;Elizabeth;;Felicia,Christina's friend = friend(christina);;Amber's friend = friend(amber);;Dana's enemy = enemy(dana);;Bryan's enemy = enemy(bryan);;Elizabeth's parent = parent(elizabeth);;Felicia's child = child(felicia),174,32
4,L,SemanticApproach.INTENSIONAL,Representation.ENGLISH,0_L_fec5,English phrases can be translated into formulae. Use the following translations to answer the question.;;;;,";;;;Here is an example of how to get a formula for a phrase.;;What is the formula for ""Amber's parent's enemy""?;;;;Here are the steps to arrive at the answer:;;1. Amber's parent = parent(amber);;2. Amber's parent's enemy = enemy(parent(amber));;;;So the answer is enemy(parent(amber));;;;What is the formula for ""Felicia's child's enemy's friend""?",Felicia's child's enemy's friend,friend(enemy(child(felicia))),Amber;;Bryan;;Christina;;Dana;;Elizabeth;;Felicia,Christina's friend = friend(christina);;Amber's friend = friend(amber);;Dana's enemy = enemy(dana);;Bryan's enemy = enemy(bryan);;Elizabeth's parent = parent(elizabeth);;Felicia's child = child(felicia),199,33
4,L,SemanticApproach.INTENSIONAL,Representation.ENGLISH,0_L_eee5,English phrases can be translated into formulae. Use the following translations to answer the question.;;;;,";;;;Here is an example of how to get a formula for a phrase.;;What is the formula for ""Amber's parent's enemy""?;;;;Here are the steps to arrive at the answer:;;1. Amber's parent = parent(amber);;2. Amber's parent's enemy = enemy(parent(amber));;;;So the answer is enemy(parent(amber));;;;What is the formula for ""Felicia's enemy's enemy's enemy""?",Felicia's enemy's enemy's enemy,enemy(enemy(enemy(felicia))),Amber;;Bryan;;Christina;;Dana;;Elizabeth;;Felicia,Christina's friend = friend(christina);;Amber's friend = friend(amber);;Dana's enemy = enemy(dana);;Bryan's enemy = enemy(bryan);;Elizabeth's parent = parent(elizabeth);;Felicia's child = child(felicia),195,34
4,L,SemanticApproach.INTENSIONAL,Representation.ENGLISH,0_L_fcf5,English phrases can be translated into formulae. Use the following translations to answer the question.;;;;,";;;;Here is an example of how to get a formula for a phrase.;;What is the formula for ""Amber's parent's enemy""?;;;;Here are the steps to arrive at the answer:;;1. Amber's parent = parent(amber);;2. Amber's parent's enemy = enemy(parent(amber));;;;So the answer is enemy(parent(amber));;;;What is the formula for ""Felicia's friend's child's friend""?",Felicia's friend's child's friend,friend(child(friend(felicia))),Amber;;Bryan;;Christina;;Dana;;Elizabeth;;Felicia,Christina's friend = friend(christina);;Amber's friend = friend(amber);;Dana's enemy = enemy(dana);;Bryan's enemy = enemy(bryan);;Elizabeth's parent = parent(elizabeth);;Felicia's child = child(felicia),191,35
4,L,SemanticApproach.INTENSIONAL,Representation.ENGLISH,0_L_fef4,English phrases can be translated into formulae. Use the following translations to answer the question.;;;;,";;;;Here is an example of how to get a formula for a phrase.;;What is the formula for ""Amber's parent's enemy""?;;;;Here are the steps to arrive at the answer:;;1. Amber's parent = parent(amber);;2. Amber's parent's enemy = enemy(parent(amber));;;;So the answer is enemy(parent(amber));;;;What is the formula for ""Elizabeth's friend's enemy's friend""?",Elizabeth's friend's enemy's friend,friend(enemy(friend(elizabeth))),Amber;;Bryan;;Christina;;Dana;;Elizabeth;;Felicia,Christina's friend = friend(christina);;Amber's friend = friend(amber);;Dana's enemy = enemy(dana);;Bryan's enemy = enemy(bryan);;Elizabeth's parent = parent(elizabeth);;Felicia's child = child(felicia),181,36
4,L,SemanticApproach.INTENSIONAL,Representation.ENGLISH,0_L_eff1,English phrases can be translated into formulae. Use the following translations to answer the question.;;;;,";;;;Here is an example of how to get a formula for a phrase.;;What is the formula for ""Amber's parent's enemy""?;;;;Here are the steps to arrive at the answer:;;1. Amber's parent = parent(amber);;2. Amber's parent's enemy = enemy(parent(amber));;;;So the answer is enemy(parent(amber));;;;What is the formula for ""Amber's friend's friend's enemy""?",Amber's friend's friend's enemy,enemy(friend(friend(amber))),Amber;;Bryan;;Christina;;Dana;;Elizabeth;;Felicia,Christina's friend = friend(christina);;Amber's friend = friend(amber);;Dana's enemy = enemy(dana);;Bryan's enemy = enemy(bryan);;Elizabeth's parent = parent(elizabeth);;Felicia's child = child(felicia),165,37
4,L,SemanticApproach.INTENSIONAL,Representation.ENGLISH,0_L_epe1,English phrases can be translated into formulae. Use the following translations to answer the question.;;;;,";;;;Here is an example of how to get a formula for a phrase.;;What is the formula for ""Amber's parent's enemy""?;;;;Here are the steps to arrive at the answer:;;1. Amber's parent = parent(amber);;2. Amber's parent's enemy = enemy(parent(amber));;;;So the answer is enemy(parent(amber));;;;What is the formula for ""Amber's enemy's parent's enemy""?",Amber's enemy's parent's enemy,enemy(parent(enemy(amber))),Amber;;Bryan;;Christina;;Dana;;Elizabeth;;Felicia,Christina's friend = friend(christina);;Amber's friend = friend(amber);;Dana's enemy = enemy(dana);;Bryan's enemy = enemy(bryan);;Elizabeth's parent = parent(elizabeth);;Felicia's child = child(felicia),167,38
4,L,SemanticApproach.INTENSIONAL,Representation.ENGLISH,0_L_pcp2,English phrases can be translated into formulae. Use the following translations to answer the question.;;;;,";;;;Here is an example of how to get a formula for a phrase.;;What is the formula for ""Amber's parent's enemy""?;;;;Here are the steps to arrive at the answer:;;1. Amber's parent = parent(amber);;2. Amber's parent's enemy = enemy(parent(amber));;;;So the answer is enemy(parent(amber));;;;What is the formula for ""Dana's parent's child's parent""?",Dana's parent's child's parent,parent(child(parent(dana))),Amber;;Bryan;;Christina;;Dana;;Elizabeth;;Felicia,Christina's friend = friend(christina);;Amber's friend = friend(amber);;Dana's enemy = enemy(dana);;Bryan's enemy = enemy(bryan);;Elizabeth's parent = parent(elizabeth);;Felicia's child = child(felicia),175,39
4,R,SemanticApproach.INTENSIONAL,Representation.ENGLISH,0_R_cfp2,English phrases can be translated into formulae. Use the following translations to answer the question.;;;;,";;;;Here is an example of how to get a formula for a phrase.;;What is the formula for ""the enemy of the parent of Amber""?;;;;Here are the steps to arrive at the answer:;;1. the parent of Amber = parent(amber);;2. the enemy of the parent of Amber = enemy(parent(amber));;;;So the answer is enemy(parent(amber));;;;What is the formula for ""the child of the friend of the parent of Dana""?",the child of the friend of the parent of Dana,child(friend(parent(dana))),Amber;;Bryan;;Christina;;Dana;;Elizabeth;;Felicia,the friend of Christina = friend(christina);;the friend of Amber = friend(amber);;the enemy of Dana = enemy(dana);;the enemy of Bryan = enemy(bryan);;the parent of Elizabeth = parent(elizabeth);;the child of Felicia = child(felicia),73,0
4,R,SemanticApproach.INTENSIONAL,Representation.ENGLISH,0_R_cef1,English phrases can be translated into formulae. Use the following translations to answer the question.;;;;,";;;;Here is an example of how to get a formula for a phrase.;;What is the formula for ""the enemy of the parent of Amber""?;;;;Here are the steps to arrive at the answer:;;1. the parent of Amber = parent(amber);;2. the enemy of the parent of Amber = enemy(parent(amber));;;;So the answer is enemy(parent(amber));;;;What is the formula for ""the child of the enemy of the friend of Amber""?",the child of the enemy of the friend of Amber,child(enemy(friend(amber))),Amber;;Bryan;;Christina;;Dana;;Elizabeth;;Felicia,the friend of Christina = friend(christina);;the friend of Amber = friend(amber);;the enemy of Dana = enemy(dana);;the enemy of Bryan = enemy(bryan);;the parent of Elizabeth = parent(elizabeth);;the child of Felicia = child(felicia),66,1
4,R,SemanticApproach.INTENSIONAL,Representation.ENGLISH,0_R_ffc3,English phrases can be translated into formulae. Use the following translations to answer the question.;;;;,";;;;Here is an example of how to get a formula for a phrase.;;What is the formula for ""the enemy of the parent of Amber""?;;;;Here are the steps to arrive at the answer:;;1. the parent of Amber = parent(amber);;2. the enemy of the parent of Amber = enemy(parent(amber));;;;So the answer is enemy(parent(amber));;;;What is the formula for ""the friend of the friend of the child of Bryan""?",the friend of the friend of the child of Bryan,friend(friend(child(bryan))),Amber;;Bryan;;Christina;;Dana;;Elizabeth;;Felicia,the friend of Christina = friend(christina);;the friend of Amber = friend(amber);;the enemy of Dana = enemy(dana);;the enemy of Bryan = enemy(bryan);;the parent of Elizabeth = parent(elizabeth);;the child of Felicia = child(felicia),78,2
4,R,SemanticApproach.INTENSIONAL,Representation.ENGLISH,0_R_cpf4,English phrases can be translated into formulae. Use the following translations to answer the question.;;;;,";;;;Here is an example of how to get a formula for a phrase.;;What is the formula for ""the enemy of the parent of Amber""?;;;;Here are the steps to arrive at the answer:;;1. the parent of Amber = parent(amber);;2. the enemy of the parent of Amber = enemy(parent(amber));;;;So the answer is enemy(parent(amber));;;;What is the formula for ""the child of the parent of the friend of Elizabeth""?",the child of the parent of the friend of Elizabeth,child(parent(friend(elizabeth))),Amber;;Bryan;;Christina;;Dana;;Elizabeth;;Felicia,the friend of Christina = friend(christina);;the friend of Amber = friend(amber);;the enemy of Dana = enemy(dana);;the enemy of Bryan = enemy(bryan);;the parent of Elizabeth = parent(elizabeth);;the child of Felicia = child(felicia),84,3
4,R,SemanticApproach.INTENSIONAL,Representation.ENGLISH,0_R_fce2,English phrases can be translated into formulae. Use the following translations to answer the question.;;;;,";;;;Here is an example of how to get a formula for a phrase.;;What is the formula for ""the enemy of the parent of Amber""?;;;;Here are the steps to arrive at the answer:;;1. the parent of Amber = parent(amber);;2. the enemy of the parent of Amber = enemy(parent(amber));;;;So the answer is enemy(parent(amber));;;;What is the formula for ""the friend of the child of the enemy of Dana""?",the friend of the child of the enemy of Dana,friend(child(enemy(dana))),Amber;;Bryan;;Christina;;Dana;;Elizabeth;;Felicia,the friend of Christina = friend(christina);;the friend of Amber = friend(amber);;the enemy of Dana = enemy(dana);;the enemy of Bryan = enemy(bryan);;the parent of Elizabeth = parent(elizabeth);;the child of Felicia = child(felicia),71,4
4,R,SemanticApproach.INTENSIONAL,Representation.ENGLISH,0_R_efe0,English phrases can be translated into formulae. Use the following translations to answer the question.;;;;,";;;;Here is an example of how to get a formula for a phrase.;;What is the formula for ""the enemy of the parent of Amber""?;;;;Here are the steps to arrive at the answer:;;1. the parent of Amber = parent(amber);;2. the enemy of the parent of Amber = enemy(parent(amber));;;;So the answer is enemy(parent(amber));;;;What is the formula for ""the enemy of the friend of the enemy of Christina""?",the enemy of the friend of the enemy of Christina,enemy(friend(enemy(christina))),Amber;;Bryan;;Christina;;Dana;;Elizabeth;;Felicia,the friend of Christina = friend(christina);;the friend of Amber = friend(amber);;the enemy of Dana = enemy(dana);;the enemy of Bryan = enemy(bryan);;the parent of Elizabeth = parent(elizabeth);;the child of Felicia = child(felicia),61,5
4,R,SemanticApproach.INTENSIONAL,Representation.ENGLISH,0_R_epe1,English phrases can be translated into formulae. Use the following translations to answer the question.;;;;,";;;;Here is an example of how to get a formula for a phrase.;;What is the formula for ""the enemy of the parent of Amber""?;;;;Here are the steps to arrive at the answer:;;1. the parent of Amber = parent(amber);;2. the enemy of the parent of Amber = enemy(parent(amber));;;;So the answer is enemy(parent(amber));;;;What is the formula for ""the enemy of the parent of the enemy of Amber""?",the enemy of the parent of the enemy of Amber,enemy(parent(enemy(amber))),Amber;;Bryan;;Christina;;Dana;;Elizabeth;;Felicia,the friend of Christina = friend(christina);;the friend of Amber = friend(amber);;the enemy of Dana = enemy(dana);;the enemy of Bryan = enemy(bryan);;the parent of Elizabeth = parent(elizabeth);;the child of Felicia = child(felicia),67,6
4,R,SemanticApproach.INTENSIONAL,Representation.ENGLISH,0_R_eee5,English phrases can be translated into formulae. Use the following translations to answer the question.;;;;,";;;;Here is an example of how to get a formula for a phrase.;;What is the formula for ""the enemy of the parent of Amber""?;;;;Here are the steps to arrive at the answer:;;1. the parent of Amber = parent(amber);;2. the enemy of the parent of Amber = enemy(parent(amber));;;;So the answer is enemy(parent(amber));;;;What is the formula for ""the enemy of the enemy of the enemy of Felicia""?",the enemy of the enemy of the enemy of Felicia,enemy(enemy(enemy(felicia))),Amber;;Bryan;;Christina;;Dana;;Elizabeth;;Felicia,the friend of Christina = friend(christina);;the friend of Amber = friend(amber);;the enemy of Dana = enemy(dana);;the enemy of Bryan = enemy(bryan);;the parent of Elizabeth = parent(elizabeth);;the child of Felicia = child(felicia),95,7
4,R,SemanticApproach.INTENSIONAL,Representation.ENGLISH,0_R_pcp2,English phrases can be translated into formulae. Use the following translations to answer the question.;;;;,";;;;Here is an example of how to get a formula for a phrase.;;What is the formula for ""the enemy of the parent of Amber""?;;;;Here are the steps to arrive at the answer:;;1. the parent of Amber = parent(amber);;2. the enemy of the parent of Amber = enemy(parent(amber));;;;So the answer is enemy(parent(amber));;;;What is the formula for ""the parent of the child of the parent of Dana""?",the parent of the child of the parent of Dana,parent(child(parent(dana))),Amber;;Bryan;;Christina;;Dana;;Elizabeth;;Felicia,the friend of Christina = friend(christina);;the friend of Amber = friend(amber);;the enemy of Dana = enemy(dana);;the enemy of Bryan = enemy(bryan);;the parent of Elizabeth = parent(elizabeth);;the child of Felicia = child(felicia),75,8
4,R,SemanticApproach.INTENSIONAL,Representation.ENGLISH,0_R_eec3,English phrases can be translated into formulae. Use the following translations to answer the question.;;;;,";;;;Here is an example of how to get a formula for a phrase.;;What is the formula for ""the enemy of the parent of Amber""?;;;;Here are the steps to arrive at the answer:;;1. the parent of Amber = parent(amber);;2. the enemy of the parent of Amber = enemy(parent(amber));;;;So the answer is enemy(parent(amber));;;;What is the formula for ""the enemy of the enemy of the child of Bryan""?",the enemy of the enemy of the child of Bryan,enemy(enemy(child(bryan))),Amber;;Bryan;;Christina;;Dana;;Elizabeth;;Felicia,the friend of Christina = friend(christina);;the friend of Amber = friend(amber);;the enemy of Dana = enemy(dana);;the enemy of Bryan = enemy(bryan);;the parent of Elizabeth = parent(elizabeth);;the child of Felicia = child(felicia),79,9
4,R,SemanticApproach.INTENSIONAL,Representation.ENGLISH,0_R_fec5,English phrases can be translated into formulae. Use the following translations to answer the question.;;;;,";;;;Here is an example of how to get a formula for a phrase.;;What is the formula for ""the enemy of the parent of Amber""?;;;;Here are the steps to arrive at the answer:;;1. the parent of Amber = parent(amber);;2. the enemy of the parent of Amber = enemy(parent(amber));;;;So the answer is enemy(parent(amber));;;;What is the formula for ""the friend of the enemy of the child of Felicia""?",the friend of the enemy of the child of Felicia,friend(enemy(child(felicia))),Amber;;Bryan;;Christina;;Dana;;Elizabeth;;Felicia,the friend of Christina = friend(christina);;the friend of Amber = friend(amber);;the enemy of Dana = enemy(dana);;the enemy of Bryan = enemy(bryan);;the parent of Elizabeth = parent(elizabeth);;the child of Felicia = child(felicia),99,10
4,R,SemanticApproach.INTENSIONAL,Representation.ENGLISH,0_R_fec0,English phrases can be translated into formulae. Use the following translations to answer the question.;;;;,";;;;Here is an example of how to get a formula for a phrase.;;What is the formula for ""the enemy of the parent of Amber""?;;;;Here are the steps to arrive at the answer:;;1. the parent of Amber = parent(amber);;2. the enemy of the parent of Amber = enemy(parent(amber));;;;So the answer is enemy(parent(amber));;;;What is the formula for ""the friend of the enemy of the child of Christina""?",the friend of the enemy of the child of Christina,friend(enemy(child(christina))),Amber;;Bryan;;Christina;;Dana;;Elizabeth;;Felicia,the friend of Christina = friend(christina);;the friend of Amber = friend(amber);;the enemy of Dana = enemy(dana);;the enemy of Bryan = enemy(bryan);;the parent of Elizabeth = parent(elizabeth);;the child of Felicia = child(felicia),64,11
4,R,SemanticApproach.INTENSIONAL,Representation.ENGLISH,0_R_pcp4,English phrases can be translated into formulae. Use the following translations to answer the question.;;;;,";;;;Here is an example of how to get a formula for a phrase.;;What is the formula for ""the enemy of the parent of Amber""?;;;;Here are the steps to arrive at the answer:;;1. the parent of Amber = parent(amber);;2. the enemy of the parent of Amber = enemy(parent(amber));;;;So the answer is enemy(parent(amber));;;;What is the formula for ""the parent of the child of the parent of Elizabeth""?",the parent of the child of the parent of Elizabeth,parent(child(parent(elizabeth))),Amber;;Bryan;;Christina;;Dana;;Elizabeth;;Felicia,the friend of Christina = friend(christina);;the friend of Amber = friend(amber);;the enemy of Dana = enemy(dana);;the enemy of Bryan = enemy(bryan);;the parent of Elizabeth = parent(elizabeth);;the child of Felicia = child(felicia),89,12
4,R,SemanticApproach.INTENSIONAL,Representation.ENGLISH,0_R_cfe0,English phrases can be translated into formulae. Use the following translations to answer the question.;;;;,";;;;Here is an example of how to get a formula for a phrase.;;What is the formula for ""the enemy of the parent of Amber""?;;;;Here are the steps to arrive at the answer:;;1. the parent of Amber = parent(amber);;2. the enemy of the parent of Amber = enemy(parent(amber));;;;So the answer is enemy(parent(amber));;;;What is the formula for ""the child of the friend of the enemy of Christina""?",the child of the friend of the enemy of Christina,child(friend(enemy(christina))),Amber;;Bryan;;Christina;;Dana;;Elizabeth;;Felicia,the friend of Christina = friend(christina);;the friend of Amber = friend(amber);;the enemy of Dana = enemy(dana);;the enemy of Bryan = enemy(bryan);;the parent of Elizabeth = parent(elizabeth);;the child of Felicia = child(felicia),62,13
4,R,SemanticApproach.INTENSIONAL,Representation.ENGLISH,0_R_eee2,English phrases can be translated into formulae. Use the following translations to answer the question.;;;;,";;;;Here is an example of how to get a formula for a phrase.;;What is the formula for ""the enemy of the parent of Amber""?;;;;Here are the steps to arrive at the answer:;;1. the parent of Amber = parent(amber);;2. the enemy of the parent of Amber = enemy(parent(amber));;;;So the answer is enemy(parent(amber));;;;What is the formula for ""the enemy of the enemy of the enemy of Dana""?",the enemy of the enemy of the enemy of Dana,enemy(enemy(enemy(dana))),Amber;;Bryan;;Christina;;Dana;;Elizabeth;;Felicia,the friend of Christina = friend(christina);;the friend of Amber = friend(amber);;the enemy of Dana = enemy(dana);;the enemy of Bryan = enemy(bryan);;the parent of Elizabeth = parent(elizabeth);;the child of Felicia = child(felicia),70,14
4,R,SemanticApproach.INTENSIONAL,Representation.ENGLISH,0_R_fcf5,English phrases can be translated into formulae. Use the following translations to answer the question.;;;;,";;;;Here is an example of how to get a formula for a phrase.;;What is the formula for ""the enemy of the parent of Amber""?;;;;Here are the steps to arrive at the answer:;;1. the parent of Amber = parent(amber);;2. the enemy of the parent of Amber = enemy(parent(amber));;;;So the answer is enemy(parent(amber));;;;What is the formula for ""the friend of the child of the friend of Felicia""?",the friend of the child of the friend of Felicia,friend(child(friend(felicia))),Amber;;Bryan;;Christina;;Dana;;Elizabeth;;Felicia,the friend of Christina = friend(christina);;the friend of Amber = friend(amber);;the enemy of Dana = enemy(dana);;the enemy of Bryan = enemy(bryan);;the parent of Elizabeth = parent(elizabeth);;the child of Felicia = child(felicia),91,15
4,R,SemanticApproach.INTENSIONAL,Representation.ENGLISH,0_R_epe5,English phrases can be translated into formulae. Use the following translations to answer the question.;;;;,";;;;Here is an example of how to get a formula for a phrase.;;What is the formula for ""the enemy of the parent of Amber""?;;;;Here are the steps to arrive at the answer:;;1. the parent of Amber = parent(amber);;2. the enemy of the parent of Amber = enemy(parent(amber));;;;So the answer is enemy(parent(amber));;;;What is the formula for ""the enemy of the parent of the enemy of Felicia""?",the enemy of the parent of the enemy of Felicia,enemy(parent(enemy(felicia))),Amber;;Bryan;;Christina;;Dana;;Elizabeth;;Felicia,the friend of Christina = friend(christina);;the friend of Amber = friend(amber);;the enemy of Dana = enemy(dana);;the enemy of Bryan = enemy(bryan);;the parent of Elizabeth = parent(elizabeth);;the child of Felicia = child(felicia),96,16
4,R,SemanticApproach.INTENSIONAL,Representation.ENGLISH,0_R_pep2,English phrases can be translated into formulae. Use the following translations to answer the question.;;;;,";;;;Here is an example of how to get a formula for a phrase.;;What is the formula for ""the enemy of the parent of Amber""?;;;;Here are the steps to arrive at the answer:;;1. the parent of Amber = parent(amber);;2. the enemy of the parent of Amber = enemy(parent(amber));;;;So the answer is enemy(parent(amber));;;;What is the formula for ""the parent of the enemy of the parent of Dana""?",the parent of the enemy of the parent of Dana,parent(enemy(parent(dana))),Amber;;Bryan;;Christina;;Dana;;Elizabeth;;Felicia,the friend of Christina = friend(christina);;the friend of Amber = friend(amber);;the enemy of Dana = enemy(dana);;the enemy of Bryan = enemy(bryan);;the parent of Elizabeth = parent(elizabeth);;the child of Felicia = child(felicia),74,17
4,R,SemanticApproach.INTENSIONAL,Representation.ENGLISH,0_R_pce2,English phrases can be translated into formulae. Use the following translations to answer the question.;;;;,";;;;Here is an example of how to get a formula for a phrase.;;What is the formula for ""the enemy of the parent of Amber""?;;;;Here are the steps to arrive at the answer:;;1. the parent of Amber = parent(amber);;2. the enemy of the parent of Amber = enemy(parent(amber));;;;So the answer is enemy(parent(amber));;;;What is the formula for ""the parent of the child of the enemy of Dana""?",the parent of the child of the enemy of Dana,parent(child(enemy(dana))),Amber;;Bryan;;Christina;;Dana;;Elizabeth;;Felicia,the friend of Christina = friend(christina);;the friend of Amber = friend(amber);;the enemy of Dana = enemy(dana);;the enemy of Bryan = enemy(bryan);;the parent of Elizabeth = parent(elizabeth);;the child of Felicia = child(felicia),72,18
4,R,SemanticApproach.INTENSIONAL,Representation.ENGLISH,0_R_eef4,English phrases can be translated into formulae. Use the following translations to answer the question.;;;;,";;;;Here is an example of how to get a formula for a phrase.;;What is the formula for ""the enemy of the parent of Amber""?;;;;Here are the steps to arrive at the answer:;;1. the parent of Amber = parent(amber);;2. the enemy of the parent of Amber = enemy(parent(amber));;;;So the answer is enemy(parent(amber));;;;What is the formula for ""the enemy of the enemy of the friend of Elizabeth""?",the enemy of the enemy of the friend of Elizabeth,enemy(enemy(friend(elizabeth))),Amber;;Bryan;;Christina;;Dana;;Elizabeth;;Felicia,the friend of Christina = friend(christina);;the friend of Amber = friend(amber);;the enemy of Dana = enemy(dana);;the enemy of Bryan = enemy(bryan);;the parent of Elizabeth = parent(elizabeth);;the child of Felicia = child(felicia),82,19
4,R,SemanticApproach.INTENSIONAL,Representation.ENGLISH,0_R_ecf3,English phrases can be translated into formulae. Use the following translations to answer the question.;;;;,";;;;Here is an example of how to get a formula for a phrase.;;What is the formula for ""the enemy of the parent of Amber""?;;;;Here are the steps to arrive at the answer:;;1. the parent of Amber = parent(amber);;2. the enemy of the parent of Amber = enemy(parent(amber));;;;So the answer is enemy(parent(amber));;;;What is the formula for ""the enemy of the child of the friend of Bryan""?",the enemy of the child of the friend of Bryan,enemy(child(friend(bryan))),Amber;;Bryan;;Christina;;Dana;;Elizabeth;;Felicia,the friend of Christina = friend(christina);;the friend of Amber = friend(amber);;the enemy of Dana = enemy(dana);;the enemy of Bryan = enemy(bryan);;the parent of Elizabeth = parent(elizabeth);;the child of Felicia = child(felicia),76,20
4,R,SemanticApproach.INTENSIONAL,Representation.ENGLISH,0_R_efp4,English phrases can be translated into formulae. Use the following translations to answer the question.;;;;,";;;;Here is an example of how to get a formula for a phrase.;;What is the formula for ""the enemy of the parent of Amber""?;;;;Here are the steps to arrive at the answer:;;1. the parent of Amber = parent(amber);;2. the enemy of the parent of Amber = enemy(parent(amber));;;;So the answer is enemy(parent(amber));;;;What is the formula for ""the enemy of the friend of the parent of Elizabeth""?",the enemy of the friend of the parent of Elizabeth,enemy(friend(parent(elizabeth))),Amber;;Bryan;;Christina;;Dana;;Elizabeth;;Felicia,the friend of Christina = friend(christina);;the friend of Amber = friend(amber);;the enemy of Dana = enemy(dana);;the enemy of Bryan = enemy(bryan);;the parent of Elizabeth = parent(elizabeth);;the child of Felicia = child(felicia),87,21
4,R,SemanticApproach.INTENSIONAL,Representation.ENGLISH,0_R_fee5,English phrases can be translated into formulae. Use the following translations to answer the question.;;;;,";;;;Here is an example of how to get a formula for a phrase.;;What is the formula for ""the enemy of the parent of Amber""?;;;;Here are the steps to arrive at the answer:;;1. the parent of Amber = parent(amber);;2. the enemy of the parent of Amber = enemy(parent(amber));;;;So the answer is enemy(parent(amber));;;;What is the formula for ""the friend of the enemy of the enemy of Felicia""?",the friend of the enemy of the enemy of Felicia,friend(enemy(enemy(felicia))),Amber;;Bryan;;Christina;;Dana;;Elizabeth;;Felicia,the friend of Christina = friend(christina);;the friend of Amber = friend(amber);;the enemy of Dana = enemy(dana);;the enemy of Bryan = enemy(bryan);;the parent of Elizabeth = parent(elizabeth);;the child of Felicia = child(felicia),94,22
4,R,SemanticApproach.INTENSIONAL,Representation.ENGLISH,0_R_efe5,English phrases can be translated into formulae. Use the following translations to answer the question.;;;;,";;;;Here is an example of how to get a formula for a phrase.;;What is the formula for ""the enemy of the parent of Amber""?;;;;Here are the steps to arrive at the answer:;;1. the parent of Amber = parent(amber);;2. the enemy of the parent of Amber = enemy(parent(amber));;;;So the answer is enemy(parent(amber));;;;What is the formula for ""the enemy of the friend of the enemy of Felicia""?",the enemy of the friend of the enemy of Felicia,enemy(friend(enemy(felicia))),Amber;;Bryan;;Christina;;Dana;;Elizabeth;;Felicia,the friend of Christina = friend(christina);;the friend of Amber = friend(amber);;the enemy of Dana = enemy(dana);;the enemy of Bryan = enemy(bryan);;the parent of Elizabeth = parent(elizabeth);;the child of Felicia = child(felicia),93,23
4,R,SemanticApproach.INTENSIONAL,Representation.ENGLISH,0_R_cpf2,English phrases can be translated into formulae. Use the following translations to answer the question.;;;;,";;;;Here is an example of how to get a formula for a phrase.;;What is the formula for ""the enemy of the parent of Amber""?;;;;Here are the steps to arrive at the answer:;;1. the parent of Amber = parent(amber);;2. the enemy of the parent of Amber = enemy(parent(amber));;;;So the answer is enemy(parent(amber));;;;What is the formula for ""the child of the parent of the friend of Dana""?",the child of the parent of the friend of Dana,child(parent(friend(dana))),Amber;;Bryan;;Christina;;Dana;;Elizabeth;;Felicia,the friend of Christina = friend(christina);;the friend of Amber = friend(amber);;the enemy of Dana = enemy(dana);;the enemy of Bryan = enemy(bryan);;the parent of Elizabeth = parent(elizabeth);;the child of Felicia = child(felicia),69,24
4,R,SemanticApproach.INTENSIONAL,Representation.ENGLISH,0_R_fef4,English phrases can be translated into formulae. Use the following translations to answer the question.;;;;,";;;;Here is an example of how to get a formula for a phrase.;;What is the formula for ""the enemy of the parent of Amber""?;;;;Here are the steps to arrive at the answer:;;1. the parent of Amber = parent(amber);;2. the enemy of the parent of Amber = enemy(parent(amber));;;;So the answer is enemy(parent(amber));;;;What is the formula for ""the friend of the enemy of the friend of Elizabeth""?",the friend of the enemy of the friend of Elizabeth,friend(enemy(friend(elizabeth))),Amber;;Bryan;;Christina;;Dana;;Elizabeth;;Felicia,the friend of Christina = friend(christina);;the friend of Amber = friend(amber);;the enemy of Dana = enemy(dana);;the enemy of Bryan = enemy(bryan);;the parent of Elizabeth = parent(elizabeth);;the child of Felicia = child(felicia),81,25
4,R,SemanticApproach.INTENSIONAL,Representation.ENGLISH,0_R_ecp4,English phrases can be translated into formulae. Use the following translations to answer the question.;;;;,";;;;Here is an example of how to get a formula for a phrase.;;What is the formula for ""the enemy of the parent of Amber""?;;;;Here are the steps to arrive at the answer:;;1. the parent of Amber = parent(amber);;2. the enemy of the parent of Amber = enemy(parent(amber));;;;So the answer is enemy(parent(amber));;;;What is the formula for ""the enemy of the child of the parent of Elizabeth""?",the enemy of the child of the parent of Elizabeth,enemy(child(parent(elizabeth))),Amber;;Bryan;;Christina;;Dana;;Elizabeth;;Felicia,the friend of Christina = friend(christina);;the friend of Amber = friend(amber);;the enemy of Dana = enemy(dana);;the enemy of Bryan = enemy(bryan);;the parent of Elizabeth = parent(elizabeth);;the child of Felicia = child(felicia),88,26
4,R,SemanticApproach.INTENSIONAL,Representation.ENGLISH,0_R_fff5,English phrases can be translated into formulae. Use the following translations to answer the question.;;;;,";;;;Here is an example of how to get a formula for a phrase.;;What is the formula for ""the enemy of the parent of Amber""?;;;;Here are the steps to arrive at the answer:;;1. the parent of Amber = parent(amber);;2. the enemy of the parent of Amber = enemy(parent(amber));;;;So the answer is enemy(parent(amber));;;;What is the formula for ""the friend of the friend of the friend of Felicia""?",the friend of the friend of the friend of Felicia,friend(friend(friend(felicia))),Amber;;Bryan;;Christina;;Dana;;Elizabeth;;Felicia,the friend of Christina = friend(christina);;the friend of Amber = friend(amber);;the enemy of Dana = enemy(dana);;the enemy of Bryan = enemy(bryan);;the parent of Elizabeth = parent(elizabeth);;the child of Felicia = child(felicia),90,27
4,R,SemanticApproach.INTENSIONAL,Representation.ENGLISH,0_R_pec3,English phrases can be translated into formulae. Use the following translations to answer the question.;;;;,";;;;Here is an example of how to get a formula for a phrase.;;What is the formula for ""the enemy of the parent of Amber""?;;;;Here are the steps to arrive at the answer:;;1. the parent of Amber = parent(amber);;2. the enemy of the parent of Amber = enemy(parent(amber));;;;So the answer is enemy(parent(amber));;;;What is the formula for ""the parent of the enemy of the child of Bryan""?",the parent of the enemy of the child of Bryan,parent(enemy(child(bryan))),Amber;;Bryan;;Christina;;Dana;;Elizabeth;;Felicia,the friend of Christina = friend(christina);;the friend of Amber = friend(amber);;the enemy of Dana = enemy(dana);;the enemy of Bryan = enemy(bryan);;the parent of Elizabeth = parent(elizabeth);;the child of Felicia = child(felicia),80,28
4,R,SemanticApproach.INTENSIONAL,Representation.ENGLISH,0_R_pfc0,English phrases can be translated into formulae. Use the following translations to answer the question.;;;;,";;;;Here is an example of how to get a formula for a phrase.;;What is the formula for ""the enemy of the parent of Amber""?;;;;Here are the steps to arrive at the answer:;;1. the parent of Amber = parent(amber);;2. the enemy of the parent of Amber = enemy(parent(amber));;;;So the answer is enemy(parent(amber));;;;What is the formula for ""the parent of the friend of the child of Christina""?",the parent of the friend of the child of Christina,parent(friend(child(christina))),Amber;;Bryan;;Christina;;Dana;;Elizabeth;;Felicia,the friend of Christina = friend(christina);;the friend of Amber = friend(amber);;the enemy of Dana = enemy(dana);;the enemy of Bryan = enemy(bryan);;the parent of Elizabeth = parent(elizabeth);;the child of Felicia = child(felicia),63,29
4,R,SemanticApproach.INTENSIONAL,Representation.ENGLISH,0_R_cef4,English phrases can be translated into formulae. Use the following translations to answer the question.;;;;,";;;;Here is an example of how to get a formula for a phrase.;;What is the formula for ""the enemy of the parent of Amber""?;;;;Here are the steps to arrive at the answer:;;1. the parent of Amber = parent(amber);;2. the enemy of the parent of Amber = enemy(parent(amber));;;;So the answer is enemy(parent(amber));;;;What is the formula for ""the child of the enemy of the friend of Elizabeth""?",the child of the enemy of the friend of Elizabeth,child(enemy(friend(elizabeth))),Amber;;Bryan;;Christina;;Dana;;Elizabeth;;Felicia,the friend of Christina = friend(christina);;the friend of Amber = friend(amber);;the enemy of Dana = enemy(dana);;the enemy of Bryan = enemy(bryan);;the parent of Elizabeth = parent(elizabeth);;the child of Felicia = child(felicia),83,30
4,R,SemanticApproach.INTENSIONAL,Representation.ENGLISH,0_R_epf2,English phrases can be translated into formulae. Use the following translations to answer the question.;;;;,";;;;Here is an example of how to get a formula for a phrase.;;What is the formula for ""the enemy of the parent of Amber""?;;;;Here are the steps to arrive at the answer:;;1. the parent of Amber = parent(amber);;2. the enemy of the parent of Amber = enemy(parent(amber));;;;So the answer is enemy(parent(amber));;;;What is the formula for ""the enemy of the parent of the friend of Dana""?",the enemy of the parent of the friend of Dana,enemy(parent(friend(dana))),Amber;;Bryan;;Christina;;Dana;;Elizabeth;;Felicia,the friend of Christina = friend(christina);;the friend of Amber = friend(amber);;the enemy of Dana = enemy(dana);;the enemy of Bryan = enemy(bryan);;the parent of Elizabeth = parent(elizabeth);;the child of Felicia = child(felicia),68,31
4,R,SemanticApproach.INTENSIONAL,Representation.ENGLISH,0_R_ffc5,English phrases can be translated into formulae. Use the following translations to answer the question.;;;;,";;;;Here is an example of how to get a formula for a phrase.;;What is the formula for ""the enemy of the parent of Amber""?;;;;Here are the steps to arrive at the answer:;;1. the parent of Amber = parent(amber);;2. the enemy of the parent of Amber = enemy(parent(amber));;;;So the answer is enemy(parent(amber));;;;What is the formula for ""the friend of the friend of the child of Felicia""?",the friend of the friend of the child of Felicia,friend(friend(child(felicia))),Amber;;Bryan;;Christina;;Dana;;Elizabeth;;Felicia,the friend of Christina = friend(christina);;the friend of Amber = friend(amber);;the enemy of Dana = enemy(dana);;the enemy of Bryan = enemy(bryan);;the parent of Elizabeth = parent(elizabeth);;the child of Felicia = child(felicia),98,32
4,R,SemanticApproach.INTENSIONAL,Representation.ENGLISH,0_R_pcf3,English phrases can be translated into formulae. Use the following translations to answer the question.;;;;,";;;;Here is an example of how to get a formula for a phrase.;;What is the formula for ""the enemy of the parent of Amber""?;;;;Here are the steps to arrive at the answer:;;1. the parent of Amber = parent(amber);;2. the enemy of the parent of Amber = enemy(parent(amber));;;;So the answer is enemy(parent(amber));;;;What is the formula for ""the parent of the child of the friend of Bryan""?",the parent of the child of the friend of Bryan,parent(child(friend(bryan))),Amber;;Bryan;;Christina;;Dana;;Elizabeth;;Felicia,the friend of Christina = friend(christina);;the friend of Amber = friend(amber);;the enemy of Dana = enemy(dana);;the enemy of Bryan = enemy(bryan);;the parent of Elizabeth = parent(elizabeth);;the child of Felicia = child(felicia),77,33
4,R,SemanticApproach.INTENSIONAL,Representation.ENGLISH,0_R_cpc5,English phrases can be translated into formulae. Use the following translations to answer the question.;;;;,";;;;Here is an example of how to get a formula for a phrase.;;What is the formula for ""the enemy of the parent of Amber""?;;;;Here are the steps to arrive at the answer:;;1. the parent of Amber = parent(amber);;2. the enemy of the parent of Amber = enemy(parent(amber));;;;So the answer is enemy(parent(amber));;;;What is the formula for ""the child of the parent of the child of Felicia""?",the child of the parent of the child of Felicia,child(parent(child(felicia))),Amber;;Bryan;;Christina;;Dana;;Elizabeth;;Felicia,the friend of Christina = friend(christina);;the friend of Amber = friend(amber);;the enemy of Dana = enemy(dana);;the enemy of Bryan = enemy(bryan);;the parent of Elizabeth = parent(elizabeth);;the child of Felicia = child(felicia),100,34
4,R,SemanticApproach.INTENSIONAL,Representation.ENGLISH,0_R_ffp4,English phrases can be translated into formulae. Use the following translations to answer the question.;;;;,";;;;Here is an example of how to get a formula for a phrase.;;What is the formula for ""the enemy of the parent of Amber""?;;;;Here are the steps to arrive at the answer:;;1. the parent of Amber = parent(amber);;2. the enemy of the parent of Amber = enemy(parent(amber));;;;So the answer is enemy(parent(amber));;;;What is the formula for ""the friend of the friend of the parent of Elizabeth""?",the friend of the friend of the parent of Elizabeth,friend(friend(parent(elizabeth))),Amber;;Bryan;;Christina;;Dana;;Elizabeth;;Felicia,the friend of Christina = friend(christina);;the friend of Amber = friend(amber);;the enemy of Dana = enemy(dana);;the enemy of Bryan = enemy(bryan);;the parent of Elizabeth = parent(elizabeth);;the child of Felicia = child(felicia),86,35
4,R,SemanticApproach.INTENSIONAL,Representation.ENGLISH,0_R_ecf5,English phrases can be translated into formulae. Use the following translations to answer the question.;;;;,";;;;Here is an example of how to get a formula for a phrase.;;What is the formula for ""the enemy of the parent of Amber""?;;;;Here are the steps to arrive at the answer:;;1. the parent of Amber = parent(amber);;2. the enemy of the parent of Amber = enemy(parent(amber));;;;So the answer is enemy(parent(amber));;;;What is the formula for ""the enemy of the child of the friend of Felicia""?",the enemy of the child of the friend of Felicia,enemy(child(friend(felicia))),Amber;;Bryan;;Christina;;Dana;;Elizabeth;;Felicia,the friend of Christina = friend(christina);;the friend of Amber = friend(amber);;the enemy of Dana = enemy(dana);;the enemy of Bryan = enemy(bryan);;the parent of Elizabeth = parent(elizabeth);;the child of Felicia = child(felicia),92,36
4,R,SemanticApproach.INTENSIONAL,Representation.ENGLISH,0_R_cpe5,English phrases can be translated into formulae. Use the following translations to answer the question.;;;;,";;;;Here is an example of how to get a formula for a phrase.;;What is the formula for ""the enemy of the parent of Amber""?;;;;Here are the steps to arrive at the answer:;;1. the parent of Amber = parent(amber);;2. the enemy of the parent of Amber = enemy(parent(amber));;;;So the answer is enemy(parent(amber));;;;What is the formula for ""the child of the parent of the enemy of Felicia""?",the child of the parent of the enemy of Felicia,child(parent(enemy(felicia))),Amber;;Bryan;;Christina;;Dana;;Elizabeth;;Felicia,the friend of Christina = friend(christina);;the friend of Amber = friend(amber);;the enemy of Dana = enemy(dana);;the enemy of Bryan = enemy(bryan);;the parent of Elizabeth = parent(elizabeth);;the child of Felicia = child(felicia),97,37
4,R,SemanticApproach.INTENSIONAL,Representation.ENGLISH,0_R_ffe4,English phrases can be translated into formulae. Use the following translations to answer the question.;;;;,";;;;Here is an example of how to get a formula for a phrase.;;What is the formula for ""the enemy of the parent of Amber""?;;;;Here are the steps to arrive at the answer:;;1. the parent of Amber = parent(amber);;2. the enemy of the parent of Amber = enemy(parent(amber));;;;So the answer is enemy(parent(amber));;;;What is the formula for ""the friend of the friend of the enemy of Elizabeth""?",the friend of the friend of the enemy of Elizabeth,friend(friend(enemy(elizabeth))),Amber;;Bryan;;Christina;;Dana;;Elizabeth;;Felicia,the friend of Christina = friend(christina);;the friend of Amber = friend(amber);;the enemy of Dana = enemy(dana);;the enemy of Bryan = enemy(bryan);;the parent of Elizabeth = parent(elizabeth);;the child of Felicia = child(felicia),85,38
4,R,SemanticApproach.INTENSIONAL,Representation.ENGLISH,0_R_eff1,English phrases can be translated into formulae. Use the following translations to answer the question.;;;;,";;;;Here is an example of how to get a formula for a phrase.;;What is the formula for ""the enemy of the parent of Amber""?;;;;Here are the steps to arrive at the answer:;;1. the parent of Amber = parent(amber);;2. the enemy of the parent of Amber = enemy(parent(amber));;;;So the answer is enemy(parent(amber));;;;What is the formula for ""the enemy of the friend of the friend of Amber""?",the enemy of the friend of the friend of Amber,enemy(friend(friend(amber))),Amber;;Bryan;;Christina;;Dana;;Elizabeth;;Felicia,the friend of Christina = friend(christina);;the friend of Amber = friend(amber);;the enemy of Dana = enemy(dana);;the enemy of Bryan = enemy(bryan);;the parent of Elizabeth = parent(elizabeth);;the child of Felicia = child(felicia),65,39
