Complexity,Branching,Approach,Representation,questionId,prompt_1,prompt_2,Question,Answer,options,question_universe
3,R,SemanticApproach.INTENSIONAL,Representation.ENGLISH,0_R_ef0,English phrases can be translated into formulae. Use the following translations to answer the question.;;;;,";;;;Here is an example of how to get a formula for a phrase.;;What is the formula for ""the enemy of the parent of Amber""?;;;;Here are the steps to arrive at the answer:;;1. the parent of Amber = parent(amber);;2. the enemy of the parent of Amber = enemy(parent(amber));;;;So the answer is enemy(parent(amber));;;;What is the formula for ""the enemy of the friend of Christina""? Please answer the question in the same format as the example. End with 'So the answer is [answer]'.",the enemy of the friend of Christina,enemy(friend(christina)),Amber;;Bryan;;Christina;;Dana;;Elizabeth;;Felicia,the friend of Christina = friend(christina);;the friend of Amber = friend(amber);;the enemy of Dana = enemy(dana);;the enemy of Bryan = enemy(bryan);;the parent of Elizabeth = parent(elizabeth);;the child of Felicia = child(felicia)
3,R,SemanticApproach.INTENSIONAL,Representation.ENGLISH,0_R_fe0,English phrases can be translated into formulae. Use the following translations to answer the question.;;;;,";;;;Here is an example of how to get a formula for a phrase.;;What is the formula for ""the enemy of the parent of Amber""?;;;;Here are the steps to arrive at the answer:;;1. the parent of Amber = parent(amber);;2. the enemy of the parent of Amber = enemy(parent(amber));;;;So the answer is enemy(parent(amber));;;;What is the formula for ""the friend of the enemy of Christina""? Please answer the question in the same format as the example. End with 'So the answer is [answer]'.",the friend of the enemy of Christina,friend(enemy(christina)),Amber;;Bryan;;Christina;;Dana;;Elizabeth;;Felicia,the friend of Christina = friend(christina);;the friend of Amber = friend(amber);;the enemy of Dana = enemy(dana);;the enemy of Bryan = enemy(bryan);;the parent of Elizabeth = parent(elizabeth);;the child of Felicia = child(felicia)
3,R,SemanticApproach.INTENSIONAL,Representation.ENGLISH,0_R_ce0,English phrases can be translated into formulae. Use the following translations to answer the question.;;;;,";;;;Here is an example of how to get a formula for a phrase.;;What is the formula for ""the enemy of the parent of Amber""?;;;;Here are the steps to arrive at the answer:;;1. the parent of Amber = parent(amber);;2. the enemy of the parent of Amber = enemy(parent(amber));;;;So the answer is enemy(parent(amber));;;;What is the formula for ""the child of the enemy of Christina""? Please answer the question in the same format as the example. End with 'So the answer is [answer]'.",the child of the enemy of Christina,child(enemy(christina)),Amber;;Bryan;;Christina;;Dana;;Elizabeth;;Felicia,the friend of Christina = friend(christina);;the friend of Amber = friend(amber);;the enemy of Dana = enemy(dana);;the enemy of Bryan = enemy(bryan);;the parent of Elizabeth = parent(elizabeth);;the child of Felicia = child(felicia)
3,R,SemanticApproach.INTENSIONAL,Representation.ENGLISH,0_R_fc0,English phrases can be translated into formulae. Use the following translations to answer the question.;;;;,";;;;Here is an example of how to get a formula for a phrase.;;What is the formula for ""the enemy of the parent of Amber""?;;;;Here are the steps to arrive at the answer:;;1. the parent of Amber = parent(amber);;2. the enemy of the parent of Amber = enemy(parent(amber));;;;So the answer is enemy(parent(amber));;;;What is the formula for ""the friend of the child of Christina""? Please answer the question in the same format as the example. End with 'So the answer is [answer]'.",the friend of the child of Christina,friend(child(christina)),Amber;;Bryan;;Christina;;Dana;;Elizabeth;;Felicia,the friend of Christina = friend(christina);;the friend of Amber = friend(amber);;the enemy of Dana = enemy(dana);;the enemy of Bryan = enemy(bryan);;the parent of Elizabeth = parent(elizabeth);;the child of Felicia = child(felicia)
3,R,SemanticApproach.INTENSIONAL,Representation.ENGLISH,0_R_ec0,English phrases can be translated into formulae. Use the following translations to answer the question.;;;;,";;;;Here is an example of how to get a formula for a phrase.;;What is the formula for ""the enemy of the parent of Amber""?;;;;Here are the steps to arrive at the answer:;;1. the parent of Amber = parent(amber);;2. the enemy of the parent of Amber = enemy(parent(amber));;;;So the answer is enemy(parent(amber));;;;What is the formula for ""the enemy of the child of Christina""? Please answer the question in the same format as the example. End with 'So the answer is [answer]'.",the enemy of the child of Christina,enemy(child(christina)),Amber;;Bryan;;Christina;;Dana;;Elizabeth;;Felicia,the friend of Christina = friend(christina);;the friend of Amber = friend(amber);;the enemy of Dana = enemy(dana);;the enemy of Bryan = enemy(bryan);;the parent of Elizabeth = parent(elizabeth);;the child of Felicia = child(felicia)
3,R,SemanticApproach.INTENSIONAL,Representation.ENGLISH,0_R_pc0,English phrases can be translated into formulae. Use the following translations to answer the question.;;;;,";;;;Here is an example of how to get a formula for a phrase.;;What is the formula for ""the enemy of the parent of Amber""?;;;;Here are the steps to arrive at the answer:;;1. the parent of Amber = parent(amber);;2. the enemy of the parent of Amber = enemy(parent(amber));;;;So the answer is enemy(parent(amber));;;;What is the formula for ""the parent of the child of Christina""? Please answer the question in the same format as the example. End with 'So the answer is [answer]'.",the parent of the child of Christina,parent(child(christina)),Amber;;Bryan;;Christina;;Dana;;Elizabeth;;Felicia,the friend of Christina = friend(christina);;the friend of Amber = friend(amber);;the enemy of Dana = enemy(dana);;the enemy of Bryan = enemy(bryan);;the parent of Elizabeth = parent(elizabeth);;the child of Felicia = child(felicia)
3,R,SemanticApproach.INTENSIONAL,Representation.ENGLISH,0_R_ff1,English phrases can be translated into formulae. Use the following translations to answer the question.;;;;,";;;;Here is an example of how to get a formula for a phrase.;;What is the formula for ""the enemy of the parent of Amber""?;;;;Here are the steps to arrive at the answer:;;1. the parent of Amber = parent(amber);;2. the enemy of the parent of Amber = enemy(parent(amber));;;;So the answer is enemy(parent(amber));;;;What is the formula for ""the friend of the friend of Amber""? Please answer the question in the same format as the example. End with 'So the answer is [answer]'.",the friend of the friend of Amber,friend(friend(amber)),Amber;;Bryan;;Christina;;Dana;;Elizabeth;;Felicia,the friend of Christina = friend(christina);;the friend of Amber = friend(amber);;the enemy of Dana = enemy(dana);;the enemy of Bryan = enemy(bryan);;the parent of Elizabeth = parent(elizabeth);;the child of Felicia = child(felicia)
3,R,SemanticApproach.INTENSIONAL,Representation.ENGLISH,0_R_ef1,English phrases can be translated into formulae. Use the following translations to answer the question.;;;;,";;;;Here is an example of how to get a formula for a phrase.;;What is the formula for ""the enemy of the parent of Amber""?;;;;Here are the steps to arrive at the answer:;;1. the parent of Amber = parent(amber);;2. the enemy of the parent of Amber = enemy(parent(amber));;;;So the answer is enemy(parent(amber));;;;What is the formula for ""the enemy of the friend of Amber""? Please answer the question in the same format as the example. End with 'So the answer is [answer]'.",the enemy of the friend of Amber,enemy(friend(amber)),Amber;;Bryan;;Christina;;Dana;;Elizabeth;;Felicia,the friend of Christina = friend(christina);;the friend of Amber = friend(amber);;the enemy of Dana = enemy(dana);;the enemy of Bryan = enemy(bryan);;the parent of Elizabeth = parent(elizabeth);;the child of Felicia = child(felicia)
3,R,SemanticApproach.INTENSIONAL,Representation.ENGLISH,0_R_cf1,English phrases can be translated into formulae. Use the following translations to answer the question.;;;;,";;;;Here is an example of how to get a formula for a phrase.;;What is the formula for ""the enemy of the parent of Amber""?;;;;Here are the steps to arrive at the answer:;;1. the parent of Amber = parent(amber);;2. the enemy of the parent of Amber = enemy(parent(amber));;;;So the answer is enemy(parent(amber));;;;What is the formula for ""the child of the friend of Amber""? Please answer the question in the same format as the example. End with 'So the answer is [answer]'.",the child of the friend of Amber,child(friend(amber)),Amber;;Bryan;;Christina;;Dana;;Elizabeth;;Felicia,the friend of Christina = friend(christina);;the friend of Amber = friend(amber);;the enemy of Dana = enemy(dana);;the enemy of Bryan = enemy(bryan);;the parent of Elizabeth = parent(elizabeth);;the child of Felicia = child(felicia)
3,R,SemanticApproach.INTENSIONAL,Representation.ENGLISH,0_R_ee1,English phrases can be translated into formulae. Use the following translations to answer the question.;;;;,";;;;Here is an example of how to get a formula for a phrase.;;What is the formula for ""the enemy of the parent of Amber""?;;;;Here are the steps to arrive at the answer:;;1. the parent of Amber = parent(amber);;2. the enemy of the parent of Amber = enemy(parent(amber));;;;So the answer is enemy(parent(amber));;;;What is the formula for ""the enemy of the enemy of Amber""? Please answer the question in the same format as the example. End with 'So the answer is [answer]'.",the enemy of the enemy of Amber,enemy(enemy(amber)),Amber;;Bryan;;Christina;;Dana;;Elizabeth;;Felicia,the friend of Christina = friend(christina);;the friend of Amber = friend(amber);;the enemy of Dana = enemy(dana);;the enemy of Bryan = enemy(bryan);;the parent of Elizabeth = parent(elizabeth);;the child of Felicia = child(felicia)
3,R,SemanticApproach.INTENSIONAL,Representation.ENGLISH,0_R_pe1,English phrases can be translated into formulae. Use the following translations to answer the question.;;;;,";;;;Here is an example of how to get a formula for a phrase.;;What is the formula for ""the enemy of the parent of Amber""?;;;;Here are the steps to arrive at the answer:;;1. the parent of Amber = parent(amber);;2. the enemy of the parent of Amber = enemy(parent(amber));;;;So the answer is enemy(parent(amber));;;;What is the formula for ""the parent of the enemy of Amber""? Please answer the question in the same format as the example. End with 'So the answer is [answer]'.",the parent of the enemy of Amber,parent(enemy(amber)),Amber;;Bryan;;Christina;;Dana;;Elizabeth;;Felicia,the friend of Christina = friend(christina);;the friend of Amber = friend(amber);;the enemy of Dana = enemy(dana);;the enemy of Bryan = enemy(bryan);;the parent of Elizabeth = parent(elizabeth);;the child of Felicia = child(felicia)
3,R,SemanticApproach.INTENSIONAL,Representation.ENGLISH,0_R_ff2,English phrases can be translated into formulae. Use the following translations to answer the question.;;;;,";;;;Here is an example of how to get a formula for a phrase.;;What is the formula for ""the enemy of the parent of Amber""?;;;;Here are the steps to arrive at the answer:;;1. the parent of Amber = parent(amber);;2. the enemy of the parent of Amber = enemy(parent(amber));;;;So the answer is enemy(parent(amber));;;;What is the formula for ""the friend of the friend of Dana""? Please answer the question in the same format as the example. End with 'So the answer is [answer]'.",the friend of the friend of Dana,friend(friend(dana)),Amber;;Bryan;;Christina;;Dana;;Elizabeth;;Felicia,the friend of Christina = friend(christina);;the friend of Amber = friend(amber);;the enemy of Dana = enemy(dana);;the enemy of Bryan = enemy(bryan);;the parent of Elizabeth = parent(elizabeth);;the child of Felicia = child(felicia)
3,R,SemanticApproach.INTENSIONAL,Representation.ENGLISH,0_R_ef2,English phrases can be translated into formulae. Use the following translations to answer the question.;;;;,";;;;Here is an example of how to get a formula for a phrase.;;What is the formula for ""the enemy of the parent of Amber""?;;;;Here are the steps to arrive at the answer:;;1. the parent of Amber = parent(amber);;2. the enemy of the parent of Amber = enemy(parent(amber));;;;So the answer is enemy(parent(amber));;;;What is the formula for ""the enemy of the friend of Dana""? Please answer the question in the same format as the example. End with 'So the answer is [answer]'.",the enemy of the friend of Dana,enemy(friend(dana)),Amber;;Bryan;;Christina;;Dana;;Elizabeth;;Felicia,the friend of Christina = friend(christina);;the friend of Amber = friend(amber);;the enemy of Dana = enemy(dana);;the enemy of Bryan = enemy(bryan);;the parent of Elizabeth = parent(elizabeth);;the child of Felicia = child(felicia)
3,R,SemanticApproach.INTENSIONAL,Representation.ENGLISH,0_R_pf2,English phrases can be translated into formulae. Use the following translations to answer the question.;;;;,";;;;Here is an example of how to get a formula for a phrase.;;What is the formula for ""the enemy of the parent of Amber""?;;;;Here are the steps to arrive at the answer:;;1. the parent of Amber = parent(amber);;2. the enemy of the parent of Amber = enemy(parent(amber));;;;So the answer is enemy(parent(amber));;;;What is the formula for ""the parent of the friend of Dana""? Please answer the question in the same format as the example. End with 'So the answer is [answer]'.",the parent of the friend of Dana,parent(friend(dana)),Amber;;Bryan;;Christina;;Dana;;Elizabeth;;Felicia,the friend of Christina = friend(christina);;the friend of Amber = friend(amber);;the enemy of Dana = enemy(dana);;the enemy of Bryan = enemy(bryan);;the parent of Elizabeth = parent(elizabeth);;the child of Felicia = child(felicia)
3,R,SemanticApproach.INTENSIONAL,Representation.ENGLISH,0_R_fe2,English phrases can be translated into formulae. Use the following translations to answer the question.;;;;,";;;;Here is an example of how to get a formula for a phrase.;;What is the formula for ""the enemy of the parent of Amber""?;;;;Here are the steps to arrive at the answer:;;1. the parent of Amber = parent(amber);;2. the enemy of the parent of Amber = enemy(parent(amber));;;;So the answer is enemy(parent(amber));;;;What is the formula for ""the friend of the enemy of Dana""? Please answer the question in the same format as the example. End with 'So the answer is [answer]'.",the friend of the enemy of Dana,friend(enemy(dana)),Amber;;Bryan;;Christina;;Dana;;Elizabeth;;Felicia,the friend of Christina = friend(christina);;the friend of Amber = friend(amber);;the enemy of Dana = enemy(dana);;the enemy of Bryan = enemy(bryan);;the parent of Elizabeth = parent(elizabeth);;the child of Felicia = child(felicia)
3,R,SemanticApproach.INTENSIONAL,Representation.ENGLISH,0_R_ee2,English phrases can be translated into formulae. Use the following translations to answer the question.;;;;,";;;;Here is an example of how to get a formula for a phrase.;;What is the formula for ""the enemy of the parent of Amber""?;;;;Here are the steps to arrive at the answer:;;1. the parent of Amber = parent(amber);;2. the enemy of the parent of Amber = enemy(parent(amber));;;;So the answer is enemy(parent(amber));;;;What is the formula for ""the enemy of the enemy of Dana""? Please answer the question in the same format as the example. End with 'So the answer is [answer]'.",the enemy of the enemy of Dana,enemy(enemy(dana)),Amber;;Bryan;;Christina;;Dana;;Elizabeth;;Felicia,the friend of Christina = friend(christina);;the friend of Amber = friend(amber);;the enemy of Dana = enemy(dana);;the enemy of Bryan = enemy(bryan);;the parent of Elizabeth = parent(elizabeth);;the child of Felicia = child(felicia)
3,R,SemanticApproach.INTENSIONAL,Representation.ENGLISH,0_R_ce2,English phrases can be translated into formulae. Use the following translations to answer the question.;;;;,";;;;Here is an example of how to get a formula for a phrase.;;What is the formula for ""the enemy of the parent of Amber""?;;;;Here are the steps to arrive at the answer:;;1. the parent of Amber = parent(amber);;2. the enemy of the parent of Amber = enemy(parent(amber));;;;So the answer is enemy(parent(amber));;;;What is the formula for ""the child of the enemy of Dana""? Please answer the question in the same format as the example. End with 'So the answer is [answer]'.",the child of the enemy of Dana,child(enemy(dana)),Amber;;Bryan;;Christina;;Dana;;Elizabeth;;Felicia,the friend of Christina = friend(christina);;the friend of Amber = friend(amber);;the enemy of Dana = enemy(dana);;the enemy of Bryan = enemy(bryan);;the parent of Elizabeth = parent(elizabeth);;the child of Felicia = child(felicia)
3,R,SemanticApproach.INTENSIONAL,Representation.ENGLISH,0_R_fp2,English phrases can be translated into formulae. Use the following translations to answer the question.;;;;,";;;;Here is an example of how to get a formula for a phrase.;;What is the formula for ""the enemy of the parent of Amber""?;;;;Here are the steps to arrive at the answer:;;1. the parent of Amber = parent(amber);;2. the enemy of the parent of Amber = enemy(parent(amber));;;;So the answer is enemy(parent(amber));;;;What is the formula for ""the friend of the parent of Dana""? Please answer the question in the same format as the example. End with 'So the answer is [answer]'.",the friend of the parent of Dana,friend(parent(dana)),Amber;;Bryan;;Christina;;Dana;;Elizabeth;;Felicia,the friend of Christina = friend(christina);;the friend of Amber = friend(amber);;the enemy of Dana = enemy(dana);;the enemy of Bryan = enemy(bryan);;the parent of Elizabeth = parent(elizabeth);;the child of Felicia = child(felicia)
3,R,SemanticApproach.INTENSIONAL,Representation.ENGLISH,0_R_ep2,English phrases can be translated into formulae. Use the following translations to answer the question.;;;;,";;;;Here is an example of how to get a formula for a phrase.;;What is the formula for ""the enemy of the parent of Amber""?;;;;Here are the steps to arrive at the answer:;;1. the parent of Amber = parent(amber);;2. the enemy of the parent of Amber = enemy(parent(amber));;;;So the answer is enemy(parent(amber));;;;What is the formula for ""the enemy of the parent of Dana""? Please answer the question in the same format as the example. End with 'So the answer is [answer]'.",the enemy of the parent of Dana,enemy(parent(dana)),Amber;;Bryan;;Christina;;Dana;;Elizabeth;;Felicia,the friend of Christina = friend(christina);;the friend of Amber = friend(amber);;the enemy of Dana = enemy(dana);;the enemy of Bryan = enemy(bryan);;the parent of Elizabeth = parent(elizabeth);;the child of Felicia = child(felicia)
3,R,SemanticApproach.INTENSIONAL,Representation.ENGLISH,0_R_cp2,English phrases can be translated into formulae. Use the following translations to answer the question.;;;;,";;;;Here is an example of how to get a formula for a phrase.;;What is the formula for ""the enemy of the parent of Amber""?;;;;Here are the steps to arrive at the answer:;;1. the parent of Amber = parent(amber);;2. the enemy of the parent of Amber = enemy(parent(amber));;;;So the answer is enemy(parent(amber));;;;What is the formula for ""the child of the parent of Dana""? Please answer the question in the same format as the example. End with 'So the answer is [answer]'.",the child of the parent of Dana,child(parent(dana)),Amber;;Bryan;;Christina;;Dana;;Elizabeth;;Felicia,the friend of Christina = friend(christina);;the friend of Amber = friend(amber);;the enemy of Dana = enemy(dana);;the enemy of Bryan = enemy(bryan);;the parent of Elizabeth = parent(elizabeth);;the child of Felicia = child(felicia)
3,R,SemanticApproach.INTENSIONAL,Representation.ENGLISH,0_R_ff3,English phrases can be translated into formulae. Use the following translations to answer the question.;;;;,";;;;Here is an example of how to get a formula for a phrase.;;What is the formula for ""the enemy of the parent of Amber""?;;;;Here are the steps to arrive at the answer:;;1. the parent of Amber = parent(amber);;2. the enemy of the parent of Amber = enemy(parent(amber));;;;So the answer is enemy(parent(amber));;;;What is the formula for ""the friend of the friend of Bryan""? Please answer the question in the same format as the example. End with 'So the answer is [answer]'.",the friend of the friend of Bryan,friend(friend(bryan)),Amber;;Bryan;;Christina;;Dana;;Elizabeth;;Felicia,the friend of Christina = friend(christina);;the friend of Amber = friend(amber);;the enemy of Dana = enemy(dana);;the enemy of Bryan = enemy(bryan);;the parent of Elizabeth = parent(elizabeth);;the child of Felicia = child(felicia)
3,R,SemanticApproach.INTENSIONAL,Representation.ENGLISH,0_R_ef3,English phrases can be translated into formulae. Use the following translations to answer the question.;;;;,";;;;Here is an example of how to get a formula for a phrase.;;What is the formula for ""the enemy of the parent of Amber""?;;;;Here are the steps to arrive at the answer:;;1. the parent of Amber = parent(amber);;2. the enemy of the parent of Amber = enemy(parent(amber));;;;So the answer is enemy(parent(amber));;;;What is the formula for ""the enemy of the friend of Bryan""? Please answer the question in the same format as the example. End with 'So the answer is [answer]'.",the enemy of the friend of Bryan,enemy(friend(bryan)),Amber;;Bryan;;Christina;;Dana;;Elizabeth;;Felicia,the friend of Christina = friend(christina);;the friend of Amber = friend(amber);;the enemy of Dana = enemy(dana);;the enemy of Bryan = enemy(bryan);;the parent of Elizabeth = parent(elizabeth);;the child of Felicia = child(felicia)
3,R,SemanticApproach.INTENSIONAL,Representation.ENGLISH,0_R_fc3,English phrases can be translated into formulae. Use the following translations to answer the question.;;;;,";;;;Here is an example of how to get a formula for a phrase.;;What is the formula for ""the enemy of the parent of Amber""?;;;;Here are the steps to arrive at the answer:;;1. the parent of Amber = parent(amber);;2. the enemy of the parent of Amber = enemy(parent(amber));;;;So the answer is enemy(parent(amber));;;;What is the formula for ""the friend of the child of Bryan""? Please answer the question in the same format as the example. End with 'So the answer is [answer]'.",the friend of the child of Bryan,friend(child(bryan)),Amber;;Bryan;;Christina;;Dana;;Elizabeth;;Felicia,the friend of Christina = friend(christina);;the friend of Amber = friend(amber);;the enemy of Dana = enemy(dana);;the enemy of Bryan = enemy(bryan);;the parent of Elizabeth = parent(elizabeth);;the child of Felicia = child(felicia)
3,R,SemanticApproach.INTENSIONAL,Representation.ENGLISH,0_R_ec3,English phrases can be translated into formulae. Use the following translations to answer the question.;;;;,";;;;Here is an example of how to get a formula for a phrase.;;What is the formula for ""the enemy of the parent of Amber""?;;;;Here are the steps to arrive at the answer:;;1. the parent of Amber = parent(amber);;2. the enemy of the parent of Amber = enemy(parent(amber));;;;So the answer is enemy(parent(amber));;;;What is the formula for ""the enemy of the child of Bryan""? Please answer the question in the same format as the example. End with 'So the answer is [answer]'.",the enemy of the child of Bryan,enemy(child(bryan)),Amber;;Bryan;;Christina;;Dana;;Elizabeth;;Felicia,the friend of Christina = friend(christina);;the friend of Amber = friend(amber);;the enemy of Dana = enemy(dana);;the enemy of Bryan = enemy(bryan);;the parent of Elizabeth = parent(elizabeth);;the child of Felicia = child(felicia)
3,R,SemanticApproach.INTENSIONAL,Representation.ENGLISH,0_R_ff4,English phrases can be translated into formulae. Use the following translations to answer the question.;;;;,";;;;Here is an example of how to get a formula for a phrase.;;What is the formula for ""the enemy of the parent of Amber""?;;;;Here are the steps to arrive at the answer:;;1. the parent of Amber = parent(amber);;2. the enemy of the parent of Amber = enemy(parent(amber));;;;So the answer is enemy(parent(amber));;;;What is the formula for ""the friend of the friend of Elizabeth""? Please answer the question in the same format as the example. End with 'So the answer is [answer]'.",the friend of the friend of Elizabeth,friend(friend(elizabeth)),Amber;;Bryan;;Christina;;Dana;;Elizabeth;;Felicia,the friend of Christina = friend(christina);;the friend of Amber = friend(amber);;the enemy of Dana = enemy(dana);;the enemy of Bryan = enemy(bryan);;the parent of Elizabeth = parent(elizabeth);;the child of Felicia = child(felicia)
3,R,SemanticApproach.INTENSIONAL,Representation.ENGLISH,0_R_ef4,English phrases can be translated into formulae. Use the following translations to answer the question.;;;;,";;;;Here is an example of how to get a formula for a phrase.;;What is the formula for ""the enemy of the parent of Amber""?;;;;Here are the steps to arrive at the answer:;;1. the parent of Amber = parent(amber);;2. the enemy of the parent of Amber = enemy(parent(amber));;;;So the answer is enemy(parent(amber));;;;What is the formula for ""the enemy of the friend of Elizabeth""? Please answer the question in the same format as the example. End with 'So the answer is [answer]'.",the enemy of the friend of Elizabeth,enemy(friend(elizabeth)),Amber;;Bryan;;Christina;;Dana;;Elizabeth;;Felicia,the friend of Christina = friend(christina);;the friend of Amber = friend(amber);;the enemy of Dana = enemy(dana);;the enemy of Bryan = enemy(bryan);;the parent of Elizabeth = parent(elizabeth);;the child of Felicia = child(felicia)
3,R,SemanticApproach.INTENSIONAL,Representation.ENGLISH,0_R_pf4,English phrases can be translated into formulae. Use the following translations to answer the question.;;;;,";;;;Here is an example of how to get a formula for a phrase.;;What is the formula for ""the enemy of the parent of Amber""?;;;;Here are the steps to arrive at the answer:;;1. the parent of Amber = parent(amber);;2. the enemy of the parent of Amber = enemy(parent(amber));;;;So the answer is enemy(parent(amber));;;;What is the formula for ""the parent of the friend of Elizabeth""? Please answer the question in the same format as the example. End with 'So the answer is [answer]'.",the parent of the friend of Elizabeth,parent(friend(elizabeth)),Amber;;Bryan;;Christina;;Dana;;Elizabeth;;Felicia,the friend of Christina = friend(christina);;the friend of Amber = friend(amber);;the enemy of Dana = enemy(dana);;the enemy of Bryan = enemy(bryan);;the parent of Elizabeth = parent(elizabeth);;the child of Felicia = child(felicia)
3,R,SemanticApproach.INTENSIONAL,Representation.ENGLISH,0_R_fe4,English phrases can be translated into formulae. Use the following translations to answer the question.;;;;,";;;;Here is an example of how to get a formula for a phrase.;;What is the formula for ""the enemy of the parent of Amber""?;;;;Here are the steps to arrive at the answer:;;1. the parent of Amber = parent(amber);;2. the enemy of the parent of Amber = enemy(parent(amber));;;;So the answer is enemy(parent(amber));;;;What is the formula for ""the friend of the enemy of Elizabeth""? Please answer the question in the same format as the example. End with 'So the answer is [answer]'.",the friend of the enemy of Elizabeth,friend(enemy(elizabeth)),Amber;;Bryan;;Christina;;Dana;;Elizabeth;;Felicia,the friend of Christina = friend(christina);;the friend of Amber = friend(amber);;the enemy of Dana = enemy(dana);;the enemy of Bryan = enemy(bryan);;the parent of Elizabeth = parent(elizabeth);;the child of Felicia = child(felicia)
3,R,SemanticApproach.INTENSIONAL,Representation.ENGLISH,0_R_ee4,English phrases can be translated into formulae. Use the following translations to answer the question.;;;;,";;;;Here is an example of how to get a formula for a phrase.;;What is the formula for ""the enemy of the parent of Amber""?;;;;Here are the steps to arrive at the answer:;;1. the parent of Amber = parent(amber);;2. the enemy of the parent of Amber = enemy(parent(amber));;;;So the answer is enemy(parent(amber));;;;What is the formula for ""the enemy of the enemy of Elizabeth""? Please answer the question in the same format as the example. End with 'So the answer is [answer]'.",the enemy of the enemy of Elizabeth,enemy(enemy(elizabeth)),Amber;;Bryan;;Christina;;Dana;;Elizabeth;;Felicia,the friend of Christina = friend(christina);;the friend of Amber = friend(amber);;the enemy of Dana = enemy(dana);;the enemy of Bryan = enemy(bryan);;the parent of Elizabeth = parent(elizabeth);;the child of Felicia = child(felicia)
3,R,SemanticApproach.INTENSIONAL,Representation.ENGLISH,0_R_fp4,English phrases can be translated into formulae. Use the following translations to answer the question.;;;;,";;;;Here is an example of how to get a formula for a phrase.;;What is the formula for ""the enemy of the parent of Amber""?;;;;Here are the steps to arrive at the answer:;;1. the parent of Amber = parent(amber);;2. the enemy of the parent of Amber = enemy(parent(amber));;;;So the answer is enemy(parent(amber));;;;What is the formula for ""the friend of the parent of Elizabeth""? Please answer the question in the same format as the example. End with 'So the answer is [answer]'.",the friend of the parent of Elizabeth,friend(parent(elizabeth)),Amber;;Bryan;;Christina;;Dana;;Elizabeth;;Felicia,the friend of Christina = friend(christina);;the friend of Amber = friend(amber);;the enemy of Dana = enemy(dana);;the enemy of Bryan = enemy(bryan);;the parent of Elizabeth = parent(elizabeth);;the child of Felicia = child(felicia)
3,R,SemanticApproach.INTENSIONAL,Representation.ENGLISH,0_R_ep4,English phrases can be translated into formulae. Use the following translations to answer the question.;;;;,";;;;Here is an example of how to get a formula for a phrase.;;What is the formula for ""the enemy of the parent of Amber""?;;;;Here are the steps to arrive at the answer:;;1. the parent of Amber = parent(amber);;2. the enemy of the parent of Amber = enemy(parent(amber));;;;So the answer is enemy(parent(amber));;;;What is the formula for ""the enemy of the parent of Elizabeth""? Please answer the question in the same format as the example. End with 'So the answer is [answer]'.",the enemy of the parent of Elizabeth,enemy(parent(elizabeth)),Amber;;Bryan;;Christina;;Dana;;Elizabeth;;Felicia,the friend of Christina = friend(christina);;the friend of Amber = friend(amber);;the enemy of Dana = enemy(dana);;the enemy of Bryan = enemy(bryan);;the parent of Elizabeth = parent(elizabeth);;the child of Felicia = child(felicia)
3,R,SemanticApproach.INTENSIONAL,Representation.ENGLISH,0_R_cp4,English phrases can be translated into formulae. Use the following translations to answer the question.;;;;,";;;;Here is an example of how to get a formula for a phrase.;;What is the formula for ""the enemy of the parent of Amber""?;;;;Here are the steps to arrive at the answer:;;1. the parent of Amber = parent(amber);;2. the enemy of the parent of Amber = enemy(parent(amber));;;;So the answer is enemy(parent(amber));;;;What is the formula for ""the child of the parent of Elizabeth""? Please answer the question in the same format as the example. End with 'So the answer is [answer]'.",the child of the parent of Elizabeth,child(parent(elizabeth)),Amber;;Bryan;;Christina;;Dana;;Elizabeth;;Felicia,the friend of Christina = friend(christina);;the friend of Amber = friend(amber);;the enemy of Dana = enemy(dana);;the enemy of Bryan = enemy(bryan);;the parent of Elizabeth = parent(elizabeth);;the child of Felicia = child(felicia)
3,R,SemanticApproach.INTENSIONAL,Representation.ENGLISH,0_R_ff5,English phrases can be translated into formulae. Use the following translations to answer the question.;;;;,";;;;Here is an example of how to get a formula for a phrase.;;What is the formula for ""the enemy of the parent of Amber""?;;;;Here are the steps to arrive at the answer:;;1. the parent of Amber = parent(amber);;2. the enemy of the parent of Amber = enemy(parent(amber));;;;So the answer is enemy(parent(amber));;;;What is the formula for ""the friend of the friend of Felicia""? Please answer the question in the same format as the example. End with 'So the answer is [answer]'.",the friend of the friend of Felicia,friend(friend(felicia)),Amber;;Bryan;;Christina;;Dana;;Elizabeth;;Felicia,the friend of Christina = friend(christina);;the friend of Amber = friend(amber);;the enemy of Dana = enemy(dana);;the enemy of Bryan = enemy(bryan);;the parent of Elizabeth = parent(elizabeth);;the child of Felicia = child(felicia)
3,R,SemanticApproach.INTENSIONAL,Representation.ENGLISH,0_R_cf5,English phrases can be translated into formulae. Use the following translations to answer the question.;;;;,";;;;Here is an example of how to get a formula for a phrase.;;What is the formula for ""the enemy of the parent of Amber""?;;;;Here are the steps to arrive at the answer:;;1. the parent of Amber = parent(amber);;2. the enemy of the parent of Amber = enemy(parent(amber));;;;So the answer is enemy(parent(amber));;;;What is the formula for ""the child of the friend of Felicia""? Please answer the question in the same format as the example. End with 'So the answer is [answer]'.",the child of the friend of Felicia,child(friend(felicia)),Amber;;Bryan;;Christina;;Dana;;Elizabeth;;Felicia,the friend of Christina = friend(christina);;the friend of Amber = friend(amber);;the enemy of Dana = enemy(dana);;the enemy of Bryan = enemy(bryan);;the parent of Elizabeth = parent(elizabeth);;the child of Felicia = child(felicia)
3,R,SemanticApproach.INTENSIONAL,Representation.ENGLISH,0_R_fe5,English phrases can be translated into formulae. Use the following translations to answer the question.;;;;,";;;;Here is an example of how to get a formula for a phrase.;;What is the formula for ""the enemy of the parent of Amber""?;;;;Here are the steps to arrive at the answer:;;1. the parent of Amber = parent(amber);;2. the enemy of the parent of Amber = enemy(parent(amber));;;;So the answer is enemy(parent(amber));;;;What is the formula for ""the friend of the enemy of Felicia""? Please answer the question in the same format as the example. End with 'So the answer is [answer]'.",the friend of the enemy of Felicia,friend(enemy(felicia)),Amber;;Bryan;;Christina;;Dana;;Elizabeth;;Felicia,the friend of Christina = friend(christina);;the friend of Amber = friend(amber);;the enemy of Dana = enemy(dana);;the enemy of Bryan = enemy(bryan);;the parent of Elizabeth = parent(elizabeth);;the child of Felicia = child(felicia)
3,R,SemanticApproach.INTENSIONAL,Representation.ENGLISH,0_R_ee5,English phrases can be translated into formulae. Use the following translations to answer the question.;;;;,";;;;Here is an example of how to get a formula for a phrase.;;What is the formula for ""the enemy of the parent of Amber""?;;;;Here are the steps to arrive at the answer:;;1. the parent of Amber = parent(amber);;2. the enemy of the parent of Amber = enemy(parent(amber));;;;So the answer is enemy(parent(amber));;;;What is the formula for ""the enemy of the enemy of Felicia""? Please answer the question in the same format as the example. End with 'So the answer is [answer]'.",the enemy of the enemy of Felicia,enemy(enemy(felicia)),Amber;;Bryan;;Christina;;Dana;;Elizabeth;;Felicia,the friend of Christina = friend(christina);;the friend of Amber = friend(amber);;the enemy of Dana = enemy(dana);;the enemy of Bryan = enemy(bryan);;the parent of Elizabeth = parent(elizabeth);;the child of Felicia = child(felicia)
3,R,SemanticApproach.INTENSIONAL,Representation.ENGLISH,0_R_pe5,English phrases can be translated into formulae. Use the following translations to answer the question.;;;;,";;;;Here is an example of how to get a formula for a phrase.;;What is the formula for ""the enemy of the parent of Amber""?;;;;Here are the steps to arrive at the answer:;;1. the parent of Amber = parent(amber);;2. the enemy of the parent of Amber = enemy(parent(amber));;;;So the answer is enemy(parent(amber));;;;What is the formula for ""the parent of the enemy of Felicia""? Please answer the question in the same format as the example. End with 'So the answer is [answer]'.",the parent of the enemy of Felicia,parent(enemy(felicia)),Amber;;Bryan;;Christina;;Dana;;Elizabeth;;Felicia,the friend of Christina = friend(christina);;the friend of Amber = friend(amber);;the enemy of Dana = enemy(dana);;the enemy of Bryan = enemy(bryan);;the parent of Elizabeth = parent(elizabeth);;the child of Felicia = child(felicia)
3,R,SemanticApproach.INTENSIONAL,Representation.ENGLISH,0_R_fc5,English phrases can be translated into formulae. Use the following translations to answer the question.;;;;,";;;;Here is an example of how to get a formula for a phrase.;;What is the formula for ""the enemy of the parent of Amber""?;;;;Here are the steps to arrive at the answer:;;1. the parent of Amber = parent(amber);;2. the enemy of the parent of Amber = enemy(parent(amber));;;;So the answer is enemy(parent(amber));;;;What is the formula for ""the friend of the child of Felicia""? Please answer the question in the same format as the example. End with 'So the answer is [answer]'.",the friend of the child of Felicia,friend(child(felicia)),Amber;;Bryan;;Christina;;Dana;;Elizabeth;;Felicia,the friend of Christina = friend(christina);;the friend of Amber = friend(amber);;the enemy of Dana = enemy(dana);;the enemy of Bryan = enemy(bryan);;the parent of Elizabeth = parent(elizabeth);;the child of Felicia = child(felicia)
3,R,SemanticApproach.INTENSIONAL,Representation.ENGLISH,0_R_ec5,English phrases can be translated into formulae. Use the following translations to answer the question.;;;;,";;;;Here is an example of how to get a formula for a phrase.;;What is the formula for ""the enemy of the parent of Amber""?;;;;Here are the steps to arrive at the answer:;;1. the parent of Amber = parent(amber);;2. the enemy of the parent of Amber = enemy(parent(amber));;;;So the answer is enemy(parent(amber));;;;What is the formula for ""the enemy of the child of Felicia""? Please answer the question in the same format as the example. End with 'So the answer is [answer]'.",the enemy of the child of Felicia,enemy(child(felicia)),Amber;;Bryan;;Christina;;Dana;;Elizabeth;;Felicia,the friend of Christina = friend(christina);;the friend of Amber = friend(amber);;the enemy of Dana = enemy(dana);;the enemy of Bryan = enemy(bryan);;the parent of Elizabeth = parent(elizabeth);;the child of Felicia = child(felicia)
3,R,SemanticApproach.INTENSIONAL,Representation.ENGLISH,0_R_pc5,English phrases can be translated into formulae. Use the following translations to answer the question.;;;;,";;;;Here is an example of how to get a formula for a phrase.;;What is the formula for ""the enemy of the parent of Amber""?;;;;Here are the steps to arrive at the answer:;;1. the parent of Amber = parent(amber);;2. the enemy of the parent of Amber = enemy(parent(amber));;;;So the answer is enemy(parent(amber));;;;What is the formula for ""the parent of the child of Felicia""? Please answer the question in the same format as the example. End with 'So the answer is [answer]'.",the parent of the child of Felicia,parent(child(felicia)),Amber;;Bryan;;Christina;;Dana;;Elizabeth;;Felicia,the friend of Christina = friend(christina);;the friend of Amber = friend(amber);;the enemy of Dana = enemy(dana);;the enemy of Bryan = enemy(bryan);;the parent of Elizabeth = parent(elizabeth);;the child of Felicia = child(felicia)
4,R,SemanticApproach.INTENSIONAL,Representation.ENGLISH,0_R_efe0,English phrases can be translated into formulae. Use the following translations to answer the question.;;;;,";;;;Here is an example of how to get a formula for a phrase.;;What is the formula for ""the enemy of the parent of Amber""?;;;;Here are the steps to arrive at the answer:;;1. the parent of Amber = parent(amber);;2. the enemy of the parent of Amber = enemy(parent(amber));;;;So the answer is enemy(parent(amber));;;;What is the formula for ""the enemy of the friend of the enemy of Christina""? Please answer the question in the same format as the example. End with 'So the answer is [answer]'.",the enemy of the friend of the enemy of Christina,enemy(friend(enemy(christina))),Amber;;Bryan;;Christina;;Dana;;Elizabeth;;Felicia,the friend of Christina = friend(christina);;the friend of Amber = friend(amber);;the enemy of Dana = enemy(dana);;the enemy of Bryan = enemy(bryan);;the parent of Elizabeth = parent(elizabeth);;the child of Felicia = child(felicia)
4,R,SemanticApproach.INTENSIONAL,Representation.ENGLISH,0_R_cfe0,English phrases can be translated into formulae. Use the following translations to answer the question.;;;;,";;;;Here is an example of how to get a formula for a phrase.;;What is the formula for ""the enemy of the parent of Amber""?;;;;Here are the steps to arrive at the answer:;;1. the parent of Amber = parent(amber);;2. the enemy of the parent of Amber = enemy(parent(amber));;;;So the answer is enemy(parent(amber));;;;What is the formula for ""the child of the friend of the enemy of Christina""? Please answer the question in the same format as the example. End with 'So the answer is [answer]'.",the child of the friend of the enemy of Christina,child(friend(enemy(christina))),Amber;;Bryan;;Christina;;Dana;;Elizabeth;;Felicia,the friend of Christina = friend(christina);;the friend of Amber = friend(amber);;the enemy of Dana = enemy(dana);;the enemy of Bryan = enemy(bryan);;the parent of Elizabeth = parent(elizabeth);;the child of Felicia = child(felicia)
4,R,SemanticApproach.INTENSIONAL,Representation.ENGLISH,0_R_pfc0,English phrases can be translated into formulae. Use the following translations to answer the question.;;;;,";;;;Here is an example of how to get a formula for a phrase.;;What is the formula for ""the enemy of the parent of Amber""?;;;;Here are the steps to arrive at the answer:;;1. the parent of Amber = parent(amber);;2. the enemy of the parent of Amber = enemy(parent(amber));;;;So the answer is enemy(parent(amber));;;;What is the formula for ""the parent of the friend of the child of Christina""? Please answer the question in the same format as the example. End with 'So the answer is [answer]'.",the parent of the friend of the child of Christina,parent(friend(child(christina))),Amber;;Bryan;;Christina;;Dana;;Elizabeth;;Felicia,the friend of Christina = friend(christina);;the friend of Amber = friend(amber);;the enemy of Dana = enemy(dana);;the enemy of Bryan = enemy(bryan);;the parent of Elizabeth = parent(elizabeth);;the child of Felicia = child(felicia)
4,R,SemanticApproach.INTENSIONAL,Representation.ENGLISH,0_R_fec0,English phrases can be translated into formulae. Use the following translations to answer the question.;;;;,";;;;Here is an example of how to get a formula for a phrase.;;What is the formula for ""the enemy of the parent of Amber""?;;;;Here are the steps to arrive at the answer:;;1. the parent of Amber = parent(amber);;2. the enemy of the parent of Amber = enemy(parent(amber));;;;So the answer is enemy(parent(amber));;;;What is the formula for ""the friend of the enemy of the child of Christina""? Please answer the question in the same format as the example. End with 'So the answer is [answer]'.",the friend of the enemy of the child of Christina,friend(enemy(child(christina))),Amber;;Bryan;;Christina;;Dana;;Elizabeth;;Felicia,the friend of Christina = friend(christina);;the friend of Amber = friend(amber);;the enemy of Dana = enemy(dana);;the enemy of Bryan = enemy(bryan);;the parent of Elizabeth = parent(elizabeth);;the child of Felicia = child(felicia)
4,R,SemanticApproach.INTENSIONAL,Representation.ENGLISH,0_R_eff1,English phrases can be translated into formulae. Use the following translations to answer the question.;;;;,";;;;Here is an example of how to get a formula for a phrase.;;What is the formula for ""the enemy of the parent of Amber""?;;;;Here are the steps to arrive at the answer:;;1. the parent of Amber = parent(amber);;2. the enemy of the parent of Amber = enemy(parent(amber));;;;So the answer is enemy(parent(amber));;;;What is the formula for ""the enemy of the friend of the friend of Amber""? Please answer the question in the same format as the example. End with 'So the answer is [answer]'.",the enemy of the friend of the friend of Amber,enemy(friend(friend(amber))),Amber;;Bryan;;Christina;;Dana;;Elizabeth;;Felicia,the friend of Christina = friend(christina);;the friend of Amber = friend(amber);;the enemy of Dana = enemy(dana);;the enemy of Bryan = enemy(bryan);;the parent of Elizabeth = parent(elizabeth);;the child of Felicia = child(felicia)
4,R,SemanticApproach.INTENSIONAL,Representation.ENGLISH,0_R_cef1,English phrases can be translated into formulae. Use the following translations to answer the question.;;;;,";;;;Here is an example of how to get a formula for a phrase.;;What is the formula for ""the enemy of the parent of Amber""?;;;;Here are the steps to arrive at the answer:;;1. the parent of Amber = parent(amber);;2. the enemy of the parent of Amber = enemy(parent(amber));;;;So the answer is enemy(parent(amber));;;;What is the formula for ""the child of the enemy of the friend of Amber""? Please answer the question in the same format as the example. End with 'So the answer is [answer]'.",the child of the enemy of the friend of Amber,child(enemy(friend(amber))),Amber;;Bryan;;Christina;;Dana;;Elizabeth;;Felicia,the friend of Christina = friend(christina);;the friend of Amber = friend(amber);;the enemy of Dana = enemy(dana);;the enemy of Bryan = enemy(bryan);;the parent of Elizabeth = parent(elizabeth);;the child of Felicia = child(felicia)
4,R,SemanticApproach.INTENSIONAL,Representation.ENGLISH,0_R_epe1,English phrases can be translated into formulae. Use the following translations to answer the question.;;;;,";;;;Here is an example of how to get a formula for a phrase.;;What is the formula for ""the enemy of the parent of Amber""?;;;;Here are the steps to arrive at the answer:;;1. the parent of Amber = parent(amber);;2. the enemy of the parent of Amber = enemy(parent(amber));;;;So the answer is enemy(parent(amber));;;;What is the formula for ""the enemy of the parent of the enemy of Amber""? Please answer the question in the same format as the example. End with 'So the answer is [answer]'.",the enemy of the parent of the enemy of Amber,enemy(parent(enemy(amber))),Amber;;Bryan;;Christina;;Dana;;Elizabeth;;Felicia,the friend of Christina = friend(christina);;the friend of Amber = friend(amber);;the enemy of Dana = enemy(dana);;the enemy of Bryan = enemy(bryan);;the parent of Elizabeth = parent(elizabeth);;the child of Felicia = child(felicia)
4,R,SemanticApproach.INTENSIONAL,Representation.ENGLISH,0_R_epf2,English phrases can be translated into formulae. Use the following translations to answer the question.;;;;,";;;;Here is an example of how to get a formula for a phrase.;;What is the formula for ""the enemy of the parent of Amber""?;;;;Here are the steps to arrive at the answer:;;1. the parent of Amber = parent(amber);;2. the enemy of the parent of Amber = enemy(parent(amber));;;;So the answer is enemy(parent(amber));;;;What is the formula for ""the enemy of the parent of the friend of Dana""? Please answer the question in the same format as the example. End with 'So the answer is [answer]'.",the enemy of the parent of the friend of Dana,enemy(parent(friend(dana))),Amber;;Bryan;;Christina;;Dana;;Elizabeth;;Felicia,the friend of Christina = friend(christina);;the friend of Amber = friend(amber);;the enemy of Dana = enemy(dana);;the enemy of Bryan = enemy(bryan);;the parent of Elizabeth = parent(elizabeth);;the child of Felicia = child(felicia)
4,R,SemanticApproach.INTENSIONAL,Representation.ENGLISH,0_R_cpf2,English phrases can be translated into formulae. Use the following translations to answer the question.;;;;,";;;;Here is an example of how to get a formula for a phrase.;;What is the formula for ""the enemy of the parent of Amber""?;;;;Here are the steps to arrive at the answer:;;1. the parent of Amber = parent(amber);;2. the enemy of the parent of Amber = enemy(parent(amber));;;;So the answer is enemy(parent(amber));;;;What is the formula for ""the child of the parent of the friend of Dana""? Please answer the question in the same format as the example. End with 'So the answer is [answer]'.",the child of the parent of the friend of Dana,child(parent(friend(dana))),Amber;;Bryan;;Christina;;Dana;;Elizabeth;;Felicia,the friend of Christina = friend(christina);;the friend of Amber = friend(amber);;the enemy of Dana = enemy(dana);;the enemy of Bryan = enemy(bryan);;the parent of Elizabeth = parent(elizabeth);;the child of Felicia = child(felicia)
4,R,SemanticApproach.INTENSIONAL,Representation.ENGLISH,0_R_eee2,English phrases can be translated into formulae. Use the following translations to answer the question.;;;;,";;;;Here is an example of how to get a formula for a phrase.;;What is the formula for ""the enemy of the parent of Amber""?;;;;Here are the steps to arrive at the answer:;;1. the parent of Amber = parent(amber);;2. the enemy of the parent of Amber = enemy(parent(amber));;;;So the answer is enemy(parent(amber));;;;What is the formula for ""the enemy of the enemy of the enemy of Dana""? Please answer the question in the same format as the example. End with 'So the answer is [answer]'.",the enemy of the enemy of the enemy of Dana,enemy(enemy(enemy(dana))),Amber;;Bryan;;Christina;;Dana;;Elizabeth;;Felicia,the friend of Christina = friend(christina);;the friend of Amber = friend(amber);;the enemy of Dana = enemy(dana);;the enemy of Bryan = enemy(bryan);;the parent of Elizabeth = parent(elizabeth);;the child of Felicia = child(felicia)
4,R,SemanticApproach.INTENSIONAL,Representation.ENGLISH,0_R_fce2,English phrases can be translated into formulae. Use the following translations to answer the question.;;;;,";;;;Here is an example of how to get a formula for a phrase.;;What is the formula for ""the enemy of the parent of Amber""?;;;;Here are the steps to arrive at the answer:;;1. the parent of Amber = parent(amber);;2. the enemy of the parent of Amber = enemy(parent(amber));;;;So the answer is enemy(parent(amber));;;;What is the formula for ""the friend of the child of the enemy of Dana""? Please answer the question in the same format as the example. End with 'So the answer is [answer]'.",the friend of the child of the enemy of Dana,friend(child(enemy(dana))),Amber;;Bryan;;Christina;;Dana;;Elizabeth;;Felicia,the friend of Christina = friend(christina);;the friend of Amber = friend(amber);;the enemy of Dana = enemy(dana);;the enemy of Bryan = enemy(bryan);;the parent of Elizabeth = parent(elizabeth);;the child of Felicia = child(felicia)
4,R,SemanticApproach.INTENSIONAL,Representation.ENGLISH,0_R_pce2,English phrases can be translated into formulae. Use the following translations to answer the question.;;;;,";;;;Here is an example of how to get a formula for a phrase.;;What is the formula for ""the enemy of the parent of Amber""?;;;;Here are the steps to arrive at the answer:;;1. the parent of Amber = parent(amber);;2. the enemy of the parent of Amber = enemy(parent(amber));;;;So the answer is enemy(parent(amber));;;;What is the formula for ""the parent of the child of the enemy of Dana""? Please answer the question in the same format as the example. End with 'So the answer is [answer]'.",the parent of the child of the enemy of Dana,parent(child(enemy(dana))),Amber;;Bryan;;Christina;;Dana;;Elizabeth;;Felicia,the friend of Christina = friend(christina);;the friend of Amber = friend(amber);;the enemy of Dana = enemy(dana);;the enemy of Bryan = enemy(bryan);;the parent of Elizabeth = parent(elizabeth);;the child of Felicia = child(felicia)
4,R,SemanticApproach.INTENSIONAL,Representation.ENGLISH,0_R_cfp2,English phrases can be translated into formulae. Use the following translations to answer the question.;;;;,";;;;Here is an example of how to get a formula for a phrase.;;What is the formula for ""the enemy of the parent of Amber""?;;;;Here are the steps to arrive at the answer:;;1. the parent of Amber = parent(amber);;2. the enemy of the parent of Amber = enemy(parent(amber));;;;So the answer is enemy(parent(amber));;;;What is the formula for ""the child of the friend of the parent of Dana""? Please answer the question in the same format as the example. End with 'So the answer is [answer]'.",the child of the friend of the parent of Dana,child(friend(parent(dana))),Amber;;Bryan;;Christina;;Dana;;Elizabeth;;Felicia,the friend of Christina = friend(christina);;the friend of Amber = friend(amber);;the enemy of Dana = enemy(dana);;the enemy of Bryan = enemy(bryan);;the parent of Elizabeth = parent(elizabeth);;the child of Felicia = child(felicia)
4,R,SemanticApproach.INTENSIONAL,Representation.ENGLISH,0_R_pep2,English phrases can be translated into formulae. Use the following translations to answer the question.;;;;,";;;;Here is an example of how to get a formula for a phrase.;;What is the formula for ""the enemy of the parent of Amber""?;;;;Here are the steps to arrive at the answer:;;1. the parent of Amber = parent(amber);;2. the enemy of the parent of Amber = enemy(parent(amber));;;;So the answer is enemy(parent(amber));;;;What is the formula for ""the parent of the enemy of the parent of Dana""? Please answer the question in the same format as the example. End with 'So the answer is [answer]'.",the parent of the enemy of the parent of Dana,parent(enemy(parent(dana))),Amber;;Bryan;;Christina;;Dana;;Elizabeth;;Felicia,the friend of Christina = friend(christina);;the friend of Amber = friend(amber);;the enemy of Dana = enemy(dana);;the enemy of Bryan = enemy(bryan);;the parent of Elizabeth = parent(elizabeth);;the child of Felicia = child(felicia)
4,R,SemanticApproach.INTENSIONAL,Representation.ENGLISH,0_R_pcp2,English phrases can be translated into formulae. Use the following translations to answer the question.;;;;,";;;;Here is an example of how to get a formula for a phrase.;;What is the formula for ""the enemy of the parent of Amber""?;;;;Here are the steps to arrive at the answer:;;1. the parent of Amber = parent(amber);;2. the enemy of the parent of Amber = enemy(parent(amber));;;;So the answer is enemy(parent(amber));;;;What is the formula for ""the parent of the child of the parent of Dana""? Please answer the question in the same format as the example. End with 'So the answer is [answer]'.",the parent of the child of the parent of Dana,parent(child(parent(dana))),Amber;;Bryan;;Christina;;Dana;;Elizabeth;;Felicia,the friend of Christina = friend(christina);;the friend of Amber = friend(amber);;the enemy of Dana = enemy(dana);;the enemy of Bryan = enemy(bryan);;the parent of Elizabeth = parent(elizabeth);;the child of Felicia = child(felicia)
4,R,SemanticApproach.INTENSIONAL,Representation.ENGLISH,0_R_ecf3,English phrases can be translated into formulae. Use the following translations to answer the question.;;;;,";;;;Here is an example of how to get a formula for a phrase.;;What is the formula for ""the enemy of the parent of Amber""?;;;;Here are the steps to arrive at the answer:;;1. the parent of Amber = parent(amber);;2. the enemy of the parent of Amber = enemy(parent(amber));;;;So the answer is enemy(parent(amber));;;;What is the formula for ""the enemy of the child of the friend of Bryan""? Please answer the question in the same format as the example. End with 'So the answer is [answer]'.",the enemy of the child of the friend of Bryan,enemy(child(friend(bryan))),Amber;;Bryan;;Christina;;Dana;;Elizabeth;;Felicia,the friend of Christina = friend(christina);;the friend of Amber = friend(amber);;the enemy of Dana = enemy(dana);;the enemy of Bryan = enemy(bryan);;the parent of Elizabeth = parent(elizabeth);;the child of Felicia = child(felicia)
4,R,SemanticApproach.INTENSIONAL,Representation.ENGLISH,0_R_pcf3,English phrases can be translated into formulae. Use the following translations to answer the question.;;;;,";;;;Here is an example of how to get a formula for a phrase.;;What is the formula for ""the enemy of the parent of Amber""?;;;;Here are the steps to arrive at the answer:;;1. the parent of Amber = parent(amber);;2. the enemy of the parent of Amber = enemy(parent(amber));;;;So the answer is enemy(parent(amber));;;;What is the formula for ""the parent of the child of the friend of Bryan""? Please answer the question in the same format as the example. End with 'So the answer is [answer]'.",the parent of the child of the friend of Bryan,parent(child(friend(bryan))),Amber;;Bryan;;Christina;;Dana;;Elizabeth;;Felicia,the friend of Christina = friend(christina);;the friend of Amber = friend(amber);;the enemy of Dana = enemy(dana);;the enemy of Bryan = enemy(bryan);;the parent of Elizabeth = parent(elizabeth);;the child of Felicia = child(felicia)
4,R,SemanticApproach.INTENSIONAL,Representation.ENGLISH,0_R_ffc3,English phrases can be translated into formulae. Use the following translations to answer the question.;;;;,";;;;Here is an example of how to get a formula for a phrase.;;What is the formula for ""the enemy of the parent of Amber""?;;;;Here are the steps to arrive at the answer:;;1. the parent of Amber = parent(amber);;2. the enemy of the parent of Amber = enemy(parent(amber));;;;So the answer is enemy(parent(amber));;;;What is the formula for ""the friend of the friend of the child of Bryan""? Please answer the question in the same format as the example. End with 'So the answer is [answer]'.",the friend of the friend of the child of Bryan,friend(friend(child(bryan))),Amber;;Bryan;;Christina;;Dana;;Elizabeth;;Felicia,the friend of Christina = friend(christina);;the friend of Amber = friend(amber);;the enemy of Dana = enemy(dana);;the enemy of Bryan = enemy(bryan);;the parent of Elizabeth = parent(elizabeth);;the child of Felicia = child(felicia)
4,R,SemanticApproach.INTENSIONAL,Representation.ENGLISH,0_R_eec3,English phrases can be translated into formulae. Use the following translations to answer the question.;;;;,";;;;Here is an example of how to get a formula for a phrase.;;What is the formula for ""the enemy of the parent of Amber""?;;;;Here are the steps to arrive at the answer:;;1. the parent of Amber = parent(amber);;2. the enemy of the parent of Amber = enemy(parent(amber));;;;So the answer is enemy(parent(amber));;;;What is the formula for ""the enemy of the enemy of the child of Bryan""? Please answer the question in the same format as the example. End with 'So the answer is [answer]'.",the enemy of the enemy of the child of Bryan,enemy(enemy(child(bryan))),Amber;;Bryan;;Christina;;Dana;;Elizabeth;;Felicia,the friend of Christina = friend(christina);;the friend of Amber = friend(amber);;the enemy of Dana = enemy(dana);;the enemy of Bryan = enemy(bryan);;the parent of Elizabeth = parent(elizabeth);;the child of Felicia = child(felicia)
4,R,SemanticApproach.INTENSIONAL,Representation.ENGLISH,0_R_pec3,English phrases can be translated into formulae. Use the following translations to answer the question.;;;;,";;;;Here is an example of how to get a formula for a phrase.;;What is the formula for ""the enemy of the parent of Amber""?;;;;Here are the steps to arrive at the answer:;;1. the parent of Amber = parent(amber);;2. the enemy of the parent of Amber = enemy(parent(amber));;;;So the answer is enemy(parent(amber));;;;What is the formula for ""the parent of the enemy of the child of Bryan""? Please answer the question in the same format as the example. End with 'So the answer is [answer]'.",the parent of the enemy of the child of Bryan,parent(enemy(child(bryan))),Amber;;Bryan;;Christina;;Dana;;Elizabeth;;Felicia,the friend of Christina = friend(christina);;the friend of Amber = friend(amber);;the enemy of Dana = enemy(dana);;the enemy of Bryan = enemy(bryan);;the parent of Elizabeth = parent(elizabeth);;the child of Felicia = child(felicia)
4,R,SemanticApproach.INTENSIONAL,Representation.ENGLISH,0_R_fef4,English phrases can be translated into formulae. Use the following translations to answer the question.;;;;,";;;;Here is an example of how to get a formula for a phrase.;;What is the formula for ""the enemy of the parent of Amber""?;;;;Here are the steps to arrive at the answer:;;1. the parent of Amber = parent(amber);;2. the enemy of the parent of Amber = enemy(parent(amber));;;;So the answer is enemy(parent(amber));;;;What is the formula for ""the friend of the enemy of the friend of Elizabeth""? Please answer the question in the same format as the example. End with 'So the answer is [answer]'.",the friend of the enemy of the friend of Elizabeth,friend(enemy(friend(elizabeth))),Amber;;Bryan;;Christina;;Dana;;Elizabeth;;Felicia,the friend of Christina = friend(christina);;the friend of Amber = friend(amber);;the enemy of Dana = enemy(dana);;the enemy of Bryan = enemy(bryan);;the parent of Elizabeth = parent(elizabeth);;the child of Felicia = child(felicia)
4,R,SemanticApproach.INTENSIONAL,Representation.ENGLISH,0_R_eef4,English phrases can be translated into formulae. Use the following translations to answer the question.;;;;,";;;;Here is an example of how to get a formula for a phrase.;;What is the formula for ""the enemy of the parent of Amber""?;;;;Here are the steps to arrive at the answer:;;1. the parent of Amber = parent(amber);;2. the enemy of the parent of Amber = enemy(parent(amber));;;;So the answer is enemy(parent(amber));;;;What is the formula for ""the enemy of the enemy of the friend of Elizabeth""? Please answer the question in the same format as the example. End with 'So the answer is [answer]'.",the enemy of the enemy of the friend of Elizabeth,enemy(enemy(friend(elizabeth))),Amber;;Bryan;;Christina;;Dana;;Elizabeth;;Felicia,the friend of Christina = friend(christina);;the friend of Amber = friend(amber);;the enemy of Dana = enemy(dana);;the enemy of Bryan = enemy(bryan);;the parent of Elizabeth = parent(elizabeth);;the child of Felicia = child(felicia)
4,R,SemanticApproach.INTENSIONAL,Representation.ENGLISH,0_R_cef4,English phrases can be translated into formulae. Use the following translations to answer the question.;;;;,";;;;Here is an example of how to get a formula for a phrase.;;What is the formula for ""the enemy of the parent of Amber""?;;;;Here are the steps to arrive at the answer:;;1. the parent of Amber = parent(amber);;2. the enemy of the parent of Amber = enemy(parent(amber));;;;So the answer is enemy(parent(amber));;;;What is the formula for ""the child of the enemy of the friend of Elizabeth""? Please answer the question in the same format as the example. End with 'So the answer is [answer]'.",the child of the enemy of the friend of Elizabeth,child(enemy(friend(elizabeth))),Amber;;Bryan;;Christina;;Dana;;Elizabeth;;Felicia,the friend of Christina = friend(christina);;the friend of Amber = friend(amber);;the enemy of Dana = enemy(dana);;the enemy of Bryan = enemy(bryan);;the parent of Elizabeth = parent(elizabeth);;the child of Felicia = child(felicia)
4,R,SemanticApproach.INTENSIONAL,Representation.ENGLISH,0_R_cpf4,English phrases can be translated into formulae. Use the following translations to answer the question.;;;;,";;;;Here is an example of how to get a formula for a phrase.;;What is the formula for ""the enemy of the parent of Amber""?;;;;Here are the steps to arrive at the answer:;;1. the parent of Amber = parent(amber);;2. the enemy of the parent of Amber = enemy(parent(amber));;;;So the answer is enemy(parent(amber));;;;What is the formula for ""the child of the parent of the friend of Elizabeth""? Please answer the question in the same format as the example. End with 'So the answer is [answer]'.",the child of the parent of the friend of Elizabeth,child(parent(friend(elizabeth))),Amber;;Bryan;;Christina;;Dana;;Elizabeth;;Felicia,the friend of Christina = friend(christina);;the friend of Amber = friend(amber);;the enemy of Dana = enemy(dana);;the enemy of Bryan = enemy(bryan);;the parent of Elizabeth = parent(elizabeth);;the child of Felicia = child(felicia)
4,R,SemanticApproach.INTENSIONAL,Representation.ENGLISH,0_R_ffe4,English phrases can be translated into formulae. Use the following translations to answer the question.;;;;,";;;;Here is an example of how to get a formula for a phrase.;;What is the formula for ""the enemy of the parent of Amber""?;;;;Here are the steps to arrive at the answer:;;1. the parent of Amber = parent(amber);;2. the enemy of the parent of Amber = enemy(parent(amber));;;;So the answer is enemy(parent(amber));;;;What is the formula for ""the friend of the friend of the enemy of Elizabeth""? Please answer the question in the same format as the example. End with 'So the answer is [answer]'.",the friend of the friend of the enemy of Elizabeth,friend(friend(enemy(elizabeth))),Amber;;Bryan;;Christina;;Dana;;Elizabeth;;Felicia,the friend of Christina = friend(christina);;the friend of Amber = friend(amber);;the enemy of Dana = enemy(dana);;the enemy of Bryan = enemy(bryan);;the parent of Elizabeth = parent(elizabeth);;the child of Felicia = child(felicia)
4,R,SemanticApproach.INTENSIONAL,Representation.ENGLISH,0_R_ffp4,English phrases can be translated into formulae. Use the following translations to answer the question.;;;;,";;;;Here is an example of how to get a formula for a phrase.;;What is the formula for ""the enemy of the parent of Amber""?;;;;Here are the steps to arrive at the answer:;;1. the parent of Amber = parent(amber);;2. the enemy of the parent of Amber = enemy(parent(amber));;;;So the answer is enemy(parent(amber));;;;What is the formula for ""the friend of the friend of the parent of Elizabeth""? Please answer the question in the same format as the example. End with 'So the answer is [answer]'.",the friend of the friend of the parent of Elizabeth,friend(friend(parent(elizabeth))),Amber;;Bryan;;Christina;;Dana;;Elizabeth;;Felicia,the friend of Christina = friend(christina);;the friend of Amber = friend(amber);;the enemy of Dana = enemy(dana);;the enemy of Bryan = enemy(bryan);;the parent of Elizabeth = parent(elizabeth);;the child of Felicia = child(felicia)
4,R,SemanticApproach.INTENSIONAL,Representation.ENGLISH,0_R_efp4,English phrases can be translated into formulae. Use the following translations to answer the question.;;;;,";;;;Here is an example of how to get a formula for a phrase.;;What is the formula for ""the enemy of the parent of Amber""?;;;;Here are the steps to arrive at the answer:;;1. the parent of Amber = parent(amber);;2. the enemy of the parent of Amber = enemy(parent(amber));;;;So the answer is enemy(parent(amber));;;;What is the formula for ""the enemy of the friend of the parent of Elizabeth""? Please answer the question in the same format as the example. End with 'So the answer is [answer]'.",the enemy of the friend of the parent of Elizabeth,enemy(friend(parent(elizabeth))),Amber;;Bryan;;Christina;;Dana;;Elizabeth;;Felicia,the friend of Christina = friend(christina);;the friend of Amber = friend(amber);;the enemy of Dana = enemy(dana);;the enemy of Bryan = enemy(bryan);;the parent of Elizabeth = parent(elizabeth);;the child of Felicia = child(felicia)
4,R,SemanticApproach.INTENSIONAL,Representation.ENGLISH,0_R_ecp4,English phrases can be translated into formulae. Use the following translations to answer the question.;;;;,";;;;Here is an example of how to get a formula for a phrase.;;What is the formula for ""the enemy of the parent of Amber""?;;;;Here are the steps to arrive at the answer:;;1. the parent of Amber = parent(amber);;2. the enemy of the parent of Amber = enemy(parent(amber));;;;So the answer is enemy(parent(amber));;;;What is the formula for ""the enemy of the child of the parent of Elizabeth""? Please answer the question in the same format as the example. End with 'So the answer is [answer]'.",the enemy of the child of the parent of Elizabeth,enemy(child(parent(elizabeth))),Amber;;Bryan;;Christina;;Dana;;Elizabeth;;Felicia,the friend of Christina = friend(christina);;the friend of Amber = friend(amber);;the enemy of Dana = enemy(dana);;the enemy of Bryan = enemy(bryan);;the parent of Elizabeth = parent(elizabeth);;the child of Felicia = child(felicia)
4,R,SemanticApproach.INTENSIONAL,Representation.ENGLISH,0_R_pcp4,English phrases can be translated into formulae. Use the following translations to answer the question.;;;;,";;;;Here is an example of how to get a formula for a phrase.;;What is the formula for ""the enemy of the parent of Amber""?;;;;Here are the steps to arrive at the answer:;;1. the parent of Amber = parent(amber);;2. the enemy of the parent of Amber = enemy(parent(amber));;;;So the answer is enemy(parent(amber));;;;What is the formula for ""the parent of the child of the parent of Elizabeth""? Please answer the question in the same format as the example. End with 'So the answer is [answer]'.",the parent of the child of the parent of Elizabeth,parent(child(parent(elizabeth))),Amber;;Bryan;;Christina;;Dana;;Elizabeth;;Felicia,the friend of Christina = friend(christina);;the friend of Amber = friend(amber);;the enemy of Dana = enemy(dana);;the enemy of Bryan = enemy(bryan);;the parent of Elizabeth = parent(elizabeth);;the child of Felicia = child(felicia)
4,R,SemanticApproach.INTENSIONAL,Representation.ENGLISH,0_R_fff5,English phrases can be translated into formulae. Use the following translations to answer the question.;;;;,";;;;Here is an example of how to get a formula for a phrase.;;What is the formula for ""the enemy of the parent of Amber""?;;;;Here are the steps to arrive at the answer:;;1. the parent of Amber = parent(amber);;2. the enemy of the parent of Amber = enemy(parent(amber));;;;So the answer is enemy(parent(amber));;;;What is the formula for ""the friend of the friend of the friend of Felicia""? Please answer the question in the same format as the example. End with 'So the answer is [answer]'.",the friend of the friend of the friend of Felicia,friend(friend(friend(felicia))),Amber;;Bryan;;Christina;;Dana;;Elizabeth;;Felicia,the friend of Christina = friend(christina);;the friend of Amber = friend(amber);;the enemy of Dana = enemy(dana);;the enemy of Bryan = enemy(bryan);;the parent of Elizabeth = parent(elizabeth);;the child of Felicia = child(felicia)
4,R,SemanticApproach.INTENSIONAL,Representation.ENGLISH,0_R_fcf5,English phrases can be translated into formulae. Use the following translations to answer the question.;;;;,";;;;Here is an example of how to get a formula for a phrase.;;What is the formula for ""the enemy of the parent of Amber""?;;;;Here are the steps to arrive at the answer:;;1. the parent of Amber = parent(amber);;2. the enemy of the parent of Amber = enemy(parent(amber));;;;So the answer is enemy(parent(amber));;;;What is the formula for ""the friend of the child of the friend of Felicia""? Please answer the question in the same format as the example. End with 'So the answer is [answer]'.",the friend of the child of the friend of Felicia,friend(child(friend(felicia))),Amber;;Bryan;;Christina;;Dana;;Elizabeth;;Felicia,the friend of Christina = friend(christina);;the friend of Amber = friend(amber);;the enemy of Dana = enemy(dana);;the enemy of Bryan = enemy(bryan);;the parent of Elizabeth = parent(elizabeth);;the child of Felicia = child(felicia)
4,R,SemanticApproach.INTENSIONAL,Representation.ENGLISH,0_R_ecf5,English phrases can be translated into formulae. Use the following translations to answer the question.;;;;,";;;;Here is an example of how to get a formula for a phrase.;;What is the formula for ""the enemy of the parent of Amber""?;;;;Here are the steps to arrive at the answer:;;1. the parent of Amber = parent(amber);;2. the enemy of the parent of Amber = enemy(parent(amber));;;;So the answer is enemy(parent(amber));;;;What is the formula for ""the enemy of the child of the friend of Felicia""? Please answer the question in the same format as the example. End with 'So the answer is [answer]'.",the enemy of the child of the friend of Felicia,enemy(child(friend(felicia))),Amber;;Bryan;;Christina;;Dana;;Elizabeth;;Felicia,the friend of Christina = friend(christina);;the friend of Amber = friend(amber);;the enemy of Dana = enemy(dana);;the enemy of Bryan = enemy(bryan);;the parent of Elizabeth = parent(elizabeth);;the child of Felicia = child(felicia)
4,R,SemanticApproach.INTENSIONAL,Representation.ENGLISH,0_R_efe5,English phrases can be translated into formulae. Use the following translations to answer the question.;;;;,";;;;Here is an example of how to get a formula for a phrase.;;What is the formula for ""the enemy of the parent of Amber""?;;;;Here are the steps to arrive at the answer:;;1. the parent of Amber = parent(amber);;2. the enemy of the parent of Amber = enemy(parent(amber));;;;So the answer is enemy(parent(amber));;;;What is the formula for ""the enemy of the friend of the enemy of Felicia""? Please answer the question in the same format as the example. End with 'So the answer is [answer]'.",the enemy of the friend of the enemy of Felicia,enemy(friend(enemy(felicia))),Amber;;Bryan;;Christina;;Dana;;Elizabeth;;Felicia,the friend of Christina = friend(christina);;the friend of Amber = friend(amber);;the enemy of Dana = enemy(dana);;the enemy of Bryan = enemy(bryan);;the parent of Elizabeth = parent(elizabeth);;the child of Felicia = child(felicia)
4,R,SemanticApproach.INTENSIONAL,Representation.ENGLISH,0_R_fee5,English phrases can be translated into formulae. Use the following translations to answer the question.;;;;,";;;;Here is an example of how to get a formula for a phrase.;;What is the formula for ""the enemy of the parent of Amber""?;;;;Here are the steps to arrive at the answer:;;1. the parent of Amber = parent(amber);;2. the enemy of the parent of Amber = enemy(parent(amber));;;;So the answer is enemy(parent(amber));;;;What is the formula for ""the friend of the enemy of the enemy of Felicia""? Please answer the question in the same format as the example. End with 'So the answer is [answer]'.",the friend of the enemy of the enemy of Felicia,friend(enemy(enemy(felicia))),Amber;;Bryan;;Christina;;Dana;;Elizabeth;;Felicia,the friend of Christina = friend(christina);;the friend of Amber = friend(amber);;the enemy of Dana = enemy(dana);;the enemy of Bryan = enemy(bryan);;the parent of Elizabeth = parent(elizabeth);;the child of Felicia = child(felicia)
4,R,SemanticApproach.INTENSIONAL,Representation.ENGLISH,0_R_eee5,English phrases can be translated into formulae. Use the following translations to answer the question.;;;;,";;;;Here is an example of how to get a formula for a phrase.;;What is the formula for ""the enemy of the parent of Amber""?;;;;Here are the steps to arrive at the answer:;;1. the parent of Amber = parent(amber);;2. the enemy of the parent of Amber = enemy(parent(amber));;;;So the answer is enemy(parent(amber));;;;What is the formula for ""the enemy of the enemy of the enemy of Felicia""? Please answer the question in the same format as the example. End with 'So the answer is [answer]'.",the enemy of the enemy of the enemy of Felicia,enemy(enemy(enemy(felicia))),Amber;;Bryan;;Christina;;Dana;;Elizabeth;;Felicia,the friend of Christina = friend(christina);;the friend of Amber = friend(amber);;the enemy of Dana = enemy(dana);;the enemy of Bryan = enemy(bryan);;the parent of Elizabeth = parent(elizabeth);;the child of Felicia = child(felicia)
4,R,SemanticApproach.INTENSIONAL,Representation.ENGLISH,0_R_epe5,English phrases can be translated into formulae. Use the following translations to answer the question.;;;;,";;;;Here is an example of how to get a formula for a phrase.;;What is the formula for ""the enemy of the parent of Amber""?;;;;Here are the steps to arrive at the answer:;;1. the parent of Amber = parent(amber);;2. the enemy of the parent of Amber = enemy(parent(amber));;;;So the answer is enemy(parent(amber));;;;What is the formula for ""the enemy of the parent of the enemy of Felicia""? Please answer the question in the same format as the example. End with 'So the answer is [answer]'.",the enemy of the parent of the enemy of Felicia,enemy(parent(enemy(felicia))),Amber;;Bryan;;Christina;;Dana;;Elizabeth;;Felicia,the friend of Christina = friend(christina);;the friend of Amber = friend(amber);;the enemy of Dana = enemy(dana);;the enemy of Bryan = enemy(bryan);;the parent of Elizabeth = parent(elizabeth);;the child of Felicia = child(felicia)
4,R,SemanticApproach.INTENSIONAL,Representation.ENGLISH,0_R_cpe5,English phrases can be translated into formulae. Use the following translations to answer the question.;;;;,";;;;Here is an example of how to get a formula for a phrase.;;What is the formula for ""the enemy of the parent of Amber""?;;;;Here are the steps to arrive at the answer:;;1. the parent of Amber = parent(amber);;2. the enemy of the parent of Amber = enemy(parent(amber));;;;So the answer is enemy(parent(amber));;;;What is the formula for ""the child of the parent of the enemy of Felicia""? Please answer the question in the same format as the example. End with 'So the answer is [answer]'.",the child of the parent of the enemy of Felicia,child(parent(enemy(felicia))),Amber;;Bryan;;Christina;;Dana;;Elizabeth;;Felicia,the friend of Christina = friend(christina);;the friend of Amber = friend(amber);;the enemy of Dana = enemy(dana);;the enemy of Bryan = enemy(bryan);;the parent of Elizabeth = parent(elizabeth);;the child of Felicia = child(felicia)
4,R,SemanticApproach.INTENSIONAL,Representation.ENGLISH,0_R_ffc5,English phrases can be translated into formulae. Use the following translations to answer the question.;;;;,";;;;Here is an example of how to get a formula for a phrase.;;What is the formula for ""the enemy of the parent of Amber""?;;;;Here are the steps to arrive at the answer:;;1. the parent of Amber = parent(amber);;2. the enemy of the parent of Amber = enemy(parent(amber));;;;So the answer is enemy(parent(amber));;;;What is the formula for ""the friend of the friend of the child of Felicia""? Please answer the question in the same format as the example. End with 'So the answer is [answer]'.",the friend of the friend of the child of Felicia,friend(friend(child(felicia))),Amber;;Bryan;;Christina;;Dana;;Elizabeth;;Felicia,the friend of Christina = friend(christina);;the friend of Amber = friend(amber);;the enemy of Dana = enemy(dana);;the enemy of Bryan = enemy(bryan);;the parent of Elizabeth = parent(elizabeth);;the child of Felicia = child(felicia)
4,R,SemanticApproach.INTENSIONAL,Representation.ENGLISH,0_R_fec5,English phrases can be translated into formulae. Use the following translations to answer the question.;;;;,";;;;Here is an example of how to get a formula for a phrase.;;What is the formula for ""the enemy of the parent of Amber""?;;;;Here are the steps to arrive at the answer:;;1. the parent of Amber = parent(amber);;2. the enemy of the parent of Amber = enemy(parent(amber));;;;So the answer is enemy(parent(amber));;;;What is the formula for ""the friend of the enemy of the child of Felicia""? Please answer the question in the same format as the example. End with 'So the answer is [answer]'.",the friend of the enemy of the child of Felicia,friend(enemy(child(felicia))),Amber;;Bryan;;Christina;;Dana;;Elizabeth;;Felicia,the friend of Christina = friend(christina);;the friend of Amber = friend(amber);;the enemy of Dana = enemy(dana);;the enemy of Bryan = enemy(bryan);;the parent of Elizabeth = parent(elizabeth);;the child of Felicia = child(felicia)
4,R,SemanticApproach.INTENSIONAL,Representation.ENGLISH,0_R_cpc5,English phrases can be translated into formulae. Use the following translations to answer the question.;;;;,";;;;Here is an example of how to get a formula for a phrase.;;What is the formula for ""the enemy of the parent of Amber""?;;;;Here are the steps to arrive at the answer:;;1. the parent of Amber = parent(amber);;2. the enemy of the parent of Amber = enemy(parent(amber));;;;So the answer is enemy(parent(amber));;;;What is the formula for ""the child of the parent of the child of Felicia""? Please answer the question in the same format as the example. End with 'So the answer is [answer]'.",the child of the parent of the child of Felicia,child(parent(child(felicia))),Amber;;Bryan;;Christina;;Dana;;Elizabeth;;Felicia,the friend of Christina = friend(christina);;the friend of Amber = friend(amber);;the enemy of Dana = enemy(dana);;the enemy of Bryan = enemy(bryan);;the parent of Elizabeth = parent(elizabeth);;the child of Felicia = child(felicia)
5,R,SemanticApproach.INTENSIONAL,Representation.ENGLISH,0_R_fcff0,English phrases can be translated into formulae. Use the following translations to answer the question.;;;;,";;;;Here is an example of how to get a formula for a phrase.;;What is the formula for ""the enemy of the parent of Amber""?;;;;Here are the steps to arrive at the answer:;;1. the parent of Amber = parent(amber);;2. the enemy of the parent of Amber = enemy(parent(amber));;;;So the answer is enemy(parent(amber));;;;What is the formula for ""the friend of the child of the friend of the friend of Christina""? Please answer the question in the same format as the example. End with 'So the answer is [answer]'.",the friend of the child of the friend of the friend of Christina,friend(child(friend(friend(christina)))),Amber;;Bryan;;Christina;;Dana;;Elizabeth;;Felicia,the friend of Christina = friend(christina);;the friend of Amber = friend(amber);;the enemy of Dana = enemy(dana);;the enemy of Bryan = enemy(bryan);;the parent of Elizabeth = parent(elizabeth);;the child of Felicia = child(felicia)
5,R,SemanticApproach.INTENSIONAL,Representation.ENGLISH,0_R_pfef0,English phrases can be translated into formulae. Use the following translations to answer the question.;;;;,";;;;Here is an example of how to get a formula for a phrase.;;What is the formula for ""the enemy of the parent of Amber""?;;;;Here are the steps to arrive at the answer:;;1. the parent of Amber = parent(amber);;2. the enemy of the parent of Amber = enemy(parent(amber));;;;So the answer is enemy(parent(amber));;;;What is the formula for ""the parent of the friend of the enemy of the friend of Christina""? Please answer the question in the same format as the example. End with 'So the answer is [answer]'.",the parent of the friend of the enemy of the friend of Christina,parent(friend(enemy(friend(christina)))),Amber;;Bryan;;Christina;;Dana;;Elizabeth;;Felicia,the friend of Christina = friend(christina);;the friend of Amber = friend(amber);;the enemy of Dana = enemy(dana);;the enemy of Bryan = enemy(bryan);;the parent of Elizabeth = parent(elizabeth);;the child of Felicia = child(felicia)
5,R,SemanticApproach.INTENSIONAL,Representation.ENGLISH,0_R_eeef0,English phrases can be translated into formulae. Use the following translations to answer the question.;;;;,";;;;Here is an example of how to get a formula for a phrase.;;What is the formula for ""the enemy of the parent of Amber""?;;;;Here are the steps to arrive at the answer:;;1. the parent of Amber = parent(amber);;2. the enemy of the parent of Amber = enemy(parent(amber));;;;So the answer is enemy(parent(amber));;;;What is the formula for ""the enemy of the enemy of the enemy of the friend of Christina""? Please answer the question in the same format as the example. End with 'So the answer is [answer]'.",the enemy of the enemy of the enemy of the friend of Christina,enemy(enemy(enemy(friend(christina)))),Amber;;Bryan;;Christina;;Dana;;Elizabeth;;Felicia,the friend of Christina = friend(christina);;the friend of Amber = friend(amber);;the enemy of Dana = enemy(dana);;the enemy of Bryan = enemy(bryan);;the parent of Elizabeth = parent(elizabeth);;the child of Felicia = child(felicia)
5,R,SemanticApproach.INTENSIONAL,Representation.ENGLISH,0_R_cpef0,English phrases can be translated into formulae. Use the following translations to answer the question.;;;;,";;;;Here is an example of how to get a formula for a phrase.;;What is the formula for ""the enemy of the parent of Amber""?;;;;Here are the steps to arrive at the answer:;;1. the parent of Amber = parent(amber);;2. the enemy of the parent of Amber = enemy(parent(amber));;;;So the answer is enemy(parent(amber));;;;What is the formula for ""the child of the parent of the enemy of the friend of Christina""? Please answer the question in the same format as the example. End with 'So the answer is [answer]'.",the child of the parent of the enemy of the friend of Christina,child(parent(enemy(friend(christina)))),Amber;;Bryan;;Christina;;Dana;;Elizabeth;;Felicia,the friend of Christina = friend(christina);;the friend of Amber = friend(amber);;the enemy of Dana = enemy(dana);;the enemy of Bryan = enemy(bryan);;the parent of Elizabeth = parent(elizabeth);;the child of Felicia = child(felicia)
5,R,SemanticApproach.INTENSIONAL,Representation.ENGLISH,0_R_eece0,English phrases can be translated into formulae. Use the following translations to answer the question.;;;;,";;;;Here is an example of how to get a formula for a phrase.;;What is the formula for ""the enemy of the parent of Amber""?;;;;Here are the steps to arrive at the answer:;;1. the parent of Amber = parent(amber);;2. the enemy of the parent of Amber = enemy(parent(amber));;;;So the answer is enemy(parent(amber));;;;What is the formula for ""the enemy of the enemy of the child of the enemy of Christina""? Please answer the question in the same format as the example. End with 'So the answer is [answer]'.",the enemy of the enemy of the child of the enemy of Christina,enemy(enemy(child(enemy(christina)))),Amber;;Bryan;;Christina;;Dana;;Elizabeth;;Felicia,the friend of Christina = friend(christina);;the friend of Amber = friend(amber);;the enemy of Dana = enemy(dana);;the enemy of Bryan = enemy(bryan);;the parent of Elizabeth = parent(elizabeth);;the child of Felicia = child(felicia)
5,R,SemanticApproach.INTENSIONAL,Representation.ENGLISH,0_R_pece0,English phrases can be translated into formulae. Use the following translations to answer the question.;;;;,";;;;Here is an example of how to get a formula for a phrase.;;What is the formula for ""the enemy of the parent of Amber""?;;;;Here are the steps to arrive at the answer:;;1. the parent of Amber = parent(amber);;2. the enemy of the parent of Amber = enemy(parent(amber));;;;So the answer is enemy(parent(amber));;;;What is the formula for ""the parent of the enemy of the child of the enemy of Christina""? Please answer the question in the same format as the example. End with 'So the answer is [answer]'.",the parent of the enemy of the child of the enemy of Christina,parent(enemy(child(enemy(christina)))),Amber;;Bryan;;Christina;;Dana;;Elizabeth;;Felicia,the friend of Christina = friend(christina);;the friend of Amber = friend(amber);;the enemy of Dana = enemy(dana);;the enemy of Bryan = enemy(bryan);;the parent of Elizabeth = parent(elizabeth);;the child of Felicia = child(felicia)
5,R,SemanticApproach.INTENSIONAL,Representation.ENGLISH,0_R_cfec0,English phrases can be translated into formulae. Use the following translations to answer the question.;;;;,";;;;Here is an example of how to get a formula for a phrase.;;What is the formula for ""the enemy of the parent of Amber""?;;;;Here are the steps to arrive at the answer:;;1. the parent of Amber = parent(amber);;2. the enemy of the parent of Amber = enemy(parent(amber));;;;So the answer is enemy(parent(amber));;;;What is the formula for ""the child of the friend of the enemy of the child of Christina""? Please answer the question in the same format as the example. End with 'So the answer is [answer]'.",the child of the friend of the enemy of the child of Christina,child(friend(enemy(child(christina)))),Amber;;Bryan;;Christina;;Dana;;Elizabeth;;Felicia,the friend of Christina = friend(christina);;the friend of Amber = friend(amber);;the enemy of Dana = enemy(dana);;the enemy of Bryan = enemy(bryan);;the parent of Elizabeth = parent(elizabeth);;the child of Felicia = child(felicia)
5,R,SemanticApproach.INTENSIONAL,Representation.ENGLISH,0_R_efpc0,English phrases can be translated into formulae. Use the following translations to answer the question.;;;;,";;;;Here is an example of how to get a formula for a phrase.;;What is the formula for ""the enemy of the parent of Amber""?;;;;Here are the steps to arrive at the answer:;;1. the parent of Amber = parent(amber);;2. the enemy of the parent of Amber = enemy(parent(amber));;;;So the answer is enemy(parent(amber));;;;What is the formula for ""the enemy of the friend of the parent of the child of Christina""? Please answer the question in the same format as the example. End with 'So the answer is [answer]'.",the enemy of the friend of the parent of the child of Christina,enemy(friend(parent(child(christina)))),Amber;;Bryan;;Christina;;Dana;;Elizabeth;;Felicia,the friend of Christina = friend(christina);;the friend of Amber = friend(amber);;the enemy of Dana = enemy(dana);;the enemy of Bryan = enemy(bryan);;the parent of Elizabeth = parent(elizabeth);;the child of Felicia = child(felicia)
5,R,SemanticApproach.INTENSIONAL,Representation.ENGLISH,0_R_fepc0,English phrases can be translated into formulae. Use the following translations to answer the question.;;;;,";;;;Here is an example of how to get a formula for a phrase.;;What is the formula for ""the enemy of the parent of Amber""?;;;;Here are the steps to arrive at the answer:;;1. the parent of Amber = parent(amber);;2. the enemy of the parent of Amber = enemy(parent(amber));;;;So the answer is enemy(parent(amber));;;;What is the formula for ""the friend of the enemy of the parent of the child of Christina""? Please answer the question in the same format as the example. End with 'So the answer is [answer]'.",the friend of the enemy of the parent of the child of Christina,friend(enemy(parent(child(christina)))),Amber;;Bryan;;Christina;;Dana;;Elizabeth;;Felicia,the friend of Christina = friend(christina);;the friend of Amber = friend(amber);;the enemy of Dana = enemy(dana);;the enemy of Bryan = enemy(bryan);;the parent of Elizabeth = parent(elizabeth);;the child of Felicia = child(felicia)
5,R,SemanticApproach.INTENSIONAL,Representation.ENGLISH,0_R_fcpc0,English phrases can be translated into formulae. Use the following translations to answer the question.;;;;,";;;;Here is an example of how to get a formula for a phrase.;;What is the formula for ""the enemy of the parent of Amber""?;;;;Here are the steps to arrive at the answer:;;1. the parent of Amber = parent(amber);;2. the enemy of the parent of Amber = enemy(parent(amber));;;;So the answer is enemy(parent(amber));;;;What is the formula for ""the friend of the child of the parent of the child of Christina""? Please answer the question in the same format as the example. End with 'So the answer is [answer]'.",the friend of the child of the parent of the child of Christina,friend(child(parent(child(christina)))),Amber;;Bryan;;Christina;;Dana;;Elizabeth;;Felicia,the friend of Christina = friend(christina);;the friend of Amber = friend(amber);;the enemy of Dana = enemy(dana);;the enemy of Bryan = enemy(bryan);;the parent of Elizabeth = parent(elizabeth);;the child of Felicia = child(felicia)
5,R,SemanticApproach.INTENSIONAL,Representation.ENGLISH,0_R_ffff1,English phrases can be translated into formulae. Use the following translations to answer the question.;;;;,";;;;Here is an example of how to get a formula for a phrase.;;What is the formula for ""the enemy of the parent of Amber""?;;;;Here are the steps to arrive at the answer:;;1. the parent of Amber = parent(amber);;2. the enemy of the parent of Amber = enemy(parent(amber));;;;So the answer is enemy(parent(amber));;;;What is the formula for ""the friend of the friend of the friend of the friend of Amber""? Please answer the question in the same format as the example. End with 'So the answer is [answer]'.",the friend of the friend of the friend of the friend of Amber,friend(friend(friend(friend(amber)))),Amber;;Bryan;;Christina;;Dana;;Elizabeth;;Felicia,the friend of Christina = friend(christina);;the friend of Amber = friend(amber);;the enemy of Dana = enemy(dana);;the enemy of Bryan = enemy(bryan);;the parent of Elizabeth = parent(elizabeth);;the child of Felicia = child(felicia)
5,R,SemanticApproach.INTENSIONAL,Representation.ENGLISH,0_R_fpcf1,English phrases can be translated into formulae. Use the following translations to answer the question.;;;;,";;;;Here is an example of how to get a formula for a phrase.;;What is the formula for ""the enemy of the parent of Amber""?;;;;Here are the steps to arrive at the answer:;;1. the parent of Amber = parent(amber);;2. the enemy of the parent of Amber = enemy(parent(amber));;;;So the answer is enemy(parent(amber));;;;What is the formula for ""the friend of the parent of the child of the friend of Amber""? Please answer the question in the same format as the example. End with 'So the answer is [answer]'.",the friend of the parent of the child of the friend of Amber,friend(parent(child(friend(amber)))),Amber;;Bryan;;Christina;;Dana;;Elizabeth;;Felicia,the friend of Christina = friend(christina);;the friend of Amber = friend(amber);;the enemy of Dana = enemy(dana);;the enemy of Bryan = enemy(bryan);;the parent of Elizabeth = parent(elizabeth);;the child of Felicia = child(felicia)
5,R,SemanticApproach.INTENSIONAL,Representation.ENGLISH,0_R_pffe1,English phrases can be translated into formulae. Use the following translations to answer the question.;;;;,";;;;Here is an example of how to get a formula for a phrase.;;What is the formula for ""the enemy of the parent of Amber""?;;;;Here are the steps to arrive at the answer:;;1. the parent of Amber = parent(amber);;2. the enemy of the parent of Amber = enemy(parent(amber));;;;So the answer is enemy(parent(amber));;;;What is the formula for ""the parent of the friend of the friend of the enemy of Amber""? Please answer the question in the same format as the example. End with 'So the answer is [answer]'.",the parent of the friend of the friend of the enemy of Amber,parent(friend(friend(enemy(amber)))),Amber;;Bryan;;Christina;;Dana;;Elizabeth;;Felicia,the friend of Christina = friend(christina);;the friend of Amber = friend(amber);;the enemy of Dana = enemy(dana);;the enemy of Bryan = enemy(bryan);;the parent of Elizabeth = parent(elizabeth);;the child of Felicia = child(felicia)
5,R,SemanticApproach.INTENSIONAL,Representation.ENGLISH,0_R_cfee1,English phrases can be translated into formulae. Use the following translations to answer the question.;;;;,";;;;Here is an example of how to get a formula for a phrase.;;What is the formula for ""the enemy of the parent of Amber""?;;;;Here are the steps to arrive at the answer:;;1. the parent of Amber = parent(amber);;2. the enemy of the parent of Amber = enemy(parent(amber));;;;So the answer is enemy(parent(amber));;;;What is the formula for ""the child of the friend of the enemy of the enemy of Amber""? Please answer the question in the same format as the example. End with 'So the answer is [answer]'.",the child of the friend of the enemy of the enemy of Amber,child(friend(enemy(enemy(amber)))),Amber;;Bryan;;Christina;;Dana;;Elizabeth;;Felicia,the friend of Christina = friend(christina);;the friend of Amber = friend(amber);;the enemy of Dana = enemy(dana);;the enemy of Bryan = enemy(bryan);;the parent of Elizabeth = parent(elizabeth);;the child of Felicia = child(felicia)
5,R,SemanticApproach.INTENSIONAL,Representation.ENGLISH,0_R_peee1,English phrases can be translated into formulae. Use the following translations to answer the question.;;;;,";;;;Here is an example of how to get a formula for a phrase.;;What is the formula for ""the enemy of the parent of Amber""?;;;;Here are the steps to arrive at the answer:;;1. the parent of Amber = parent(amber);;2. the enemy of the parent of Amber = enemy(parent(amber));;;;So the answer is enemy(parent(amber));;;;What is the formula for ""the parent of the enemy of the enemy of the enemy of Amber""? Please answer the question in the same format as the example. End with 'So the answer is [answer]'.",the parent of the enemy of the enemy of the enemy of Amber,parent(enemy(enemy(enemy(amber)))),Amber;;Bryan;;Christina;;Dana;;Elizabeth;;Felicia,the friend of Christina = friend(christina);;the friend of Amber = friend(amber);;the enemy of Dana = enemy(dana);;the enemy of Bryan = enemy(bryan);;the parent of Elizabeth = parent(elizabeth);;the child of Felicia = child(felicia)
5,R,SemanticApproach.INTENSIONAL,Representation.ENGLISH,0_R_ffpe1,English phrases can be translated into formulae. Use the following translations to answer the question.;;;;,";;;;Here is an example of how to get a formula for a phrase.;;What is the formula for ""the enemy of the parent of Amber""?;;;;Here are the steps to arrive at the answer:;;1. the parent of Amber = parent(amber);;2. the enemy of the parent of Amber = enemy(parent(amber));;;;So the answer is enemy(parent(amber));;;;What is the formula for ""the friend of the friend of the parent of the enemy of Amber""? Please answer the question in the same format as the example. End with 'So the answer is [answer]'.",the friend of the friend of the parent of the enemy of Amber,friend(friend(parent(enemy(amber)))),Amber;;Bryan;;Christina;;Dana;;Elizabeth;;Felicia,the friend of Christina = friend(christina);;the friend of Amber = friend(amber);;the enemy of Dana = enemy(dana);;the enemy of Bryan = enemy(bryan);;the parent of Elizabeth = parent(elizabeth);;the child of Felicia = child(felicia)
5,R,SemanticApproach.INTENSIONAL,Representation.ENGLISH,0_R_ceff2,English phrases can be translated into formulae. Use the following translations to answer the question.;;;;,";;;;Here is an example of how to get a formula for a phrase.;;What is the formula for ""the enemy of the parent of Amber""?;;;;Here are the steps to arrive at the answer:;;1. the parent of Amber = parent(amber);;2. the enemy of the parent of Amber = enemy(parent(amber));;;;So the answer is enemy(parent(amber));;;;What is the formula for ""the child of the enemy of the friend of the friend of Dana""? Please answer the question in the same format as the example. End with 'So the answer is [answer]'.",the child of the enemy of the friend of the friend of Dana,child(enemy(friend(friend(dana)))),Amber;;Bryan;;Christina;;Dana;;Elizabeth;;Felicia,the friend of Christina = friend(christina);;the friend of Amber = friend(amber);;the enemy of Dana = enemy(dana);;the enemy of Bryan = enemy(bryan);;the parent of Elizabeth = parent(elizabeth);;the child of Felicia = child(felicia)
5,R,SemanticApproach.INTENSIONAL,Representation.ENGLISH,0_R_ffef2,English phrases can be translated into formulae. Use the following translations to answer the question.;;;;,";;;;Here is an example of how to get a formula for a phrase.;;What is the formula for ""the enemy of the parent of Amber""?;;;;Here are the steps to arrive at the answer:;;1. the parent of Amber = parent(amber);;2. the enemy of the parent of Amber = enemy(parent(amber));;;;So the answer is enemy(parent(amber));;;;What is the formula for ""the friend of the friend of the enemy of the friend of Dana""? Please answer the question in the same format as the example. End with 'So the answer is [answer]'.",the friend of the friend of the enemy of the friend of Dana,friend(friend(enemy(friend(dana)))),Amber;;Bryan;;Christina;;Dana;;Elizabeth;;Felicia,the friend of Christina = friend(christina);;the friend of Amber = friend(amber);;the enemy of Dana = enemy(dana);;the enemy of Bryan = enemy(bryan);;the parent of Elizabeth = parent(elizabeth);;the child of Felicia = child(felicia)
5,R,SemanticApproach.INTENSIONAL,Representation.ENGLISH,0_R_fcfe2,English phrases can be translated into formulae. Use the following translations to answer the question.;;;;,";;;;Here is an example of how to get a formula for a phrase.;;What is the formula for ""the enemy of the parent of Amber""?;;;;Here are the steps to arrive at the answer:;;1. the parent of Amber = parent(amber);;2. the enemy of the parent of Amber = enemy(parent(amber));;;;So the answer is enemy(parent(amber));;;;What is the formula for ""the friend of the child of the friend of the enemy of Dana""? Please answer the question in the same format as the example. End with 'So the answer is [answer]'.",the friend of the child of the friend of the enemy of Dana,friend(child(friend(enemy(dana)))),Amber;;Bryan;;Christina;;Dana;;Elizabeth;;Felicia,the friend of Christina = friend(christina);;the friend of Amber = friend(amber);;the enemy of Dana = enemy(dana);;the enemy of Bryan = enemy(bryan);;the parent of Elizabeth = parent(elizabeth);;the child of Felicia = child(felicia)
5,R,SemanticApproach.INTENSIONAL,Representation.ENGLISH,0_R_pfef3,English phrases can be translated into formulae. Use the following translations to answer the question.;;;;,";;;;Here is an example of how to get a formula for a phrase.;;What is the formula for ""the enemy of the parent of Amber""?;;;;Here are the steps to arrive at the answer:;;1. the parent of Amber = parent(amber);;2. the enemy of the parent of Amber = enemy(parent(amber));;;;So the answer is enemy(parent(amber));;;;What is the formula for ""the parent of the friend of the enemy of the friend of Bryan""? Please answer the question in the same format as the example. End with 'So the answer is [answer]'.",the parent of the friend of the enemy of the friend of Bryan,parent(friend(enemy(friend(bryan)))),Amber;;Bryan;;Christina;;Dana;;Elizabeth;;Felicia,the friend of Christina = friend(christina);;the friend of Amber = friend(amber);;the enemy of Dana = enemy(dana);;the enemy of Bryan = enemy(bryan);;the parent of Elizabeth = parent(elizabeth);;the child of Felicia = child(felicia)
5,R,SemanticApproach.INTENSIONAL,Representation.ENGLISH,0_R_feef3,English phrases can be translated into formulae. Use the following translations to answer the question.;;;;,";;;;Here is an example of how to get a formula for a phrase.;;What is the formula for ""the enemy of the parent of Amber""?;;;;Here are the steps to arrive at the answer:;;1. the parent of Amber = parent(amber);;2. the enemy of the parent of Amber = enemy(parent(amber));;;;So the answer is enemy(parent(amber));;;;What is the formula for ""the friend of the enemy of the enemy of the friend of Bryan""? Please answer the question in the same format as the example. End with 'So the answer is [answer]'.",the friend of the enemy of the enemy of the friend of Bryan,friend(enemy(enemy(friend(bryan)))),Amber;;Bryan;;Christina;;Dana;;Elizabeth;;Felicia,the friend of Christina = friend(christina);;the friend of Amber = friend(amber);;the enemy of Dana = enemy(dana);;the enemy of Bryan = enemy(bryan);;the parent of Elizabeth = parent(elizabeth);;the child of Felicia = child(felicia)
5,R,SemanticApproach.INTENSIONAL,Representation.ENGLISH,0_R_ceef3,English phrases can be translated into formulae. Use the following translations to answer the question.;;;;,";;;;Here is an example of how to get a formula for a phrase.;;What is the formula for ""the enemy of the parent of Amber""?;;;;Here are the steps to arrive at the answer:;;1. the parent of Amber = parent(amber);;2. the enemy of the parent of Amber = enemy(parent(amber));;;;So the answer is enemy(parent(amber));;;;What is the formula for ""the child of the enemy of the enemy of the friend of Bryan""? Please answer the question in the same format as the example. End with 'So the answer is [answer]'.",the child of the enemy of the enemy of the friend of Bryan,child(enemy(enemy(friend(bryan)))),Amber;;Bryan;;Christina;;Dana;;Elizabeth;;Felicia,the friend of Christina = friend(christina);;the friend of Amber = friend(amber);;the enemy of Dana = enemy(dana);;the enemy of Bryan = enemy(bryan);;the parent of Elizabeth = parent(elizabeth);;the child of Felicia = child(felicia)
5,R,SemanticApproach.INTENSIONAL,Representation.ENGLISH,0_R_ecfc3,English phrases can be translated into formulae. Use the following translations to answer the question.;;;;,";;;;Here is an example of how to get a formula for a phrase.;;What is the formula for ""the enemy of the parent of Amber""?;;;;Here are the steps to arrive at the answer:;;1. the parent of Amber = parent(amber);;2. the enemy of the parent of Amber = enemy(parent(amber));;;;So the answer is enemy(parent(amber));;;;What is the formula for ""the enemy of the child of the friend of the child of Bryan""? Please answer the question in the same format as the example. End with 'So the answer is [answer]'.",the enemy of the child of the friend of the child of Bryan,enemy(child(friend(child(bryan)))),Amber;;Bryan;;Christina;;Dana;;Elizabeth;;Felicia,the friend of Christina = friend(christina);;the friend of Amber = friend(amber);;the enemy of Dana = enemy(dana);;the enemy of Bryan = enemy(bryan);;the parent of Elizabeth = parent(elizabeth);;the child of Felicia = child(felicia)
5,R,SemanticApproach.INTENSIONAL,Representation.ENGLISH,0_R_eeff4,English phrases can be translated into formulae. Use the following translations to answer the question.;;;;,";;;;Here is an example of how to get a formula for a phrase.;;What is the formula for ""the enemy of the parent of Amber""?;;;;Here are the steps to arrive at the answer:;;1. the parent of Amber = parent(amber);;2. the enemy of the parent of Amber = enemy(parent(amber));;;;So the answer is enemy(parent(amber));;;;What is the formula for ""the enemy of the enemy of the friend of the friend of Elizabeth""? Please answer the question in the same format as the example. End with 'So the answer is [answer]'.",the enemy of the enemy of the friend of the friend of Elizabeth,enemy(enemy(friend(friend(elizabeth)))),Amber;;Bryan;;Christina;;Dana;;Elizabeth;;Felicia,the friend of Christina = friend(christina);;the friend of Amber = friend(amber);;the enemy of Dana = enemy(dana);;the enemy of Bryan = enemy(bryan);;the parent of Elizabeth = parent(elizabeth);;the child of Felicia = child(felicia)
5,R,SemanticApproach.INTENSIONAL,Representation.ENGLISH,0_R_cpff4,English phrases can be translated into formulae. Use the following translations to answer the question.;;;;,";;;;Here is an example of how to get a formula for a phrase.;;What is the formula for ""the enemy of the parent of Amber""?;;;;Here are the steps to arrive at the answer:;;1. the parent of Amber = parent(amber);;2. the enemy of the parent of Amber = enemy(parent(amber));;;;So the answer is enemy(parent(amber));;;;What is the formula for ""the child of the parent of the friend of the friend of Elizabeth""? Please answer the question in the same format as the example. End with 'So the answer is [answer]'.",the child of the parent of the friend of the friend of Elizabeth,child(parent(friend(friend(elizabeth)))),Amber;;Bryan;;Christina;;Dana;;Elizabeth;;Felicia,the friend of Christina = friend(christina);;the friend of Amber = friend(amber);;the enemy of Dana = enemy(dana);;the enemy of Bryan = enemy(bryan);;the parent of Elizabeth = parent(elizabeth);;the child of Felicia = child(felicia)
5,R,SemanticApproach.INTENSIONAL,Representation.ENGLISH,0_R_ffef4,English phrases can be translated into formulae. Use the following translations to answer the question.;;;;,";;;;Here is an example of how to get a formula for a phrase.;;What is the formula for ""the enemy of the parent of Amber""?;;;;Here are the steps to arrive at the answer:;;1. the parent of Amber = parent(amber);;2. the enemy of the parent of Amber = enemy(parent(amber));;;;So the answer is enemy(parent(amber));;;;What is the formula for ""the friend of the friend of the enemy of the friend of Elizabeth""? Please answer the question in the same format as the example. End with 'So the answer is [answer]'.",the friend of the friend of the enemy of the friend of Elizabeth,friend(friend(enemy(friend(elizabeth)))),Amber;;Bryan;;Christina;;Dana;;Elizabeth;;Felicia,the friend of Christina = friend(christina);;the friend of Amber = friend(amber);;the enemy of Dana = enemy(dana);;the enemy of Bryan = enemy(bryan);;the parent of Elizabeth = parent(elizabeth);;the child of Felicia = child(felicia)
5,R,SemanticApproach.INTENSIONAL,Representation.ENGLISH,0_R_eeef4,English phrases can be translated into formulae. Use the following translations to answer the question.;;;;,";;;;Here is an example of how to get a formula for a phrase.;;What is the formula for ""the enemy of the parent of Amber""?;;;;Here are the steps to arrive at the answer:;;1. the parent of Amber = parent(amber);;2. the enemy of the parent of Amber = enemy(parent(amber));;;;So the answer is enemy(parent(amber));;;;What is the formula for ""the enemy of the enemy of the enemy of the friend of Elizabeth""? Please answer the question in the same format as the example. End with 'So the answer is [answer]'.",the enemy of the enemy of the enemy of the friend of Elizabeth,enemy(enemy(enemy(friend(elizabeth)))),Amber;;Bryan;;Christina;;Dana;;Elizabeth;;Felicia,the friend of Christina = friend(christina);;the friend of Amber = friend(amber);;the enemy of Dana = enemy(dana);;the enemy of Bryan = enemy(bryan);;the parent of Elizabeth = parent(elizabeth);;the child of Felicia = child(felicia)
5,R,SemanticApproach.INTENSIONAL,Representation.ENGLISH,0_R_peef4,English phrases can be translated into formulae. Use the following translations to answer the question.;;;;,";;;;Here is an example of how to get a formula for a phrase.;;What is the formula for ""the enemy of the parent of Amber""?;;;;Here are the steps to arrive at the answer:;;1. the parent of Amber = parent(amber);;2. the enemy of the parent of Amber = enemy(parent(amber));;;;So the answer is enemy(parent(amber));;;;What is the formula for ""the parent of the enemy of the enemy of the friend of Elizabeth""? Please answer the question in the same format as the example. End with 'So the answer is [answer]'.",the parent of the enemy of the enemy of the friend of Elizabeth,parent(enemy(enemy(friend(elizabeth)))),Amber;;Bryan;;Christina;;Dana;;Elizabeth;;Felicia,the friend of Christina = friend(christina);;the friend of Amber = friend(amber);;the enemy of Dana = enemy(dana);;the enemy of Bryan = enemy(bryan);;the parent of Elizabeth = parent(elizabeth);;the child of Felicia = child(felicia)
5,R,SemanticApproach.INTENSIONAL,Representation.ENGLISH,0_R_cffp4,English phrases can be translated into formulae. Use the following translations to answer the question.;;;;,";;;;Here is an example of how to get a formula for a phrase.;;What is the formula for ""the enemy of the parent of Amber""?;;;;Here are the steps to arrive at the answer:;;1. the parent of Amber = parent(amber);;2. the enemy of the parent of Amber = enemy(parent(amber));;;;So the answer is enemy(parent(amber));;;;What is the formula for ""the child of the friend of the friend of the parent of Elizabeth""? Please answer the question in the same format as the example. End with 'So the answer is [answer]'.",the child of the friend of the friend of the parent of Elizabeth,child(friend(friend(parent(elizabeth)))),Amber;;Bryan;;Christina;;Dana;;Elizabeth;;Felicia,the friend of Christina = friend(christina);;the friend of Amber = friend(amber);;the enemy of Dana = enemy(dana);;the enemy of Bryan = enemy(bryan);;the parent of Elizabeth = parent(elizabeth);;the child of Felicia = child(felicia)
5,R,SemanticApproach.INTENSIONAL,Representation.ENGLISH,0_R_efep4,English phrases can be translated into formulae. Use the following translations to answer the question.;;;;,";;;;Here is an example of how to get a formula for a phrase.;;What is the formula for ""the enemy of the parent of Amber""?;;;;Here are the steps to arrive at the answer:;;1. the parent of Amber = parent(amber);;2. the enemy of the parent of Amber = enemy(parent(amber));;;;So the answer is enemy(parent(amber));;;;What is the formula for ""the enemy of the friend of the enemy of the parent of Elizabeth""? Please answer the question in the same format as the example. End with 'So the answer is [answer]'.",the enemy of the friend of the enemy of the parent of Elizabeth,enemy(friend(enemy(parent(elizabeth)))),Amber;;Bryan;;Christina;;Dana;;Elizabeth;;Felicia,the friend of Christina = friend(christina);;the friend of Amber = friend(amber);;the enemy of Dana = enemy(dana);;the enemy of Bryan = enemy(bryan);;the parent of Elizabeth = parent(elizabeth);;the child of Felicia = child(felicia)
5,R,SemanticApproach.INTENSIONAL,Representation.ENGLISH,0_R_ffcp4,English phrases can be translated into formulae. Use the following translations to answer the question.;;;;,";;;;Here is an example of how to get a formula for a phrase.;;What is the formula for ""the enemy of the parent of Amber""?;;;;Here are the steps to arrive at the answer:;;1. the parent of Amber = parent(amber);;2. the enemy of the parent of Amber = enemy(parent(amber));;;;So the answer is enemy(parent(amber));;;;What is the formula for ""the friend of the friend of the child of the parent of Elizabeth""? Please answer the question in the same format as the example. End with 'So the answer is [answer]'.",the friend of the friend of the child of the parent of Elizabeth,friend(friend(child(parent(elizabeth)))),Amber;;Bryan;;Christina;;Dana;;Elizabeth;;Felicia,the friend of Christina = friend(christina);;the friend of Amber = friend(amber);;the enemy of Dana = enemy(dana);;the enemy of Bryan = enemy(bryan);;the parent of Elizabeth = parent(elizabeth);;the child of Felicia = child(felicia)
5,R,SemanticApproach.INTENSIONAL,Representation.ENGLISH,0_R_efcp4,English phrases can be translated into formulae. Use the following translations to answer the question.;;;;,";;;;Here is an example of how to get a formula for a phrase.;;What is the formula for ""the enemy of the parent of Amber""?;;;;Here are the steps to arrive at the answer:;;1. the parent of Amber = parent(amber);;2. the enemy of the parent of Amber = enemy(parent(amber));;;;So the answer is enemy(parent(amber));;;;What is the formula for ""the enemy of the friend of the child of the parent of Elizabeth""? Please answer the question in the same format as the example. End with 'So the answer is [answer]'.",the enemy of the friend of the child of the parent of Elizabeth,enemy(friend(child(parent(elizabeth)))),Amber;;Bryan;;Christina;;Dana;;Elizabeth;;Felicia,the friend of Christina = friend(christina);;the friend of Amber = friend(amber);;the enemy of Dana = enemy(dana);;the enemy of Bryan = enemy(bryan);;the parent of Elizabeth = parent(elizabeth);;the child of Felicia = child(felicia)
5,R,SemanticApproach.INTENSIONAL,Representation.ENGLISH,0_R_fpcp4,English phrases can be translated into formulae. Use the following translations to answer the question.;;;;,";;;;Here is an example of how to get a formula for a phrase.;;What is the formula for ""the enemy of the parent of Amber""?;;;;Here are the steps to arrive at the answer:;;1. the parent of Amber = parent(amber);;2. the enemy of the parent of Amber = enemy(parent(amber));;;;So the answer is enemy(parent(amber));;;;What is the formula for ""the friend of the parent of the child of the parent of Elizabeth""? Please answer the question in the same format as the example. End with 'So the answer is [answer]'.",the friend of the parent of the child of the parent of Elizabeth,friend(parent(child(parent(elizabeth)))),Amber;;Bryan;;Christina;;Dana;;Elizabeth;;Felicia,the friend of Christina = friend(christina);;the friend of Amber = friend(amber);;the enemy of Dana = enemy(dana);;the enemy of Bryan = enemy(bryan);;the parent of Elizabeth = parent(elizabeth);;the child of Felicia = child(felicia)
5,R,SemanticApproach.INTENSIONAL,Representation.ENGLISH,0_R_peff5,English phrases can be translated into formulae. Use the following translations to answer the question.;;;;,";;;;Here is an example of how to get a formula for a phrase.;;What is the formula for ""the enemy of the parent of Amber""?;;;;Here are the steps to arrive at the answer:;;1. the parent of Amber = parent(amber);;2. the enemy of the parent of Amber = enemy(parent(amber));;;;So the answer is enemy(parent(amber));;;;What is the formula for ""the parent of the enemy of the friend of the friend of Felicia""? Please answer the question in the same format as the example. End with 'So the answer is [answer]'.",the parent of the enemy of the friend of the friend of Felicia,parent(enemy(friend(friend(felicia)))),Amber;;Bryan;;Christina;;Dana;;Elizabeth;;Felicia,the friend of Christina = friend(christina);;the friend of Amber = friend(amber);;the enemy of Dana = enemy(dana);;the enemy of Bryan = enemy(bryan);;the parent of Elizabeth = parent(elizabeth);;the child of Felicia = child(felicia)
5,R,SemanticApproach.INTENSIONAL,Representation.ENGLISH,0_R_pcff5,English phrases can be translated into formulae. Use the following translations to answer the question.;;;;,";;;;Here is an example of how to get a formula for a phrase.;;What is the formula for ""the enemy of the parent of Amber""?;;;;Here are the steps to arrive at the answer:;;1. the parent of Amber = parent(amber);;2. the enemy of the parent of Amber = enemy(parent(amber));;;;So the answer is enemy(parent(amber));;;;What is the formula for ""the parent of the child of the friend of the friend of Felicia""? Please answer the question in the same format as the example. End with 'So the answer is [answer]'.",the parent of the child of the friend of the friend of Felicia,parent(child(friend(friend(felicia)))),Amber;;Bryan;;Christina;;Dana;;Elizabeth;;Felicia,the friend of Christina = friend(christina);;the friend of Amber = friend(amber);;the enemy of Dana = enemy(dana);;the enemy of Bryan = enemy(bryan);;the parent of Elizabeth = parent(elizabeth);;the child of Felicia = child(felicia)
5,R,SemanticApproach.INTENSIONAL,Representation.ENGLISH,0_R_eecf5,English phrases can be translated into formulae. Use the following translations to answer the question.;;;;,";;;;Here is an example of how to get a formula for a phrase.;;What is the formula for ""the enemy of the parent of Amber""?;;;;Here are the steps to arrive at the answer:;;1. the parent of Amber = parent(amber);;2. the enemy of the parent of Amber = enemy(parent(amber));;;;So the answer is enemy(parent(amber));;;;What is the formula for ""the enemy of the enemy of the child of the friend of Felicia""? Please answer the question in the same format as the example. End with 'So the answer is [answer]'.",the enemy of the enemy of the child of the friend of Felicia,enemy(enemy(child(friend(felicia)))),Amber;;Bryan;;Christina;;Dana;;Elizabeth;;Felicia,the friend of Christina = friend(christina);;the friend of Amber = friend(amber);;the enemy of Dana = enemy(dana);;the enemy of Bryan = enemy(bryan);;the parent of Elizabeth = parent(elizabeth);;the child of Felicia = child(felicia)
5,R,SemanticApproach.INTENSIONAL,Representation.ENGLISH,0_R_feee5,English phrases can be translated into formulae. Use the following translations to answer the question.;;;;,";;;;Here is an example of how to get a formula for a phrase.;;What is the formula for ""the enemy of the parent of Amber""?;;;;Here are the steps to arrive at the answer:;;1. the parent of Amber = parent(amber);;2. the enemy of the parent of Amber = enemy(parent(amber));;;;So the answer is enemy(parent(amber));;;;What is the formula for ""the friend of the enemy of the enemy of the enemy of Felicia""? Please answer the question in the same format as the example. End with 'So the answer is [answer]'.",the friend of the enemy of the enemy of the enemy of Felicia,friend(enemy(enemy(enemy(felicia)))),Amber;;Bryan;;Christina;;Dana;;Elizabeth;;Felicia,the friend of Christina = friend(christina);;the friend of Amber = friend(amber);;the enemy of Dana = enemy(dana);;the enemy of Bryan = enemy(bryan);;the parent of Elizabeth = parent(elizabeth);;the child of Felicia = child(felicia)
5,R,SemanticApproach.INTENSIONAL,Representation.ENGLISH,0_R_eeee5,English phrases can be translated into formulae. Use the following translations to answer the question.;;;;,";;;;Here is an example of how to get a formula for a phrase.;;What is the formula for ""the enemy of the parent of Amber""?;;;;Here are the steps to arrive at the answer:;;1. the parent of Amber = parent(amber);;2. the enemy of the parent of Amber = enemy(parent(amber));;;;So the answer is enemy(parent(amber));;;;What is the formula for ""the enemy of the enemy of the enemy of the enemy of Felicia""? Please answer the question in the same format as the example. End with 'So the answer is [answer]'.",the enemy of the enemy of the enemy of the enemy of Felicia,enemy(enemy(enemy(enemy(felicia)))),Amber;;Bryan;;Christina;;Dana;;Elizabeth;;Felicia,the friend of Christina = friend(christina);;the friend of Amber = friend(amber);;the enemy of Dana = enemy(dana);;the enemy of Bryan = enemy(bryan);;the parent of Elizabeth = parent(elizabeth);;the child of Felicia = child(felicia)
5,R,SemanticApproach.INTENSIONAL,Representation.ENGLISH,0_R_effc5,English phrases can be translated into formulae. Use the following translations to answer the question.;;;;,";;;;Here is an example of how to get a formula for a phrase.;;What is the formula for ""the enemy of the parent of Amber""?;;;;Here are the steps to arrive at the answer:;;1. the parent of Amber = parent(amber);;2. the enemy of the parent of Amber = enemy(parent(amber));;;;So the answer is enemy(parent(amber));;;;What is the formula for ""the enemy of the friend of the friend of the child of Felicia""? Please answer the question in the same format as the example. End with 'So the answer is [answer]'.",the enemy of the friend of the friend of the child of Felicia,enemy(friend(friend(child(felicia)))),Amber;;Bryan;;Christina;;Dana;;Elizabeth;;Felicia,the friend of Christina = friend(christina);;the friend of Amber = friend(amber);;the enemy of Dana = enemy(dana);;the enemy of Bryan = enemy(bryan);;the parent of Elizabeth = parent(elizabeth);;the child of Felicia = child(felicia)
5,R,SemanticApproach.INTENSIONAL,Representation.ENGLISH,0_R_ecpc5,English phrases can be translated into formulae. Use the following translations to answer the question.;;;;,";;;;Here is an example of how to get a formula for a phrase.;;What is the formula for ""the enemy of the parent of Amber""?;;;;Here are the steps to arrive at the answer:;;1. the parent of Amber = parent(amber);;2. the enemy of the parent of Amber = enemy(parent(amber));;;;So the answer is enemy(parent(amber));;;;What is the formula for ""the enemy of the child of the parent of the child of Felicia""? Please answer the question in the same format as the example. End with 'So the answer is [answer]'.",the enemy of the child of the parent of the child of Felicia,enemy(child(parent(child(felicia)))),Amber;;Bryan;;Christina;;Dana;;Elizabeth;;Felicia,the friend of Christina = friend(christina);;the friend of Amber = friend(amber);;the enemy of Dana = enemy(dana);;the enemy of Bryan = enemy(bryan);;the parent of Elizabeth = parent(elizabeth);;the child of Felicia = child(felicia)
6,R,SemanticApproach.INTENSIONAL,Representation.ENGLISH,0_R_ffeff0,English phrases can be translated into formulae. Use the following translations to answer the question.;;;;,";;;;Here is an example of how to get a formula for a phrase.;;What is the formula for ""the enemy of the parent of Amber""?;;;;Here are the steps to arrive at the answer:;;1. the parent of Amber = parent(amber);;2. the enemy of the parent of Amber = enemy(parent(amber));;;;So the answer is enemy(parent(amber));;;;What is the formula for ""the friend of the friend of the enemy of the friend of the friend of Christina""? Please answer the question in the same format as the example. End with 'So the answer is [answer]'.",the friend of the friend of the enemy of the friend of the friend of Christina,friend(friend(enemy(friend(friend(christina))))),Amber;;Bryan;;Christina;;Dana;;Elizabeth;;Felicia,the friend of Christina = friend(christina);;the friend of Amber = friend(amber);;the enemy of Dana = enemy(dana);;the enemy of Bryan = enemy(bryan);;the parent of Elizabeth = parent(elizabeth);;the child of Felicia = child(felicia)
6,R,SemanticApproach.INTENSIONAL,Representation.ENGLISH,0_R_ffffe0,English phrases can be translated into formulae. Use the following translations to answer the question.;;;;,";;;;Here is an example of how to get a formula for a phrase.;;What is the formula for ""the enemy of the parent of Amber""?;;;;Here are the steps to arrive at the answer:;;1. the parent of Amber = parent(amber);;2. the enemy of the parent of Amber = enemy(parent(amber));;;;So the answer is enemy(parent(amber));;;;What is the formula for ""the friend of the friend of the friend of the friend of the enemy of Christina""? Please answer the question in the same format as the example. End with 'So the answer is [answer]'.",the friend of the friend of the friend of the friend of the enemy of Christina,friend(friend(friend(friend(enemy(christina))))),Amber;;Bryan;;Christina;;Dana;;Elizabeth;;Felicia,the friend of Christina = friend(christina);;the friend of Amber = friend(amber);;the enemy of Dana = enemy(dana);;the enemy of Bryan = enemy(bryan);;the parent of Elizabeth = parent(elizabeth);;the child of Felicia = child(felicia)
6,R,SemanticApproach.INTENSIONAL,Representation.ENGLISH,0_R_efffe0,English phrases can be translated into formulae. Use the following translations to answer the question.;;;;,";;;;Here is an example of how to get a formula for a phrase.;;What is the formula for ""the enemy of the parent of Amber""?;;;;Here are the steps to arrive at the answer:;;1. the parent of Amber = parent(amber);;2. the enemy of the parent of Amber = enemy(parent(amber));;;;So the answer is enemy(parent(amber));;;;What is the formula for ""the enemy of the friend of the friend of the friend of the enemy of Christina""? Please answer the question in the same format as the example. End with 'So the answer is [answer]'.",the enemy of the friend of the friend of the friend of the enemy of Christina,enemy(friend(friend(friend(enemy(christina))))),Amber;;Bryan;;Christina;;Dana;;Elizabeth;;Felicia,the friend of Christina = friend(christina);;the friend of Amber = friend(amber);;the enemy of Dana = enemy(dana);;the enemy of Bryan = enemy(bryan);;the parent of Elizabeth = parent(elizabeth);;the child of Felicia = child(felicia)
6,R,SemanticApproach.INTENSIONAL,Representation.ENGLISH,0_R_ffefe0,English phrases can be translated into formulae. Use the following translations to answer the question.;;;;,";;;;Here is an example of how to get a formula for a phrase.;;What is the formula for ""the enemy of the parent of Amber""?;;;;Here are the steps to arrive at the answer:;;1. the parent of Amber = parent(amber);;2. the enemy of the parent of Amber = enemy(parent(amber));;;;So the answer is enemy(parent(amber));;;;What is the formula for ""the friend of the friend of the enemy of the friend of the enemy of Christina""? Please answer the question in the same format as the example. End with 'So the answer is [answer]'.",the friend of the friend of the enemy of the friend of the enemy of Christina,friend(friend(enemy(friend(enemy(christina))))),Amber;;Bryan;;Christina;;Dana;;Elizabeth;;Felicia,the friend of Christina = friend(christina);;the friend of Amber = friend(amber);;the enemy of Dana = enemy(dana);;the enemy of Bryan = enemy(bryan);;the parent of Elizabeth = parent(elizabeth);;the child of Felicia = child(felicia)
6,R,SemanticApproach.INTENSIONAL,Representation.ENGLISH,0_R_feefe0,English phrases can be translated into formulae. Use the following translations to answer the question.;;;;,";;;;Here is an example of how to get a formula for a phrase.;;What is the formula for ""the enemy of the parent of Amber""?;;;;Here are the steps to arrive at the answer:;;1. the parent of Amber = parent(amber);;2. the enemy of the parent of Amber = enemy(parent(amber));;;;So the answer is enemy(parent(amber));;;;What is the formula for ""the friend of the enemy of the enemy of the friend of the enemy of Christina""? Please answer the question in the same format as the example. End with 'So the answer is [answer]'.",the friend of the enemy of the enemy of the friend of the enemy of Christina,friend(enemy(enemy(friend(enemy(christina))))),Amber;;Bryan;;Christina;;Dana;;Elizabeth;;Felicia,the friend of Christina = friend(christina);;the friend of Amber = friend(amber);;the enemy of Dana = enemy(dana);;the enemy of Bryan = enemy(bryan);;the parent of Elizabeth = parent(elizabeth);;the child of Felicia = child(felicia)
6,R,SemanticApproach.INTENSIONAL,Representation.ENGLISH,0_R_pfece0,English phrases can be translated into formulae. Use the following translations to answer the question.;;;;,";;;;Here is an example of how to get a formula for a phrase.;;What is the formula for ""the enemy of the parent of Amber""?;;;;Here are the steps to arrive at the answer:;;1. the parent of Amber = parent(amber);;2. the enemy of the parent of Amber = enemy(parent(amber));;;;So the answer is enemy(parent(amber));;;;What is the formula for ""the parent of the friend of the enemy of the child of the enemy of Christina""? Please answer the question in the same format as the example. End with 'So the answer is [answer]'.",the parent of the friend of the enemy of the child of the enemy of Christina,parent(friend(enemy(child(enemy(christina))))),Amber;;Bryan;;Christina;;Dana;;Elizabeth;;Felicia,the friend of Christina = friend(christina);;the friend of Amber = friend(amber);;the enemy of Dana = enemy(dana);;the enemy of Bryan = enemy(bryan);;the parent of Elizabeth = parent(elizabeth);;the child of Felicia = child(felicia)
6,R,SemanticApproach.INTENSIONAL,Representation.ENGLISH,0_R_eecpc0,English phrases can be translated into formulae. Use the following translations to answer the question.;;;;,";;;;Here is an example of how to get a formula for a phrase.;;What is the formula for ""the enemy of the parent of Amber""?;;;;Here are the steps to arrive at the answer:;;1. the parent of Amber = parent(amber);;2. the enemy of the parent of Amber = enemy(parent(amber));;;;So the answer is enemy(parent(amber));;;;What is the formula for ""the enemy of the enemy of the child of the parent of the child of Christina""? Please answer the question in the same format as the example. End with 'So the answer is [answer]'.",the enemy of the enemy of the child of the parent of the child of Christina,enemy(enemy(child(parent(child(christina))))),Amber;;Bryan;;Christina;;Dana;;Elizabeth;;Felicia,the friend of Christina = friend(christina);;the friend of Amber = friend(amber);;the enemy of Dana = enemy(dana);;the enemy of Bryan = enemy(bryan);;the parent of Elizabeth = parent(elizabeth);;the child of Felicia = child(felicia)
6,R,SemanticApproach.INTENSIONAL,Representation.ENGLISH,0_R_fffff1,English phrases can be translated into formulae. Use the following translations to answer the question.;;;;,";;;;Here is an example of how to get a formula for a phrase.;;What is the formula for ""the enemy of the parent of Amber""?;;;;Here are the steps to arrive at the answer:;;1. the parent of Amber = parent(amber);;2. the enemy of the parent of Amber = enemy(parent(amber));;;;So the answer is enemy(parent(amber));;;;What is the formula for ""the friend of the friend of the friend of the friend of the friend of Amber""? Please answer the question in the same format as the example. End with 'So the answer is [answer]'.",the friend of the friend of the friend of the friend of the friend of Amber,friend(friend(friend(friend(friend(amber))))),Amber;;Bryan;;Christina;;Dana;;Elizabeth;;Felicia,the friend of Christina = friend(christina);;the friend of Amber = friend(amber);;the enemy of Dana = enemy(dana);;the enemy of Bryan = enemy(bryan);;the parent of Elizabeth = parent(elizabeth);;the child of Felicia = child(felicia)
6,R,SemanticApproach.INTENSIONAL,Representation.ENGLISH,0_R_fepcf1,English phrases can be translated into formulae. Use the following translations to answer the question.;;;;,";;;;Here is an example of how to get a formula for a phrase.;;What is the formula for ""the enemy of the parent of Amber""?;;;;Here are the steps to arrive at the answer:;;1. the parent of Amber = parent(amber);;2. the enemy of the parent of Amber = enemy(parent(amber));;;;So the answer is enemy(parent(amber));;;;What is the formula for ""the friend of the enemy of the parent of the child of the friend of Amber""? Please answer the question in the same format as the example. End with 'So the answer is [answer]'.",the friend of the enemy of the parent of the child of the friend of Amber,friend(enemy(parent(child(friend(amber))))),Amber;;Bryan;;Christina;;Dana;;Elizabeth;;Felicia,the friend of Christina = friend(christina);;the friend of Amber = friend(amber);;the enemy of Dana = enemy(dana);;the enemy of Bryan = enemy(bryan);;the parent of Elizabeth = parent(elizabeth);;the child of Felicia = child(felicia)
6,R,SemanticApproach.INTENSIONAL,Representation.ENGLISH,0_R_cfefe1,English phrases can be translated into formulae. Use the following translations to answer the question.;;;;,";;;;Here is an example of how to get a formula for a phrase.;;What is the formula for ""the enemy of the parent of Amber""?;;;;Here are the steps to arrive at the answer:;;1. the parent of Amber = parent(amber);;2. the enemy of the parent of Amber = enemy(parent(amber));;;;So the answer is enemy(parent(amber));;;;What is the formula for ""the child of the friend of the enemy of the friend of the enemy of Amber""? Please answer the question in the same format as the example. End with 'So the answer is [answer]'.",the child of the friend of the enemy of the friend of the enemy of Amber,child(friend(enemy(friend(enemy(amber))))),Amber;;Bryan;;Christina;;Dana;;Elizabeth;;Felicia,the friend of Christina = friend(christina);;the friend of Amber = friend(amber);;the enemy of Dana = enemy(dana);;the enemy of Bryan = enemy(bryan);;the parent of Elizabeth = parent(elizabeth);;the child of Felicia = child(felicia)
6,R,SemanticApproach.INTENSIONAL,Representation.ENGLISH,0_R_efeee1,English phrases can be translated into formulae. Use the following translations to answer the question.;;;;,";;;;Here is an example of how to get a formula for a phrase.;;What is the formula for ""the enemy of the parent of Amber""?;;;;Here are the steps to arrive at the answer:;;1. the parent of Amber = parent(amber);;2. the enemy of the parent of Amber = enemy(parent(amber));;;;So the answer is enemy(parent(amber));;;;What is the formula for ""the enemy of the friend of the enemy of the enemy of the enemy of Amber""? Please answer the question in the same format as the example. End with 'So the answer is [answer]'.",the enemy of the friend of the enemy of the enemy of the enemy of Amber,enemy(friend(enemy(enemy(enemy(amber))))),Amber;;Bryan;;Christina;;Dana;;Elizabeth;;Felicia,the friend of Christina = friend(christina);;the friend of Amber = friend(amber);;the enemy of Dana = enemy(dana);;the enemy of Bryan = enemy(bryan);;the parent of Elizabeth = parent(elizabeth);;the child of Felicia = child(felicia)
6,R,SemanticApproach.INTENSIONAL,Representation.ENGLISH,0_R_eeeee1,English phrases can be translated into formulae. Use the following translations to answer the question.;;;;,";;;;Here is an example of how to get a formula for a phrase.;;What is the formula for ""the enemy of the parent of Amber""?;;;;Here are the steps to arrive at the answer:;;1. the parent of Amber = parent(amber);;2. the enemy of the parent of Amber = enemy(parent(amber));;;;So the answer is enemy(parent(amber));;;;What is the formula for ""the enemy of the enemy of the enemy of the enemy of the enemy of Amber""? Please answer the question in the same format as the example. End with 'So the answer is [answer]'.",the enemy of the enemy of the enemy of the enemy of the enemy of Amber,enemy(enemy(enemy(enemy(enemy(amber))))),Amber;;Bryan;;Christina;;Dana;;Elizabeth;;Felicia,the friend of Christina = friend(christina);;the friend of Amber = friend(amber);;the enemy of Dana = enemy(dana);;the enemy of Bryan = enemy(bryan);;the parent of Elizabeth = parent(elizabeth);;the child of Felicia = child(felicia)
6,R,SemanticApproach.INTENSIONAL,Representation.ENGLISH,0_R_cffpe1,English phrases can be translated into formulae. Use the following translations to answer the question.;;;;,";;;;Here is an example of how to get a formula for a phrase.;;What is the formula for ""the enemy of the parent of Amber""?;;;;Here are the steps to arrive at the answer:;;1. the parent of Amber = parent(amber);;2. the enemy of the parent of Amber = enemy(parent(amber));;;;So the answer is enemy(parent(amber));;;;What is the formula for ""the child of the friend of the friend of the parent of the enemy of Amber""? Please answer the question in the same format as the example. End with 'So the answer is [answer]'.",the child of the friend of the friend of the parent of the enemy of Amber,child(friend(friend(parent(enemy(amber))))),Amber;;Bryan;;Christina;;Dana;;Elizabeth;;Felicia,the friend of Christina = friend(christina);;the friend of Amber = friend(amber);;the enemy of Dana = enemy(dana);;the enemy of Bryan = enemy(bryan);;the parent of Elizabeth = parent(elizabeth);;the child of Felicia = child(felicia)
6,R,SemanticApproach.INTENSIONAL,Representation.ENGLISH,0_R_cfepe1,English phrases can be translated into formulae. Use the following translations to answer the question.;;;;,";;;;Here is an example of how to get a formula for a phrase.;;What is the formula for ""the enemy of the parent of Amber""?;;;;Here are the steps to arrive at the answer:;;1. the parent of Amber = parent(amber);;2. the enemy of the parent of Amber = enemy(parent(amber));;;;So the answer is enemy(parent(amber));;;;What is the formula for ""the child of the friend of the enemy of the parent of the enemy of Amber""? Please answer the question in the same format as the example. End with 'So the answer is [answer]'.",the child of the friend of the enemy of the parent of the enemy of Amber,child(friend(enemy(parent(enemy(amber))))),Amber;;Bryan;;Christina;;Dana;;Elizabeth;;Felicia,the friend of Christina = friend(christina);;the friend of Amber = friend(amber);;the enemy of Dana = enemy(dana);;the enemy of Bryan = enemy(bryan);;the parent of Elizabeth = parent(elizabeth);;the child of Felicia = child(felicia)
6,R,SemanticApproach.INTENSIONAL,Representation.ENGLISH,0_R_eefff2,English phrases can be translated into formulae. Use the following translations to answer the question.;;;;,";;;;Here is an example of how to get a formula for a phrase.;;What is the formula for ""the enemy of the parent of Amber""?;;;;Here are the steps to arrive at the answer:;;1. the parent of Amber = parent(amber);;2. the enemy of the parent of Amber = enemy(parent(amber));;;;So the answer is enemy(parent(amber));;;;What is the formula for ""the enemy of the enemy of the friend of the friend of the friend of Dana""? Please answer the question in the same format as the example. End with 'So the answer is [answer]'.",the enemy of the enemy of the friend of the friend of the friend of Dana,enemy(enemy(friend(friend(friend(dana))))),Amber;;Bryan;;Christina;;Dana;;Elizabeth;;Felicia,the friend of Christina = friend(christina);;the friend of Amber = friend(amber);;the enemy of Dana = enemy(dana);;the enemy of Bryan = enemy(bryan);;the parent of Elizabeth = parent(elizabeth);;the child of Felicia = child(felicia)
6,R,SemanticApproach.INTENSIONAL,Representation.ENGLISH,0_R_eefpf2,English phrases can be translated into formulae. Use the following translations to answer the question.;;;;,";;;;Here is an example of how to get a formula for a phrase.;;What is the formula for ""the enemy of the parent of Amber""?;;;;Here are the steps to arrive at the answer:;;1. the parent of Amber = parent(amber);;2. the enemy of the parent of Amber = enemy(parent(amber));;;;So the answer is enemy(parent(amber));;;;What is the formula for ""the enemy of the enemy of the friend of the parent of the friend of Dana""? Please answer the question in the same format as the example. End with 'So the answer is [answer]'.",the enemy of the enemy of the friend of the parent of the friend of Dana,enemy(enemy(friend(parent(friend(dana))))),Amber;;Bryan;;Christina;;Dana;;Elizabeth;;Felicia,the friend of Christina = friend(christina);;the friend of Amber = friend(amber);;the enemy of Dana = enemy(dana);;the enemy of Bryan = enemy(bryan);;the parent of Elizabeth = parent(elizabeth);;the child of Felicia = child(felicia)
6,R,SemanticApproach.INTENSIONAL,Representation.ENGLISH,0_R_ecepf2,English phrases can be translated into formulae. Use the following translations to answer the question.;;;;,";;;;Here is an example of how to get a formula for a phrase.;;What is the formula for ""the enemy of the parent of Amber""?;;;;Here are the steps to arrive at the answer:;;1. the parent of Amber = parent(amber);;2. the enemy of the parent of Amber = enemy(parent(amber));;;;So the answer is enemy(parent(amber));;;;What is the formula for ""the enemy of the child of the enemy of the parent of the friend of Dana""? Please answer the question in the same format as the example. End with 'So the answer is [answer]'.",the enemy of the child of the enemy of the parent of the friend of Dana,enemy(child(enemy(parent(friend(dana))))),Amber;;Bryan;;Christina;;Dana;;Elizabeth;;Felicia,the friend of Christina = friend(christina);;the friend of Amber = friend(amber);;the enemy of Dana = enemy(dana);;the enemy of Bryan = enemy(bryan);;the parent of Elizabeth = parent(elizabeth);;the child of Felicia = child(felicia)
6,R,SemanticApproach.INTENSIONAL,Representation.ENGLISH,0_R_fepee2,English phrases can be translated into formulae. Use the following translations to answer the question.;;;;,";;;;Here is an example of how to get a formula for a phrase.;;What is the formula for ""the enemy of the parent of Amber""?;;;;Here are the steps to arrive at the answer:;;1. the parent of Amber = parent(amber);;2. the enemy of the parent of Amber = enemy(parent(amber));;;;So the answer is enemy(parent(amber));;;;What is the formula for ""the friend of the enemy of the parent of the enemy of the enemy of Dana""? Please answer the question in the same format as the example. End with 'So the answer is [answer]'.",the friend of the enemy of the parent of the enemy of the enemy of Dana,friend(enemy(parent(enemy(enemy(dana))))),Amber;;Bryan;;Christina;;Dana;;Elizabeth;;Felicia,the friend of Christina = friend(christina);;the friend of Amber = friend(amber);;the enemy of Dana = enemy(dana);;the enemy of Bryan = enemy(bryan);;the parent of Elizabeth = parent(elizabeth);;the child of Felicia = child(felicia)
6,R,SemanticApproach.INTENSIONAL,Representation.ENGLISH,0_R_ffece2,English phrases can be translated into formulae. Use the following translations to answer the question.;;;;,";;;;Here is an example of how to get a formula for a phrase.;;What is the formula for ""the enemy of the parent of Amber""?;;;;Here are the steps to arrive at the answer:;;1. the parent of Amber = parent(amber);;2. the enemy of the parent of Amber = enemy(parent(amber));;;;So the answer is enemy(parent(amber));;;;What is the formula for ""the friend of the friend of the enemy of the child of the enemy of Dana""? Please answer the question in the same format as the example. End with 'So the answer is [answer]'.",the friend of the friend of the enemy of the child of the enemy of Dana,friend(friend(enemy(child(enemy(dana))))),Amber;;Bryan;;Christina;;Dana;;Elizabeth;;Felicia,the friend of Christina = friend(christina);;the friend of Amber = friend(amber);;the enemy of Dana = enemy(dana);;the enemy of Bryan = enemy(bryan);;the parent of Elizabeth = parent(elizabeth);;the child of Felicia = child(felicia)
6,R,SemanticApproach.INTENSIONAL,Representation.ENGLISH,0_R_cfece2,English phrases can be translated into formulae. Use the following translations to answer the question.;;;;,";;;;Here is an example of how to get a formula for a phrase.;;What is the formula for ""the enemy of the parent of Amber""?;;;;Here are the steps to arrive at the answer:;;1. the parent of Amber = parent(amber);;2. the enemy of the parent of Amber = enemy(parent(amber));;;;So the answer is enemy(parent(amber));;;;What is the formula for ""the child of the friend of the enemy of the child of the enemy of Dana""? Please answer the question in the same format as the example. End with 'So the answer is [answer]'.",the child of the friend of the enemy of the child of the enemy of Dana,child(friend(enemy(child(enemy(dana))))),Amber;;Bryan;;Christina;;Dana;;Elizabeth;;Felicia,the friend of Christina = friend(christina);;the friend of Amber = friend(amber);;the enemy of Dana = enemy(dana);;the enemy of Bryan = enemy(bryan);;the parent of Elizabeth = parent(elizabeth);;the child of Felicia = child(felicia)
6,R,SemanticApproach.INTENSIONAL,Representation.ENGLISH,0_R_ffpcp2,English phrases can be translated into formulae. Use the following translations to answer the question.;;;;,";;;;Here is an example of how to get a formula for a phrase.;;What is the formula for ""the enemy of the parent of Amber""?;;;;Here are the steps to arrive at the answer:;;1. the parent of Amber = parent(amber);;2. the enemy of the parent of Amber = enemy(parent(amber));;;;So the answer is enemy(parent(amber));;;;What is the formula for ""the friend of the friend of the parent of the child of the parent of Dana""? Please answer the question in the same format as the example. End with 'So the answer is [answer]'.",the friend of the friend of the parent of the child of the parent of Dana,friend(friend(parent(child(parent(dana))))),Amber;;Bryan;;Christina;;Dana;;Elizabeth;;Felicia,the friend of Christina = friend(christina);;the friend of Amber = friend(amber);;the enemy of Dana = enemy(dana);;the enemy of Bryan = enemy(bryan);;the parent of Elizabeth = parent(elizabeth);;the child of Felicia = child(felicia)
6,R,SemanticApproach.INTENSIONAL,Representation.ENGLISH,0_R_fffff3,English phrases can be translated into formulae. Use the following translations to answer the question.;;;;,";;;;Here is an example of how to get a formula for a phrase.;;What is the formula for ""the enemy of the parent of Amber""?;;;;Here are the steps to arrive at the answer:;;1. the parent of Amber = parent(amber);;2. the enemy of the parent of Amber = enemy(parent(amber));;;;So the answer is enemy(parent(amber));;;;What is the formula for ""the friend of the friend of the friend of the friend of the friend of Bryan""? Please answer the question in the same format as the example. End with 'So the answer is [answer]'.",the friend of the friend of the friend of the friend of the friend of Bryan,friend(friend(friend(friend(friend(bryan))))),Amber;;Bryan;;Christina;;Dana;;Elizabeth;;Felicia,the friend of Christina = friend(christina);;the friend of Amber = friend(amber);;the enemy of Dana = enemy(dana);;the enemy of Bryan = enemy(bryan);;the parent of Elizabeth = parent(elizabeth);;the child of Felicia = child(felicia)
6,R,SemanticApproach.INTENSIONAL,Representation.ENGLISH,0_R_ffpef3,English phrases can be translated into formulae. Use the following translations to answer the question.;;;;,";;;;Here is an example of how to get a formula for a phrase.;;What is the formula for ""the enemy of the parent of Amber""?;;;;Here are the steps to arrive at the answer:;;1. the parent of Amber = parent(amber);;2. the enemy of the parent of Amber = enemy(parent(amber));;;;So the answer is enemy(parent(amber));;;;What is the formula for ""the friend of the friend of the parent of the enemy of the friend of Bryan""? Please answer the question in the same format as the example. End with 'So the answer is [answer]'.",the friend of the friend of the parent of the enemy of the friend of Bryan,friend(friend(parent(enemy(friend(bryan))))),Amber;;Bryan;;Christina;;Dana;;Elizabeth;;Felicia,the friend of Christina = friend(christina);;the friend of Amber = friend(amber);;the enemy of Dana = enemy(dana);;the enemy of Bryan = enemy(bryan);;the parent of Elizabeth = parent(elizabeth);;the child of Felicia = child(felicia)
6,R,SemanticApproach.INTENSIONAL,Representation.ENGLISH,0_R_eepef3,English phrases can be translated into formulae. Use the following translations to answer the question.;;;;,";;;;Here is an example of how to get a formula for a phrase.;;What is the formula for ""the enemy of the parent of Amber""?;;;;Here are the steps to arrive at the answer:;;1. the parent of Amber = parent(amber);;2. the enemy of the parent of Amber = enemy(parent(amber));;;;So the answer is enemy(parent(amber));;;;What is the formula for ""the enemy of the enemy of the parent of the enemy of the friend of Bryan""? Please answer the question in the same format as the example. End with 'So the answer is [answer]'.",the enemy of the enemy of the parent of the enemy of the friend of Bryan,enemy(enemy(parent(enemy(friend(bryan))))),Amber;;Bryan;;Christina;;Dana;;Elizabeth;;Felicia,the friend of Christina = friend(christina);;the friend of Amber = friend(amber);;the enemy of Dana = enemy(dana);;the enemy of Bryan = enemy(bryan);;the parent of Elizabeth = parent(elizabeth);;the child of Felicia = child(felicia)
6,R,SemanticApproach.INTENSIONAL,Representation.ENGLISH,0_R_cpfcf3,English phrases can be translated into formulae. Use the following translations to answer the question.;;;;,";;;;Here is an example of how to get a formula for a phrase.;;What is the formula for ""the enemy of the parent of Amber""?;;;;Here are the steps to arrive at the answer:;;1. the parent of Amber = parent(amber);;2. the enemy of the parent of Amber = enemy(parent(amber));;;;So the answer is enemy(parent(amber));;;;What is the formula for ""the child of the parent of the friend of the child of the friend of Bryan""? Please answer the question in the same format as the example. End with 'So the answer is [answer]'.",the child of the parent of the friend of the child of the friend of Bryan,child(parent(friend(child(friend(bryan))))),Amber;;Bryan;;Christina;;Dana;;Elizabeth;;Felicia,the friend of Christina = friend(christina);;the friend of Amber = friend(amber);;the enemy of Dana = enemy(dana);;the enemy of Bryan = enemy(bryan);;the parent of Elizabeth = parent(elizabeth);;the child of Felicia = child(felicia)
6,R,SemanticApproach.INTENSIONAL,Representation.ENGLISH,0_R_ffecf3,English phrases can be translated into formulae. Use the following translations to answer the question.;;;;,";;;;Here is an example of how to get a formula for a phrase.;;What is the formula for ""the enemy of the parent of Amber""?;;;;Here are the steps to arrive at the answer:;;1. the parent of Amber = parent(amber);;2. the enemy of the parent of Amber = enemy(parent(amber));;;;So the answer is enemy(parent(amber));;;;What is the formula for ""the friend of the friend of the enemy of the child of the friend of Bryan""? Please answer the question in the same format as the example. End with 'So the answer is [answer]'.",the friend of the friend of the enemy of the child of the friend of Bryan,friend(friend(enemy(child(friend(bryan))))),Amber;;Bryan;;Christina;;Dana;;Elizabeth;;Felicia,the friend of Christina = friend(christina);;the friend of Amber = friend(amber);;the enemy of Dana = enemy(dana);;the enemy of Bryan = enemy(bryan);;the parent of Elizabeth = parent(elizabeth);;the child of Felicia = child(felicia)
6,R,SemanticApproach.INTENSIONAL,Representation.ENGLISH,0_R_pfcfc3,English phrases can be translated into formulae. Use the following translations to answer the question.;;;;,";;;;Here is an example of how to get a formula for a phrase.;;What is the formula for ""the enemy of the parent of Amber""?;;;;Here are the steps to arrive at the answer:;;1. the parent of Amber = parent(amber);;2. the enemy of the parent of Amber = enemy(parent(amber));;;;So the answer is enemy(parent(amber));;;;What is the formula for ""the parent of the friend of the child of the friend of the child of Bryan""? Please answer the question in the same format as the example. End with 'So the answer is [answer]'.",the parent of the friend of the child of the friend of the child of Bryan,parent(friend(child(friend(child(bryan))))),Amber;;Bryan;;Christina;;Dana;;Elizabeth;;Felicia,the friend of Christina = friend(christina);;the friend of Amber = friend(amber);;the enemy of Dana = enemy(dana);;the enemy of Bryan = enemy(bryan);;the parent of Elizabeth = parent(elizabeth);;the child of Felicia = child(felicia)
6,R,SemanticApproach.INTENSIONAL,Representation.ENGLISH,0_R_peeff4,English phrases can be translated into formulae. Use the following translations to answer the question.;;;;,";;;;Here is an example of how to get a formula for a phrase.;;What is the formula for ""the enemy of the parent of Amber""?;;;;Here are the steps to arrive at the answer:;;1. the parent of Amber = parent(amber);;2. the enemy of the parent of Amber = enemy(parent(amber));;;;So the answer is enemy(parent(amber));;;;What is the formula for ""the parent of the enemy of the enemy of the friend of the friend of Elizabeth""? Please answer the question in the same format as the example. End with 'So the answer is [answer]'.",the parent of the enemy of the enemy of the friend of the friend of Elizabeth,parent(enemy(enemy(friend(friend(elizabeth))))),Amber;;Bryan;;Christina;;Dana;;Elizabeth;;Felicia,the friend of Christina = friend(christina);;the friend of Amber = friend(amber);;the enemy of Dana = enemy(dana);;the enemy of Bryan = enemy(bryan);;the parent of Elizabeth = parent(elizabeth);;the child of Felicia = child(felicia)
6,R,SemanticApproach.INTENSIONAL,Representation.ENGLISH,0_R_eecef4,English phrases can be translated into formulae. Use the following translations to answer the question.;;;;,";;;;Here is an example of how to get a formula for a phrase.;;What is the formula for ""the enemy of the parent of Amber""?;;;;Here are the steps to arrive at the answer:;;1. the parent of Amber = parent(amber);;2. the enemy of the parent of Amber = enemy(parent(amber));;;;So the answer is enemy(parent(amber));;;;What is the formula for ""the enemy of the enemy of the child of the enemy of the friend of Elizabeth""? Please answer the question in the same format as the example. End with 'So the answer is [answer]'.",the enemy of the enemy of the child of the enemy of the friend of Elizabeth,enemy(enemy(child(enemy(friend(elizabeth))))),Amber;;Bryan;;Christina;;Dana;;Elizabeth;;Felicia,the friend of Christina = friend(christina);;the friend of Amber = friend(amber);;the enemy of Dana = enemy(dana);;the enemy of Bryan = enemy(bryan);;the parent of Elizabeth = parent(elizabeth);;the child of Felicia = child(felicia)
6,R,SemanticApproach.INTENSIONAL,Representation.ENGLISH,0_R_fffpf4,English phrases can be translated into formulae. Use the following translations to answer the question.;;;;,";;;;Here is an example of how to get a formula for a phrase.;;What is the formula for ""the enemy of the parent of Amber""?;;;;Here are the steps to arrive at the answer:;;1. the parent of Amber = parent(amber);;2. the enemy of the parent of Amber = enemy(parent(amber));;;;So the answer is enemy(parent(amber));;;;What is the formula for ""the friend of the friend of the friend of the parent of the friend of Elizabeth""? Please answer the question in the same format as the example. End with 'So the answer is [answer]'.",the friend of the friend of the friend of the parent of the friend of Elizabeth,friend(friend(friend(parent(friend(elizabeth))))),Amber;;Bryan;;Christina;;Dana;;Elizabeth;;Felicia,the friend of Christina = friend(christina);;the friend of Amber = friend(amber);;the enemy of Dana = enemy(dana);;the enemy of Bryan = enemy(bryan);;the parent of Elizabeth = parent(elizabeth);;the child of Felicia = child(felicia)
6,R,SemanticApproach.INTENSIONAL,Representation.ENGLISH,0_R_effcp4,English phrases can be translated into formulae. Use the following translations to answer the question.;;;;,";;;;Here is an example of how to get a formula for a phrase.;;What is the formula for ""the enemy of the parent of Amber""?;;;;Here are the steps to arrive at the answer:;;1. the parent of Amber = parent(amber);;2. the enemy of the parent of Amber = enemy(parent(amber));;;;So the answer is enemy(parent(amber));;;;What is the formula for ""the enemy of the friend of the friend of the child of the parent of Elizabeth""? Please answer the question in the same format as the example. End with 'So the answer is [answer]'.",the enemy of the friend of the friend of the child of the parent of Elizabeth,enemy(friend(friend(child(parent(elizabeth))))),Amber;;Bryan;;Christina;;Dana;;Elizabeth;;Felicia,the friend of Christina = friend(christina);;the friend of Amber = friend(amber);;the enemy of Dana = enemy(dana);;the enemy of Bryan = enemy(bryan);;the parent of Elizabeth = parent(elizabeth);;the child of Felicia = child(felicia)
6,R,SemanticApproach.INTENSIONAL,Representation.ENGLISH,0_R_efecp4,English phrases can be translated into formulae. Use the following translations to answer the question.;;;;,";;;;Here is an example of how to get a formula for a phrase.;;What is the formula for ""the enemy of the parent of Amber""?;;;;Here are the steps to arrive at the answer:;;1. the parent of Amber = parent(amber);;2. the enemy of the parent of Amber = enemy(parent(amber));;;;So the answer is enemy(parent(amber));;;;What is the formula for ""the enemy of the friend of the enemy of the child of the parent of Elizabeth""? Please answer the question in the same format as the example. End with 'So the answer is [answer]'.",the enemy of the friend of the enemy of the child of the parent of Elizabeth,enemy(friend(enemy(child(parent(elizabeth))))),Amber;;Bryan;;Christina;;Dana;;Elizabeth;;Felicia,the friend of Christina = friend(christina);;the friend of Amber = friend(amber);;the enemy of Dana = enemy(dana);;the enemy of Bryan = enemy(bryan);;the parent of Elizabeth = parent(elizabeth);;the child of Felicia = child(felicia)
6,R,SemanticApproach.INTENSIONAL,Representation.ENGLISH,0_R_efcff5,English phrases can be translated into formulae. Use the following translations to answer the question.;;;;,";;;;Here is an example of how to get a formula for a phrase.;;What is the formula for ""the enemy of the parent of Amber""?;;;;Here are the steps to arrive at the answer:;;1. the parent of Amber = parent(amber);;2. the enemy of the parent of Amber = enemy(parent(amber));;;;So the answer is enemy(parent(amber));;;;What is the formula for ""the enemy of the friend of the child of the friend of the friend of Felicia""? Please answer the question in the same format as the example. End with 'So the answer is [answer]'.",the enemy of the friend of the child of the friend of the friend of Felicia,enemy(friend(child(friend(friend(felicia))))),Amber;;Bryan;;Christina;;Dana;;Elizabeth;;Felicia,the friend of Christina = friend(christina);;the friend of Amber = friend(amber);;the enemy of Dana = enemy(dana);;the enemy of Bryan = enemy(bryan);;the parent of Elizabeth = parent(elizabeth);;the child of Felicia = child(felicia)
6,R,SemanticApproach.INTENSIONAL,Representation.ENGLISH,0_R_fpcff5,English phrases can be translated into formulae. Use the following translations to answer the question.;;;;,";;;;Here is an example of how to get a formula for a phrase.;;What is the formula for ""the enemy of the parent of Amber""?;;;;Here are the steps to arrive at the answer:;;1. the parent of Amber = parent(amber);;2. the enemy of the parent of Amber = enemy(parent(amber));;;;So the answer is enemy(parent(amber));;;;What is the formula for ""the friend of the parent of the child of the friend of the friend of Felicia""? Please answer the question in the same format as the example. End with 'So the answer is [answer]'.",the friend of the parent of the child of the friend of the friend of Felicia,friend(parent(child(friend(friend(felicia))))),Amber;;Bryan;;Christina;;Dana;;Elizabeth;;Felicia,the friend of Christina = friend(christina);;the friend of Amber = friend(amber);;the enemy of Dana = enemy(dana);;the enemy of Bryan = enemy(bryan);;the parent of Elizabeth = parent(elizabeth);;the child of Felicia = child(felicia)
6,R,SemanticApproach.INTENSIONAL,Representation.ENGLISH,0_R_efffe5,English phrases can be translated into formulae. Use the following translations to answer the question.;;;;,";;;;Here is an example of how to get a formula for a phrase.;;What is the formula for ""the enemy of the parent of Amber""?;;;;Here are the steps to arrive at the answer:;;1. the parent of Amber = parent(amber);;2. the enemy of the parent of Amber = enemy(parent(amber));;;;So the answer is enemy(parent(amber));;;;What is the formula for ""the enemy of the friend of the friend of the friend of the enemy of Felicia""? Please answer the question in the same format as the example. End with 'So the answer is [answer]'.",the enemy of the friend of the friend of the friend of the enemy of Felicia,enemy(friend(friend(friend(enemy(felicia))))),Amber;;Bryan;;Christina;;Dana;;Elizabeth;;Felicia,the friend of Christina = friend(christina);;the friend of Amber = friend(amber);;the enemy of Dana = enemy(dana);;the enemy of Bryan = enemy(bryan);;the parent of Elizabeth = parent(elizabeth);;the child of Felicia = child(felicia)
6,R,SemanticApproach.INTENSIONAL,Representation.ENGLISH,0_R_ffpfe5,English phrases can be translated into formulae. Use the following translations to answer the question.;;;;,";;;;Here is an example of how to get a formula for a phrase.;;What is the formula for ""the enemy of the parent of Amber""?;;;;Here are the steps to arrive at the answer:;;1. the parent of Amber = parent(amber);;2. the enemy of the parent of Amber = enemy(parent(amber));;;;So the answer is enemy(parent(amber));;;;What is the formula for ""the friend of the friend of the parent of the friend of the enemy of Felicia""? Please answer the question in the same format as the example. End with 'So the answer is [answer]'.",the friend of the friend of the parent of the friend of the enemy of Felicia,friend(friend(parent(friend(enemy(felicia))))),Amber;;Bryan;;Christina;;Dana;;Elizabeth;;Felicia,the friend of Christina = friend(christina);;the friend of Amber = friend(amber);;the enemy of Dana = enemy(dana);;the enemy of Bryan = enemy(bryan);;the parent of Elizabeth = parent(elizabeth);;the child of Felicia = child(felicia)
6,R,SemanticApproach.INTENSIONAL,Representation.ENGLISH,0_R_cpcee5,English phrases can be translated into formulae. Use the following translations to answer the question.;;;;,";;;;Here is an example of how to get a formula for a phrase.;;What is the formula for ""the enemy of the parent of Amber""?;;;;Here are the steps to arrive at the answer:;;1. the parent of Amber = parent(amber);;2. the enemy of the parent of Amber = enemy(parent(amber));;;;So the answer is enemy(parent(amber));;;;What is the formula for ""the child of the parent of the child of the enemy of the enemy of Felicia""? Please answer the question in the same format as the example. End with 'So the answer is [answer]'.",the child of the parent of the child of the enemy of the enemy of Felicia,child(parent(child(enemy(enemy(felicia))))),Amber;;Bryan;;Christina;;Dana;;Elizabeth;;Felicia,the friend of Christina = friend(christina);;the friend of Amber = friend(amber);;the enemy of Dana = enemy(dana);;the enemy of Bryan = enemy(bryan);;the parent of Elizabeth = parent(elizabeth);;the child of Felicia = child(felicia)
6,R,SemanticApproach.INTENSIONAL,Representation.ENGLISH,0_R_ffpfc5,English phrases can be translated into formulae. Use the following translations to answer the question.;;;;,";;;;Here is an example of how to get a formula for a phrase.;;What is the formula for ""the enemy of the parent of Amber""?;;;;Here are the steps to arrive at the answer:;;1. the parent of Amber = parent(amber);;2. the enemy of the parent of Amber = enemy(parent(amber));;;;So the answer is enemy(parent(amber));;;;What is the formula for ""the friend of the friend of the parent of the friend of the child of Felicia""? Please answer the question in the same format as the example. End with 'So the answer is [answer]'.",the friend of the friend of the parent of the friend of the child of Felicia,friend(friend(parent(friend(child(felicia))))),Amber;;Bryan;;Christina;;Dana;;Elizabeth;;Felicia,the friend of Christina = friend(christina);;the friend of Amber = friend(amber);;the enemy of Dana = enemy(dana);;the enemy of Bryan = enemy(bryan);;the parent of Elizabeth = parent(elizabeth);;the child of Felicia = child(felicia)
6,R,SemanticApproach.INTENSIONAL,Representation.ENGLISH,0_R_pcpfc5,English phrases can be translated into formulae. Use the following translations to answer the question.;;;;,";;;;Here is an example of how to get a formula for a phrase.;;What is the formula for ""the enemy of the parent of Amber""?;;;;Here are the steps to arrive at the answer:;;1. the parent of Amber = parent(amber);;2. the enemy of the parent of Amber = enemy(parent(amber));;;;So the answer is enemy(parent(amber));;;;What is the formula for ""the parent of the child of the parent of the friend of the child of Felicia""? Please answer the question in the same format as the example. End with 'So the answer is [answer]'.",the parent of the child of the parent of the friend of the child of Felicia,parent(child(parent(friend(child(felicia))))),Amber;;Bryan;;Christina;;Dana;;Elizabeth;;Felicia,the friend of Christina = friend(christina);;the friend of Amber = friend(amber);;the enemy of Dana = enemy(dana);;the enemy of Bryan = enemy(bryan);;the parent of Elizabeth = parent(elizabeth);;the child of Felicia = child(felicia)
6,R,SemanticApproach.INTENSIONAL,Representation.ENGLISH,0_R_eecpc5,English phrases can be translated into formulae. Use the following translations to answer the question.;;;;,";;;;Here is an example of how to get a formula for a phrase.;;What is the formula for ""the enemy of the parent of Amber""?;;;;Here are the steps to arrive at the answer:;;1. the parent of Amber = parent(amber);;2. the enemy of the parent of Amber = enemy(parent(amber));;;;So the answer is enemy(parent(amber));;;;What is the formula for ""the enemy of the enemy of the child of the parent of the child of Felicia""? Please answer the question in the same format as the example. End with 'So the answer is [answer]'.",the enemy of the enemy of the child of the parent of the child of Felicia,enemy(enemy(child(parent(child(felicia))))),Amber;;Bryan;;Christina;;Dana;;Elizabeth;;Felicia,the friend of Christina = friend(christina);;the friend of Amber = friend(amber);;the enemy of Dana = enemy(dana);;the enemy of Bryan = enemy(bryan);;the parent of Elizabeth = parent(elizabeth);;the child of Felicia = child(felicia)
3,L,SemanticApproach.INTENSIONAL,Representation.ENGLISH,0_L_ef0,English phrases can be translated into formulae. Use the following translations to answer the question.;;;;,";;;;Here is an example of how to get a formula for a phrase.;;What is the formula for ""Amber's parent's enemy""?;;;;Here are the steps to arrive at the answer:;;1. Amber's parent = parent(amber);;2. Amber's parent's enemy = enemy(parent(amber));;;;So the answer is enemy(parent(amber));;;;What is the formula for ""Christina's friend's enemy""? Please answer the question in the same format as the example. End with 'So the answer is [answer]'.",Christina's friend's enemy,enemy(friend(christina)),Amber;;Bryan;;Christina;;Dana;;Elizabeth;;Felicia,Christina's friend = friend(christina);;Amber's friend = friend(amber);;Dana's enemy = enemy(dana);;Bryan's enemy = enemy(bryan);;Elizabeth's parent = parent(elizabeth);;Felicia's child = child(felicia)
3,L,SemanticApproach.INTENSIONAL,Representation.ENGLISH,0_L_fe0,English phrases can be translated into formulae. Use the following translations to answer the question.;;;;,";;;;Here is an example of how to get a formula for a phrase.;;What is the formula for ""Amber's parent's enemy""?;;;;Here are the steps to arrive at the answer:;;1. Amber's parent = parent(amber);;2. Amber's parent's enemy = enemy(parent(amber));;;;So the answer is enemy(parent(amber));;;;What is the formula for ""Christina's enemy's friend""? Please answer the question in the same format as the example. End with 'So the answer is [answer]'.",Christina's enemy's friend,friend(enemy(christina)),Amber;;Bryan;;Christina;;Dana;;Elizabeth;;Felicia,Christina's friend = friend(christina);;Amber's friend = friend(amber);;Dana's enemy = enemy(dana);;Bryan's enemy = enemy(bryan);;Elizabeth's parent = parent(elizabeth);;Felicia's child = child(felicia)
3,L,SemanticApproach.INTENSIONAL,Representation.ENGLISH,0_L_ce0,English phrases can be translated into formulae. Use the following translations to answer the question.;;;;,";;;;Here is an example of how to get a formula for a phrase.;;What is the formula for ""Amber's parent's enemy""?;;;;Here are the steps to arrive at the answer:;;1. Amber's parent = parent(amber);;2. Amber's parent's enemy = enemy(parent(amber));;;;So the answer is enemy(parent(amber));;;;What is the formula for ""Christina's enemy's child""? Please answer the question in the same format as the example. End with 'So the answer is [answer]'.",Christina's enemy's child,child(enemy(christina)),Amber;;Bryan;;Christina;;Dana;;Elizabeth;;Felicia,Christina's friend = friend(christina);;Amber's friend = friend(amber);;Dana's enemy = enemy(dana);;Bryan's enemy = enemy(bryan);;Elizabeth's parent = parent(elizabeth);;Felicia's child = child(felicia)
3,L,SemanticApproach.INTENSIONAL,Representation.ENGLISH,0_L_fc0,English phrases can be translated into formulae. Use the following translations to answer the question.;;;;,";;;;Here is an example of how to get a formula for a phrase.;;What is the formula for ""Amber's parent's enemy""?;;;;Here are the steps to arrive at the answer:;;1. Amber's parent = parent(amber);;2. Amber's parent's enemy = enemy(parent(amber));;;;So the answer is enemy(parent(amber));;;;What is the formula for ""Christina's child's friend""? Please answer the question in the same format as the example. End with 'So the answer is [answer]'.",Christina's child's friend,friend(child(christina)),Amber;;Bryan;;Christina;;Dana;;Elizabeth;;Felicia,Christina's friend = friend(christina);;Amber's friend = friend(amber);;Dana's enemy = enemy(dana);;Bryan's enemy = enemy(bryan);;Elizabeth's parent = parent(elizabeth);;Felicia's child = child(felicia)
3,L,SemanticApproach.INTENSIONAL,Representation.ENGLISH,0_L_ec0,English phrases can be translated into formulae. Use the following translations to answer the question.;;;;,";;;;Here is an example of how to get a formula for a phrase.;;What is the formula for ""Amber's parent's enemy""?;;;;Here are the steps to arrive at the answer:;;1. Amber's parent = parent(amber);;2. Amber's parent's enemy = enemy(parent(amber));;;;So the answer is enemy(parent(amber));;;;What is the formula for ""Christina's child's enemy""? Please answer the question in the same format as the example. End with 'So the answer is [answer]'.",Christina's child's enemy,enemy(child(christina)),Amber;;Bryan;;Christina;;Dana;;Elizabeth;;Felicia,Christina's friend = friend(christina);;Amber's friend = friend(amber);;Dana's enemy = enemy(dana);;Bryan's enemy = enemy(bryan);;Elizabeth's parent = parent(elizabeth);;Felicia's child = child(felicia)
3,L,SemanticApproach.INTENSIONAL,Representation.ENGLISH,0_L_pc0,English phrases can be translated into formulae. Use the following translations to answer the question.;;;;,";;;;Here is an example of how to get a formula for a phrase.;;What is the formula for ""Amber's parent's enemy""?;;;;Here are the steps to arrive at the answer:;;1. Amber's parent = parent(amber);;2. Amber's parent's enemy = enemy(parent(amber));;;;So the answer is enemy(parent(amber));;;;What is the formula for ""Christina's child's parent""? Please answer the question in the same format as the example. End with 'So the answer is [answer]'.",Christina's child's parent,parent(child(christina)),Amber;;Bryan;;Christina;;Dana;;Elizabeth;;Felicia,Christina's friend = friend(christina);;Amber's friend = friend(amber);;Dana's enemy = enemy(dana);;Bryan's enemy = enemy(bryan);;Elizabeth's parent = parent(elizabeth);;Felicia's child = child(felicia)
3,L,SemanticApproach.INTENSIONAL,Representation.ENGLISH,0_L_ff1,English phrases can be translated into formulae. Use the following translations to answer the question.;;;;,";;;;Here is an example of how to get a formula for a phrase.;;What is the formula for ""Amber's parent's enemy""?;;;;Here are the steps to arrive at the answer:;;1. Amber's parent = parent(amber);;2. Amber's parent's enemy = enemy(parent(amber));;;;So the answer is enemy(parent(amber));;;;What is the formula for ""Amber's friend's friend""? Please answer the question in the same format as the example. End with 'So the answer is [answer]'.",Amber's friend's friend,friend(friend(amber)),Amber;;Bryan;;Christina;;Dana;;Elizabeth;;Felicia,Christina's friend = friend(christina);;Amber's friend = friend(amber);;Dana's enemy = enemy(dana);;Bryan's enemy = enemy(bryan);;Elizabeth's parent = parent(elizabeth);;Felicia's child = child(felicia)
3,L,SemanticApproach.INTENSIONAL,Representation.ENGLISH,0_L_ef1,English phrases can be translated into formulae. Use the following translations to answer the question.;;;;,";;;;Here is an example of how to get a formula for a phrase.;;What is the formula for ""Amber's parent's enemy""?;;;;Here are the steps to arrive at the answer:;;1. Amber's parent = parent(amber);;2. Amber's parent's enemy = enemy(parent(amber));;;;So the answer is enemy(parent(amber));;;;What is the formula for ""Amber's friend's enemy""? Please answer the question in the same format as the example. End with 'So the answer is [answer]'.",Amber's friend's enemy,enemy(friend(amber)),Amber;;Bryan;;Christina;;Dana;;Elizabeth;;Felicia,Christina's friend = friend(christina);;Amber's friend = friend(amber);;Dana's enemy = enemy(dana);;Bryan's enemy = enemy(bryan);;Elizabeth's parent = parent(elizabeth);;Felicia's child = child(felicia)
3,L,SemanticApproach.INTENSIONAL,Representation.ENGLISH,0_L_cf1,English phrases can be translated into formulae. Use the following translations to answer the question.;;;;,";;;;Here is an example of how to get a formula for a phrase.;;What is the formula for ""Amber's parent's enemy""?;;;;Here are the steps to arrive at the answer:;;1. Amber's parent = parent(amber);;2. Amber's parent's enemy = enemy(parent(amber));;;;So the answer is enemy(parent(amber));;;;What is the formula for ""Amber's friend's child""? Please answer the question in the same format as the example. End with 'So the answer is [answer]'.",Amber's friend's child,child(friend(amber)),Amber;;Bryan;;Christina;;Dana;;Elizabeth;;Felicia,Christina's friend = friend(christina);;Amber's friend = friend(amber);;Dana's enemy = enemy(dana);;Bryan's enemy = enemy(bryan);;Elizabeth's parent = parent(elizabeth);;Felicia's child = child(felicia)
3,L,SemanticApproach.INTENSIONAL,Representation.ENGLISH,0_L_ee1,English phrases can be translated into formulae. Use the following translations to answer the question.;;;;,";;;;Here is an example of how to get a formula for a phrase.;;What is the formula for ""Amber's parent's enemy""?;;;;Here are the steps to arrive at the answer:;;1. Amber's parent = parent(amber);;2. Amber's parent's enemy = enemy(parent(amber));;;;So the answer is enemy(parent(amber));;;;What is the formula for ""Amber's enemy's enemy""? Please answer the question in the same format as the example. End with 'So the answer is [answer]'.",Amber's enemy's enemy,enemy(enemy(amber)),Amber;;Bryan;;Christina;;Dana;;Elizabeth;;Felicia,Christina's friend = friend(christina);;Amber's friend = friend(amber);;Dana's enemy = enemy(dana);;Bryan's enemy = enemy(bryan);;Elizabeth's parent = parent(elizabeth);;Felicia's child = child(felicia)
3,L,SemanticApproach.INTENSIONAL,Representation.ENGLISH,0_L_pe1,English phrases can be translated into formulae. Use the following translations to answer the question.;;;;,";;;;Here is an example of how to get a formula for a phrase.;;What is the formula for ""Amber's parent's enemy""?;;;;Here are the steps to arrive at the answer:;;1. Amber's parent = parent(amber);;2. Amber's parent's enemy = enemy(parent(amber));;;;So the answer is enemy(parent(amber));;;;What is the formula for ""Amber's enemy's parent""? Please answer the question in the same format as the example. End with 'So the answer is [answer]'.",Amber's enemy's parent,parent(enemy(amber)),Amber;;Bryan;;Christina;;Dana;;Elizabeth;;Felicia,Christina's friend = friend(christina);;Amber's friend = friend(amber);;Dana's enemy = enemy(dana);;Bryan's enemy = enemy(bryan);;Elizabeth's parent = parent(elizabeth);;Felicia's child = child(felicia)
3,L,SemanticApproach.INTENSIONAL,Representation.ENGLISH,0_L_ff2,English phrases can be translated into formulae. Use the following translations to answer the question.;;;;,";;;;Here is an example of how to get a formula for a phrase.;;What is the formula for ""Amber's parent's enemy""?;;;;Here are the steps to arrive at the answer:;;1. Amber's parent = parent(amber);;2. Amber's parent's enemy = enemy(parent(amber));;;;So the answer is enemy(parent(amber));;;;What is the formula for ""Dana's friend's friend""? Please answer the question in the same format as the example. End with 'So the answer is [answer]'.",Dana's friend's friend,friend(friend(dana)),Amber;;Bryan;;Christina;;Dana;;Elizabeth;;Felicia,Christina's friend = friend(christina);;Amber's friend = friend(amber);;Dana's enemy = enemy(dana);;Bryan's enemy = enemy(bryan);;Elizabeth's parent = parent(elizabeth);;Felicia's child = child(felicia)
3,L,SemanticApproach.INTENSIONAL,Representation.ENGLISH,0_L_ef2,English phrases can be translated into formulae. Use the following translations to answer the question.;;;;,";;;;Here is an example of how to get a formula for a phrase.;;What is the formula for ""Amber's parent's enemy""?;;;;Here are the steps to arrive at the answer:;;1. Amber's parent = parent(amber);;2. Amber's parent's enemy = enemy(parent(amber));;;;So the answer is enemy(parent(amber));;;;What is the formula for ""Dana's friend's enemy""? Please answer the question in the same format as the example. End with 'So the answer is [answer]'.",Dana's friend's enemy,enemy(friend(dana)),Amber;;Bryan;;Christina;;Dana;;Elizabeth;;Felicia,Christina's friend = friend(christina);;Amber's friend = friend(amber);;Dana's enemy = enemy(dana);;Bryan's enemy = enemy(bryan);;Elizabeth's parent = parent(elizabeth);;Felicia's child = child(felicia)
3,L,SemanticApproach.INTENSIONAL,Representation.ENGLISH,0_L_pf2,English phrases can be translated into formulae. Use the following translations to answer the question.;;;;,";;;;Here is an example of how to get a formula for a phrase.;;What is the formula for ""Amber's parent's enemy""?;;;;Here are the steps to arrive at the answer:;;1. Amber's parent = parent(amber);;2. Amber's parent's enemy = enemy(parent(amber));;;;So the answer is enemy(parent(amber));;;;What is the formula for ""Dana's friend's parent""? Please answer the question in the same format as the example. End with 'So the answer is [answer]'.",Dana's friend's parent,parent(friend(dana)),Amber;;Bryan;;Christina;;Dana;;Elizabeth;;Felicia,Christina's friend = friend(christina);;Amber's friend = friend(amber);;Dana's enemy = enemy(dana);;Bryan's enemy = enemy(bryan);;Elizabeth's parent = parent(elizabeth);;Felicia's child = child(felicia)
3,L,SemanticApproach.INTENSIONAL,Representation.ENGLISH,0_L_fe2,English phrases can be translated into formulae. Use the following translations to answer the question.;;;;,";;;;Here is an example of how to get a formula for a phrase.;;What is the formula for ""Amber's parent's enemy""?;;;;Here are the steps to arrive at the answer:;;1. Amber's parent = parent(amber);;2. Amber's parent's enemy = enemy(parent(amber));;;;So the answer is enemy(parent(amber));;;;What is the formula for ""Dana's enemy's friend""? Please answer the question in the same format as the example. End with 'So the answer is [answer]'.",Dana's enemy's friend,friend(enemy(dana)),Amber;;Bryan;;Christina;;Dana;;Elizabeth;;Felicia,Christina's friend = friend(christina);;Amber's friend = friend(amber);;Dana's enemy = enemy(dana);;Bryan's enemy = enemy(bryan);;Elizabeth's parent = parent(elizabeth);;Felicia's child = child(felicia)
3,L,SemanticApproach.INTENSIONAL,Representation.ENGLISH,0_L_ee2,English phrases can be translated into formulae. Use the following translations to answer the question.;;;;,";;;;Here is an example of how to get a formula for a phrase.;;What is the formula for ""Amber's parent's enemy""?;;;;Here are the steps to arrive at the answer:;;1. Amber's parent = parent(amber);;2. Amber's parent's enemy = enemy(parent(amber));;;;So the answer is enemy(parent(amber));;;;What is the formula for ""Dana's enemy's enemy""? Please answer the question in the same format as the example. End with 'So the answer is [answer]'.",Dana's enemy's enemy,enemy(enemy(dana)),Amber;;Bryan;;Christina;;Dana;;Elizabeth;;Felicia,Christina's friend = friend(christina);;Amber's friend = friend(amber);;Dana's enemy = enemy(dana);;Bryan's enemy = enemy(bryan);;Elizabeth's parent = parent(elizabeth);;Felicia's child = child(felicia)
3,L,SemanticApproach.INTENSIONAL,Representation.ENGLISH,0_L_ce2,English phrases can be translated into formulae. Use the following translations to answer the question.;;;;,";;;;Here is an example of how to get a formula for a phrase.;;What is the formula for ""Amber's parent's enemy""?;;;;Here are the steps to arrive at the answer:;;1. Amber's parent = parent(amber);;2. Amber's parent's enemy = enemy(parent(amber));;;;So the answer is enemy(parent(amber));;;;What is the formula for ""Dana's enemy's child""? Please answer the question in the same format as the example. End with 'So the answer is [answer]'.",Dana's enemy's child,child(enemy(dana)),Amber;;Bryan;;Christina;;Dana;;Elizabeth;;Felicia,Christina's friend = friend(christina);;Amber's friend = friend(amber);;Dana's enemy = enemy(dana);;Bryan's enemy = enemy(bryan);;Elizabeth's parent = parent(elizabeth);;Felicia's child = child(felicia)
3,L,SemanticApproach.INTENSIONAL,Representation.ENGLISH,0_L_fp2,English phrases can be translated into formulae. Use the following translations to answer the question.;;;;,";;;;Here is an example of how to get a formula for a phrase.;;What is the formula for ""Amber's parent's enemy""?;;;;Here are the steps to arrive at the answer:;;1. Amber's parent = parent(amber);;2. Amber's parent's enemy = enemy(parent(amber));;;;So the answer is enemy(parent(amber));;;;What is the formula for ""Dana's parent's friend""? Please answer the question in the same format as the example. End with 'So the answer is [answer]'.",Dana's parent's friend,friend(parent(dana)),Amber;;Bryan;;Christina;;Dana;;Elizabeth;;Felicia,Christina's friend = friend(christina);;Amber's friend = friend(amber);;Dana's enemy = enemy(dana);;Bryan's enemy = enemy(bryan);;Elizabeth's parent = parent(elizabeth);;Felicia's child = child(felicia)
3,L,SemanticApproach.INTENSIONAL,Representation.ENGLISH,0_L_ep2,English phrases can be translated into formulae. Use the following translations to answer the question.;;;;,";;;;Here is an example of how to get a formula for a phrase.;;What is the formula for ""Amber's parent's enemy""?;;;;Here are the steps to arrive at the answer:;;1. Amber's parent = parent(amber);;2. Amber's parent's enemy = enemy(parent(amber));;;;So the answer is enemy(parent(amber));;;;What is the formula for ""Dana's parent's enemy""? Please answer the question in the same format as the example. End with 'So the answer is [answer]'.",Dana's parent's enemy,enemy(parent(dana)),Amber;;Bryan;;Christina;;Dana;;Elizabeth;;Felicia,Christina's friend = friend(christina);;Amber's friend = friend(amber);;Dana's enemy = enemy(dana);;Bryan's enemy = enemy(bryan);;Elizabeth's parent = parent(elizabeth);;Felicia's child = child(felicia)
3,L,SemanticApproach.INTENSIONAL,Representation.ENGLISH,0_L_cp2,English phrases can be translated into formulae. Use the following translations to answer the question.;;;;,";;;;Here is an example of how to get a formula for a phrase.;;What is the formula for ""Amber's parent's enemy""?;;;;Here are the steps to arrive at the answer:;;1. Amber's parent = parent(amber);;2. Amber's parent's enemy = enemy(parent(amber));;;;So the answer is enemy(parent(amber));;;;What is the formula for ""Dana's parent's child""? Please answer the question in the same format as the example. End with 'So the answer is [answer]'.",Dana's parent's child,child(parent(dana)),Amber;;Bryan;;Christina;;Dana;;Elizabeth;;Felicia,Christina's friend = friend(christina);;Amber's friend = friend(amber);;Dana's enemy = enemy(dana);;Bryan's enemy = enemy(bryan);;Elizabeth's parent = parent(elizabeth);;Felicia's child = child(felicia)
3,L,SemanticApproach.INTENSIONAL,Representation.ENGLISH,0_L_ff3,English phrases can be translated into formulae. Use the following translations to answer the question.;;;;,";;;;Here is an example of how to get a formula for a phrase.;;What is the formula for ""Amber's parent's enemy""?;;;;Here are the steps to arrive at the answer:;;1. Amber's parent = parent(amber);;2. Amber's parent's enemy = enemy(parent(amber));;;;So the answer is enemy(parent(amber));;;;What is the formula for ""Bryan's friend's friend""? Please answer the question in the same format as the example. End with 'So the answer is [answer]'.",Bryan's friend's friend,friend(friend(bryan)),Amber;;Bryan;;Christina;;Dana;;Elizabeth;;Felicia,Christina's friend = friend(christina);;Amber's friend = friend(amber);;Dana's enemy = enemy(dana);;Bryan's enemy = enemy(bryan);;Elizabeth's parent = parent(elizabeth);;Felicia's child = child(felicia)
3,L,SemanticApproach.INTENSIONAL,Representation.ENGLISH,0_L_ef3,English phrases can be translated into formulae. Use the following translations to answer the question.;;;;,";;;;Here is an example of how to get a formula for a phrase.;;What is the formula for ""Amber's parent's enemy""?;;;;Here are the steps to arrive at the answer:;;1. Amber's parent = parent(amber);;2. Amber's parent's enemy = enemy(parent(amber));;;;So the answer is enemy(parent(amber));;;;What is the formula for ""Bryan's friend's enemy""? Please answer the question in the same format as the example. End with 'So the answer is [answer]'.",Bryan's friend's enemy,enemy(friend(bryan)),Amber;;Bryan;;Christina;;Dana;;Elizabeth;;Felicia,Christina's friend = friend(christina);;Amber's friend = friend(amber);;Dana's enemy = enemy(dana);;Bryan's enemy = enemy(bryan);;Elizabeth's parent = parent(elizabeth);;Felicia's child = child(felicia)
3,L,SemanticApproach.INTENSIONAL,Representation.ENGLISH,0_L_fc3,English phrases can be translated into formulae. Use the following translations to answer the question.;;;;,";;;;Here is an example of how to get a formula for a phrase.;;What is the formula for ""Amber's parent's enemy""?;;;;Here are the steps to arrive at the answer:;;1. Amber's parent = parent(amber);;2. Amber's parent's enemy = enemy(parent(amber));;;;So the answer is enemy(parent(amber));;;;What is the formula for ""Bryan's child's friend""? Please answer the question in the same format as the example. End with 'So the answer is [answer]'.",Bryan's child's friend,friend(child(bryan)),Amber;;Bryan;;Christina;;Dana;;Elizabeth;;Felicia,Christina's friend = friend(christina);;Amber's friend = friend(amber);;Dana's enemy = enemy(dana);;Bryan's enemy = enemy(bryan);;Elizabeth's parent = parent(elizabeth);;Felicia's child = child(felicia)
3,L,SemanticApproach.INTENSIONAL,Representation.ENGLISH,0_L_ec3,English phrases can be translated into formulae. Use the following translations to answer the question.;;;;,";;;;Here is an example of how to get a formula for a phrase.;;What is the formula for ""Amber's parent's enemy""?;;;;Here are the steps to arrive at the answer:;;1. Amber's parent = parent(amber);;2. Amber's parent's enemy = enemy(parent(amber));;;;So the answer is enemy(parent(amber));;;;What is the formula for ""Bryan's child's enemy""? Please answer the question in the same format as the example. End with 'So the answer is [answer]'.",Bryan's child's enemy,enemy(child(bryan)),Amber;;Bryan;;Christina;;Dana;;Elizabeth;;Felicia,Christina's friend = friend(christina);;Amber's friend = friend(amber);;Dana's enemy = enemy(dana);;Bryan's enemy = enemy(bryan);;Elizabeth's parent = parent(elizabeth);;Felicia's child = child(felicia)
3,L,SemanticApproach.INTENSIONAL,Representation.ENGLISH,0_L_ff4,English phrases can be translated into formulae. Use the following translations to answer the question.;;;;,";;;;Here is an example of how to get a formula for a phrase.;;What is the formula for ""Amber's parent's enemy""?;;;;Here are the steps to arrive at the answer:;;1. Amber's parent = parent(amber);;2. Amber's parent's enemy = enemy(parent(amber));;;;So the answer is enemy(parent(amber));;;;What is the formula for ""Elizabeth's friend's friend""? Please answer the question in the same format as the example. End with 'So the answer is [answer]'.",Elizabeth's friend's friend,friend(friend(elizabeth)),Amber;;Bryan;;Christina;;Dana;;Elizabeth;;Felicia,Christina's friend = friend(christina);;Amber's friend = friend(amber);;Dana's enemy = enemy(dana);;Bryan's enemy = enemy(bryan);;Elizabeth's parent = parent(elizabeth);;Felicia's child = child(felicia)
3,L,SemanticApproach.INTENSIONAL,Representation.ENGLISH,0_L_ef4,English phrases can be translated into formulae. Use the following translations to answer the question.;;;;,";;;;Here is an example of how to get a formula for a phrase.;;What is the formula for ""Amber's parent's enemy""?;;;;Here are the steps to arrive at the answer:;;1. Amber's parent = parent(amber);;2. Amber's parent's enemy = enemy(parent(amber));;;;So the answer is enemy(parent(amber));;;;What is the formula for ""Elizabeth's friend's enemy""? Please answer the question in the same format as the example. End with 'So the answer is [answer]'.",Elizabeth's friend's enemy,enemy(friend(elizabeth)),Amber;;Bryan;;Christina;;Dana;;Elizabeth;;Felicia,Christina's friend = friend(christina);;Amber's friend = friend(amber);;Dana's enemy = enemy(dana);;Bryan's enemy = enemy(bryan);;Elizabeth's parent = parent(elizabeth);;Felicia's child = child(felicia)
3,L,SemanticApproach.INTENSIONAL,Representation.ENGLISH,0_L_pf4,English phrases can be translated into formulae. Use the following translations to answer the question.;;;;,";;;;Here is an example of how to get a formula for a phrase.;;What is the formula for ""Amber's parent's enemy""?;;;;Here are the steps to arrive at the answer:;;1. Amber's parent = parent(amber);;2. Amber's parent's enemy = enemy(parent(amber));;;;So the answer is enemy(parent(amber));;;;What is the formula for ""Elizabeth's friend's parent""? Please answer the question in the same format as the example. End with 'So the answer is [answer]'.",Elizabeth's friend's parent,parent(friend(elizabeth)),Amber;;Bryan;;Christina;;Dana;;Elizabeth;;Felicia,Christina's friend = friend(christina);;Amber's friend = friend(amber);;Dana's enemy = enemy(dana);;Bryan's enemy = enemy(bryan);;Elizabeth's parent = parent(elizabeth);;Felicia's child = child(felicia)
3,L,SemanticApproach.INTENSIONAL,Representation.ENGLISH,0_L_fe4,English phrases can be translated into formulae. Use the following translations to answer the question.;;;;,";;;;Here is an example of how to get a formula for a phrase.;;What is the formula for ""Amber's parent's enemy""?;;;;Here are the steps to arrive at the answer:;;1. Amber's parent = parent(amber);;2. Amber's parent's enemy = enemy(parent(amber));;;;So the answer is enemy(parent(amber));;;;What is the formula for ""Elizabeth's enemy's friend""? Please answer the question in the same format as the example. End with 'So the answer is [answer]'.",Elizabeth's enemy's friend,friend(enemy(elizabeth)),Amber;;Bryan;;Christina;;Dana;;Elizabeth;;Felicia,Christina's friend = friend(christina);;Amber's friend = friend(amber);;Dana's enemy = enemy(dana);;Bryan's enemy = enemy(bryan);;Elizabeth's parent = parent(elizabeth);;Felicia's child = child(felicia)
3,L,SemanticApproach.INTENSIONAL,Representation.ENGLISH,0_L_ee4,English phrases can be translated into formulae. Use the following translations to answer the question.;;;;,";;;;Here is an example of how to get a formula for a phrase.;;What is the formula for ""Amber's parent's enemy""?;;;;Here are the steps to arrive at the answer:;;1. Amber's parent = parent(amber);;2. Amber's parent's enemy = enemy(parent(amber));;;;So the answer is enemy(parent(amber));;;;What is the formula for ""Elizabeth's enemy's enemy""? Please answer the question in the same format as the example. End with 'So the answer is [answer]'.",Elizabeth's enemy's enemy,enemy(enemy(elizabeth)),Amber;;Bryan;;Christina;;Dana;;Elizabeth;;Felicia,Christina's friend = friend(christina);;Amber's friend = friend(amber);;Dana's enemy = enemy(dana);;Bryan's enemy = enemy(bryan);;Elizabeth's parent = parent(elizabeth);;Felicia's child = child(felicia)
3,L,SemanticApproach.INTENSIONAL,Representation.ENGLISH,0_L_fp4,English phrases can be translated into formulae. Use the following translations to answer the question.;;;;,";;;;Here is an example of how to get a formula for a phrase.;;What is the formula for ""Amber's parent's enemy""?;;;;Here are the steps to arrive at the answer:;;1. Amber's parent = parent(amber);;2. Amber's parent's enemy = enemy(parent(amber));;;;So the answer is enemy(parent(amber));;;;What is the formula for ""Elizabeth's parent's friend""? Please answer the question in the same format as the example. End with 'So the answer is [answer]'.",Elizabeth's parent's friend,friend(parent(elizabeth)),Amber;;Bryan;;Christina;;Dana;;Elizabeth;;Felicia,Christina's friend = friend(christina);;Amber's friend = friend(amber);;Dana's enemy = enemy(dana);;Bryan's enemy = enemy(bryan);;Elizabeth's parent = parent(elizabeth);;Felicia's child = child(felicia)
3,L,SemanticApproach.INTENSIONAL,Representation.ENGLISH,0_L_ep4,English phrases can be translated into formulae. Use the following translations to answer the question.;;;;,";;;;Here is an example of how to get a formula for a phrase.;;What is the formula for ""Amber's parent's enemy""?;;;;Here are the steps to arrive at the answer:;;1. Amber's parent = parent(amber);;2. Amber's parent's enemy = enemy(parent(amber));;;;So the answer is enemy(parent(amber));;;;What is the formula for ""Elizabeth's parent's enemy""? Please answer the question in the same format as the example. End with 'So the answer is [answer]'.",Elizabeth's parent's enemy,enemy(parent(elizabeth)),Amber;;Bryan;;Christina;;Dana;;Elizabeth;;Felicia,Christina's friend = friend(christina);;Amber's friend = friend(amber);;Dana's enemy = enemy(dana);;Bryan's enemy = enemy(bryan);;Elizabeth's parent = parent(elizabeth);;Felicia's child = child(felicia)
3,L,SemanticApproach.INTENSIONAL,Representation.ENGLISH,0_L_cp4,English phrases can be translated into formulae. Use the following translations to answer the question.;;;;,";;;;Here is an example of how to get a formula for a phrase.;;What is the formula for ""Amber's parent's enemy""?;;;;Here are the steps to arrive at the answer:;;1. Amber's parent = parent(amber);;2. Amber's parent's enemy = enemy(parent(amber));;;;So the answer is enemy(parent(amber));;;;What is the formula for ""Elizabeth's parent's child""? Please answer the question in the same format as the example. End with 'So the answer is [answer]'.",Elizabeth's parent's child,child(parent(elizabeth)),Amber;;Bryan;;Christina;;Dana;;Elizabeth;;Felicia,Christina's friend = friend(christina);;Amber's friend = friend(amber);;Dana's enemy = enemy(dana);;Bryan's enemy = enemy(bryan);;Elizabeth's parent = parent(elizabeth);;Felicia's child = child(felicia)
3,L,SemanticApproach.INTENSIONAL,Representation.ENGLISH,0_L_ff5,English phrases can be translated into formulae. Use the following translations to answer the question.;;;;,";;;;Here is an example of how to get a formula for a phrase.;;What is the formula for ""Amber's parent's enemy""?;;;;Here are the steps to arrive at the answer:;;1. Amber's parent = parent(amber);;2. Amber's parent's enemy = enemy(parent(amber));;;;So the answer is enemy(parent(amber));;;;What is the formula for ""Felicia's friend's friend""? Please answer the question in the same format as the example. End with 'So the answer is [answer]'.",Felicia's friend's friend,friend(friend(felicia)),Amber;;Bryan;;Christina;;Dana;;Elizabeth;;Felicia,Christina's friend = friend(christina);;Amber's friend = friend(amber);;Dana's enemy = enemy(dana);;Bryan's enemy = enemy(bryan);;Elizabeth's parent = parent(elizabeth);;Felicia's child = child(felicia)
3,L,SemanticApproach.INTENSIONAL,Representation.ENGLISH,0_L_cf5,English phrases can be translated into formulae. Use the following translations to answer the question.;;;;,";;;;Here is an example of how to get a formula for a phrase.;;What is the formula for ""Amber's parent's enemy""?;;;;Here are the steps to arrive at the answer:;;1. Amber's parent = parent(amber);;2. Amber's parent's enemy = enemy(parent(amber));;;;So the answer is enemy(parent(amber));;;;What is the formula for ""Felicia's friend's child""? Please answer the question in the same format as the example. End with 'So the answer is [answer]'.",Felicia's friend's child,child(friend(felicia)),Amber;;Bryan;;Christina;;Dana;;Elizabeth;;Felicia,Christina's friend = friend(christina);;Amber's friend = friend(amber);;Dana's enemy = enemy(dana);;Bryan's enemy = enemy(bryan);;Elizabeth's parent = parent(elizabeth);;Felicia's child = child(felicia)
3,L,SemanticApproach.INTENSIONAL,Representation.ENGLISH,0_L_fe5,English phrases can be translated into formulae. Use the following translations to answer the question.;;;;,";;;;Here is an example of how to get a formula for a phrase.;;What is the formula for ""Amber's parent's enemy""?;;;;Here are the steps to arrive at the answer:;;1. Amber's parent = parent(amber);;2. Amber's parent's enemy = enemy(parent(amber));;;;So the answer is enemy(parent(amber));;;;What is the formula for ""Felicia's enemy's friend""? Please answer the question in the same format as the example. End with 'So the answer is [answer]'.",Felicia's enemy's friend,friend(enemy(felicia)),Amber;;Bryan;;Christina;;Dana;;Elizabeth;;Felicia,Christina's friend = friend(christina);;Amber's friend = friend(amber);;Dana's enemy = enemy(dana);;Bryan's enemy = enemy(bryan);;Elizabeth's parent = parent(elizabeth);;Felicia's child = child(felicia)
3,L,SemanticApproach.INTENSIONAL,Representation.ENGLISH,0_L_ee5,English phrases can be translated into formulae. Use the following translations to answer the question.;;;;,";;;;Here is an example of how to get a formula for a phrase.;;What is the formula for ""Amber's parent's enemy""?;;;;Here are the steps to arrive at the answer:;;1. Amber's parent = parent(amber);;2. Amber's parent's enemy = enemy(parent(amber));;;;So the answer is enemy(parent(amber));;;;What is the formula for ""Felicia's enemy's enemy""? Please answer the question in the same format as the example. End with 'So the answer is [answer]'.",Felicia's enemy's enemy,enemy(enemy(felicia)),Amber;;Bryan;;Christina;;Dana;;Elizabeth;;Felicia,Christina's friend = friend(christina);;Amber's friend = friend(amber);;Dana's enemy = enemy(dana);;Bryan's enemy = enemy(bryan);;Elizabeth's parent = parent(elizabeth);;Felicia's child = child(felicia)
3,L,SemanticApproach.INTENSIONAL,Representation.ENGLISH,0_L_pe5,English phrases can be translated into formulae. Use the following translations to answer the question.;;;;,";;;;Here is an example of how to get a formula for a phrase.;;What is the formula for ""Amber's parent's enemy""?;;;;Here are the steps to arrive at the answer:;;1. Amber's parent = parent(amber);;2. Amber's parent's enemy = enemy(parent(amber));;;;So the answer is enemy(parent(amber));;;;What is the formula for ""Felicia's enemy's parent""? Please answer the question in the same format as the example. End with 'So the answer is [answer]'.",Felicia's enemy's parent,parent(enemy(felicia)),Amber;;Bryan;;Christina;;Dana;;Elizabeth;;Felicia,Christina's friend = friend(christina);;Amber's friend = friend(amber);;Dana's enemy = enemy(dana);;Bryan's enemy = enemy(bryan);;Elizabeth's parent = parent(elizabeth);;Felicia's child = child(felicia)
3,L,SemanticApproach.INTENSIONAL,Representation.ENGLISH,0_L_fc5,English phrases can be translated into formulae. Use the following translations to answer the question.;;;;,";;;;Here is an example of how to get a formula for a phrase.;;What is the formula for ""Amber's parent's enemy""?;;;;Here are the steps to arrive at the answer:;;1. Amber's parent = parent(amber);;2. Amber's parent's enemy = enemy(parent(amber));;;;So the answer is enemy(parent(amber));;;;What is the formula for ""Felicia's child's friend""? Please answer the question in the same format as the example. End with 'So the answer is [answer]'.",Felicia's child's friend,friend(child(felicia)),Amber;;Bryan;;Christina;;Dana;;Elizabeth;;Felicia,Christina's friend = friend(christina);;Amber's friend = friend(amber);;Dana's enemy = enemy(dana);;Bryan's enemy = enemy(bryan);;Elizabeth's parent = parent(elizabeth);;Felicia's child = child(felicia)
3,L,SemanticApproach.INTENSIONAL,Representation.ENGLISH,0_L_ec5,English phrases can be translated into formulae. Use the following translations to answer the question.;;;;,";;;;Here is an example of how to get a formula for a phrase.;;What is the formula for ""Amber's parent's enemy""?;;;;Here are the steps to arrive at the answer:;;1. Amber's parent = parent(amber);;2. Amber's parent's enemy = enemy(parent(amber));;;;So the answer is enemy(parent(amber));;;;What is the formula for ""Felicia's child's enemy""? Please answer the question in the same format as the example. End with 'So the answer is [answer]'.",Felicia's child's enemy,enemy(child(felicia)),Amber;;Bryan;;Christina;;Dana;;Elizabeth;;Felicia,Christina's friend = friend(christina);;Amber's friend = friend(amber);;Dana's enemy = enemy(dana);;Bryan's enemy = enemy(bryan);;Elizabeth's parent = parent(elizabeth);;Felicia's child = child(felicia)
3,L,SemanticApproach.INTENSIONAL,Representation.ENGLISH,0_L_pc5,English phrases can be translated into formulae. Use the following translations to answer the question.;;;;,";;;;Here is an example of how to get a formula for a phrase.;;What is the formula for ""Amber's parent's enemy""?;;;;Here are the steps to arrive at the answer:;;1. Amber's parent = parent(amber);;2. Amber's parent's enemy = enemy(parent(amber));;;;So the answer is enemy(parent(amber));;;;What is the formula for ""Felicia's child's parent""? Please answer the question in the same format as the example. End with 'So the answer is [answer]'.",Felicia's child's parent,parent(child(felicia)),Amber;;Bryan;;Christina;;Dana;;Elizabeth;;Felicia,Christina's friend = friend(christina);;Amber's friend = friend(amber);;Dana's enemy = enemy(dana);;Bryan's enemy = enemy(bryan);;Elizabeth's parent = parent(elizabeth);;Felicia's child = child(felicia)
4,L,SemanticApproach.INTENSIONAL,Representation.ENGLISH,0_L_efe0,English phrases can be translated into formulae. Use the following translations to answer the question.;;;;,";;;;Here is an example of how to get a formula for a phrase.;;What is the formula for ""Amber's parent's enemy""?;;;;Here are the steps to arrive at the answer:;;1. Amber's parent = parent(amber);;2. Amber's parent's enemy = enemy(parent(amber));;;;So the answer is enemy(parent(amber));;;;What is the formula for ""Christina's enemy's friend's enemy""? Please answer the question in the same format as the example. End with 'So the answer is [answer]'.",Christina's enemy's friend's enemy,enemy(friend(enemy(christina))),Amber;;Bryan;;Christina;;Dana;;Elizabeth;;Felicia,Christina's friend = friend(christina);;Amber's friend = friend(amber);;Dana's enemy = enemy(dana);;Bryan's enemy = enemy(bryan);;Elizabeth's parent = parent(elizabeth);;Felicia's child = child(felicia)
4,L,SemanticApproach.INTENSIONAL,Representation.ENGLISH,0_L_cfe0,English phrases can be translated into formulae. Use the following translations to answer the question.;;;;,";;;;Here is an example of how to get a formula for a phrase.;;What is the formula for ""Amber's parent's enemy""?;;;;Here are the steps to arrive at the answer:;;1. Amber's parent = parent(amber);;2. Amber's parent's enemy = enemy(parent(amber));;;;So the answer is enemy(parent(amber));;;;What is the formula for ""Christina's enemy's friend's child""? Please answer the question in the same format as the example. End with 'So the answer is [answer]'.",Christina's enemy's friend's child,child(friend(enemy(christina))),Amber;;Bryan;;Christina;;Dana;;Elizabeth;;Felicia,Christina's friend = friend(christina);;Amber's friend = friend(amber);;Dana's enemy = enemy(dana);;Bryan's enemy = enemy(bryan);;Elizabeth's parent = parent(elizabeth);;Felicia's child = child(felicia)
4,L,SemanticApproach.INTENSIONAL,Representation.ENGLISH,0_L_pfc0,English phrases can be translated into formulae. Use the following translations to answer the question.;;;;,";;;;Here is an example of how to get a formula for a phrase.;;What is the formula for ""Amber's parent's enemy""?;;;;Here are the steps to arrive at the answer:;;1. Amber's parent = parent(amber);;2. Amber's parent's enemy = enemy(parent(amber));;;;So the answer is enemy(parent(amber));;;;What is the formula for ""Christina's child's friend's parent""? Please answer the question in the same format as the example. End with 'So the answer is [answer]'.",Christina's child's friend's parent,parent(friend(child(christina))),Amber;;Bryan;;Christina;;Dana;;Elizabeth;;Felicia,Christina's friend = friend(christina);;Amber's friend = friend(amber);;Dana's enemy = enemy(dana);;Bryan's enemy = enemy(bryan);;Elizabeth's parent = parent(elizabeth);;Felicia's child = child(felicia)
4,L,SemanticApproach.INTENSIONAL,Representation.ENGLISH,0_L_fec0,English phrases can be translated into formulae. Use the following translations to answer the question.;;;;,";;;;Here is an example of how to get a formula for a phrase.;;What is the formula for ""Amber's parent's enemy""?;;;;Here are the steps to arrive at the answer:;;1. Amber's parent = parent(amber);;2. Amber's parent's enemy = enemy(parent(amber));;;;So the answer is enemy(parent(amber));;;;What is the formula for ""Christina's child's enemy's friend""? Please answer the question in the same format as the example. End with 'So the answer is [answer]'.",Christina's child's enemy's friend,friend(enemy(child(christina))),Amber;;Bryan;;Christina;;Dana;;Elizabeth;;Felicia,Christina's friend = friend(christina);;Amber's friend = friend(amber);;Dana's enemy = enemy(dana);;Bryan's enemy = enemy(bryan);;Elizabeth's parent = parent(elizabeth);;Felicia's child = child(felicia)
4,L,SemanticApproach.INTENSIONAL,Representation.ENGLISH,0_L_eff1,English phrases can be translated into formulae. Use the following translations to answer the question.;;;;,";;;;Here is an example of how to get a formula for a phrase.;;What is the formula for ""Amber's parent's enemy""?;;;;Here are the steps to arrive at the answer:;;1. Amber's parent = parent(amber);;2. Amber's parent's enemy = enemy(parent(amber));;;;So the answer is enemy(parent(amber));;;;What is the formula for ""Amber's friend's friend's enemy""? Please answer the question in the same format as the example. End with 'So the answer is [answer]'.",Amber's friend's friend's enemy,enemy(friend(friend(amber))),Amber;;Bryan;;Christina;;Dana;;Elizabeth;;Felicia,Christina's friend = friend(christina);;Amber's friend = friend(amber);;Dana's enemy = enemy(dana);;Bryan's enemy = enemy(bryan);;Elizabeth's parent = parent(elizabeth);;Felicia's child = child(felicia)
4,L,SemanticApproach.INTENSIONAL,Representation.ENGLISH,0_L_cef1,English phrases can be translated into formulae. Use the following translations to answer the question.;;;;,";;;;Here is an example of how to get a formula for a phrase.;;What is the formula for ""Amber's parent's enemy""?;;;;Here are the steps to arrive at the answer:;;1. Amber's parent = parent(amber);;2. Amber's parent's enemy = enemy(parent(amber));;;;So the answer is enemy(parent(amber));;;;What is the formula for ""Amber's friend's enemy's child""? Please answer the question in the same format as the example. End with 'So the answer is [answer]'.",Amber's friend's enemy's child,child(enemy(friend(amber))),Amber;;Bryan;;Christina;;Dana;;Elizabeth;;Felicia,Christina's friend = friend(christina);;Amber's friend = friend(amber);;Dana's enemy = enemy(dana);;Bryan's enemy = enemy(bryan);;Elizabeth's parent = parent(elizabeth);;Felicia's child = child(felicia)
4,L,SemanticApproach.INTENSIONAL,Representation.ENGLISH,0_L_epe1,English phrases can be translated into formulae. Use the following translations to answer the question.;;;;,";;;;Here is an example of how to get a formula for a phrase.;;What is the formula for ""Amber's parent's enemy""?;;;;Here are the steps to arrive at the answer:;;1. Amber's parent = parent(amber);;2. Amber's parent's enemy = enemy(parent(amber));;;;So the answer is enemy(parent(amber));;;;What is the formula for ""Amber's enemy's parent's enemy""? Please answer the question in the same format as the example. End with 'So the answer is [answer]'.",Amber's enemy's parent's enemy,enemy(parent(enemy(amber))),Amber;;Bryan;;Christina;;Dana;;Elizabeth;;Felicia,Christina's friend = friend(christina);;Amber's friend = friend(amber);;Dana's enemy = enemy(dana);;Bryan's enemy = enemy(bryan);;Elizabeth's parent = parent(elizabeth);;Felicia's child = child(felicia)
4,L,SemanticApproach.INTENSIONAL,Representation.ENGLISH,0_L_epf2,English phrases can be translated into formulae. Use the following translations to answer the question.;;;;,";;;;Here is an example of how to get a formula for a phrase.;;What is the formula for ""Amber's parent's enemy""?;;;;Here are the steps to arrive at the answer:;;1. Amber's parent = parent(amber);;2. Amber's parent's enemy = enemy(parent(amber));;;;So the answer is enemy(parent(amber));;;;What is the formula for ""Dana's friend's parent's enemy""? Please answer the question in the same format as the example. End with 'So the answer is [answer]'.",Dana's friend's parent's enemy,enemy(parent(friend(dana))),Amber;;Bryan;;Christina;;Dana;;Elizabeth;;Felicia,Christina's friend = friend(christina);;Amber's friend = friend(amber);;Dana's enemy = enemy(dana);;Bryan's enemy = enemy(bryan);;Elizabeth's parent = parent(elizabeth);;Felicia's child = child(felicia)
4,L,SemanticApproach.INTENSIONAL,Representation.ENGLISH,0_L_cpf2,English phrases can be translated into formulae. Use the following translations to answer the question.;;;;,";;;;Here is an example of how to get a formula for a phrase.;;What is the formula for ""Amber's parent's enemy""?;;;;Here are the steps to arrive at the answer:;;1. Amber's parent = parent(amber);;2. Amber's parent's enemy = enemy(parent(amber));;;;So the answer is enemy(parent(amber));;;;What is the formula for ""Dana's friend's parent's child""? Please answer the question in the same format as the example. End with 'So the answer is [answer]'.",Dana's friend's parent's child,child(parent(friend(dana))),Amber;;Bryan;;Christina;;Dana;;Elizabeth;;Felicia,Christina's friend = friend(christina);;Amber's friend = friend(amber);;Dana's enemy = enemy(dana);;Bryan's enemy = enemy(bryan);;Elizabeth's parent = parent(elizabeth);;Felicia's child = child(felicia)
4,L,SemanticApproach.INTENSIONAL,Representation.ENGLISH,0_L_eee2,English phrases can be translated into formulae. Use the following translations to answer the question.;;;;,";;;;Here is an example of how to get a formula for a phrase.;;What is the formula for ""Amber's parent's enemy""?;;;;Here are the steps to arrive at the answer:;;1. Amber's parent = parent(amber);;2. Amber's parent's enemy = enemy(parent(amber));;;;So the answer is enemy(parent(amber));;;;What is the formula for ""Dana's enemy's enemy's enemy""? Please answer the question in the same format as the example. End with 'So the answer is [answer]'.",Dana's enemy's enemy's enemy,enemy(enemy(enemy(dana))),Amber;;Bryan;;Christina;;Dana;;Elizabeth;;Felicia,Christina's friend = friend(christina);;Amber's friend = friend(amber);;Dana's enemy = enemy(dana);;Bryan's enemy = enemy(bryan);;Elizabeth's parent = parent(elizabeth);;Felicia's child = child(felicia)
4,L,SemanticApproach.INTENSIONAL,Representation.ENGLISH,0_L_fce2,English phrases can be translated into formulae. Use the following translations to answer the question.;;;;,";;;;Here is an example of how to get a formula for a phrase.;;What is the formula for ""Amber's parent's enemy""?;;;;Here are the steps to arrive at the answer:;;1. Amber's parent = parent(amber);;2. Amber's parent's enemy = enemy(parent(amber));;;;So the answer is enemy(parent(amber));;;;What is the formula for ""Dana's enemy's child's friend""? Please answer the question in the same format as the example. End with 'So the answer is [answer]'.",Dana's enemy's child's friend,friend(child(enemy(dana))),Amber;;Bryan;;Christina;;Dana;;Elizabeth;;Felicia,Christina's friend = friend(christina);;Amber's friend = friend(amber);;Dana's enemy = enemy(dana);;Bryan's enemy = enemy(bryan);;Elizabeth's parent = parent(elizabeth);;Felicia's child = child(felicia)
4,L,SemanticApproach.INTENSIONAL,Representation.ENGLISH,0_L_pce2,English phrases can be translated into formulae. Use the following translations to answer the question.;;;;,";;;;Here is an example of how to get a formula for a phrase.;;What is the formula for ""Amber's parent's enemy""?;;;;Here are the steps to arrive at the answer:;;1. Amber's parent = parent(amber);;2. Amber's parent's enemy = enemy(parent(amber));;;;So the answer is enemy(parent(amber));;;;What is the formula for ""Dana's enemy's child's parent""? Please answer the question in the same format as the example. End with 'So the answer is [answer]'.",Dana's enemy's child's parent,parent(child(enemy(dana))),Amber;;Bryan;;Christina;;Dana;;Elizabeth;;Felicia,Christina's friend = friend(christina);;Amber's friend = friend(amber);;Dana's enemy = enemy(dana);;Bryan's enemy = enemy(bryan);;Elizabeth's parent = parent(elizabeth);;Felicia's child = child(felicia)
4,L,SemanticApproach.INTENSIONAL,Representation.ENGLISH,0_L_cfp2,English phrases can be translated into formulae. Use the following translations to answer the question.;;;;,";;;;Here is an example of how to get a formula for a phrase.;;What is the formula for ""Amber's parent's enemy""?;;;;Here are the steps to arrive at the answer:;;1. Amber's parent = parent(amber);;2. Amber's parent's enemy = enemy(parent(amber));;;;So the answer is enemy(parent(amber));;;;What is the formula for ""Dana's parent's friend's child""? Please answer the question in the same format as the example. End with 'So the answer is [answer]'.",Dana's parent's friend's child,child(friend(parent(dana))),Amber;;Bryan;;Christina;;Dana;;Elizabeth;;Felicia,Christina's friend = friend(christina);;Amber's friend = friend(amber);;Dana's enemy = enemy(dana);;Bryan's enemy = enemy(bryan);;Elizabeth's parent = parent(elizabeth);;Felicia's child = child(felicia)
4,L,SemanticApproach.INTENSIONAL,Representation.ENGLISH,0_L_pep2,English phrases can be translated into formulae. Use the following translations to answer the question.;;;;,";;;;Here is an example of how to get a formula for a phrase.;;What is the formula for ""Amber's parent's enemy""?;;;;Here are the steps to arrive at the answer:;;1. Amber's parent = parent(amber);;2. Amber's parent's enemy = enemy(parent(amber));;;;So the answer is enemy(parent(amber));;;;What is the formula for ""Dana's parent's enemy's parent""? Please answer the question in the same format as the example. End with 'So the answer is [answer]'.",Dana's parent's enemy's parent,parent(enemy(parent(dana))),Amber;;Bryan;;Christina;;Dana;;Elizabeth;;Felicia,Christina's friend = friend(christina);;Amber's friend = friend(amber);;Dana's enemy = enemy(dana);;Bryan's enemy = enemy(bryan);;Elizabeth's parent = parent(elizabeth);;Felicia's child = child(felicia)
4,L,SemanticApproach.INTENSIONAL,Representation.ENGLISH,0_L_pcp2,English phrases can be translated into formulae. Use the following translations to answer the question.;;;;,";;;;Here is an example of how to get a formula for a phrase.;;What is the formula for ""Amber's parent's enemy""?;;;;Here are the steps to arrive at the answer:;;1. Amber's parent = parent(amber);;2. Amber's parent's enemy = enemy(parent(amber));;;;So the answer is enemy(parent(amber));;;;What is the formula for ""Dana's parent's child's parent""? Please answer the question in the same format as the example. End with 'So the answer is [answer]'.",Dana's parent's child's parent,parent(child(parent(dana))),Amber;;Bryan;;Christina;;Dana;;Elizabeth;;Felicia,Christina's friend = friend(christina);;Amber's friend = friend(amber);;Dana's enemy = enemy(dana);;Bryan's enemy = enemy(bryan);;Elizabeth's parent = parent(elizabeth);;Felicia's child = child(felicia)
4,L,SemanticApproach.INTENSIONAL,Representation.ENGLISH,0_L_ecf3,English phrases can be translated into formulae. Use the following translations to answer the question.;;;;,";;;;Here is an example of how to get a formula for a phrase.;;What is the formula for ""Amber's parent's enemy""?;;;;Here are the steps to arrive at the answer:;;1. Amber's parent = parent(amber);;2. Amber's parent's enemy = enemy(parent(amber));;;;So the answer is enemy(parent(amber));;;;What is the formula for ""Bryan's friend's child's enemy""? Please answer the question in the same format as the example. End with 'So the answer is [answer]'.",Bryan's friend's child's enemy,enemy(child(friend(bryan))),Amber;;Bryan;;Christina;;Dana;;Elizabeth;;Felicia,Christina's friend = friend(christina);;Amber's friend = friend(amber);;Dana's enemy = enemy(dana);;Bryan's enemy = enemy(bryan);;Elizabeth's parent = parent(elizabeth);;Felicia's child = child(felicia)
4,L,SemanticApproach.INTENSIONAL,Representation.ENGLISH,0_L_pcf3,English phrases can be translated into formulae. Use the following translations to answer the question.;;;;,";;;;Here is an example of how to get a formula for a phrase.;;What is the formula for ""Amber's parent's enemy""?;;;;Here are the steps to arrive at the answer:;;1. Amber's parent = parent(amber);;2. Amber's parent's enemy = enemy(parent(amber));;;;So the answer is enemy(parent(amber));;;;What is the formula for ""Bryan's friend's child's parent""? Please answer the question in the same format as the example. End with 'So the answer is [answer]'.",Bryan's friend's child's parent,parent(child(friend(bryan))),Amber;;Bryan;;Christina;;Dana;;Elizabeth;;Felicia,Christina's friend = friend(christina);;Amber's friend = friend(amber);;Dana's enemy = enemy(dana);;Bryan's enemy = enemy(bryan);;Elizabeth's parent = parent(elizabeth);;Felicia's child = child(felicia)
4,L,SemanticApproach.INTENSIONAL,Representation.ENGLISH,0_L_ffc3,English phrases can be translated into formulae. Use the following translations to answer the question.;;;;,";;;;Here is an example of how to get a formula for a phrase.;;What is the formula for ""Amber's parent's enemy""?;;;;Here are the steps to arrive at the answer:;;1. Amber's parent = parent(amber);;2. Amber's parent's enemy = enemy(parent(amber));;;;So the answer is enemy(parent(amber));;;;What is the formula for ""Bryan's child's friend's friend""? Please answer the question in the same format as the example. End with 'So the answer is [answer]'.",Bryan's child's friend's friend,friend(friend(child(bryan))),Amber;;Bryan;;Christina;;Dana;;Elizabeth;;Felicia,Christina's friend = friend(christina);;Amber's friend = friend(amber);;Dana's enemy = enemy(dana);;Bryan's enemy = enemy(bryan);;Elizabeth's parent = parent(elizabeth);;Felicia's child = child(felicia)
4,L,SemanticApproach.INTENSIONAL,Representation.ENGLISH,0_L_eec3,English phrases can be translated into formulae. Use the following translations to answer the question.;;;;,";;;;Here is an example of how to get a formula for a phrase.;;What is the formula for ""Amber's parent's enemy""?;;;;Here are the steps to arrive at the answer:;;1. Amber's parent = parent(amber);;2. Amber's parent's enemy = enemy(parent(amber));;;;So the answer is enemy(parent(amber));;;;What is the formula for ""Bryan's child's enemy's enemy""? Please answer the question in the same format as the example. End with 'So the answer is [answer]'.",Bryan's child's enemy's enemy,enemy(enemy(child(bryan))),Amber;;Bryan;;Christina;;Dana;;Elizabeth;;Felicia,Christina's friend = friend(christina);;Amber's friend = friend(amber);;Dana's enemy = enemy(dana);;Bryan's enemy = enemy(bryan);;Elizabeth's parent = parent(elizabeth);;Felicia's child = child(felicia)
4,L,SemanticApproach.INTENSIONAL,Representation.ENGLISH,0_L_pec3,English phrases can be translated into formulae. Use the following translations to answer the question.;;;;,";;;;Here is an example of how to get a formula for a phrase.;;What is the formula for ""Amber's parent's enemy""?;;;;Here are the steps to arrive at the answer:;;1. Amber's parent = parent(amber);;2. Amber's parent's enemy = enemy(parent(amber));;;;So the answer is enemy(parent(amber));;;;What is the formula for ""Bryan's child's enemy's parent""? Please answer the question in the same format as the example. End with 'So the answer is [answer]'.",Bryan's child's enemy's parent,parent(enemy(child(bryan))),Amber;;Bryan;;Christina;;Dana;;Elizabeth;;Felicia,Christina's friend = friend(christina);;Amber's friend = friend(amber);;Dana's enemy = enemy(dana);;Bryan's enemy = enemy(bryan);;Elizabeth's parent = parent(elizabeth);;Felicia's child = child(felicia)
4,L,SemanticApproach.INTENSIONAL,Representation.ENGLISH,0_L_fef4,English phrases can be translated into formulae. Use the following translations to answer the question.;;;;,";;;;Here is an example of how to get a formula for a phrase.;;What is the formula for ""Amber's parent's enemy""?;;;;Here are the steps to arrive at the answer:;;1. Amber's parent = parent(amber);;2. Amber's parent's enemy = enemy(parent(amber));;;;So the answer is enemy(parent(amber));;;;What is the formula for ""Elizabeth's friend's enemy's friend""? Please answer the question in the same format as the example. End with 'So the answer is [answer]'.",Elizabeth's friend's enemy's friend,friend(enemy(friend(elizabeth))),Amber;;Bryan;;Christina;;Dana;;Elizabeth;;Felicia,Christina's friend = friend(christina);;Amber's friend = friend(amber);;Dana's enemy = enemy(dana);;Bryan's enemy = enemy(bryan);;Elizabeth's parent = parent(elizabeth);;Felicia's child = child(felicia)
4,L,SemanticApproach.INTENSIONAL,Representation.ENGLISH,0_L_eef4,English phrases can be translated into formulae. Use the following translations to answer the question.;;;;,";;;;Here is an example of how to get a formula for a phrase.;;What is the formula for ""Amber's parent's enemy""?;;;;Here are the steps to arrive at the answer:;;1. Amber's parent = parent(amber);;2. Amber's parent's enemy = enemy(parent(amber));;;;So the answer is enemy(parent(amber));;;;What is the formula for ""Elizabeth's friend's enemy's enemy""? Please answer the question in the same format as the example. End with 'So the answer is [answer]'.",Elizabeth's friend's enemy's enemy,enemy(enemy(friend(elizabeth))),Amber;;Bryan;;Christina;;Dana;;Elizabeth;;Felicia,Christina's friend = friend(christina);;Amber's friend = friend(amber);;Dana's enemy = enemy(dana);;Bryan's enemy = enemy(bryan);;Elizabeth's parent = parent(elizabeth);;Felicia's child = child(felicia)
4,L,SemanticApproach.INTENSIONAL,Representation.ENGLISH,0_L_cef4,English phrases can be translated into formulae. Use the following translations to answer the question.;;;;,";;;;Here is an example of how to get a formula for a phrase.;;What is the formula for ""Amber's parent's enemy""?;;;;Here are the steps to arrive at the answer:;;1. Amber's parent = parent(amber);;2. Amber's parent's enemy = enemy(parent(amber));;;;So the answer is enemy(parent(amber));;;;What is the formula for ""Elizabeth's friend's enemy's child""? Please answer the question in the same format as the example. End with 'So the answer is [answer]'.",Elizabeth's friend's enemy's child,child(enemy(friend(elizabeth))),Amber;;Bryan;;Christina;;Dana;;Elizabeth;;Felicia,Christina's friend = friend(christina);;Amber's friend = friend(amber);;Dana's enemy = enemy(dana);;Bryan's enemy = enemy(bryan);;Elizabeth's parent = parent(elizabeth);;Felicia's child = child(felicia)
4,L,SemanticApproach.INTENSIONAL,Representation.ENGLISH,0_L_cpf4,English phrases can be translated into formulae. Use the following translations to answer the question.;;;;,";;;;Here is an example of how to get a formula for a phrase.;;What is the formula for ""Amber's parent's enemy""?;;;;Here are the steps to arrive at the answer:;;1. Amber's parent = parent(amber);;2. Amber's parent's enemy = enemy(parent(amber));;;;So the answer is enemy(parent(amber));;;;What is the formula for ""Elizabeth's friend's parent's child""? Please answer the question in the same format as the example. End with 'So the answer is [answer]'.",Elizabeth's friend's parent's child,child(parent(friend(elizabeth))),Amber;;Bryan;;Christina;;Dana;;Elizabeth;;Felicia,Christina's friend = friend(christina);;Amber's friend = friend(amber);;Dana's enemy = enemy(dana);;Bryan's enemy = enemy(bryan);;Elizabeth's parent = parent(elizabeth);;Felicia's child = child(felicia)
4,L,SemanticApproach.INTENSIONAL,Representation.ENGLISH,0_L_ffe4,English phrases can be translated into formulae. Use the following translations to answer the question.;;;;,";;;;Here is an example of how to get a formula for a phrase.;;What is the formula for ""Amber's parent's enemy""?;;;;Here are the steps to arrive at the answer:;;1. Amber's parent = parent(amber);;2. Amber's parent's enemy = enemy(parent(amber));;;;So the answer is enemy(parent(amber));;;;What is the formula for ""Elizabeth's enemy's friend's friend""? Please answer the question in the same format as the example. End with 'So the answer is [answer]'.",Elizabeth's enemy's friend's friend,friend(friend(enemy(elizabeth))),Amber;;Bryan;;Christina;;Dana;;Elizabeth;;Felicia,Christina's friend = friend(christina);;Amber's friend = friend(amber);;Dana's enemy = enemy(dana);;Bryan's enemy = enemy(bryan);;Elizabeth's parent = parent(elizabeth);;Felicia's child = child(felicia)
4,L,SemanticApproach.INTENSIONAL,Representation.ENGLISH,0_L_ffp4,English phrases can be translated into formulae. Use the following translations to answer the question.;;;;,";;;;Here is an example of how to get a formula for a phrase.;;What is the formula for ""Amber's parent's enemy""?;;;;Here are the steps to arrive at the answer:;;1. Amber's parent = parent(amber);;2. Amber's parent's enemy = enemy(parent(amber));;;;So the answer is enemy(parent(amber));;;;What is the formula for ""Elizabeth's parent's friend's friend""? Please answer the question in the same format as the example. End with 'So the answer is [answer]'.",Elizabeth's parent's friend's friend,friend(friend(parent(elizabeth))),Amber;;Bryan;;Christina;;Dana;;Elizabeth;;Felicia,Christina's friend = friend(christina);;Amber's friend = friend(amber);;Dana's enemy = enemy(dana);;Bryan's enemy = enemy(bryan);;Elizabeth's parent = parent(elizabeth);;Felicia's child = child(felicia)
4,L,SemanticApproach.INTENSIONAL,Representation.ENGLISH,0_L_efp4,English phrases can be translated into formulae. Use the following translations to answer the question.;;;;,";;;;Here is an example of how to get a formula for a phrase.;;What is the formula for ""Amber's parent's enemy""?;;;;Here are the steps to arrive at the answer:;;1. Amber's parent = parent(amber);;2. Amber's parent's enemy = enemy(parent(amber));;;;So the answer is enemy(parent(amber));;;;What is the formula for ""Elizabeth's parent's friend's enemy""? Please answer the question in the same format as the example. End with 'So the answer is [answer]'.",Elizabeth's parent's friend's enemy,enemy(friend(parent(elizabeth))),Amber;;Bryan;;Christina;;Dana;;Elizabeth;;Felicia,Christina's friend = friend(christina);;Amber's friend = friend(amber);;Dana's enemy = enemy(dana);;Bryan's enemy = enemy(bryan);;Elizabeth's parent = parent(elizabeth);;Felicia's child = child(felicia)
4,L,SemanticApproach.INTENSIONAL,Representation.ENGLISH,0_L_ecp4,English phrases can be translated into formulae. Use the following translations to answer the question.;;;;,";;;;Here is an example of how to get a formula for a phrase.;;What is the formula for ""Amber's parent's enemy""?;;;;Here are the steps to arrive at the answer:;;1. Amber's parent = parent(amber);;2. Amber's parent's enemy = enemy(parent(amber));;;;So the answer is enemy(parent(amber));;;;What is the formula for ""Elizabeth's parent's child's enemy""? Please answer the question in the same format as the example. End with 'So the answer is [answer]'.",Elizabeth's parent's child's enemy,enemy(child(parent(elizabeth))),Amber;;Bryan;;Christina;;Dana;;Elizabeth;;Felicia,Christina's friend = friend(christina);;Amber's friend = friend(amber);;Dana's enemy = enemy(dana);;Bryan's enemy = enemy(bryan);;Elizabeth's parent = parent(elizabeth);;Felicia's child = child(felicia)
4,L,SemanticApproach.INTENSIONAL,Representation.ENGLISH,0_L_pcp4,English phrases can be translated into formulae. Use the following translations to answer the question.;;;;,";;;;Here is an example of how to get a formula for a phrase.;;What is the formula for ""Amber's parent's enemy""?;;;;Here are the steps to arrive at the answer:;;1. Amber's parent = parent(amber);;2. Amber's parent's enemy = enemy(parent(amber));;;;So the answer is enemy(parent(amber));;;;What is the formula for ""Elizabeth's parent's child's parent""? Please answer the question in the same format as the example. End with 'So the answer is [answer]'.",Elizabeth's parent's child's parent,parent(child(parent(elizabeth))),Amber;;Bryan;;Christina;;Dana;;Elizabeth;;Felicia,Christina's friend = friend(christina);;Amber's friend = friend(amber);;Dana's enemy = enemy(dana);;Bryan's enemy = enemy(bryan);;Elizabeth's parent = parent(elizabeth);;Felicia's child = child(felicia)
4,L,SemanticApproach.INTENSIONAL,Representation.ENGLISH,0_L_fff5,English phrases can be translated into formulae. Use the following translations to answer the question.;;;;,";;;;Here is an example of how to get a formula for a phrase.;;What is the formula for ""Amber's parent's enemy""?;;;;Here are the steps to arrive at the answer:;;1. Amber's parent = parent(amber);;2. Amber's parent's enemy = enemy(parent(amber));;;;So the answer is enemy(parent(amber));;;;What is the formula for ""Felicia's friend's friend's friend""? Please answer the question in the same format as the example. End with 'So the answer is [answer]'.",Felicia's friend's friend's friend,friend(friend(friend(felicia))),Amber;;Bryan;;Christina;;Dana;;Elizabeth;;Felicia,Christina's friend = friend(christina);;Amber's friend = friend(amber);;Dana's enemy = enemy(dana);;Bryan's enemy = enemy(bryan);;Elizabeth's parent = parent(elizabeth);;Felicia's child = child(felicia)
4,L,SemanticApproach.INTENSIONAL,Representation.ENGLISH,0_L_fcf5,English phrases can be translated into formulae. Use the following translations to answer the question.;;;;,";;;;Here is an example of how to get a formula for a phrase.;;What is the formula for ""Amber's parent's enemy""?;;;;Here are the steps to arrive at the answer:;;1. Amber's parent = parent(amber);;2. Amber's parent's enemy = enemy(parent(amber));;;;So the answer is enemy(parent(amber));;;;What is the formula for ""Felicia's friend's child's friend""? Please answer the question in the same format as the example. End with 'So the answer is [answer]'.",Felicia's friend's child's friend,friend(child(friend(felicia))),Amber;;Bryan;;Christina;;Dana;;Elizabeth;;Felicia,Christina's friend = friend(christina);;Amber's friend = friend(amber);;Dana's enemy = enemy(dana);;Bryan's enemy = enemy(bryan);;Elizabeth's parent = parent(elizabeth);;Felicia's child = child(felicia)
4,L,SemanticApproach.INTENSIONAL,Representation.ENGLISH,0_L_ecf5,English phrases can be translated into formulae. Use the following translations to answer the question.;;;;,";;;;Here is an example of how to get a formula for a phrase.;;What is the formula for ""Amber's parent's enemy""?;;;;Here are the steps to arrive at the answer:;;1. Amber's parent = parent(amber);;2. Amber's parent's enemy = enemy(parent(amber));;;;So the answer is enemy(parent(amber));;;;What is the formula for ""Felicia's friend's child's enemy""? Please answer the question in the same format as the example. End with 'So the answer is [answer]'.",Felicia's friend's child's enemy,enemy(child(friend(felicia))),Amber;;Bryan;;Christina;;Dana;;Elizabeth;;Felicia,Christina's friend = friend(christina);;Amber's friend = friend(amber);;Dana's enemy = enemy(dana);;Bryan's enemy = enemy(bryan);;Elizabeth's parent = parent(elizabeth);;Felicia's child = child(felicia)
4,L,SemanticApproach.INTENSIONAL,Representation.ENGLISH,0_L_efe5,English phrases can be translated into formulae. Use the following translations to answer the question.;;;;,";;;;Here is an example of how to get a formula for a phrase.;;What is the formula for ""Amber's parent's enemy""?;;;;Here are the steps to arrive at the answer:;;1. Amber's parent = parent(amber);;2. Amber's parent's enemy = enemy(parent(amber));;;;So the answer is enemy(parent(amber));;;;What is the formula for ""Felicia's enemy's friend's enemy""? Please answer the question in the same format as the example. End with 'So the answer is [answer]'.",Felicia's enemy's friend's enemy,enemy(friend(enemy(felicia))),Amber;;Bryan;;Christina;;Dana;;Elizabeth;;Felicia,Christina's friend = friend(christina);;Amber's friend = friend(amber);;Dana's enemy = enemy(dana);;Bryan's enemy = enemy(bryan);;Elizabeth's parent = parent(elizabeth);;Felicia's child = child(felicia)
4,L,SemanticApproach.INTENSIONAL,Representation.ENGLISH,0_L_fee5,English phrases can be translated into formulae. Use the following translations to answer the question.;;;;,";;;;Here is an example of how to get a formula for a phrase.;;What is the formula for ""Amber's parent's enemy""?;;;;Here are the steps to arrive at the answer:;;1. Amber's parent = parent(amber);;2. Amber's parent's enemy = enemy(parent(amber));;;;So the answer is enemy(parent(amber));;;;What is the formula for ""Felicia's enemy's enemy's friend""? Please answer the question in the same format as the example. End with 'So the answer is [answer]'.",Felicia's enemy's enemy's friend,friend(enemy(enemy(felicia))),Amber;;Bryan;;Christina;;Dana;;Elizabeth;;Felicia,Christina's friend = friend(christina);;Amber's friend = friend(amber);;Dana's enemy = enemy(dana);;Bryan's enemy = enemy(bryan);;Elizabeth's parent = parent(elizabeth);;Felicia's child = child(felicia)
4,L,SemanticApproach.INTENSIONAL,Representation.ENGLISH,0_L_eee5,English phrases can be translated into formulae. Use the following translations to answer the question.;;;;,";;;;Here is an example of how to get a formula for a phrase.;;What is the formula for ""Amber's parent's enemy""?;;;;Here are the steps to arrive at the answer:;;1. Amber's parent = parent(amber);;2. Amber's parent's enemy = enemy(parent(amber));;;;So the answer is enemy(parent(amber));;;;What is the formula for ""Felicia's enemy's enemy's enemy""? Please answer the question in the same format as the example. End with 'So the answer is [answer]'.",Felicia's enemy's enemy's enemy,enemy(enemy(enemy(felicia))),Amber;;Bryan;;Christina;;Dana;;Elizabeth;;Felicia,Christina's friend = friend(christina);;Amber's friend = friend(amber);;Dana's enemy = enemy(dana);;Bryan's enemy = enemy(bryan);;Elizabeth's parent = parent(elizabeth);;Felicia's child = child(felicia)
4,L,SemanticApproach.INTENSIONAL,Representation.ENGLISH,0_L_epe5,English phrases can be translated into formulae. Use the following translations to answer the question.;;;;,";;;;Here is an example of how to get a formula for a phrase.;;What is the formula for ""Amber's parent's enemy""?;;;;Here are the steps to arrive at the answer:;;1. Amber's parent = parent(amber);;2. Amber's parent's enemy = enemy(parent(amber));;;;So the answer is enemy(parent(amber));;;;What is the formula for ""Felicia's enemy's parent's enemy""? Please answer the question in the same format as the example. End with 'So the answer is [answer]'.",Felicia's enemy's parent's enemy,enemy(parent(enemy(felicia))),Amber;;Bryan;;Christina;;Dana;;Elizabeth;;Felicia,Christina's friend = friend(christina);;Amber's friend = friend(amber);;Dana's enemy = enemy(dana);;Bryan's enemy = enemy(bryan);;Elizabeth's parent = parent(elizabeth);;Felicia's child = child(felicia)
4,L,SemanticApproach.INTENSIONAL,Representation.ENGLISH,0_L_cpe5,English phrases can be translated into formulae. Use the following translations to answer the question.;;;;,";;;;Here is an example of how to get a formula for a phrase.;;What is the formula for ""Amber's parent's enemy""?;;;;Here are the steps to arrive at the answer:;;1. Amber's parent = parent(amber);;2. Amber's parent's enemy = enemy(parent(amber));;;;So the answer is enemy(parent(amber));;;;What is the formula for ""Felicia's enemy's parent's child""? Please answer the question in the same format as the example. End with 'So the answer is [answer]'.",Felicia's enemy's parent's child,child(parent(enemy(felicia))),Amber;;Bryan;;Christina;;Dana;;Elizabeth;;Felicia,Christina's friend = friend(christina);;Amber's friend = friend(amber);;Dana's enemy = enemy(dana);;Bryan's enemy = enemy(bryan);;Elizabeth's parent = parent(elizabeth);;Felicia's child = child(felicia)
4,L,SemanticApproach.INTENSIONAL,Representation.ENGLISH,0_L_ffc5,English phrases can be translated into formulae. Use the following translations to answer the question.;;;;,";;;;Here is an example of how to get a formula for a phrase.;;What is the formula for ""Amber's parent's enemy""?;;;;Here are the steps to arrive at the answer:;;1. Amber's parent = parent(amber);;2. Amber's parent's enemy = enemy(parent(amber));;;;So the answer is enemy(parent(amber));;;;What is the formula for ""Felicia's child's friend's friend""? Please answer the question in the same format as the example. End with 'So the answer is [answer]'.",Felicia's child's friend's friend,friend(friend(child(felicia))),Amber;;Bryan;;Christina;;Dana;;Elizabeth;;Felicia,Christina's friend = friend(christina);;Amber's friend = friend(amber);;Dana's enemy = enemy(dana);;Bryan's enemy = enemy(bryan);;Elizabeth's parent = parent(elizabeth);;Felicia's child = child(felicia)
4,L,SemanticApproach.INTENSIONAL,Representation.ENGLISH,0_L_fec5,English phrases can be translated into formulae. Use the following translations to answer the question.;;;;,";;;;Here is an example of how to get a formula for a phrase.;;What is the formula for ""Amber's parent's enemy""?;;;;Here are the steps to arrive at the answer:;;1. Amber's parent = parent(amber);;2. Amber's parent's enemy = enemy(parent(amber));;;;So the answer is enemy(parent(amber));;;;What is the formula for ""Felicia's child's enemy's friend""? Please answer the question in the same format as the example. End with 'So the answer is [answer]'.",Felicia's child's enemy's friend,friend(enemy(child(felicia))),Amber;;Bryan;;Christina;;Dana;;Elizabeth;;Felicia,Christina's friend = friend(christina);;Amber's friend = friend(amber);;Dana's enemy = enemy(dana);;Bryan's enemy = enemy(bryan);;Elizabeth's parent = parent(elizabeth);;Felicia's child = child(felicia)
4,L,SemanticApproach.INTENSIONAL,Representation.ENGLISH,0_L_cpc5,English phrases can be translated into formulae. Use the following translations to answer the question.;;;;,";;;;Here is an example of how to get a formula for a phrase.;;What is the formula for ""Amber's parent's enemy""?;;;;Here are the steps to arrive at the answer:;;1. Amber's parent = parent(amber);;2. Amber's parent's enemy = enemy(parent(amber));;;;So the answer is enemy(parent(amber));;;;What is the formula for ""Felicia's child's parent's child""? Please answer the question in the same format as the example. End with 'So the answer is [answer]'.",Felicia's child's parent's child,child(parent(child(felicia))),Amber;;Bryan;;Christina;;Dana;;Elizabeth;;Felicia,Christina's friend = friend(christina);;Amber's friend = friend(amber);;Dana's enemy = enemy(dana);;Bryan's enemy = enemy(bryan);;Elizabeth's parent = parent(elizabeth);;Felicia's child = child(felicia)
5,L,SemanticApproach.INTENSIONAL,Representation.ENGLISH,0_L_fcff0,English phrases can be translated into formulae. Use the following translations to answer the question.;;;;,";;;;Here is an example of how to get a formula for a phrase.;;What is the formula for ""Amber's parent's enemy""?;;;;Here are the steps to arrive at the answer:;;1. Amber's parent = parent(amber);;2. Amber's parent's enemy = enemy(parent(amber));;;;So the answer is enemy(parent(amber));;;;What is the formula for ""Christina's friend's friend's child's friend""? Please answer the question in the same format as the example. End with 'So the answer is [answer]'.",Christina's friend's friend's child's friend,friend(child(friend(friend(christina)))),Amber;;Bryan;;Christina;;Dana;;Elizabeth;;Felicia,Christina's friend = friend(christina);;Amber's friend = friend(amber);;Dana's enemy = enemy(dana);;Bryan's enemy = enemy(bryan);;Elizabeth's parent = parent(elizabeth);;Felicia's child = child(felicia)
5,L,SemanticApproach.INTENSIONAL,Representation.ENGLISH,0_L_pfef0,English phrases can be translated into formulae. Use the following translations to answer the question.;;;;,";;;;Here is an example of how to get a formula for a phrase.;;What is the formula for ""Amber's parent's enemy""?;;;;Here are the steps to arrive at the answer:;;1. Amber's parent = parent(amber);;2. Amber's parent's enemy = enemy(parent(amber));;;;So the answer is enemy(parent(amber));;;;What is the formula for ""Christina's friend's enemy's friend's parent""? Please answer the question in the same format as the example. End with 'So the answer is [answer]'.",Christina's friend's enemy's friend's parent,parent(friend(enemy(friend(christina)))),Amber;;Bryan;;Christina;;Dana;;Elizabeth;;Felicia,Christina's friend = friend(christina);;Amber's friend = friend(amber);;Dana's enemy = enemy(dana);;Bryan's enemy = enemy(bryan);;Elizabeth's parent = parent(elizabeth);;Felicia's child = child(felicia)
5,L,SemanticApproach.INTENSIONAL,Representation.ENGLISH,0_L_eeef0,English phrases can be translated into formulae. Use the following translations to answer the question.;;;;,";;;;Here is an example of how to get a formula for a phrase.;;What is the formula for ""Amber's parent's enemy""?;;;;Here are the steps to arrive at the answer:;;1. Amber's parent = parent(amber);;2. Amber's parent's enemy = enemy(parent(amber));;;;So the answer is enemy(parent(amber));;;;What is the formula for ""Christina's friend's enemy's enemy's enemy""? Please answer the question in the same format as the example. End with 'So the answer is [answer]'.",Christina's friend's enemy's enemy's enemy,enemy(enemy(enemy(friend(christina)))),Amber;;Bryan;;Christina;;Dana;;Elizabeth;;Felicia,Christina's friend = friend(christina);;Amber's friend = friend(amber);;Dana's enemy = enemy(dana);;Bryan's enemy = enemy(bryan);;Elizabeth's parent = parent(elizabeth);;Felicia's child = child(felicia)
5,L,SemanticApproach.INTENSIONAL,Representation.ENGLISH,0_L_cpef0,English phrases can be translated into formulae. Use the following translations to answer the question.;;;;,";;;;Here is an example of how to get a formula for a phrase.;;What is the formula for ""Amber's parent's enemy""?;;;;Here are the steps to arrive at the answer:;;1. Amber's parent = parent(amber);;2. Amber's parent's enemy = enemy(parent(amber));;;;So the answer is enemy(parent(amber));;;;What is the formula for ""Christina's friend's enemy's parent's child""? Please answer the question in the same format as the example. End with 'So the answer is [answer]'.",Christina's friend's enemy's parent's child,child(parent(enemy(friend(christina)))),Amber;;Bryan;;Christina;;Dana;;Elizabeth;;Felicia,Christina's friend = friend(christina);;Amber's friend = friend(amber);;Dana's enemy = enemy(dana);;Bryan's enemy = enemy(bryan);;Elizabeth's parent = parent(elizabeth);;Felicia's child = child(felicia)
5,L,SemanticApproach.INTENSIONAL,Representation.ENGLISH,0_L_eece0,English phrases can be translated into formulae. Use the following translations to answer the question.;;;;,";;;;Here is an example of how to get a formula for a phrase.;;What is the formula for ""Amber's parent's enemy""?;;;;Here are the steps to arrive at the answer:;;1. Amber's parent = parent(amber);;2. Amber's parent's enemy = enemy(parent(amber));;;;So the answer is enemy(parent(amber));;;;What is the formula for ""Christina's enemy's child's enemy's enemy""? Please answer the question in the same format as the example. End with 'So the answer is [answer]'.",Christina's enemy's child's enemy's enemy,enemy(enemy(child(enemy(christina)))),Amber;;Bryan;;Christina;;Dana;;Elizabeth;;Felicia,Christina's friend = friend(christina);;Amber's friend = friend(amber);;Dana's enemy = enemy(dana);;Bryan's enemy = enemy(bryan);;Elizabeth's parent = parent(elizabeth);;Felicia's child = child(felicia)
5,L,SemanticApproach.INTENSIONAL,Representation.ENGLISH,0_L_pece0,English phrases can be translated into formulae. Use the following translations to answer the question.;;;;,";;;;Here is an example of how to get a formula for a phrase.;;What is the formula for ""Amber's parent's enemy""?;;;;Here are the steps to arrive at the answer:;;1. Amber's parent = parent(amber);;2. Amber's parent's enemy = enemy(parent(amber));;;;So the answer is enemy(parent(amber));;;;What is the formula for ""Christina's enemy's child's enemy's parent""? Please answer the question in the same format as the example. End with 'So the answer is [answer]'.",Christina's enemy's child's enemy's parent,parent(enemy(child(enemy(christina)))),Amber;;Bryan;;Christina;;Dana;;Elizabeth;;Felicia,Christina's friend = friend(christina);;Amber's friend = friend(amber);;Dana's enemy = enemy(dana);;Bryan's enemy = enemy(bryan);;Elizabeth's parent = parent(elizabeth);;Felicia's child = child(felicia)
5,L,SemanticApproach.INTENSIONAL,Representation.ENGLISH,0_L_cfec0,English phrases can be translated into formulae. Use the following translations to answer the question.;;;;,";;;;Here is an example of how to get a formula for a phrase.;;What is the formula for ""Amber's parent's enemy""?;;;;Here are the steps to arrive at the answer:;;1. Amber's parent = parent(amber);;2. Amber's parent's enemy = enemy(parent(amber));;;;So the answer is enemy(parent(amber));;;;What is the formula for ""Christina's child's enemy's friend's child""? Please answer the question in the same format as the example. End with 'So the answer is [answer]'.",Christina's child's enemy's friend's child,child(friend(enemy(child(christina)))),Amber;;Bryan;;Christina;;Dana;;Elizabeth;;Felicia,Christina's friend = friend(christina);;Amber's friend = friend(amber);;Dana's enemy = enemy(dana);;Bryan's enemy = enemy(bryan);;Elizabeth's parent = parent(elizabeth);;Felicia's child = child(felicia)
5,L,SemanticApproach.INTENSIONAL,Representation.ENGLISH,0_L_efpc0,English phrases can be translated into formulae. Use the following translations to answer the question.;;;;,";;;;Here is an example of how to get a formula for a phrase.;;What is the formula for ""Amber's parent's enemy""?;;;;Here are the steps to arrive at the answer:;;1. Amber's parent = parent(amber);;2. Amber's parent's enemy = enemy(parent(amber));;;;So the answer is enemy(parent(amber));;;;What is the formula for ""Christina's child's parent's friend's enemy""? Please answer the question in the same format as the example. End with 'So the answer is [answer]'.",Christina's child's parent's friend's enemy,enemy(friend(parent(child(christina)))),Amber;;Bryan;;Christina;;Dana;;Elizabeth;;Felicia,Christina's friend = friend(christina);;Amber's friend = friend(amber);;Dana's enemy = enemy(dana);;Bryan's enemy = enemy(bryan);;Elizabeth's parent = parent(elizabeth);;Felicia's child = child(felicia)
5,L,SemanticApproach.INTENSIONAL,Representation.ENGLISH,0_L_fepc0,English phrases can be translated into formulae. Use the following translations to answer the question.;;;;,";;;;Here is an example of how to get a formula for a phrase.;;What is the formula for ""Amber's parent's enemy""?;;;;Here are the steps to arrive at the answer:;;1. Amber's parent = parent(amber);;2. Amber's parent's enemy = enemy(parent(amber));;;;So the answer is enemy(parent(amber));;;;What is the formula for ""Christina's child's parent's enemy's friend""? Please answer the question in the same format as the example. End with 'So the answer is [answer]'.",Christina's child's parent's enemy's friend,friend(enemy(parent(child(christina)))),Amber;;Bryan;;Christina;;Dana;;Elizabeth;;Felicia,Christina's friend = friend(christina);;Amber's friend = friend(amber);;Dana's enemy = enemy(dana);;Bryan's enemy = enemy(bryan);;Elizabeth's parent = parent(elizabeth);;Felicia's child = child(felicia)
5,L,SemanticApproach.INTENSIONAL,Representation.ENGLISH,0_L_fcpc0,English phrases can be translated into formulae. Use the following translations to answer the question.;;;;,";;;;Here is an example of how to get a formula for a phrase.;;What is the formula for ""Amber's parent's enemy""?;;;;Here are the steps to arrive at the answer:;;1. Amber's parent = parent(amber);;2. Amber's parent's enemy = enemy(parent(amber));;;;So the answer is enemy(parent(amber));;;;What is the formula for ""Christina's child's parent's child's friend""? Please answer the question in the same format as the example. End with 'So the answer is [answer]'.",Christina's child's parent's child's friend,friend(child(parent(child(christina)))),Amber;;Bryan;;Christina;;Dana;;Elizabeth;;Felicia,Christina's friend = friend(christina);;Amber's friend = friend(amber);;Dana's enemy = enemy(dana);;Bryan's enemy = enemy(bryan);;Elizabeth's parent = parent(elizabeth);;Felicia's child = child(felicia)
5,L,SemanticApproach.INTENSIONAL,Representation.ENGLISH,0_L_ffff1,English phrases can be translated into formulae. Use the following translations to answer the question.;;;;,";;;;Here is an example of how to get a formula for a phrase.;;What is the formula for ""Amber's parent's enemy""?;;;;Here are the steps to arrive at the answer:;;1. Amber's parent = parent(amber);;2. Amber's parent's enemy = enemy(parent(amber));;;;So the answer is enemy(parent(amber));;;;What is the formula for ""Amber's friend's friend's friend's friend""? Please answer the question in the same format as the example. End with 'So the answer is [answer]'.",Amber's friend's friend's friend's friend,friend(friend(friend(friend(amber)))),Amber;;Bryan;;Christina;;Dana;;Elizabeth;;Felicia,Christina's friend = friend(christina);;Amber's friend = friend(amber);;Dana's enemy = enemy(dana);;Bryan's enemy = enemy(bryan);;Elizabeth's parent = parent(elizabeth);;Felicia's child = child(felicia)
5,L,SemanticApproach.INTENSIONAL,Representation.ENGLISH,0_L_fpcf1,English phrases can be translated into formulae. Use the following translations to answer the question.;;;;,";;;;Here is an example of how to get a formula for a phrase.;;What is the formula for ""Amber's parent's enemy""?;;;;Here are the steps to arrive at the answer:;;1. Amber's parent = parent(amber);;2. Amber's parent's enemy = enemy(parent(amber));;;;So the answer is enemy(parent(amber));;;;What is the formula for ""Amber's friend's child's parent's friend""? Please answer the question in the same format as the example. End with 'So the answer is [answer]'.",Amber's friend's child's parent's friend,friend(parent(child(friend(amber)))),Amber;;Bryan;;Christina;;Dana;;Elizabeth;;Felicia,Christina's friend = friend(christina);;Amber's friend = friend(amber);;Dana's enemy = enemy(dana);;Bryan's enemy = enemy(bryan);;Elizabeth's parent = parent(elizabeth);;Felicia's child = child(felicia)
5,L,SemanticApproach.INTENSIONAL,Representation.ENGLISH,0_L_pffe1,English phrases can be translated into formulae. Use the following translations to answer the question.;;;;,";;;;Here is an example of how to get a formula for a phrase.;;What is the formula for ""Amber's parent's enemy""?;;;;Here are the steps to arrive at the answer:;;1. Amber's parent = parent(amber);;2. Amber's parent's enemy = enemy(parent(amber));;;;So the answer is enemy(parent(amber));;;;What is the formula for ""Amber's enemy's friend's friend's parent""? Please answer the question in the same format as the example. End with 'So the answer is [answer]'.",Amber's enemy's friend's friend's parent,parent(friend(friend(enemy(amber)))),Amber;;Bryan;;Christina;;Dana;;Elizabeth;;Felicia,Christina's friend = friend(christina);;Amber's friend = friend(amber);;Dana's enemy = enemy(dana);;Bryan's enemy = enemy(bryan);;Elizabeth's parent = parent(elizabeth);;Felicia's child = child(felicia)
5,L,SemanticApproach.INTENSIONAL,Representation.ENGLISH,0_L_cfee1,English phrases can be translated into formulae. Use the following translations to answer the question.;;;;,";;;;Here is an example of how to get a formula for a phrase.;;What is the formula for ""Amber's parent's enemy""?;;;;Here are the steps to arrive at the answer:;;1. Amber's parent = parent(amber);;2. Amber's parent's enemy = enemy(parent(amber));;;;So the answer is enemy(parent(amber));;;;What is the formula for ""Amber's enemy's enemy's friend's child""? Please answer the question in the same format as the example. End with 'So the answer is [answer]'.",Amber's enemy's enemy's friend's child,child(friend(enemy(enemy(amber)))),Amber;;Bryan;;Christina;;Dana;;Elizabeth;;Felicia,Christina's friend = friend(christina);;Amber's friend = friend(amber);;Dana's enemy = enemy(dana);;Bryan's enemy = enemy(bryan);;Elizabeth's parent = parent(elizabeth);;Felicia's child = child(felicia)
5,L,SemanticApproach.INTENSIONAL,Representation.ENGLISH,0_L_peee1,English phrases can be translated into formulae. Use the following translations to answer the question.;;;;,";;;;Here is an example of how to get a formula for a phrase.;;What is the formula for ""Amber's parent's enemy""?;;;;Here are the steps to arrive at the answer:;;1. Amber's parent = parent(amber);;2. Amber's parent's enemy = enemy(parent(amber));;;;So the answer is enemy(parent(amber));;;;What is the formula for ""Amber's enemy's enemy's enemy's parent""? Please answer the question in the same format as the example. End with 'So the answer is [answer]'.",Amber's enemy's enemy's enemy's parent,parent(enemy(enemy(enemy(amber)))),Amber;;Bryan;;Christina;;Dana;;Elizabeth;;Felicia,Christina's friend = friend(christina);;Amber's friend = friend(amber);;Dana's enemy = enemy(dana);;Bryan's enemy = enemy(bryan);;Elizabeth's parent = parent(elizabeth);;Felicia's child = child(felicia)
5,L,SemanticApproach.INTENSIONAL,Representation.ENGLISH,0_L_ffpe1,English phrases can be translated into formulae. Use the following translations to answer the question.;;;;,";;;;Here is an example of how to get a formula for a phrase.;;What is the formula for ""Amber's parent's enemy""?;;;;Here are the steps to arrive at the answer:;;1. Amber's parent = parent(amber);;2. Amber's parent's enemy = enemy(parent(amber));;;;So the answer is enemy(parent(amber));;;;What is the formula for ""Amber's enemy's parent's friend's friend""? Please answer the question in the same format as the example. End with 'So the answer is [answer]'.",Amber's enemy's parent's friend's friend,friend(friend(parent(enemy(amber)))),Amber;;Bryan;;Christina;;Dana;;Elizabeth;;Felicia,Christina's friend = friend(christina);;Amber's friend = friend(amber);;Dana's enemy = enemy(dana);;Bryan's enemy = enemy(bryan);;Elizabeth's parent = parent(elizabeth);;Felicia's child = child(felicia)
5,L,SemanticApproach.INTENSIONAL,Representation.ENGLISH,0_L_ceff2,English phrases can be translated into formulae. Use the following translations to answer the question.;;;;,";;;;Here is an example of how to get a formula for a phrase.;;What is the formula for ""Amber's parent's enemy""?;;;;Here are the steps to arrive at the answer:;;1. Amber's parent = parent(amber);;2. Amber's parent's enemy = enemy(parent(amber));;;;So the answer is enemy(parent(amber));;;;What is the formula for ""Dana's friend's friend's enemy's child""? Please answer the question in the same format as the example. End with 'So the answer is [answer]'.",Dana's friend's friend's enemy's child,child(enemy(friend(friend(dana)))),Amber;;Bryan;;Christina;;Dana;;Elizabeth;;Felicia,Christina's friend = friend(christina);;Amber's friend = friend(amber);;Dana's enemy = enemy(dana);;Bryan's enemy = enemy(bryan);;Elizabeth's parent = parent(elizabeth);;Felicia's child = child(felicia)
5,L,SemanticApproach.INTENSIONAL,Representation.ENGLISH,0_L_ffef2,English phrases can be translated into formulae. Use the following translations to answer the question.;;;;,";;;;Here is an example of how to get a formula for a phrase.;;What is the formula for ""Amber's parent's enemy""?;;;;Here are the steps to arrive at the answer:;;1. Amber's parent = parent(amber);;2. Amber's parent's enemy = enemy(parent(amber));;;;So the answer is enemy(parent(amber));;;;What is the formula for ""Dana's friend's enemy's friend's friend""? Please answer the question in the same format as the example. End with 'So the answer is [answer]'.",Dana's friend's enemy's friend's friend,friend(friend(enemy(friend(dana)))),Amber;;Bryan;;Christina;;Dana;;Elizabeth;;Felicia,Christina's friend = friend(christina);;Amber's friend = friend(amber);;Dana's enemy = enemy(dana);;Bryan's enemy = enemy(bryan);;Elizabeth's parent = parent(elizabeth);;Felicia's child = child(felicia)
5,L,SemanticApproach.INTENSIONAL,Representation.ENGLISH,0_L_fcfe2,English phrases can be translated into formulae. Use the following translations to answer the question.;;;;,";;;;Here is an example of how to get a formula for a phrase.;;What is the formula for ""Amber's parent's enemy""?;;;;Here are the steps to arrive at the answer:;;1. Amber's parent = parent(amber);;2. Amber's parent's enemy = enemy(parent(amber));;;;So the answer is enemy(parent(amber));;;;What is the formula for ""Dana's enemy's friend's child's friend""? Please answer the question in the same format as the example. End with 'So the answer is [answer]'.",Dana's enemy's friend's child's friend,friend(child(friend(enemy(dana)))),Amber;;Bryan;;Christina;;Dana;;Elizabeth;;Felicia,Christina's friend = friend(christina);;Amber's friend = friend(amber);;Dana's enemy = enemy(dana);;Bryan's enemy = enemy(bryan);;Elizabeth's parent = parent(elizabeth);;Felicia's child = child(felicia)
5,L,SemanticApproach.INTENSIONAL,Representation.ENGLISH,0_L_pfef3,English phrases can be translated into formulae. Use the following translations to answer the question.;;;;,";;;;Here is an example of how to get a formula for a phrase.;;What is the formula for ""Amber's parent's enemy""?;;;;Here are the steps to arrive at the answer:;;1. Amber's parent = parent(amber);;2. Amber's parent's enemy = enemy(parent(amber));;;;So the answer is enemy(parent(amber));;;;What is the formula for ""Bryan's friend's enemy's friend's parent""? Please answer the question in the same format as the example. End with 'So the answer is [answer]'.",Bryan's friend's enemy's friend's parent,parent(friend(enemy(friend(bryan)))),Amber;;Bryan;;Christina;;Dana;;Elizabeth;;Felicia,Christina's friend = friend(christina);;Amber's friend = friend(amber);;Dana's enemy = enemy(dana);;Bryan's enemy = enemy(bryan);;Elizabeth's parent = parent(elizabeth);;Felicia's child = child(felicia)
5,L,SemanticApproach.INTENSIONAL,Representation.ENGLISH,0_L_feef3,English phrases can be translated into formulae. Use the following translations to answer the question.;;;;,";;;;Here is an example of how to get a formula for a phrase.;;What is the formula for ""Amber's parent's enemy""?;;;;Here are the steps to arrive at the answer:;;1. Amber's parent = parent(amber);;2. Amber's parent's enemy = enemy(parent(amber));;;;So the answer is enemy(parent(amber));;;;What is the formula for ""Bryan's friend's enemy's enemy's friend""? Please answer the question in the same format as the example. End with 'So the answer is [answer]'.",Bryan's friend's enemy's enemy's friend,friend(enemy(enemy(friend(bryan)))),Amber;;Bryan;;Christina;;Dana;;Elizabeth;;Felicia,Christina's friend = friend(christina);;Amber's friend = friend(amber);;Dana's enemy = enemy(dana);;Bryan's enemy = enemy(bryan);;Elizabeth's parent = parent(elizabeth);;Felicia's child = child(felicia)
5,L,SemanticApproach.INTENSIONAL,Representation.ENGLISH,0_L_ceef3,English phrases can be translated into formulae. Use the following translations to answer the question.;;;;,";;;;Here is an example of how to get a formula for a phrase.;;What is the formula for ""Amber's parent's enemy""?;;;;Here are the steps to arrive at the answer:;;1. Amber's parent = parent(amber);;2. Amber's parent's enemy = enemy(parent(amber));;;;So the answer is enemy(parent(amber));;;;What is the formula for ""Bryan's friend's enemy's enemy's child""? Please answer the question in the same format as the example. End with 'So the answer is [answer]'.",Bryan's friend's enemy's enemy's child,child(enemy(enemy(friend(bryan)))),Amber;;Bryan;;Christina;;Dana;;Elizabeth;;Felicia,Christina's friend = friend(christina);;Amber's friend = friend(amber);;Dana's enemy = enemy(dana);;Bryan's enemy = enemy(bryan);;Elizabeth's parent = parent(elizabeth);;Felicia's child = child(felicia)
5,L,SemanticApproach.INTENSIONAL,Representation.ENGLISH,0_L_ecfc3,English phrases can be translated into formulae. Use the following translations to answer the question.;;;;,";;;;Here is an example of how to get a formula for a phrase.;;What is the formula for ""Amber's parent's enemy""?;;;;Here are the steps to arrive at the answer:;;1. Amber's parent = parent(amber);;2. Amber's parent's enemy = enemy(parent(amber));;;;So the answer is enemy(parent(amber));;;;What is the formula for ""Bryan's child's friend's child's enemy""? Please answer the question in the same format as the example. End with 'So the answer is [answer]'.",Bryan's child's friend's child's enemy,enemy(child(friend(child(bryan)))),Amber;;Bryan;;Christina;;Dana;;Elizabeth;;Felicia,Christina's friend = friend(christina);;Amber's friend = friend(amber);;Dana's enemy = enemy(dana);;Bryan's enemy = enemy(bryan);;Elizabeth's parent = parent(elizabeth);;Felicia's child = child(felicia)
5,L,SemanticApproach.INTENSIONAL,Representation.ENGLISH,0_L_eeff4,English phrases can be translated into formulae. Use the following translations to answer the question.;;;;,";;;;Here is an example of how to get a formula for a phrase.;;What is the formula for ""Amber's parent's enemy""?;;;;Here are the steps to arrive at the answer:;;1. Amber's parent = parent(amber);;2. Amber's parent's enemy = enemy(parent(amber));;;;So the answer is enemy(parent(amber));;;;What is the formula for ""Elizabeth's friend's friend's enemy's enemy""? Please answer the question in the same format as the example. End with 'So the answer is [answer]'.",Elizabeth's friend's friend's enemy's enemy,enemy(enemy(friend(friend(elizabeth)))),Amber;;Bryan;;Christina;;Dana;;Elizabeth;;Felicia,Christina's friend = friend(christina);;Amber's friend = friend(amber);;Dana's enemy = enemy(dana);;Bryan's enemy = enemy(bryan);;Elizabeth's parent = parent(elizabeth);;Felicia's child = child(felicia)
5,L,SemanticApproach.INTENSIONAL,Representation.ENGLISH,0_L_cpff4,English phrases can be translated into formulae. Use the following translations to answer the question.;;;;,";;;;Here is an example of how to get a formula for a phrase.;;What is the formula for ""Amber's parent's enemy""?;;;;Here are the steps to arrive at the answer:;;1. Amber's parent = parent(amber);;2. Amber's parent's enemy = enemy(parent(amber));;;;So the answer is enemy(parent(amber));;;;What is the formula for ""Elizabeth's friend's friend's parent's child""? Please answer the question in the same format as the example. End with 'So the answer is [answer]'.",Elizabeth's friend's friend's parent's child,child(parent(friend(friend(elizabeth)))),Amber;;Bryan;;Christina;;Dana;;Elizabeth;;Felicia,Christina's friend = friend(christina);;Amber's friend = friend(amber);;Dana's enemy = enemy(dana);;Bryan's enemy = enemy(bryan);;Elizabeth's parent = parent(elizabeth);;Felicia's child = child(felicia)
5,L,SemanticApproach.INTENSIONAL,Representation.ENGLISH,0_L_ffef4,English phrases can be translated into formulae. Use the following translations to answer the question.;;;;,";;;;Here is an example of how to get a formula for a phrase.;;What is the formula for ""Amber's parent's enemy""?;;;;Here are the steps to arrive at the answer:;;1. Amber's parent = parent(amber);;2. Amber's parent's enemy = enemy(parent(amber));;;;So the answer is enemy(parent(amber));;;;What is the formula for ""Elizabeth's friend's enemy's friend's friend""? Please answer the question in the same format as the example. End with 'So the answer is [answer]'.",Elizabeth's friend's enemy's friend's friend,friend(friend(enemy(friend(elizabeth)))),Amber;;Bryan;;Christina;;Dana;;Elizabeth;;Felicia,Christina's friend = friend(christina);;Amber's friend = friend(amber);;Dana's enemy = enemy(dana);;Bryan's enemy = enemy(bryan);;Elizabeth's parent = parent(elizabeth);;Felicia's child = child(felicia)
5,L,SemanticApproach.INTENSIONAL,Representation.ENGLISH,0_L_eeef4,English phrases can be translated into formulae. Use the following translations to answer the question.;;;;,";;;;Here is an example of how to get a formula for a phrase.;;What is the formula for ""Amber's parent's enemy""?;;;;Here are the steps to arrive at the answer:;;1. Amber's parent = parent(amber);;2. Amber's parent's enemy = enemy(parent(amber));;;;So the answer is enemy(parent(amber));;;;What is the formula for ""Elizabeth's friend's enemy's enemy's enemy""? Please answer the question in the same format as the example. End with 'So the answer is [answer]'.",Elizabeth's friend's enemy's enemy's enemy,enemy(enemy(enemy(friend(elizabeth)))),Amber;;Bryan;;Christina;;Dana;;Elizabeth;;Felicia,Christina's friend = friend(christina);;Amber's friend = friend(amber);;Dana's enemy = enemy(dana);;Bryan's enemy = enemy(bryan);;Elizabeth's parent = parent(elizabeth);;Felicia's child = child(felicia)
5,L,SemanticApproach.INTENSIONAL,Representation.ENGLISH,0_L_peef4,English phrases can be translated into formulae. Use the following translations to answer the question.;;;;,";;;;Here is an example of how to get a formula for a phrase.;;What is the formula for ""Amber's parent's enemy""?;;;;Here are the steps to arrive at the answer:;;1. Amber's parent = parent(amber);;2. Amber's parent's enemy = enemy(parent(amber));;;;So the answer is enemy(parent(amber));;;;What is the formula for ""Elizabeth's friend's enemy's enemy's parent""? Please answer the question in the same format as the example. End with 'So the answer is [answer]'.",Elizabeth's friend's enemy's enemy's parent,parent(enemy(enemy(friend(elizabeth)))),Amber;;Bryan;;Christina;;Dana;;Elizabeth;;Felicia,Christina's friend = friend(christina);;Amber's friend = friend(amber);;Dana's enemy = enemy(dana);;Bryan's enemy = enemy(bryan);;Elizabeth's parent = parent(elizabeth);;Felicia's child = child(felicia)
5,L,SemanticApproach.INTENSIONAL,Representation.ENGLISH,0_L_cffp4,English phrases can be translated into formulae. Use the following translations to answer the question.;;;;,";;;;Here is an example of how to get a formula for a phrase.;;What is the formula for ""Amber's parent's enemy""?;;;;Here are the steps to arrive at the answer:;;1. Amber's parent = parent(amber);;2. Amber's parent's enemy = enemy(parent(amber));;;;So the answer is enemy(parent(amber));;;;What is the formula for ""Elizabeth's parent's friend's friend's child""? Please answer the question in the same format as the example. End with 'So the answer is [answer]'.",Elizabeth's parent's friend's friend's child,child(friend(friend(parent(elizabeth)))),Amber;;Bryan;;Christina;;Dana;;Elizabeth;;Felicia,Christina's friend = friend(christina);;Amber's friend = friend(amber);;Dana's enemy = enemy(dana);;Bryan's enemy = enemy(bryan);;Elizabeth's parent = parent(elizabeth);;Felicia's child = child(felicia)
5,L,SemanticApproach.INTENSIONAL,Representation.ENGLISH,0_L_efep4,English phrases can be translated into formulae. Use the following translations to answer the question.;;;;,";;;;Here is an example of how to get a formula for a phrase.;;What is the formula for ""Amber's parent's enemy""?;;;;Here are the steps to arrive at the answer:;;1. Amber's parent = parent(amber);;2. Amber's parent's enemy = enemy(parent(amber));;;;So the answer is enemy(parent(amber));;;;What is the formula for ""Elizabeth's parent's enemy's friend's enemy""? Please answer the question in the same format as the example. End with 'So the answer is [answer]'.",Elizabeth's parent's enemy's friend's enemy,enemy(friend(enemy(parent(elizabeth)))),Amber;;Bryan;;Christina;;Dana;;Elizabeth;;Felicia,Christina's friend = friend(christina);;Amber's friend = friend(amber);;Dana's enemy = enemy(dana);;Bryan's enemy = enemy(bryan);;Elizabeth's parent = parent(elizabeth);;Felicia's child = child(felicia)
5,L,SemanticApproach.INTENSIONAL,Representation.ENGLISH,0_L_ffcp4,English phrases can be translated into formulae. Use the following translations to answer the question.;;;;,";;;;Here is an example of how to get a formula for a phrase.;;What is the formula for ""Amber's parent's enemy""?;;;;Here are the steps to arrive at the answer:;;1. Amber's parent = parent(amber);;2. Amber's parent's enemy = enemy(parent(amber));;;;So the answer is enemy(parent(amber));;;;What is the formula for ""Elizabeth's parent's child's friend's friend""? Please answer the question in the same format as the example. End with 'So the answer is [answer]'.",Elizabeth's parent's child's friend's friend,friend(friend(child(parent(elizabeth)))),Amber;;Bryan;;Christina;;Dana;;Elizabeth;;Felicia,Christina's friend = friend(christina);;Amber's friend = friend(amber);;Dana's enemy = enemy(dana);;Bryan's enemy = enemy(bryan);;Elizabeth's parent = parent(elizabeth);;Felicia's child = child(felicia)
5,L,SemanticApproach.INTENSIONAL,Representation.ENGLISH,0_L_efcp4,English phrases can be translated into formulae. Use the following translations to answer the question.;;;;,";;;;Here is an example of how to get a formula for a phrase.;;What is the formula for ""Amber's parent's enemy""?;;;;Here are the steps to arrive at the answer:;;1. Amber's parent = parent(amber);;2. Amber's parent's enemy = enemy(parent(amber));;;;So the answer is enemy(parent(amber));;;;What is the formula for ""Elizabeth's parent's child's friend's enemy""? Please answer the question in the same format as the example. End with 'So the answer is [answer]'.",Elizabeth's parent's child's friend's enemy,enemy(friend(child(parent(elizabeth)))),Amber;;Bryan;;Christina;;Dana;;Elizabeth;;Felicia,Christina's friend = friend(christina);;Amber's friend = friend(amber);;Dana's enemy = enemy(dana);;Bryan's enemy = enemy(bryan);;Elizabeth's parent = parent(elizabeth);;Felicia's child = child(felicia)
5,L,SemanticApproach.INTENSIONAL,Representation.ENGLISH,0_L_fpcp4,English phrases can be translated into formulae. Use the following translations to answer the question.;;;;,";;;;Here is an example of how to get a formula for a phrase.;;What is the formula for ""Amber's parent's enemy""?;;;;Here are the steps to arrive at the answer:;;1. Amber's parent = parent(amber);;2. Amber's parent's enemy = enemy(parent(amber));;;;So the answer is enemy(parent(amber));;;;What is the formula for ""Elizabeth's parent's child's parent's friend""? Please answer the question in the same format as the example. End with 'So the answer is [answer]'.",Elizabeth's parent's child's parent's friend,friend(parent(child(parent(elizabeth)))),Amber;;Bryan;;Christina;;Dana;;Elizabeth;;Felicia,Christina's friend = friend(christina);;Amber's friend = friend(amber);;Dana's enemy = enemy(dana);;Bryan's enemy = enemy(bryan);;Elizabeth's parent = parent(elizabeth);;Felicia's child = child(felicia)
5,L,SemanticApproach.INTENSIONAL,Representation.ENGLISH,0_L_peff5,English phrases can be translated into formulae. Use the following translations to answer the question.;;;;,";;;;Here is an example of how to get a formula for a phrase.;;What is the formula for ""Amber's parent's enemy""?;;;;Here are the steps to arrive at the answer:;;1. Amber's parent = parent(amber);;2. Amber's parent's enemy = enemy(parent(amber));;;;So the answer is enemy(parent(amber));;;;What is the formula for ""Felicia's friend's friend's enemy's parent""? Please answer the question in the same format as the example. End with 'So the answer is [answer]'.",Felicia's friend's friend's enemy's parent,parent(enemy(friend(friend(felicia)))),Amber;;Bryan;;Christina;;Dana;;Elizabeth;;Felicia,Christina's friend = friend(christina);;Amber's friend = friend(amber);;Dana's enemy = enemy(dana);;Bryan's enemy = enemy(bryan);;Elizabeth's parent = parent(elizabeth);;Felicia's child = child(felicia)
5,L,SemanticApproach.INTENSIONAL,Representation.ENGLISH,0_L_pcff5,English phrases can be translated into formulae. Use the following translations to answer the question.;;;;,";;;;Here is an example of how to get a formula for a phrase.;;What is the formula for ""Amber's parent's enemy""?;;;;Here are the steps to arrive at the answer:;;1. Amber's parent = parent(amber);;2. Amber's parent's enemy = enemy(parent(amber));;;;So the answer is enemy(parent(amber));;;;What is the formula for ""Felicia's friend's friend's child's parent""? Please answer the question in the same format as the example. End with 'So the answer is [answer]'.",Felicia's friend's friend's child's parent,parent(child(friend(friend(felicia)))),Amber;;Bryan;;Christina;;Dana;;Elizabeth;;Felicia,Christina's friend = friend(christina);;Amber's friend = friend(amber);;Dana's enemy = enemy(dana);;Bryan's enemy = enemy(bryan);;Elizabeth's parent = parent(elizabeth);;Felicia's child = child(felicia)
5,L,SemanticApproach.INTENSIONAL,Representation.ENGLISH,0_L_eecf5,English phrases can be translated into formulae. Use the following translations to answer the question.;;;;,";;;;Here is an example of how to get a formula for a phrase.;;What is the formula for ""Amber's parent's enemy""?;;;;Here are the steps to arrive at the answer:;;1. Amber's parent = parent(amber);;2. Amber's parent's enemy = enemy(parent(amber));;;;So the answer is enemy(parent(amber));;;;What is the formula for ""Felicia's friend's child's enemy's enemy""? Please answer the question in the same format as the example. End with 'So the answer is [answer]'.",Felicia's friend's child's enemy's enemy,enemy(enemy(child(friend(felicia)))),Amber;;Bryan;;Christina;;Dana;;Elizabeth;;Felicia,Christina's friend = friend(christina);;Amber's friend = friend(amber);;Dana's enemy = enemy(dana);;Bryan's enemy = enemy(bryan);;Elizabeth's parent = parent(elizabeth);;Felicia's child = child(felicia)
5,L,SemanticApproach.INTENSIONAL,Representation.ENGLISH,0_L_feee5,English phrases can be translated into formulae. Use the following translations to answer the question.;;;;,";;;;Here is an example of how to get a formula for a phrase.;;What is the formula for ""Amber's parent's enemy""?;;;;Here are the steps to arrive at the answer:;;1. Amber's parent = parent(amber);;2. Amber's parent's enemy = enemy(parent(amber));;;;So the answer is enemy(parent(amber));;;;What is the formula for ""Felicia's enemy's enemy's enemy's friend""? Please answer the question in the same format as the example. End with 'So the answer is [answer]'.",Felicia's enemy's enemy's enemy's friend,friend(enemy(enemy(enemy(felicia)))),Amber;;Bryan;;Christina;;Dana;;Elizabeth;;Felicia,Christina's friend = friend(christina);;Amber's friend = friend(amber);;Dana's enemy = enemy(dana);;Bryan's enemy = enemy(bryan);;Elizabeth's parent = parent(elizabeth);;Felicia's child = child(felicia)
5,L,SemanticApproach.INTENSIONAL,Representation.ENGLISH,0_L_eeee5,English phrases can be translated into formulae. Use the following translations to answer the question.;;;;,";;;;Here is an example of how to get a formula for a phrase.;;What is the formula for ""Amber's parent's enemy""?;;;;Here are the steps to arrive at the answer:;;1. Amber's parent = parent(amber);;2. Amber's parent's enemy = enemy(parent(amber));;;;So the answer is enemy(parent(amber));;;;What is the formula for ""Felicia's enemy's enemy's enemy's enemy""? Please answer the question in the same format as the example. End with 'So the answer is [answer]'.",Felicia's enemy's enemy's enemy's enemy,enemy(enemy(enemy(enemy(felicia)))),Amber;;Bryan;;Christina;;Dana;;Elizabeth;;Felicia,Christina's friend = friend(christina);;Amber's friend = friend(amber);;Dana's enemy = enemy(dana);;Bryan's enemy = enemy(bryan);;Elizabeth's parent = parent(elizabeth);;Felicia's child = child(felicia)
5,L,SemanticApproach.INTENSIONAL,Representation.ENGLISH,0_L_effc5,English phrases can be translated into formulae. Use the following translations to answer the question.;;;;,";;;;Here is an example of how to get a formula for a phrase.;;What is the formula for ""Amber's parent's enemy""?;;;;Here are the steps to arrive at the answer:;;1. Amber's parent = parent(amber);;2. Amber's parent's enemy = enemy(parent(amber));;;;So the answer is enemy(parent(amber));;;;What is the formula for ""Felicia's child's friend's friend's enemy""? Please answer the question in the same format as the example. End with 'So the answer is [answer]'.",Felicia's child's friend's friend's enemy,enemy(friend(friend(child(felicia)))),Amber;;Bryan;;Christina;;Dana;;Elizabeth;;Felicia,Christina's friend = friend(christina);;Amber's friend = friend(amber);;Dana's enemy = enemy(dana);;Bryan's enemy = enemy(bryan);;Elizabeth's parent = parent(elizabeth);;Felicia's child = child(felicia)
5,L,SemanticApproach.INTENSIONAL,Representation.ENGLISH,0_L_ecpc5,English phrases can be translated into formulae. Use the following translations to answer the question.;;;;,";;;;Here is an example of how to get a formula for a phrase.;;What is the formula for ""Amber's parent's enemy""?;;;;Here are the steps to arrive at the answer:;;1. Amber's parent = parent(amber);;2. Amber's parent's enemy = enemy(parent(amber));;;;So the answer is enemy(parent(amber));;;;What is the formula for ""Felicia's child's parent's child's enemy""? Please answer the question in the same format as the example. End with 'So the answer is [answer]'.",Felicia's child's parent's child's enemy,enemy(child(parent(child(felicia)))),Amber;;Bryan;;Christina;;Dana;;Elizabeth;;Felicia,Christina's friend = friend(christina);;Amber's friend = friend(amber);;Dana's enemy = enemy(dana);;Bryan's enemy = enemy(bryan);;Elizabeth's parent = parent(elizabeth);;Felicia's child = child(felicia)
6,L,SemanticApproach.INTENSIONAL,Representation.ENGLISH,0_L_ffeff0,English phrases can be translated into formulae. Use the following translations to answer the question.;;;;,";;;;Here is an example of how to get a formula for a phrase.;;What is the formula for ""Amber's parent's enemy""?;;;;Here are the steps to arrive at the answer:;;1. Amber's parent = parent(amber);;2. Amber's parent's enemy = enemy(parent(amber));;;;So the answer is enemy(parent(amber));;;;What is the formula for ""Christina's friend's friend's enemy's friend's friend""? Please answer the question in the same format as the example. End with 'So the answer is [answer]'.",Christina's friend's friend's enemy's friend's friend,friend(friend(enemy(friend(friend(christina))))),Amber;;Bryan;;Christina;;Dana;;Elizabeth;;Felicia,Christina's friend = friend(christina);;Amber's friend = friend(amber);;Dana's enemy = enemy(dana);;Bryan's enemy = enemy(bryan);;Elizabeth's parent = parent(elizabeth);;Felicia's child = child(felicia)
6,L,SemanticApproach.INTENSIONAL,Representation.ENGLISH,0_L_ffffe0,English phrases can be translated into formulae. Use the following translations to answer the question.;;;;,";;;;Here is an example of how to get a formula for a phrase.;;What is the formula for ""Amber's parent's enemy""?;;;;Here are the steps to arrive at the answer:;;1. Amber's parent = parent(amber);;2. Amber's parent's enemy = enemy(parent(amber));;;;So the answer is enemy(parent(amber));;;;What is the formula for ""Christina's enemy's friend's friend's friend's friend""? Please answer the question in the same format as the example. End with 'So the answer is [answer]'.",Christina's enemy's friend's friend's friend's friend,friend(friend(friend(friend(enemy(christina))))),Amber;;Bryan;;Christina;;Dana;;Elizabeth;;Felicia,Christina's friend = friend(christina);;Amber's friend = friend(amber);;Dana's enemy = enemy(dana);;Bryan's enemy = enemy(bryan);;Elizabeth's parent = parent(elizabeth);;Felicia's child = child(felicia)
6,L,SemanticApproach.INTENSIONAL,Representation.ENGLISH,0_L_efffe0,English phrases can be translated into formulae. Use the following translations to answer the question.;;;;,";;;;Here is an example of how to get a formula for a phrase.;;What is the formula for ""Amber's parent's enemy""?;;;;Here are the steps to arrive at the answer:;;1. Amber's parent = parent(amber);;2. Amber's parent's enemy = enemy(parent(amber));;;;So the answer is enemy(parent(amber));;;;What is the formula for ""Christina's enemy's friend's friend's friend's enemy""? Please answer the question in the same format as the example. End with 'So the answer is [answer]'.",Christina's enemy's friend's friend's friend's enemy,enemy(friend(friend(friend(enemy(christina))))),Amber;;Bryan;;Christina;;Dana;;Elizabeth;;Felicia,Christina's friend = friend(christina);;Amber's friend = friend(amber);;Dana's enemy = enemy(dana);;Bryan's enemy = enemy(bryan);;Elizabeth's parent = parent(elizabeth);;Felicia's child = child(felicia)
6,L,SemanticApproach.INTENSIONAL,Representation.ENGLISH,0_L_ffefe0,English phrases can be translated into formulae. Use the following translations to answer the question.;;;;,";;;;Here is an example of how to get a formula for a phrase.;;What is the formula for ""Amber's parent's enemy""?;;;;Here are the steps to arrive at the answer:;;1. Amber's parent = parent(amber);;2. Amber's parent's enemy = enemy(parent(amber));;;;So the answer is enemy(parent(amber));;;;What is the formula for ""Christina's enemy's friend's enemy's friend's friend""? Please answer the question in the same format as the example. End with 'So the answer is [answer]'.",Christina's enemy's friend's enemy's friend's friend,friend(friend(enemy(friend(enemy(christina))))),Amber;;Bryan;;Christina;;Dana;;Elizabeth;;Felicia,Christina's friend = friend(christina);;Amber's friend = friend(amber);;Dana's enemy = enemy(dana);;Bryan's enemy = enemy(bryan);;Elizabeth's parent = parent(elizabeth);;Felicia's child = child(felicia)
6,L,SemanticApproach.INTENSIONAL,Representation.ENGLISH,0_L_feefe0,English phrases can be translated into formulae. Use the following translations to answer the question.;;;;,";;;;Here is an example of how to get a formula for a phrase.;;What is the formula for ""Amber's parent's enemy""?;;;;Here are the steps to arrive at the answer:;;1. Amber's parent = parent(amber);;2. Amber's parent's enemy = enemy(parent(amber));;;;So the answer is enemy(parent(amber));;;;What is the formula for ""Christina's enemy's friend's enemy's enemy's friend""? Please answer the question in the same format as the example. End with 'So the answer is [answer]'.",Christina's enemy's friend's enemy's enemy's friend,friend(enemy(enemy(friend(enemy(christina))))),Amber;;Bryan;;Christina;;Dana;;Elizabeth;;Felicia,Christina's friend = friend(christina);;Amber's friend = friend(amber);;Dana's enemy = enemy(dana);;Bryan's enemy = enemy(bryan);;Elizabeth's parent = parent(elizabeth);;Felicia's child = child(felicia)
6,L,SemanticApproach.INTENSIONAL,Representation.ENGLISH,0_L_pfece0,English phrases can be translated into formulae. Use the following translations to answer the question.;;;;,";;;;Here is an example of how to get a formula for a phrase.;;What is the formula for ""Amber's parent's enemy""?;;;;Here are the steps to arrive at the answer:;;1. Amber's parent = parent(amber);;2. Amber's parent's enemy = enemy(parent(amber));;;;So the answer is enemy(parent(amber));;;;What is the formula for ""Christina's enemy's child's enemy's friend's parent""? Please answer the question in the same format as the example. End with 'So the answer is [answer]'.",Christina's enemy's child's enemy's friend's parent,parent(friend(enemy(child(enemy(christina))))),Amber;;Bryan;;Christina;;Dana;;Elizabeth;;Felicia,Christina's friend = friend(christina);;Amber's friend = friend(amber);;Dana's enemy = enemy(dana);;Bryan's enemy = enemy(bryan);;Elizabeth's parent = parent(elizabeth);;Felicia's child = child(felicia)
6,L,SemanticApproach.INTENSIONAL,Representation.ENGLISH,0_L_eecpc0,English phrases can be translated into formulae. Use the following translations to answer the question.;;;;,";;;;Here is an example of how to get a formula for a phrase.;;What is the formula for ""Amber's parent's enemy""?;;;;Here are the steps to arrive at the answer:;;1. Amber's parent = parent(amber);;2. Amber's parent's enemy = enemy(parent(amber));;;;So the answer is enemy(parent(amber));;;;What is the formula for ""Christina's child's parent's child's enemy's enemy""? Please answer the question in the same format as the example. End with 'So the answer is [answer]'.",Christina's child's parent's child's enemy's enemy,enemy(enemy(child(parent(child(christina))))),Amber;;Bryan;;Christina;;Dana;;Elizabeth;;Felicia,Christina's friend = friend(christina);;Amber's friend = friend(amber);;Dana's enemy = enemy(dana);;Bryan's enemy = enemy(bryan);;Elizabeth's parent = parent(elizabeth);;Felicia's child = child(felicia)
6,L,SemanticApproach.INTENSIONAL,Representation.ENGLISH,0_L_fffff1,English phrases can be translated into formulae. Use the following translations to answer the question.;;;;,";;;;Here is an example of how to get a formula for a phrase.;;What is the formula for ""Amber's parent's enemy""?;;;;Here are the steps to arrive at the answer:;;1. Amber's parent = parent(amber);;2. Amber's parent's enemy = enemy(parent(amber));;;;So the answer is enemy(parent(amber));;;;What is the formula for ""Amber's friend's friend's friend's friend's friend""? Please answer the question in the same format as the example. End with 'So the answer is [answer]'.",Amber's friend's friend's friend's friend's friend,friend(friend(friend(friend(friend(amber))))),Amber;;Bryan;;Christina;;Dana;;Elizabeth;;Felicia,Christina's friend = friend(christina);;Amber's friend = friend(amber);;Dana's enemy = enemy(dana);;Bryan's enemy = enemy(bryan);;Elizabeth's parent = parent(elizabeth);;Felicia's child = child(felicia)
6,L,SemanticApproach.INTENSIONAL,Representation.ENGLISH,0_L_fepcf1,English phrases can be translated into formulae. Use the following translations to answer the question.;;;;,";;;;Here is an example of how to get a formula for a phrase.;;What is the formula for ""Amber's parent's enemy""?;;;;Here are the steps to arrive at the answer:;;1. Amber's parent = parent(amber);;2. Amber's parent's enemy = enemy(parent(amber));;;;So the answer is enemy(parent(amber));;;;What is the formula for ""Amber's friend's child's parent's enemy's friend""? Please answer the question in the same format as the example. End with 'So the answer is [answer]'.",Amber's friend's child's parent's enemy's friend,friend(enemy(parent(child(friend(amber))))),Amber;;Bryan;;Christina;;Dana;;Elizabeth;;Felicia,Christina's friend = friend(christina);;Amber's friend = friend(amber);;Dana's enemy = enemy(dana);;Bryan's enemy = enemy(bryan);;Elizabeth's parent = parent(elizabeth);;Felicia's child = child(felicia)
6,L,SemanticApproach.INTENSIONAL,Representation.ENGLISH,0_L_cfefe1,English phrases can be translated into formulae. Use the following translations to answer the question.;;;;,";;;;Here is an example of how to get a formula for a phrase.;;What is the formula for ""Amber's parent's enemy""?;;;;Here are the steps to arrive at the answer:;;1. Amber's parent = parent(amber);;2. Amber's parent's enemy = enemy(parent(amber));;;;So the answer is enemy(parent(amber));;;;What is the formula for ""Amber's enemy's friend's enemy's friend's child""? Please answer the question in the same format as the example. End with 'So the answer is [answer]'.",Amber's enemy's friend's enemy's friend's child,child(friend(enemy(friend(enemy(amber))))),Amber;;Bryan;;Christina;;Dana;;Elizabeth;;Felicia,Christina's friend = friend(christina);;Amber's friend = friend(amber);;Dana's enemy = enemy(dana);;Bryan's enemy = enemy(bryan);;Elizabeth's parent = parent(elizabeth);;Felicia's child = child(felicia)
6,L,SemanticApproach.INTENSIONAL,Representation.ENGLISH,0_L_efeee1,English phrases can be translated into formulae. Use the following translations to answer the question.;;;;,";;;;Here is an example of how to get a formula for a phrase.;;What is the formula for ""Amber's parent's enemy""?;;;;Here are the steps to arrive at the answer:;;1. Amber's parent = parent(amber);;2. Amber's parent's enemy = enemy(parent(amber));;;;So the answer is enemy(parent(amber));;;;What is the formula for ""Amber's enemy's enemy's enemy's friend's enemy""? Please answer the question in the same format as the example. End with 'So the answer is [answer]'.",Amber's enemy's enemy's enemy's friend's enemy,enemy(friend(enemy(enemy(enemy(amber))))),Amber;;Bryan;;Christina;;Dana;;Elizabeth;;Felicia,Christina's friend = friend(christina);;Amber's friend = friend(amber);;Dana's enemy = enemy(dana);;Bryan's enemy = enemy(bryan);;Elizabeth's parent = parent(elizabeth);;Felicia's child = child(felicia)
6,L,SemanticApproach.INTENSIONAL,Representation.ENGLISH,0_L_eeeee1,English phrases can be translated into formulae. Use the following translations to answer the question.;;;;,";;;;Here is an example of how to get a formula for a phrase.;;What is the formula for ""Amber's parent's enemy""?;;;;Here are the steps to arrive at the answer:;;1. Amber's parent = parent(amber);;2. Amber's parent's enemy = enemy(parent(amber));;;;So the answer is enemy(parent(amber));;;;What is the formula for ""Amber's enemy's enemy's enemy's enemy's enemy""? Please answer the question in the same format as the example. End with 'So the answer is [answer]'.",Amber's enemy's enemy's enemy's enemy's enemy,enemy(enemy(enemy(enemy(enemy(amber))))),Amber;;Bryan;;Christina;;Dana;;Elizabeth;;Felicia,Christina's friend = friend(christina);;Amber's friend = friend(amber);;Dana's enemy = enemy(dana);;Bryan's enemy = enemy(bryan);;Elizabeth's parent = parent(elizabeth);;Felicia's child = child(felicia)
6,L,SemanticApproach.INTENSIONAL,Representation.ENGLISH,0_L_cffpe1,English phrases can be translated into formulae. Use the following translations to answer the question.;;;;,";;;;Here is an example of how to get a formula for a phrase.;;What is the formula for ""Amber's parent's enemy""?;;;;Here are the steps to arrive at the answer:;;1. Amber's parent = parent(amber);;2. Amber's parent's enemy = enemy(parent(amber));;;;So the answer is enemy(parent(amber));;;;What is the formula for ""Amber's enemy's parent's friend's friend's child""? Please answer the question in the same format as the example. End with 'So the answer is [answer]'.",Amber's enemy's parent's friend's friend's child,child(friend(friend(parent(enemy(amber))))),Amber;;Bryan;;Christina;;Dana;;Elizabeth;;Felicia,Christina's friend = friend(christina);;Amber's friend = friend(amber);;Dana's enemy = enemy(dana);;Bryan's enemy = enemy(bryan);;Elizabeth's parent = parent(elizabeth);;Felicia's child = child(felicia)
6,L,SemanticApproach.INTENSIONAL,Representation.ENGLISH,0_L_cfepe1,English phrases can be translated into formulae. Use the following translations to answer the question.;;;;,";;;;Here is an example of how to get a formula for a phrase.;;What is the formula for ""Amber's parent's enemy""?;;;;Here are the steps to arrive at the answer:;;1. Amber's parent = parent(amber);;2. Amber's parent's enemy = enemy(parent(amber));;;;So the answer is enemy(parent(amber));;;;What is the formula for ""Amber's enemy's parent's enemy's friend's child""? Please answer the question in the same format as the example. End with 'So the answer is [answer]'.",Amber's enemy's parent's enemy's friend's child,child(friend(enemy(parent(enemy(amber))))),Amber;;Bryan;;Christina;;Dana;;Elizabeth;;Felicia,Christina's friend = friend(christina);;Amber's friend = friend(amber);;Dana's enemy = enemy(dana);;Bryan's enemy = enemy(bryan);;Elizabeth's parent = parent(elizabeth);;Felicia's child = child(felicia)
6,L,SemanticApproach.INTENSIONAL,Representation.ENGLISH,0_L_eefff2,English phrases can be translated into formulae. Use the following translations to answer the question.;;;;,";;;;Here is an example of how to get a formula for a phrase.;;What is the formula for ""Amber's parent's enemy""?;;;;Here are the steps to arrive at the answer:;;1. Amber's parent = parent(amber);;2. Amber's parent's enemy = enemy(parent(amber));;;;So the answer is enemy(parent(amber));;;;What is the formula for ""Dana's friend's friend's friend's enemy's enemy""? Please answer the question in the same format as the example. End with 'So the answer is [answer]'.",Dana's friend's friend's friend's enemy's enemy,enemy(enemy(friend(friend(friend(dana))))),Amber;;Bryan;;Christina;;Dana;;Elizabeth;;Felicia,Christina's friend = friend(christina);;Amber's friend = friend(amber);;Dana's enemy = enemy(dana);;Bryan's enemy = enemy(bryan);;Elizabeth's parent = parent(elizabeth);;Felicia's child = child(felicia)
6,L,SemanticApproach.INTENSIONAL,Representation.ENGLISH,0_L_eefpf2,English phrases can be translated into formulae. Use the following translations to answer the question.;;;;,";;;;Here is an example of how to get a formula for a phrase.;;What is the formula for ""Amber's parent's enemy""?;;;;Here are the steps to arrive at the answer:;;1. Amber's parent = parent(amber);;2. Amber's parent's enemy = enemy(parent(amber));;;;So the answer is enemy(parent(amber));;;;What is the formula for ""Dana's friend's parent's friend's enemy's enemy""? Please answer the question in the same format as the example. End with 'So the answer is [answer]'.",Dana's friend's parent's friend's enemy's enemy,enemy(enemy(friend(parent(friend(dana))))),Amber;;Bryan;;Christina;;Dana;;Elizabeth;;Felicia,Christina's friend = friend(christina);;Amber's friend = friend(amber);;Dana's enemy = enemy(dana);;Bryan's enemy = enemy(bryan);;Elizabeth's parent = parent(elizabeth);;Felicia's child = child(felicia)
6,L,SemanticApproach.INTENSIONAL,Representation.ENGLISH,0_L_ecepf2,English phrases can be translated into formulae. Use the following translations to answer the question.;;;;,";;;;Here is an example of how to get a formula for a phrase.;;What is the formula for ""Amber's parent's enemy""?;;;;Here are the steps to arrive at the answer:;;1. Amber's parent = parent(amber);;2. Amber's parent's enemy = enemy(parent(amber));;;;So the answer is enemy(parent(amber));;;;What is the formula for ""Dana's friend's parent's enemy's child's enemy""? Please answer the question in the same format as the example. End with 'So the answer is [answer]'.",Dana's friend's parent's enemy's child's enemy,enemy(child(enemy(parent(friend(dana))))),Amber;;Bryan;;Christina;;Dana;;Elizabeth;;Felicia,Christina's friend = friend(christina);;Amber's friend = friend(amber);;Dana's enemy = enemy(dana);;Bryan's enemy = enemy(bryan);;Elizabeth's parent = parent(elizabeth);;Felicia's child = child(felicia)
6,L,SemanticApproach.INTENSIONAL,Representation.ENGLISH,0_L_fepee2,English phrases can be translated into formulae. Use the following translations to answer the question.;;;;,";;;;Here is an example of how to get a formula for a phrase.;;What is the formula for ""Amber's parent's enemy""?;;;;Here are the steps to arrive at the answer:;;1. Amber's parent = parent(amber);;2. Amber's parent's enemy = enemy(parent(amber));;;;So the answer is enemy(parent(amber));;;;What is the formula for ""Dana's enemy's enemy's parent's enemy's friend""? Please answer the question in the same format as the example. End with 'So the answer is [answer]'.",Dana's enemy's enemy's parent's enemy's friend,friend(enemy(parent(enemy(enemy(dana))))),Amber;;Bryan;;Christina;;Dana;;Elizabeth;;Felicia,Christina's friend = friend(christina);;Amber's friend = friend(amber);;Dana's enemy = enemy(dana);;Bryan's enemy = enemy(bryan);;Elizabeth's parent = parent(elizabeth);;Felicia's child = child(felicia)
6,L,SemanticApproach.INTENSIONAL,Representation.ENGLISH,0_L_ffece2,English phrases can be translated into formulae. Use the following translations to answer the question.;;;;,";;;;Here is an example of how to get a formula for a phrase.;;What is the formula for ""Amber's parent's enemy""?;;;;Here are the steps to arrive at the answer:;;1. Amber's parent = parent(amber);;2. Amber's parent's enemy = enemy(parent(amber));;;;So the answer is enemy(parent(amber));;;;What is the formula for ""Dana's enemy's child's enemy's friend's friend""? Please answer the question in the same format as the example. End with 'So the answer is [answer]'.",Dana's enemy's child's enemy's friend's friend,friend(friend(enemy(child(enemy(dana))))),Amber;;Bryan;;Christina;;Dana;;Elizabeth;;Felicia,Christina's friend = friend(christina);;Amber's friend = friend(amber);;Dana's enemy = enemy(dana);;Bryan's enemy = enemy(bryan);;Elizabeth's parent = parent(elizabeth);;Felicia's child = child(felicia)
6,L,SemanticApproach.INTENSIONAL,Representation.ENGLISH,0_L_cfece2,English phrases can be translated into formulae. Use the following translations to answer the question.;;;;,";;;;Here is an example of how to get a formula for a phrase.;;What is the formula for ""Amber's parent's enemy""?;;;;Here are the steps to arrive at the answer:;;1. Amber's parent = parent(amber);;2. Amber's parent's enemy = enemy(parent(amber));;;;So the answer is enemy(parent(amber));;;;What is the formula for ""Dana's enemy's child's enemy's friend's child""? Please answer the question in the same format as the example. End with 'So the answer is [answer]'.",Dana's enemy's child's enemy's friend's child,child(friend(enemy(child(enemy(dana))))),Amber;;Bryan;;Christina;;Dana;;Elizabeth;;Felicia,Christina's friend = friend(christina);;Amber's friend = friend(amber);;Dana's enemy = enemy(dana);;Bryan's enemy = enemy(bryan);;Elizabeth's parent = parent(elizabeth);;Felicia's child = child(felicia)
6,L,SemanticApproach.INTENSIONAL,Representation.ENGLISH,0_L_ffpcp2,English phrases can be translated into formulae. Use the following translations to answer the question.;;;;,";;;;Here is an example of how to get a formula for a phrase.;;What is the formula for ""Amber's parent's enemy""?;;;;Here are the steps to arrive at the answer:;;1. Amber's parent = parent(amber);;2. Amber's parent's enemy = enemy(parent(amber));;;;So the answer is enemy(parent(amber));;;;What is the formula for ""Dana's parent's child's parent's friend's friend""? Please answer the question in the same format as the example. End with 'So the answer is [answer]'.",Dana's parent's child's parent's friend's friend,friend(friend(parent(child(parent(dana))))),Amber;;Bryan;;Christina;;Dana;;Elizabeth;;Felicia,Christina's friend = friend(christina);;Amber's friend = friend(amber);;Dana's enemy = enemy(dana);;Bryan's enemy = enemy(bryan);;Elizabeth's parent = parent(elizabeth);;Felicia's child = child(felicia)
6,L,SemanticApproach.INTENSIONAL,Representation.ENGLISH,0_L_fffff3,English phrases can be translated into formulae. Use the following translations to answer the question.;;;;,";;;;Here is an example of how to get a formula for a phrase.;;What is the formula for ""Amber's parent's enemy""?;;;;Here are the steps to arrive at the answer:;;1. Amber's parent = parent(amber);;2. Amber's parent's enemy = enemy(parent(amber));;;;So the answer is enemy(parent(amber));;;;What is the formula for ""Bryan's friend's friend's friend's friend's friend""? Please answer the question in the same format as the example. End with 'So the answer is [answer]'.",Bryan's friend's friend's friend's friend's friend,friend(friend(friend(friend(friend(bryan))))),Amber;;Bryan;;Christina;;Dana;;Elizabeth;;Felicia,Christina's friend = friend(christina);;Amber's friend = friend(amber);;Dana's enemy = enemy(dana);;Bryan's enemy = enemy(bryan);;Elizabeth's parent = parent(elizabeth);;Felicia's child = child(felicia)
6,L,SemanticApproach.INTENSIONAL,Representation.ENGLISH,0_L_ffpef3,English phrases can be translated into formulae. Use the following translations to answer the question.;;;;,";;;;Here is an example of how to get a formula for a phrase.;;What is the formula for ""Amber's parent's enemy""?;;;;Here are the steps to arrive at the answer:;;1. Amber's parent = parent(amber);;2. Amber's parent's enemy = enemy(parent(amber));;;;So the answer is enemy(parent(amber));;;;What is the formula for ""Bryan's friend's enemy's parent's friend's friend""? Please answer the question in the same format as the example. End with 'So the answer is [answer]'.",Bryan's friend's enemy's parent's friend's friend,friend(friend(parent(enemy(friend(bryan))))),Amber;;Bryan;;Christina;;Dana;;Elizabeth;;Felicia,Christina's friend = friend(christina);;Amber's friend = friend(amber);;Dana's enemy = enemy(dana);;Bryan's enemy = enemy(bryan);;Elizabeth's parent = parent(elizabeth);;Felicia's child = child(felicia)
6,L,SemanticApproach.INTENSIONAL,Representation.ENGLISH,0_L_eepef3,English phrases can be translated into formulae. Use the following translations to answer the question.;;;;,";;;;Here is an example of how to get a formula for a phrase.;;What is the formula for ""Amber's parent's enemy""?;;;;Here are the steps to arrive at the answer:;;1. Amber's parent = parent(amber);;2. Amber's parent's enemy = enemy(parent(amber));;;;So the answer is enemy(parent(amber));;;;What is the formula for ""Bryan's friend's enemy's parent's enemy's enemy""? Please answer the question in the same format as the example. End with 'So the answer is [answer]'.",Bryan's friend's enemy's parent's enemy's enemy,enemy(enemy(parent(enemy(friend(bryan))))),Amber;;Bryan;;Christina;;Dana;;Elizabeth;;Felicia,Christina's friend = friend(christina);;Amber's friend = friend(amber);;Dana's enemy = enemy(dana);;Bryan's enemy = enemy(bryan);;Elizabeth's parent = parent(elizabeth);;Felicia's child = child(felicia)
6,L,SemanticApproach.INTENSIONAL,Representation.ENGLISH,0_L_cpfcf3,English phrases can be translated into formulae. Use the following translations to answer the question.;;;;,";;;;Here is an example of how to get a formula for a phrase.;;What is the formula for ""Amber's parent's enemy""?;;;;Here are the steps to arrive at the answer:;;1. Amber's parent = parent(amber);;2. Amber's parent's enemy = enemy(parent(amber));;;;So the answer is enemy(parent(amber));;;;What is the formula for ""Bryan's friend's child's friend's parent's child""? Please answer the question in the same format as the example. End with 'So the answer is [answer]'.",Bryan's friend's child's friend's parent's child,child(parent(friend(child(friend(bryan))))),Amber;;Bryan;;Christina;;Dana;;Elizabeth;;Felicia,Christina's friend = friend(christina);;Amber's friend = friend(amber);;Dana's enemy = enemy(dana);;Bryan's enemy = enemy(bryan);;Elizabeth's parent = parent(elizabeth);;Felicia's child = child(felicia)
6,L,SemanticApproach.INTENSIONAL,Representation.ENGLISH,0_L_ffecf3,English phrases can be translated into formulae. Use the following translations to answer the question.;;;;,";;;;Here is an example of how to get a formula for a phrase.;;What is the formula for ""Amber's parent's enemy""?;;;;Here are the steps to arrive at the answer:;;1. Amber's parent = parent(amber);;2. Amber's parent's enemy = enemy(parent(amber));;;;So the answer is enemy(parent(amber));;;;What is the formula for ""Bryan's friend's child's enemy's friend's friend""? Please answer the question in the same format as the example. End with 'So the answer is [answer]'.",Bryan's friend's child's enemy's friend's friend,friend(friend(enemy(child(friend(bryan))))),Amber;;Bryan;;Christina;;Dana;;Elizabeth;;Felicia,Christina's friend = friend(christina);;Amber's friend = friend(amber);;Dana's enemy = enemy(dana);;Bryan's enemy = enemy(bryan);;Elizabeth's parent = parent(elizabeth);;Felicia's child = child(felicia)
6,L,SemanticApproach.INTENSIONAL,Representation.ENGLISH,0_L_pfcfc3,English phrases can be translated into formulae. Use the following translations to answer the question.;;;;,";;;;Here is an example of how to get a formula for a phrase.;;What is the formula for ""Amber's parent's enemy""?;;;;Here are the steps to arrive at the answer:;;1. Amber's parent = parent(amber);;2. Amber's parent's enemy = enemy(parent(amber));;;;So the answer is enemy(parent(amber));;;;What is the formula for ""Bryan's child's friend's child's friend's parent""? Please answer the question in the same format as the example. End with 'So the answer is [answer]'.",Bryan's child's friend's child's friend's parent,parent(friend(child(friend(child(bryan))))),Amber;;Bryan;;Christina;;Dana;;Elizabeth;;Felicia,Christina's friend = friend(christina);;Amber's friend = friend(amber);;Dana's enemy = enemy(dana);;Bryan's enemy = enemy(bryan);;Elizabeth's parent = parent(elizabeth);;Felicia's child = child(felicia)
6,L,SemanticApproach.INTENSIONAL,Representation.ENGLISH,0_L_peeff4,English phrases can be translated into formulae. Use the following translations to answer the question.;;;;,";;;;Here is an example of how to get a formula for a phrase.;;What is the formula for ""Amber's parent's enemy""?;;;;Here are the steps to arrive at the answer:;;1. Amber's parent = parent(amber);;2. Amber's parent's enemy = enemy(parent(amber));;;;So the answer is enemy(parent(amber));;;;What is the formula for ""Elizabeth's friend's friend's enemy's enemy's parent""? Please answer the question in the same format as the example. End with 'So the answer is [answer]'.",Elizabeth's friend's friend's enemy's enemy's parent,parent(enemy(enemy(friend(friend(elizabeth))))),Amber;;Bryan;;Christina;;Dana;;Elizabeth;;Felicia,Christina's friend = friend(christina);;Amber's friend = friend(amber);;Dana's enemy = enemy(dana);;Bryan's enemy = enemy(bryan);;Elizabeth's parent = parent(elizabeth);;Felicia's child = child(felicia)
6,L,SemanticApproach.INTENSIONAL,Representation.ENGLISH,0_L_eecef4,English phrases can be translated into formulae. Use the following translations to answer the question.;;;;,";;;;Here is an example of how to get a formula for a phrase.;;What is the formula for ""Amber's parent's enemy""?;;;;Here are the steps to arrive at the answer:;;1. Amber's parent = parent(amber);;2. Amber's parent's enemy = enemy(parent(amber));;;;So the answer is enemy(parent(amber));;;;What is the formula for ""Elizabeth's friend's enemy's child's enemy's enemy""? Please answer the question in the same format as the example. End with 'So the answer is [answer]'.",Elizabeth's friend's enemy's child's enemy's enemy,enemy(enemy(child(enemy(friend(elizabeth))))),Amber;;Bryan;;Christina;;Dana;;Elizabeth;;Felicia,Christina's friend = friend(christina);;Amber's friend = friend(amber);;Dana's enemy = enemy(dana);;Bryan's enemy = enemy(bryan);;Elizabeth's parent = parent(elizabeth);;Felicia's child = child(felicia)
6,L,SemanticApproach.INTENSIONAL,Representation.ENGLISH,0_L_fffpf4,English phrases can be translated into formulae. Use the following translations to answer the question.;;;;,";;;;Here is an example of how to get a formula for a phrase.;;What is the formula for ""Amber's parent's enemy""?;;;;Here are the steps to arrive at the answer:;;1. Amber's parent = parent(amber);;2. Amber's parent's enemy = enemy(parent(amber));;;;So the answer is enemy(parent(amber));;;;What is the formula for ""Elizabeth's friend's parent's friend's friend's friend""? Please answer the question in the same format as the example. End with 'So the answer is [answer]'.",Elizabeth's friend's parent's friend's friend's friend,friend(friend(friend(parent(friend(elizabeth))))),Amber;;Bryan;;Christina;;Dana;;Elizabeth;;Felicia,Christina's friend = friend(christina);;Amber's friend = friend(amber);;Dana's enemy = enemy(dana);;Bryan's enemy = enemy(bryan);;Elizabeth's parent = parent(elizabeth);;Felicia's child = child(felicia)
6,L,SemanticApproach.INTENSIONAL,Representation.ENGLISH,0_L_effcp4,English phrases can be translated into formulae. Use the following translations to answer the question.;;;;,";;;;Here is an example of how to get a formula for a phrase.;;What is the formula for ""Amber's parent's enemy""?;;;;Here are the steps to arrive at the answer:;;1. Amber's parent = parent(amber);;2. Amber's parent's enemy = enemy(parent(amber));;;;So the answer is enemy(parent(amber));;;;What is the formula for ""Elizabeth's parent's child's friend's friend's enemy""? Please answer the question in the same format as the example. End with 'So the answer is [answer]'.",Elizabeth's parent's child's friend's friend's enemy,enemy(friend(friend(child(parent(elizabeth))))),Amber;;Bryan;;Christina;;Dana;;Elizabeth;;Felicia,Christina's friend = friend(christina);;Amber's friend = friend(amber);;Dana's enemy = enemy(dana);;Bryan's enemy = enemy(bryan);;Elizabeth's parent = parent(elizabeth);;Felicia's child = child(felicia)
6,L,SemanticApproach.INTENSIONAL,Representation.ENGLISH,0_L_efecp4,English phrases can be translated into formulae. Use the following translations to answer the question.;;;;,";;;;Here is an example of how to get a formula for a phrase.;;What is the formula for ""Amber's parent's enemy""?;;;;Here are the steps to arrive at the answer:;;1. Amber's parent = parent(amber);;2. Amber's parent's enemy = enemy(parent(amber));;;;So the answer is enemy(parent(amber));;;;What is the formula for ""Elizabeth's parent's child's enemy's friend's enemy""? Please answer the question in the same format as the example. End with 'So the answer is [answer]'.",Elizabeth's parent's child's enemy's friend's enemy,enemy(friend(enemy(child(parent(elizabeth))))),Amber;;Bryan;;Christina;;Dana;;Elizabeth;;Felicia,Christina's friend = friend(christina);;Amber's friend = friend(amber);;Dana's enemy = enemy(dana);;Bryan's enemy = enemy(bryan);;Elizabeth's parent = parent(elizabeth);;Felicia's child = child(felicia)
6,L,SemanticApproach.INTENSIONAL,Representation.ENGLISH,0_L_efcff5,English phrases can be translated into formulae. Use the following translations to answer the question.;;;;,";;;;Here is an example of how to get a formula for a phrase.;;What is the formula for ""Amber's parent's enemy""?;;;;Here are the steps to arrive at the answer:;;1. Amber's parent = parent(amber);;2. Amber's parent's enemy = enemy(parent(amber));;;;So the answer is enemy(parent(amber));;;;What is the formula for ""Felicia's friend's friend's child's friend's enemy""? Please answer the question in the same format as the example. End with 'So the answer is [answer]'.",Felicia's friend's friend's child's friend's enemy,enemy(friend(child(friend(friend(felicia))))),Amber;;Bryan;;Christina;;Dana;;Elizabeth;;Felicia,Christina's friend = friend(christina);;Amber's friend = friend(amber);;Dana's enemy = enemy(dana);;Bryan's enemy = enemy(bryan);;Elizabeth's parent = parent(elizabeth);;Felicia's child = child(felicia)
6,L,SemanticApproach.INTENSIONAL,Representation.ENGLISH,0_L_fpcff5,English phrases can be translated into formulae. Use the following translations to answer the question.;;;;,";;;;Here is an example of how to get a formula for a phrase.;;What is the formula for ""Amber's parent's enemy""?;;;;Here are the steps to arrive at the answer:;;1. Amber's parent = parent(amber);;2. Amber's parent's enemy = enemy(parent(amber));;;;So the answer is enemy(parent(amber));;;;What is the formula for ""Felicia's friend's friend's child's parent's friend""? Please answer the question in the same format as the example. End with 'So the answer is [answer]'.",Felicia's friend's friend's child's parent's friend,friend(parent(child(friend(friend(felicia))))),Amber;;Bryan;;Christina;;Dana;;Elizabeth;;Felicia,Christina's friend = friend(christina);;Amber's friend = friend(amber);;Dana's enemy = enemy(dana);;Bryan's enemy = enemy(bryan);;Elizabeth's parent = parent(elizabeth);;Felicia's child = child(felicia)
6,L,SemanticApproach.INTENSIONAL,Representation.ENGLISH,0_L_efffe5,English phrases can be translated into formulae. Use the following translations to answer the question.;;;;,";;;;Here is an example of how to get a formula for a phrase.;;What is the formula for ""Amber's parent's enemy""?;;;;Here are the steps to arrive at the answer:;;1. Amber's parent = parent(amber);;2. Amber's parent's enemy = enemy(parent(amber));;;;So the answer is enemy(parent(amber));;;;What is the formula for ""Felicia's enemy's friend's friend's friend's enemy""? Please answer the question in the same format as the example. End with 'So the answer is [answer]'.",Felicia's enemy's friend's friend's friend's enemy,enemy(friend(friend(friend(enemy(felicia))))),Amber;;Bryan;;Christina;;Dana;;Elizabeth;;Felicia,Christina's friend = friend(christina);;Amber's friend = friend(amber);;Dana's enemy = enemy(dana);;Bryan's enemy = enemy(bryan);;Elizabeth's parent = parent(elizabeth);;Felicia's child = child(felicia)
6,L,SemanticApproach.INTENSIONAL,Representation.ENGLISH,0_L_ffpfe5,English phrases can be translated into formulae. Use the following translations to answer the question.;;;;,";;;;Here is an example of how to get a formula for a phrase.;;What is the formula for ""Amber's parent's enemy""?;;;;Here are the steps to arrive at the answer:;;1. Amber's parent = parent(amber);;2. Amber's parent's enemy = enemy(parent(amber));;;;So the answer is enemy(parent(amber));;;;What is the formula for ""Felicia's enemy's friend's parent's friend's friend""? Please answer the question in the same format as the example. End with 'So the answer is [answer]'.",Felicia's enemy's friend's parent's friend's friend,friend(friend(parent(friend(enemy(felicia))))),Amber;;Bryan;;Christina;;Dana;;Elizabeth;;Felicia,Christina's friend = friend(christina);;Amber's friend = friend(amber);;Dana's enemy = enemy(dana);;Bryan's enemy = enemy(bryan);;Elizabeth's parent = parent(elizabeth);;Felicia's child = child(felicia)
6,L,SemanticApproach.INTENSIONAL,Representation.ENGLISH,0_L_cpcee5,English phrases can be translated into formulae. Use the following translations to answer the question.;;;;,";;;;Here is an example of how to get a formula for a phrase.;;What is the formula for ""Amber's parent's enemy""?;;;;Here are the steps to arrive at the answer:;;1. Amber's parent = parent(amber);;2. Amber's parent's enemy = enemy(parent(amber));;;;So the answer is enemy(parent(amber));;;;What is the formula for ""Felicia's enemy's enemy's child's parent's child""? Please answer the question in the same format as the example. End with 'So the answer is [answer]'.",Felicia's enemy's enemy's child's parent's child,child(parent(child(enemy(enemy(felicia))))),Amber;;Bryan;;Christina;;Dana;;Elizabeth;;Felicia,Christina's friend = friend(christina);;Amber's friend = friend(amber);;Dana's enemy = enemy(dana);;Bryan's enemy = enemy(bryan);;Elizabeth's parent = parent(elizabeth);;Felicia's child = child(felicia)
6,L,SemanticApproach.INTENSIONAL,Representation.ENGLISH,0_L_ffpfc5,English phrases can be translated into formulae. Use the following translations to answer the question.;;;;,";;;;Here is an example of how to get a formula for a phrase.;;What is the formula for ""Amber's parent's enemy""?;;;;Here are the steps to arrive at the answer:;;1. Amber's parent = parent(amber);;2. Amber's parent's enemy = enemy(parent(amber));;;;So the answer is enemy(parent(amber));;;;What is the formula for ""Felicia's child's friend's parent's friend's friend""? Please answer the question in the same format as the example. End with 'So the answer is [answer]'.",Felicia's child's friend's parent's friend's friend,friend(friend(parent(friend(child(felicia))))),Amber;;Bryan;;Christina;;Dana;;Elizabeth;;Felicia,Christina's friend = friend(christina);;Amber's friend = friend(amber);;Dana's enemy = enemy(dana);;Bryan's enemy = enemy(bryan);;Elizabeth's parent = parent(elizabeth);;Felicia's child = child(felicia)
6,L,SemanticApproach.INTENSIONAL,Representation.ENGLISH,0_L_pcpfc5,English phrases can be translated into formulae. Use the following translations to answer the question.;;;;,";;;;Here is an example of how to get a formula for a phrase.;;What is the formula for ""Amber's parent's enemy""?;;;;Here are the steps to arrive at the answer:;;1. Amber's parent = parent(amber);;2. Amber's parent's enemy = enemy(parent(amber));;;;So the answer is enemy(parent(amber));;;;What is the formula for ""Felicia's child's friend's parent's child's parent""? Please answer the question in the same format as the example. End with 'So the answer is [answer]'.",Felicia's child's friend's parent's child's parent,parent(child(parent(friend(child(felicia))))),Amber;;Bryan;;Christina;;Dana;;Elizabeth;;Felicia,Christina's friend = friend(christina);;Amber's friend = friend(amber);;Dana's enemy = enemy(dana);;Bryan's enemy = enemy(bryan);;Elizabeth's parent = parent(elizabeth);;Felicia's child = child(felicia)
6,L,SemanticApproach.INTENSIONAL,Representation.ENGLISH,0_L_eecpc5,English phrases can be translated into formulae. Use the following translations to answer the question.;;;;,";;;;Here is an example of how to get a formula for a phrase.;;What is the formula for ""Amber's parent's enemy""?;;;;Here are the steps to arrive at the answer:;;1. Amber's parent = parent(amber);;2. Amber's parent's enemy = enemy(parent(amber));;;;So the answer is enemy(parent(amber));;;;What is the formula for ""Felicia's child's parent's child's enemy's enemy""? Please answer the question in the same format as the example. End with 'So the answer is [answer]'.",Felicia's child's parent's child's enemy's enemy,enemy(enemy(child(parent(child(felicia))))),Amber;;Bryan;;Christina;;Dana;;Elizabeth;;Felicia,Christina's friend = friend(christina);;Amber's friend = friend(amber);;Dana's enemy = enemy(dana);;Bryan's enemy = enemy(bryan);;Elizabeth's parent = parent(elizabeth);;Felicia's child = child(felicia)
