Complexity,Branching,Approach,Representation,questionId,prompt_1,prompt_2,Question,Answer,options,question_universe
3,R,SemanticApproach.EXTENSIONAL,Representation.ENGLISH,0_R_ef0,"Imagine there are six people: Amber, Bryan, Christina, Dana, Elizabeth and Felicia. They have the following relationships to each other:;;;;",;;Here is how to figure out the answer to the following question:;;Who is the enemy of the parent of Amber?;;;;Here are the steps to arrive at the answer:;;1. the parent of Amber = Bryan;;2. the enemy of Bryan = Christina;;;;So the answer is Christina;;;;Now answer the following question:;;Who is the enemy of the friend of Christina? Please answer the question in the same format as the example. End with 'So the answer is [answer]'.,the enemy of the friend of Christina,Elizabeth,Amber;;Bryan;;Christina;;Dana;;Elizabeth;;Felicia,the enemy of Amber = Elizabeth  the friend of Amber = Christina  the parent of Amber = Bryan          the child of Bryan = Amber          ;;the enemy of Bryan = Christina  the friend of Bryan = Felicia    the parent of Dana = Felicia         the child of Christina = Elizabeth  ;;the enemy of Christina = Bryan  the friend of Christina = Amber  the parent of Elizabeth = Christina  the child of Felicia = Dana         ;;the enemy of Dana = Felicia     the friend of Dana = Elizabeth   ;;the enemy of Elizabeth = Amber  the friend of Elizabeth = Dana   ;;the enemy of Felicia = Dana     the friend of Felicia = Bryan    
3,R,SemanticApproach.EXTENSIONAL,Representation.ENGLISH,0_R_fe0,"Imagine there are six people: Amber, Bryan, Christina, Dana, Elizabeth and Felicia. They have the following relationships to each other:;;;;",;;Here is how to figure out the answer to the following question:;;Who is the enemy of the parent of Amber?;;;;Here are the steps to arrive at the answer:;;1. the parent of Amber = Bryan;;2. the enemy of Bryan = Christina;;;;So the answer is Christina;;;;Now answer the following question:;;Who is the friend of the enemy of Christina? Please answer the question in the same format as the example. End with 'So the answer is [answer]'.,the friend of the enemy of Christina,Felicia,Amber;;Bryan;;Christina;;Dana;;Elizabeth;;Felicia,the enemy of Amber = Elizabeth  the friend of Amber = Christina  the parent of Amber = Bryan          the child of Bryan = Amber          ;;the enemy of Bryan = Christina  the friend of Bryan = Felicia    the parent of Dana = Felicia         the child of Christina = Elizabeth  ;;the enemy of Christina = Bryan  the friend of Christina = Amber  the parent of Elizabeth = Christina  the child of Felicia = Dana         ;;the enemy of Dana = Felicia     the friend of Dana = Elizabeth   ;;the enemy of Elizabeth = Amber  the friend of Elizabeth = Dana   ;;the enemy of Felicia = Dana     the friend of Felicia = Bryan    
3,R,SemanticApproach.EXTENSIONAL,Representation.ENGLISH,0_R_ce0,"Imagine there are six people: Amber, Bryan, Christina, Dana, Elizabeth and Felicia. They have the following relationships to each other:;;;;",;;Here is how to figure out the answer to the following question:;;Who is the enemy of the parent of Amber?;;;;Here are the steps to arrive at the answer:;;1. the parent of Amber = Bryan;;2. the enemy of Bryan = Christina;;;;So the answer is Christina;;;;Now answer the following question:;;Who is the child of the enemy of Christina? Please answer the question in the same format as the example. End with 'So the answer is [answer]'.,the child of the enemy of Christina,Amber,Amber;;Bryan;;Christina;;Dana;;Elizabeth;;Felicia,the enemy of Amber = Elizabeth  the friend of Amber = Christina  the parent of Amber = Bryan          the child of Bryan = Amber          ;;the enemy of Bryan = Christina  the friend of Bryan = Felicia    the parent of Dana = Felicia         the child of Christina = Elizabeth  ;;the enemy of Christina = Bryan  the friend of Christina = Amber  the parent of Elizabeth = Christina  the child of Felicia = Dana         ;;the enemy of Dana = Felicia     the friend of Dana = Elizabeth   ;;the enemy of Elizabeth = Amber  the friend of Elizabeth = Dana   ;;the enemy of Felicia = Dana     the friend of Felicia = Bryan    
3,R,SemanticApproach.EXTENSIONAL,Representation.ENGLISH,0_R_fc0,"Imagine there are six people: Amber, Bryan, Christina, Dana, Elizabeth and Felicia. They have the following relationships to each other:;;;;",;;Here is how to figure out the answer to the following question:;;Who is the enemy of the parent of Amber?;;;;Here are the steps to arrive at the answer:;;1. the parent of Amber = Bryan;;2. the enemy of Bryan = Christina;;;;So the answer is Christina;;;;Now answer the following question:;;Who is the friend of the child of Christina? Please answer the question in the same format as the example. End with 'So the answer is [answer]'.,the friend of the child of Christina,Dana,Amber;;Bryan;;Christina;;Dana;;Elizabeth;;Felicia,the enemy of Amber = Elizabeth  the friend of Amber = Christina  the parent of Amber = Bryan          the child of Bryan = Amber          ;;the enemy of Bryan = Christina  the friend of Bryan = Felicia    the parent of Dana = Felicia         the child of Christina = Elizabeth  ;;the enemy of Christina = Bryan  the friend of Christina = Amber  the parent of Elizabeth = Christina  the child of Felicia = Dana         ;;the enemy of Dana = Felicia     the friend of Dana = Elizabeth   ;;the enemy of Elizabeth = Amber  the friend of Elizabeth = Dana   ;;the enemy of Felicia = Dana     the friend of Felicia = Bryan    
3,R,SemanticApproach.EXTENSIONAL,Representation.ENGLISH,0_R_ec0,"Imagine there are six people: Amber, Bryan, Christina, Dana, Elizabeth and Felicia. They have the following relationships to each other:;;;;",;;Here is how to figure out the answer to the following question:;;Who is the enemy of the parent of Amber?;;;;Here are the steps to arrive at the answer:;;1. the parent of Amber = Bryan;;2. the enemy of Bryan = Christina;;;;So the answer is Christina;;;;Now answer the following question:;;Who is the enemy of the child of Christina? Please answer the question in the same format as the example. End with 'So the answer is [answer]'.,the enemy of the child of Christina,Amber,Amber;;Bryan;;Christina;;Dana;;Elizabeth;;Felicia,the enemy of Amber = Elizabeth  the friend of Amber = Christina  the parent of Amber = Bryan          the child of Bryan = Amber          ;;the enemy of Bryan = Christina  the friend of Bryan = Felicia    the parent of Dana = Felicia         the child of Christina = Elizabeth  ;;the enemy of Christina = Bryan  the friend of Christina = Amber  the parent of Elizabeth = Christina  the child of Felicia = Dana         ;;the enemy of Dana = Felicia     the friend of Dana = Elizabeth   ;;the enemy of Elizabeth = Amber  the friend of Elizabeth = Dana   ;;the enemy of Felicia = Dana     the friend of Felicia = Bryan    
3,R,SemanticApproach.EXTENSIONAL,Representation.ENGLISH,0_R_pc0,"Imagine there are six people: Amber, Bryan, Christina, Dana, Elizabeth and Felicia. They have the following relationships to each other:;;;;",;;Here is how to figure out the answer to the following question:;;Who is the enemy of the parent of Amber?;;;;Here are the steps to arrive at the answer:;;1. the parent of Amber = Bryan;;2. the enemy of Bryan = Christina;;;;So the answer is Christina;;;;Now answer the following question:;;Who is the parent of the child of Christina? Please answer the question in the same format as the example. End with 'So the answer is [answer]'.,the parent of the child of Christina,Christina,Amber;;Bryan;;Christina;;Dana;;Elizabeth;;Felicia,the enemy of Amber = Elizabeth  the friend of Amber = Christina  the parent of Amber = Bryan          the child of Bryan = Amber          ;;the enemy of Bryan = Christina  the friend of Bryan = Felicia    the parent of Dana = Felicia         the child of Christina = Elizabeth  ;;the enemy of Christina = Bryan  the friend of Christina = Amber  the parent of Elizabeth = Christina  the child of Felicia = Dana         ;;the enemy of Dana = Felicia     the friend of Dana = Elizabeth   ;;the enemy of Elizabeth = Amber  the friend of Elizabeth = Dana   ;;the enemy of Felicia = Dana     the friend of Felicia = Bryan    
3,R,SemanticApproach.EXTENSIONAL,Representation.ENGLISH,0_R_ff1,"Imagine there are six people: Amber, Bryan, Christina, Dana, Elizabeth and Felicia. They have the following relationships to each other:;;;;",;;Here is how to figure out the answer to the following question:;;Who is the enemy of the parent of Amber?;;;;Here are the steps to arrive at the answer:;;1. the parent of Amber = Bryan;;2. the enemy of Bryan = Christina;;;;So the answer is Christina;;;;Now answer the following question:;;Who is the friend of the friend of Amber? Please answer the question in the same format as the example. End with 'So the answer is [answer]'.,the friend of the friend of Amber,Amber,Amber;;Bryan;;Christina;;Dana;;Elizabeth;;Felicia,the enemy of Amber = Elizabeth  the friend of Amber = Christina  the parent of Amber = Bryan          the child of Bryan = Amber          ;;the enemy of Bryan = Christina  the friend of Bryan = Felicia    the parent of Dana = Felicia         the child of Christina = Elizabeth  ;;the enemy of Christina = Bryan  the friend of Christina = Amber  the parent of Elizabeth = Christina  the child of Felicia = Dana         ;;the enemy of Dana = Felicia     the friend of Dana = Elizabeth   ;;the enemy of Elizabeth = Amber  the friend of Elizabeth = Dana   ;;the enemy of Felicia = Dana     the friend of Felicia = Bryan    
3,R,SemanticApproach.EXTENSIONAL,Representation.ENGLISH,0_R_ef1,"Imagine there are six people: Amber, Bryan, Christina, Dana, Elizabeth and Felicia. They have the following relationships to each other:;;;;",;;Here is how to figure out the answer to the following question:;;Who is the enemy of the parent of Amber?;;;;Here are the steps to arrive at the answer:;;1. the parent of Amber = Bryan;;2. the enemy of Bryan = Christina;;;;So the answer is Christina;;;;Now answer the following question:;;Who is the enemy of the friend of Amber? Please answer the question in the same format as the example. End with 'So the answer is [answer]'.,the enemy of the friend of Amber,Bryan,Amber;;Bryan;;Christina;;Dana;;Elizabeth;;Felicia,the enemy of Amber = Elizabeth  the friend of Amber = Christina  the parent of Amber = Bryan          the child of Bryan = Amber          ;;the enemy of Bryan = Christina  the friend of Bryan = Felicia    the parent of Dana = Felicia         the child of Christina = Elizabeth  ;;the enemy of Christina = Bryan  the friend of Christina = Amber  the parent of Elizabeth = Christina  the child of Felicia = Dana         ;;the enemy of Dana = Felicia     the friend of Dana = Elizabeth   ;;the enemy of Elizabeth = Amber  the friend of Elizabeth = Dana   ;;the enemy of Felicia = Dana     the friend of Felicia = Bryan    
3,R,SemanticApproach.EXTENSIONAL,Representation.ENGLISH,0_R_cf1,"Imagine there are six people: Amber, Bryan, Christina, Dana, Elizabeth and Felicia. They have the following relationships to each other:;;;;",;;Here is how to figure out the answer to the following question:;;Who is the enemy of the parent of Amber?;;;;Here are the steps to arrive at the answer:;;1. the parent of Amber = Bryan;;2. the enemy of Bryan = Christina;;;;So the answer is Christina;;;;Now answer the following question:;;Who is the child of the friend of Amber? Please answer the question in the same format as the example. End with 'So the answer is [answer]'.,the child of the friend of Amber,Elizabeth,Amber;;Bryan;;Christina;;Dana;;Elizabeth;;Felicia,the enemy of Amber = Elizabeth  the friend of Amber = Christina  the parent of Amber = Bryan          the child of Bryan = Amber          ;;the enemy of Bryan = Christina  the friend of Bryan = Felicia    the parent of Dana = Felicia         the child of Christina = Elizabeth  ;;the enemy of Christina = Bryan  the friend of Christina = Amber  the parent of Elizabeth = Christina  the child of Felicia = Dana         ;;the enemy of Dana = Felicia     the friend of Dana = Elizabeth   ;;the enemy of Elizabeth = Amber  the friend of Elizabeth = Dana   ;;the enemy of Felicia = Dana     the friend of Felicia = Bryan    
3,R,SemanticApproach.EXTENSIONAL,Representation.ENGLISH,0_R_ee1,"Imagine there are six people: Amber, Bryan, Christina, Dana, Elizabeth and Felicia. They have the following relationships to each other:;;;;",;;Here is how to figure out the answer to the following question:;;Who is the enemy of the parent of Amber?;;;;Here are the steps to arrive at the answer:;;1. the parent of Amber = Bryan;;2. the enemy of Bryan = Christina;;;;So the answer is Christina;;;;Now answer the following question:;;Who is the enemy of the enemy of Amber? Please answer the question in the same format as the example. End with 'So the answer is [answer]'.,the enemy of the enemy of Amber,Amber,Amber;;Bryan;;Christina;;Dana;;Elizabeth;;Felicia,the enemy of Amber = Elizabeth  the friend of Amber = Christina  the parent of Amber = Bryan          the child of Bryan = Amber          ;;the enemy of Bryan = Christina  the friend of Bryan = Felicia    the parent of Dana = Felicia         the child of Christina = Elizabeth  ;;the enemy of Christina = Bryan  the friend of Christina = Amber  the parent of Elizabeth = Christina  the child of Felicia = Dana         ;;the enemy of Dana = Felicia     the friend of Dana = Elizabeth   ;;the enemy of Elizabeth = Amber  the friend of Elizabeth = Dana   ;;the enemy of Felicia = Dana     the friend of Felicia = Bryan    
3,R,SemanticApproach.EXTENSIONAL,Representation.ENGLISH,0_R_pe1,"Imagine there are six people: Amber, Bryan, Christina, Dana, Elizabeth and Felicia. They have the following relationships to each other:;;;;",;;Here is how to figure out the answer to the following question:;;Who is the enemy of the parent of Amber?;;;;Here are the steps to arrive at the answer:;;1. the parent of Amber = Bryan;;2. the enemy of Bryan = Christina;;;;So the answer is Christina;;;;Now answer the following question:;;Who is the parent of the enemy of Amber? Please answer the question in the same format as the example. End with 'So the answer is [answer]'.,the parent of the enemy of Amber,Christina,Amber;;Bryan;;Christina;;Dana;;Elizabeth;;Felicia,the enemy of Amber = Elizabeth  the friend of Amber = Christina  the parent of Amber = Bryan          the child of Bryan = Amber          ;;the enemy of Bryan = Christina  the friend of Bryan = Felicia    the parent of Dana = Felicia         the child of Christina = Elizabeth  ;;the enemy of Christina = Bryan  the friend of Christina = Amber  the parent of Elizabeth = Christina  the child of Felicia = Dana         ;;the enemy of Dana = Felicia     the friend of Dana = Elizabeth   ;;the enemy of Elizabeth = Amber  the friend of Elizabeth = Dana   ;;the enemy of Felicia = Dana     the friend of Felicia = Bryan    
3,R,SemanticApproach.EXTENSIONAL,Representation.ENGLISH,0_R_ff2,"Imagine there are six people: Amber, Bryan, Christina, Dana, Elizabeth and Felicia. They have the following relationships to each other:;;;;",;;Here is how to figure out the answer to the following question:;;Who is the enemy of the parent of Amber?;;;;Here are the steps to arrive at the answer:;;1. the parent of Amber = Bryan;;2. the enemy of Bryan = Christina;;;;So the answer is Christina;;;;Now answer the following question:;;Who is the friend of the friend of Dana? Please answer the question in the same format as the example. End with 'So the answer is [answer]'.,the friend of the friend of Dana,Dana,Amber;;Bryan;;Christina;;Dana;;Elizabeth;;Felicia,the enemy of Amber = Elizabeth  the friend of Amber = Christina  the parent of Amber = Bryan          the child of Bryan = Amber          ;;the enemy of Bryan = Christina  the friend of Bryan = Felicia    the parent of Dana = Felicia         the child of Christina = Elizabeth  ;;the enemy of Christina = Bryan  the friend of Christina = Amber  the parent of Elizabeth = Christina  the child of Felicia = Dana         ;;the enemy of Dana = Felicia     the friend of Dana = Elizabeth   ;;the enemy of Elizabeth = Amber  the friend of Elizabeth = Dana   ;;the enemy of Felicia = Dana     the friend of Felicia = Bryan    
3,R,SemanticApproach.EXTENSIONAL,Representation.ENGLISH,0_R_ef2,"Imagine there are six people: Amber, Bryan, Christina, Dana, Elizabeth and Felicia. They have the following relationships to each other:;;;;",;;Here is how to figure out the answer to the following question:;;Who is the enemy of the parent of Amber?;;;;Here are the steps to arrive at the answer:;;1. the parent of Amber = Bryan;;2. the enemy of Bryan = Christina;;;;So the answer is Christina;;;;Now answer the following question:;;Who is the enemy of the friend of Dana? Please answer the question in the same format as the example. End with 'So the answer is [answer]'.,the enemy of the friend of Dana,Amber,Amber;;Bryan;;Christina;;Dana;;Elizabeth;;Felicia,the enemy of Amber = Elizabeth  the friend of Amber = Christina  the parent of Amber = Bryan          the child of Bryan = Amber          ;;the enemy of Bryan = Christina  the friend of Bryan = Felicia    the parent of Dana = Felicia         the child of Christina = Elizabeth  ;;the enemy of Christina = Bryan  the friend of Christina = Amber  the parent of Elizabeth = Christina  the child of Felicia = Dana         ;;the enemy of Dana = Felicia     the friend of Dana = Elizabeth   ;;the enemy of Elizabeth = Amber  the friend of Elizabeth = Dana   ;;the enemy of Felicia = Dana     the friend of Felicia = Bryan    
3,R,SemanticApproach.EXTENSIONAL,Representation.ENGLISH,0_R_pf2,"Imagine there are six people: Amber, Bryan, Christina, Dana, Elizabeth and Felicia. They have the following relationships to each other:;;;;",;;Here is how to figure out the answer to the following question:;;Who is the enemy of the parent of Amber?;;;;Here are the steps to arrive at the answer:;;1. the parent of Amber = Bryan;;2. the enemy of Bryan = Christina;;;;So the answer is Christina;;;;Now answer the following question:;;Who is the parent of the friend of Dana? Please answer the question in the same format as the example. End with 'So the answer is [answer]'.,the parent of the friend of Dana,Christina,Amber;;Bryan;;Christina;;Dana;;Elizabeth;;Felicia,the enemy of Amber = Elizabeth  the friend of Amber = Christina  the parent of Amber = Bryan          the child of Bryan = Amber          ;;the enemy of Bryan = Christina  the friend of Bryan = Felicia    the parent of Dana = Felicia         the child of Christina = Elizabeth  ;;the enemy of Christina = Bryan  the friend of Christina = Amber  the parent of Elizabeth = Christina  the child of Felicia = Dana         ;;the enemy of Dana = Felicia     the friend of Dana = Elizabeth   ;;the enemy of Elizabeth = Amber  the friend of Elizabeth = Dana   ;;the enemy of Felicia = Dana     the friend of Felicia = Bryan    
3,R,SemanticApproach.EXTENSIONAL,Representation.ENGLISH,0_R_fe2,"Imagine there are six people: Amber, Bryan, Christina, Dana, Elizabeth and Felicia. They have the following relationships to each other:;;;;",;;Here is how to figure out the answer to the following question:;;Who is the enemy of the parent of Amber?;;;;Here are the steps to arrive at the answer:;;1. the parent of Amber = Bryan;;2. the enemy of Bryan = Christina;;;;So the answer is Christina;;;;Now answer the following question:;;Who is the friend of the enemy of Dana? Please answer the question in the same format as the example. End with 'So the answer is [answer]'.,the friend of the enemy of Dana,Bryan,Amber;;Bryan;;Christina;;Dana;;Elizabeth;;Felicia,the enemy of Amber = Elizabeth  the friend of Amber = Christina  the parent of Amber = Bryan          the child of Bryan = Amber          ;;the enemy of Bryan = Christina  the friend of Bryan = Felicia    the parent of Dana = Felicia         the child of Christina = Elizabeth  ;;the enemy of Christina = Bryan  the friend of Christina = Amber  the parent of Elizabeth = Christina  the child of Felicia = Dana         ;;the enemy of Dana = Felicia     the friend of Dana = Elizabeth   ;;the enemy of Elizabeth = Amber  the friend of Elizabeth = Dana   ;;the enemy of Felicia = Dana     the friend of Felicia = Bryan    
3,R,SemanticApproach.EXTENSIONAL,Representation.ENGLISH,0_R_ee2,"Imagine there are six people: Amber, Bryan, Christina, Dana, Elizabeth and Felicia. They have the following relationships to each other:;;;;",;;Here is how to figure out the answer to the following question:;;Who is the enemy of the parent of Amber?;;;;Here are the steps to arrive at the answer:;;1. the parent of Amber = Bryan;;2. the enemy of Bryan = Christina;;;;So the answer is Christina;;;;Now answer the following question:;;Who is the enemy of the enemy of Dana? Please answer the question in the same format as the example. End with 'So the answer is [answer]'.,the enemy of the enemy of Dana,Dana,Amber;;Bryan;;Christina;;Dana;;Elizabeth;;Felicia,the enemy of Amber = Elizabeth  the friend of Amber = Christina  the parent of Amber = Bryan          the child of Bryan = Amber          ;;the enemy of Bryan = Christina  the friend of Bryan = Felicia    the parent of Dana = Felicia         the child of Christina = Elizabeth  ;;the enemy of Christina = Bryan  the friend of Christina = Amber  the parent of Elizabeth = Christina  the child of Felicia = Dana         ;;the enemy of Dana = Felicia     the friend of Dana = Elizabeth   ;;the enemy of Elizabeth = Amber  the friend of Elizabeth = Dana   ;;the enemy of Felicia = Dana     the friend of Felicia = Bryan    
3,R,SemanticApproach.EXTENSIONAL,Representation.ENGLISH,0_R_ce2,"Imagine there are six people: Amber, Bryan, Christina, Dana, Elizabeth and Felicia. They have the following relationships to each other:;;;;",;;Here is how to figure out the answer to the following question:;;Who is the enemy of the parent of Amber?;;;;Here are the steps to arrive at the answer:;;1. the parent of Amber = Bryan;;2. the enemy of Bryan = Christina;;;;So the answer is Christina;;;;Now answer the following question:;;Who is the child of the enemy of Dana? Please answer the question in the same format as the example. End with 'So the answer is [answer]'.,the child of the enemy of Dana,Dana,Amber;;Bryan;;Christina;;Dana;;Elizabeth;;Felicia,the enemy of Amber = Elizabeth  the friend of Amber = Christina  the parent of Amber = Bryan          the child of Bryan = Amber          ;;the enemy of Bryan = Christina  the friend of Bryan = Felicia    the parent of Dana = Felicia         the child of Christina = Elizabeth  ;;the enemy of Christina = Bryan  the friend of Christina = Amber  the parent of Elizabeth = Christina  the child of Felicia = Dana         ;;the enemy of Dana = Felicia     the friend of Dana = Elizabeth   ;;the enemy of Elizabeth = Amber  the friend of Elizabeth = Dana   ;;the enemy of Felicia = Dana     the friend of Felicia = Bryan    
3,R,SemanticApproach.EXTENSIONAL,Representation.ENGLISH,0_R_fp2,"Imagine there are six people: Amber, Bryan, Christina, Dana, Elizabeth and Felicia. They have the following relationships to each other:;;;;",;;Here is how to figure out the answer to the following question:;;Who is the enemy of the parent of Amber?;;;;Here are the steps to arrive at the answer:;;1. the parent of Amber = Bryan;;2. the enemy of Bryan = Christina;;;;So the answer is Christina;;;;Now answer the following question:;;Who is the friend of the parent of Dana? Please answer the question in the same format as the example. End with 'So the answer is [answer]'.,the friend of the parent of Dana,Bryan,Amber;;Bryan;;Christina;;Dana;;Elizabeth;;Felicia,the enemy of Amber = Elizabeth  the friend of Amber = Christina  the parent of Amber = Bryan          the child of Bryan = Amber          ;;the enemy of Bryan = Christina  the friend of Bryan = Felicia    the parent of Dana = Felicia         the child of Christina = Elizabeth  ;;the enemy of Christina = Bryan  the friend of Christina = Amber  the parent of Elizabeth = Christina  the child of Felicia = Dana         ;;the enemy of Dana = Felicia     the friend of Dana = Elizabeth   ;;the enemy of Elizabeth = Amber  the friend of Elizabeth = Dana   ;;the enemy of Felicia = Dana     the friend of Felicia = Bryan    
3,R,SemanticApproach.EXTENSIONAL,Representation.ENGLISH,0_R_ep2,"Imagine there are six people: Amber, Bryan, Christina, Dana, Elizabeth and Felicia. They have the following relationships to each other:;;;;",;;Here is how to figure out the answer to the following question:;;Who is the enemy of the parent of Amber?;;;;Here are the steps to arrive at the answer:;;1. the parent of Amber = Bryan;;2. the enemy of Bryan = Christina;;;;So the answer is Christina;;;;Now answer the following question:;;Who is the enemy of the parent of Dana? Please answer the question in the same format as the example. End with 'So the answer is [answer]'.,the enemy of the parent of Dana,Dana,Amber;;Bryan;;Christina;;Dana;;Elizabeth;;Felicia,the enemy of Amber = Elizabeth  the friend of Amber = Christina  the parent of Amber = Bryan          the child of Bryan = Amber          ;;the enemy of Bryan = Christina  the friend of Bryan = Felicia    the parent of Dana = Felicia         the child of Christina = Elizabeth  ;;the enemy of Christina = Bryan  the friend of Christina = Amber  the parent of Elizabeth = Christina  the child of Felicia = Dana         ;;the enemy of Dana = Felicia     the friend of Dana = Elizabeth   ;;the enemy of Elizabeth = Amber  the friend of Elizabeth = Dana   ;;the enemy of Felicia = Dana     the friend of Felicia = Bryan    
3,R,SemanticApproach.EXTENSIONAL,Representation.ENGLISH,0_R_cp2,"Imagine there are six people: Amber, Bryan, Christina, Dana, Elizabeth and Felicia. They have the following relationships to each other:;;;;",;;Here is how to figure out the answer to the following question:;;Who is the enemy of the parent of Amber?;;;;Here are the steps to arrive at the answer:;;1. the parent of Amber = Bryan;;2. the enemy of Bryan = Christina;;;;So the answer is Christina;;;;Now answer the following question:;;Who is the child of the parent of Dana? Please answer the question in the same format as the example. End with 'So the answer is [answer]'.,the child of the parent of Dana,Dana,Amber;;Bryan;;Christina;;Dana;;Elizabeth;;Felicia,the enemy of Amber = Elizabeth  the friend of Amber = Christina  the parent of Amber = Bryan          the child of Bryan = Amber          ;;the enemy of Bryan = Christina  the friend of Bryan = Felicia    the parent of Dana = Felicia         the child of Christina = Elizabeth  ;;the enemy of Christina = Bryan  the friend of Christina = Amber  the parent of Elizabeth = Christina  the child of Felicia = Dana         ;;the enemy of Dana = Felicia     the friend of Dana = Elizabeth   ;;the enemy of Elizabeth = Amber  the friend of Elizabeth = Dana   ;;the enemy of Felicia = Dana     the friend of Felicia = Bryan    
3,R,SemanticApproach.EXTENSIONAL,Representation.ENGLISH,0_R_ff3,"Imagine there are six people: Amber, Bryan, Christina, Dana, Elizabeth and Felicia. They have the following relationships to each other:;;;;",;;Here is how to figure out the answer to the following question:;;Who is the enemy of the parent of Amber?;;;;Here are the steps to arrive at the answer:;;1. the parent of Amber = Bryan;;2. the enemy of Bryan = Christina;;;;So the answer is Christina;;;;Now answer the following question:;;Who is the friend of the friend of Bryan? Please answer the question in the same format as the example. End with 'So the answer is [answer]'.,the friend of the friend of Bryan,Bryan,Amber;;Bryan;;Christina;;Dana;;Elizabeth;;Felicia,the enemy of Amber = Elizabeth  the friend of Amber = Christina  the parent of Amber = Bryan          the child of Bryan = Amber          ;;the enemy of Bryan = Christina  the friend of Bryan = Felicia    the parent of Dana = Felicia         the child of Christina = Elizabeth  ;;the enemy of Christina = Bryan  the friend of Christina = Amber  the parent of Elizabeth = Christina  the child of Felicia = Dana         ;;the enemy of Dana = Felicia     the friend of Dana = Elizabeth   ;;the enemy of Elizabeth = Amber  the friend of Elizabeth = Dana   ;;the enemy of Felicia = Dana     the friend of Felicia = Bryan    
3,R,SemanticApproach.EXTENSIONAL,Representation.ENGLISH,0_R_ef3,"Imagine there are six people: Amber, Bryan, Christina, Dana, Elizabeth and Felicia. They have the following relationships to each other:;;;;",;;Here is how to figure out the answer to the following question:;;Who is the enemy of the parent of Amber?;;;;Here are the steps to arrive at the answer:;;1. the parent of Amber = Bryan;;2. the enemy of Bryan = Christina;;;;So the answer is Christina;;;;Now answer the following question:;;Who is the enemy of the friend of Bryan? Please answer the question in the same format as the example. End with 'So the answer is [answer]'.,the enemy of the friend of Bryan,Dana,Amber;;Bryan;;Christina;;Dana;;Elizabeth;;Felicia,the enemy of Amber = Elizabeth  the friend of Amber = Christina  the parent of Amber = Bryan          the child of Bryan = Amber          ;;the enemy of Bryan = Christina  the friend of Bryan = Felicia    the parent of Dana = Felicia         the child of Christina = Elizabeth  ;;the enemy of Christina = Bryan  the friend of Christina = Amber  the parent of Elizabeth = Christina  the child of Felicia = Dana         ;;the enemy of Dana = Felicia     the friend of Dana = Elizabeth   ;;the enemy of Elizabeth = Amber  the friend of Elizabeth = Dana   ;;the enemy of Felicia = Dana     the friend of Felicia = Bryan    
3,R,SemanticApproach.EXTENSIONAL,Representation.ENGLISH,0_R_fc3,"Imagine there are six people: Amber, Bryan, Christina, Dana, Elizabeth and Felicia. They have the following relationships to each other:;;;;",;;Here is how to figure out the answer to the following question:;;Who is the enemy of the parent of Amber?;;;;Here are the steps to arrive at the answer:;;1. the parent of Amber = Bryan;;2. the enemy of Bryan = Christina;;;;So the answer is Christina;;;;Now answer the following question:;;Who is the friend of the child of Bryan? Please answer the question in the same format as the example. End with 'So the answer is [answer]'.,the friend of the child of Bryan,Christina,Amber;;Bryan;;Christina;;Dana;;Elizabeth;;Felicia,the enemy of Amber = Elizabeth  the friend of Amber = Christina  the parent of Amber = Bryan          the child of Bryan = Amber          ;;the enemy of Bryan = Christina  the friend of Bryan = Felicia    the parent of Dana = Felicia         the child of Christina = Elizabeth  ;;the enemy of Christina = Bryan  the friend of Christina = Amber  the parent of Elizabeth = Christina  the child of Felicia = Dana         ;;the enemy of Dana = Felicia     the friend of Dana = Elizabeth   ;;the enemy of Elizabeth = Amber  the friend of Elizabeth = Dana   ;;the enemy of Felicia = Dana     the friend of Felicia = Bryan    
3,R,SemanticApproach.EXTENSIONAL,Representation.ENGLISH,0_R_ec3,"Imagine there are six people: Amber, Bryan, Christina, Dana, Elizabeth and Felicia. They have the following relationships to each other:;;;;",;;Here is how to figure out the answer to the following question:;;Who is the enemy of the parent of Amber?;;;;Here are the steps to arrive at the answer:;;1. the parent of Amber = Bryan;;2. the enemy of Bryan = Christina;;;;So the answer is Christina;;;;Now answer the following question:;;Who is the enemy of the child of Bryan? Please answer the question in the same format as the example. End with 'So the answer is [answer]'.,the enemy of the child of Bryan,Elizabeth,Amber;;Bryan;;Christina;;Dana;;Elizabeth;;Felicia,the enemy of Amber = Elizabeth  the friend of Amber = Christina  the parent of Amber = Bryan          the child of Bryan = Amber          ;;the enemy of Bryan = Christina  the friend of Bryan = Felicia    the parent of Dana = Felicia         the child of Christina = Elizabeth  ;;the enemy of Christina = Bryan  the friend of Christina = Amber  the parent of Elizabeth = Christina  the child of Felicia = Dana         ;;the enemy of Dana = Felicia     the friend of Dana = Elizabeth   ;;the enemy of Elizabeth = Amber  the friend of Elizabeth = Dana   ;;the enemy of Felicia = Dana     the friend of Felicia = Bryan    
3,R,SemanticApproach.EXTENSIONAL,Representation.ENGLISH,0_R_ff4,"Imagine there are six people: Amber, Bryan, Christina, Dana, Elizabeth and Felicia. They have the following relationships to each other:;;;;",;;Here is how to figure out the answer to the following question:;;Who is the enemy of the parent of Amber?;;;;Here are the steps to arrive at the answer:;;1. the parent of Amber = Bryan;;2. the enemy of Bryan = Christina;;;;So the answer is Christina;;;;Now answer the following question:;;Who is the friend of the friend of Elizabeth? Please answer the question in the same format as the example. End with 'So the answer is [answer]'.,the friend of the friend of Elizabeth,Elizabeth,Amber;;Bryan;;Christina;;Dana;;Elizabeth;;Felicia,the enemy of Amber = Elizabeth  the friend of Amber = Christina  the parent of Amber = Bryan          the child of Bryan = Amber          ;;the enemy of Bryan = Christina  the friend of Bryan = Felicia    the parent of Dana = Felicia         the child of Christina = Elizabeth  ;;the enemy of Christina = Bryan  the friend of Christina = Amber  the parent of Elizabeth = Christina  the child of Felicia = Dana         ;;the enemy of Dana = Felicia     the friend of Dana = Elizabeth   ;;the enemy of Elizabeth = Amber  the friend of Elizabeth = Dana   ;;the enemy of Felicia = Dana     the friend of Felicia = Bryan    
3,R,SemanticApproach.EXTENSIONAL,Representation.ENGLISH,0_R_ef4,"Imagine there are six people: Amber, Bryan, Christina, Dana, Elizabeth and Felicia. They have the following relationships to each other:;;;;",;;Here is how to figure out the answer to the following question:;;Who is the enemy of the parent of Amber?;;;;Here are the steps to arrive at the answer:;;1. the parent of Amber = Bryan;;2. the enemy of Bryan = Christina;;;;So the answer is Christina;;;;Now answer the following question:;;Who is the enemy of the friend of Elizabeth? Please answer the question in the same format as the example. End with 'So the answer is [answer]'.,the enemy of the friend of Elizabeth,Felicia,Amber;;Bryan;;Christina;;Dana;;Elizabeth;;Felicia,the enemy of Amber = Elizabeth  the friend of Amber = Christina  the parent of Amber = Bryan          the child of Bryan = Amber          ;;the enemy of Bryan = Christina  the friend of Bryan = Felicia    the parent of Dana = Felicia         the child of Christina = Elizabeth  ;;the enemy of Christina = Bryan  the friend of Christina = Amber  the parent of Elizabeth = Christina  the child of Felicia = Dana         ;;the enemy of Dana = Felicia     the friend of Dana = Elizabeth   ;;the enemy of Elizabeth = Amber  the friend of Elizabeth = Dana   ;;the enemy of Felicia = Dana     the friend of Felicia = Bryan    
3,R,SemanticApproach.EXTENSIONAL,Representation.ENGLISH,0_R_pf4,"Imagine there are six people: Amber, Bryan, Christina, Dana, Elizabeth and Felicia. They have the following relationships to each other:;;;;",;;Here is how to figure out the answer to the following question:;;Who is the enemy of the parent of Amber?;;;;Here are the steps to arrive at the answer:;;1. the parent of Amber = Bryan;;2. the enemy of Bryan = Christina;;;;So the answer is Christina;;;;Now answer the following question:;;Who is the parent of the friend of Elizabeth? Please answer the question in the same format as the example. End with 'So the answer is [answer]'.,the parent of the friend of Elizabeth,Felicia,Amber;;Bryan;;Christina;;Dana;;Elizabeth;;Felicia,the enemy of Amber = Elizabeth  the friend of Amber = Christina  the parent of Amber = Bryan          the child of Bryan = Amber          ;;the enemy of Bryan = Christina  the friend of Bryan = Felicia    the parent of Dana = Felicia         the child of Christina = Elizabeth  ;;the enemy of Christina = Bryan  the friend of Christina = Amber  the parent of Elizabeth = Christina  the child of Felicia = Dana         ;;the enemy of Dana = Felicia     the friend of Dana = Elizabeth   ;;the enemy of Elizabeth = Amber  the friend of Elizabeth = Dana   ;;the enemy of Felicia = Dana     the friend of Felicia = Bryan    
3,R,SemanticApproach.EXTENSIONAL,Representation.ENGLISH,0_R_fe4,"Imagine there are six people: Amber, Bryan, Christina, Dana, Elizabeth and Felicia. They have the following relationships to each other:;;;;",;;Here is how to figure out the answer to the following question:;;Who is the enemy of the parent of Amber?;;;;Here are the steps to arrive at the answer:;;1. the parent of Amber = Bryan;;2. the enemy of Bryan = Christina;;;;So the answer is Christina;;;;Now answer the following question:;;Who is the friend of the enemy of Elizabeth? Please answer the question in the same format as the example. End with 'So the answer is [answer]'.,the friend of the enemy of Elizabeth,Christina,Amber;;Bryan;;Christina;;Dana;;Elizabeth;;Felicia,the enemy of Amber = Elizabeth  the friend of Amber = Christina  the parent of Amber = Bryan          the child of Bryan = Amber          ;;the enemy of Bryan = Christina  the friend of Bryan = Felicia    the parent of Dana = Felicia         the child of Christina = Elizabeth  ;;the enemy of Christina = Bryan  the friend of Christina = Amber  the parent of Elizabeth = Christina  the child of Felicia = Dana         ;;the enemy of Dana = Felicia     the friend of Dana = Elizabeth   ;;the enemy of Elizabeth = Amber  the friend of Elizabeth = Dana   ;;the enemy of Felicia = Dana     the friend of Felicia = Bryan    
3,R,SemanticApproach.EXTENSIONAL,Representation.ENGLISH,0_R_ee4,"Imagine there are six people: Amber, Bryan, Christina, Dana, Elizabeth and Felicia. They have the following relationships to each other:;;;;",;;Here is how to figure out the answer to the following question:;;Who is the enemy of the parent of Amber?;;;;Here are the steps to arrive at the answer:;;1. the parent of Amber = Bryan;;2. the enemy of Bryan = Christina;;;;So the answer is Christina;;;;Now answer the following question:;;Who is the enemy of the enemy of Elizabeth? Please answer the question in the same format as the example. End with 'So the answer is [answer]'.,the enemy of the enemy of Elizabeth,Elizabeth,Amber;;Bryan;;Christina;;Dana;;Elizabeth;;Felicia,the enemy of Amber = Elizabeth  the friend of Amber = Christina  the parent of Amber = Bryan          the child of Bryan = Amber          ;;the enemy of Bryan = Christina  the friend of Bryan = Felicia    the parent of Dana = Felicia         the child of Christina = Elizabeth  ;;the enemy of Christina = Bryan  the friend of Christina = Amber  the parent of Elizabeth = Christina  the child of Felicia = Dana         ;;the enemy of Dana = Felicia     the friend of Dana = Elizabeth   ;;the enemy of Elizabeth = Amber  the friend of Elizabeth = Dana   ;;the enemy of Felicia = Dana     the friend of Felicia = Bryan    
3,R,SemanticApproach.EXTENSIONAL,Representation.ENGLISH,0_R_fp4,"Imagine there are six people: Amber, Bryan, Christina, Dana, Elizabeth and Felicia. They have the following relationships to each other:;;;;",;;Here is how to figure out the answer to the following question:;;Who is the enemy of the parent of Amber?;;;;Here are the steps to arrive at the answer:;;1. the parent of Amber = Bryan;;2. the enemy of Bryan = Christina;;;;So the answer is Christina;;;;Now answer the following question:;;Who is the friend of the parent of Elizabeth? Please answer the question in the same format as the example. End with 'So the answer is [answer]'.,the friend of the parent of Elizabeth,Amber,Amber;;Bryan;;Christina;;Dana;;Elizabeth;;Felicia,the enemy of Amber = Elizabeth  the friend of Amber = Christina  the parent of Amber = Bryan          the child of Bryan = Amber          ;;the enemy of Bryan = Christina  the friend of Bryan = Felicia    the parent of Dana = Felicia         the child of Christina = Elizabeth  ;;the enemy of Christina = Bryan  the friend of Christina = Amber  the parent of Elizabeth = Christina  the child of Felicia = Dana         ;;the enemy of Dana = Felicia     the friend of Dana = Elizabeth   ;;the enemy of Elizabeth = Amber  the friend of Elizabeth = Dana   ;;the enemy of Felicia = Dana     the friend of Felicia = Bryan    
3,R,SemanticApproach.EXTENSIONAL,Representation.ENGLISH,0_R_ep4,"Imagine there are six people: Amber, Bryan, Christina, Dana, Elizabeth and Felicia. They have the following relationships to each other:;;;;",;;Here is how to figure out the answer to the following question:;;Who is the enemy of the parent of Amber?;;;;Here are the steps to arrive at the answer:;;1. the parent of Amber = Bryan;;2. the enemy of Bryan = Christina;;;;So the answer is Christina;;;;Now answer the following question:;;Who is the enemy of the parent of Elizabeth? Please answer the question in the same format as the example. End with 'So the answer is [answer]'.,the enemy of the parent of Elizabeth,Bryan,Amber;;Bryan;;Christina;;Dana;;Elizabeth;;Felicia,the enemy of Amber = Elizabeth  the friend of Amber = Christina  the parent of Amber = Bryan          the child of Bryan = Amber          ;;the enemy of Bryan = Christina  the friend of Bryan = Felicia    the parent of Dana = Felicia         the child of Christina = Elizabeth  ;;the enemy of Christina = Bryan  the friend of Christina = Amber  the parent of Elizabeth = Christina  the child of Felicia = Dana         ;;the enemy of Dana = Felicia     the friend of Dana = Elizabeth   ;;the enemy of Elizabeth = Amber  the friend of Elizabeth = Dana   ;;the enemy of Felicia = Dana     the friend of Felicia = Bryan    
3,R,SemanticApproach.EXTENSIONAL,Representation.ENGLISH,0_R_cp4,"Imagine there are six people: Amber, Bryan, Christina, Dana, Elizabeth and Felicia. They have the following relationships to each other:;;;;",;;Here is how to figure out the answer to the following question:;;Who is the enemy of the parent of Amber?;;;;Here are the steps to arrive at the answer:;;1. the parent of Amber = Bryan;;2. the enemy of Bryan = Christina;;;;So the answer is Christina;;;;Now answer the following question:;;Who is the child of the parent of Elizabeth? Please answer the question in the same format as the example. End with 'So the answer is [answer]'.,the child of the parent of Elizabeth,Elizabeth,Amber;;Bryan;;Christina;;Dana;;Elizabeth;;Felicia,the enemy of Amber = Elizabeth  the friend of Amber = Christina  the parent of Amber = Bryan          the child of Bryan = Amber          ;;the enemy of Bryan = Christina  the friend of Bryan = Felicia    the parent of Dana = Felicia         the child of Christina = Elizabeth  ;;the enemy of Christina = Bryan  the friend of Christina = Amber  the parent of Elizabeth = Christina  the child of Felicia = Dana         ;;the enemy of Dana = Felicia     the friend of Dana = Elizabeth   ;;the enemy of Elizabeth = Amber  the friend of Elizabeth = Dana   ;;the enemy of Felicia = Dana     the friend of Felicia = Bryan    
3,R,SemanticApproach.EXTENSIONAL,Representation.ENGLISH,0_R_ff5,"Imagine there are six people: Amber, Bryan, Christina, Dana, Elizabeth and Felicia. They have the following relationships to each other:;;;;",;;Here is how to figure out the answer to the following question:;;Who is the enemy of the parent of Amber?;;;;Here are the steps to arrive at the answer:;;1. the parent of Amber = Bryan;;2. the enemy of Bryan = Christina;;;;So the answer is Christina;;;;Now answer the following question:;;Who is the friend of the friend of Felicia? Please answer the question in the same format as the example. End with 'So the answer is [answer]'.,the friend of the friend of Felicia,Felicia,Amber;;Bryan;;Christina;;Dana;;Elizabeth;;Felicia,the enemy of Amber = Elizabeth  the friend of Amber = Christina  the parent of Amber = Bryan          the child of Bryan = Amber          ;;the enemy of Bryan = Christina  the friend of Bryan = Felicia    the parent of Dana = Felicia         the child of Christina = Elizabeth  ;;the enemy of Christina = Bryan  the friend of Christina = Amber  the parent of Elizabeth = Christina  the child of Felicia = Dana         ;;the enemy of Dana = Felicia     the friend of Dana = Elizabeth   ;;the enemy of Elizabeth = Amber  the friend of Elizabeth = Dana   ;;the enemy of Felicia = Dana     the friend of Felicia = Bryan    
3,R,SemanticApproach.EXTENSIONAL,Representation.ENGLISH,0_R_cf5,"Imagine there are six people: Amber, Bryan, Christina, Dana, Elizabeth and Felicia. They have the following relationships to each other:;;;;",;;Here is how to figure out the answer to the following question:;;Who is the enemy of the parent of Amber?;;;;Here are the steps to arrive at the answer:;;1. the parent of Amber = Bryan;;2. the enemy of Bryan = Christina;;;;So the answer is Christina;;;;Now answer the following question:;;Who is the child of the friend of Felicia? Please answer the question in the same format as the example. End with 'So the answer is [answer]'.,the child of the friend of Felicia,Amber,Amber;;Bryan;;Christina;;Dana;;Elizabeth;;Felicia,the enemy of Amber = Elizabeth  the friend of Amber = Christina  the parent of Amber = Bryan          the child of Bryan = Amber          ;;the enemy of Bryan = Christina  the friend of Bryan = Felicia    the parent of Dana = Felicia         the child of Christina = Elizabeth  ;;the enemy of Christina = Bryan  the friend of Christina = Amber  the parent of Elizabeth = Christina  the child of Felicia = Dana         ;;the enemy of Dana = Felicia     the friend of Dana = Elizabeth   ;;the enemy of Elizabeth = Amber  the friend of Elizabeth = Dana   ;;the enemy of Felicia = Dana     the friend of Felicia = Bryan    
3,R,SemanticApproach.EXTENSIONAL,Representation.ENGLISH,0_R_fe5,"Imagine there are six people: Amber, Bryan, Christina, Dana, Elizabeth and Felicia. They have the following relationships to each other:;;;;",;;Here is how to figure out the answer to the following question:;;Who is the enemy of the parent of Amber?;;;;Here are the steps to arrive at the answer:;;1. the parent of Amber = Bryan;;2. the enemy of Bryan = Christina;;;;So the answer is Christina;;;;Now answer the following question:;;Who is the friend of the enemy of Felicia? Please answer the question in the same format as the example. End with 'So the answer is [answer]'.,the friend of the enemy of Felicia,Elizabeth,Amber;;Bryan;;Christina;;Dana;;Elizabeth;;Felicia,the enemy of Amber = Elizabeth  the friend of Amber = Christina  the parent of Amber = Bryan          the child of Bryan = Amber          ;;the enemy of Bryan = Christina  the friend of Bryan = Felicia    the parent of Dana = Felicia         the child of Christina = Elizabeth  ;;the enemy of Christina = Bryan  the friend of Christina = Amber  the parent of Elizabeth = Christina  the child of Felicia = Dana         ;;the enemy of Dana = Felicia     the friend of Dana = Elizabeth   ;;the enemy of Elizabeth = Amber  the friend of Elizabeth = Dana   ;;the enemy of Felicia = Dana     the friend of Felicia = Bryan    
3,R,SemanticApproach.EXTENSIONAL,Representation.ENGLISH,0_R_ee5,"Imagine there are six people: Amber, Bryan, Christina, Dana, Elizabeth and Felicia. They have the following relationships to each other:;;;;",;;Here is how to figure out the answer to the following question:;;Who is the enemy of the parent of Amber?;;;;Here are the steps to arrive at the answer:;;1. the parent of Amber = Bryan;;2. the enemy of Bryan = Christina;;;;So the answer is Christina;;;;Now answer the following question:;;Who is the enemy of the enemy of Felicia? Please answer the question in the same format as the example. End with 'So the answer is [answer]'.,the enemy of the enemy of Felicia,Felicia,Amber;;Bryan;;Christina;;Dana;;Elizabeth;;Felicia,the enemy of Amber = Elizabeth  the friend of Amber = Christina  the parent of Amber = Bryan          the child of Bryan = Amber          ;;the enemy of Bryan = Christina  the friend of Bryan = Felicia    the parent of Dana = Felicia         the child of Christina = Elizabeth  ;;the enemy of Christina = Bryan  the friend of Christina = Amber  the parent of Elizabeth = Christina  the child of Felicia = Dana         ;;the enemy of Dana = Felicia     the friend of Dana = Elizabeth   ;;the enemy of Elizabeth = Amber  the friend of Elizabeth = Dana   ;;the enemy of Felicia = Dana     the friend of Felicia = Bryan    
3,R,SemanticApproach.EXTENSIONAL,Representation.ENGLISH,0_R_pe5,"Imagine there are six people: Amber, Bryan, Christina, Dana, Elizabeth and Felicia. They have the following relationships to each other:;;;;",;;Here is how to figure out the answer to the following question:;;Who is the enemy of the parent of Amber?;;;;Here are the steps to arrive at the answer:;;1. the parent of Amber = Bryan;;2. the enemy of Bryan = Christina;;;;So the answer is Christina;;;;Now answer the following question:;;Who is the parent of the enemy of Felicia? Please answer the question in the same format as the example. End with 'So the answer is [answer]'.,the parent of the enemy of Felicia,Felicia,Amber;;Bryan;;Christina;;Dana;;Elizabeth;;Felicia,the enemy of Amber = Elizabeth  the friend of Amber = Christina  the parent of Amber = Bryan          the child of Bryan = Amber          ;;the enemy of Bryan = Christina  the friend of Bryan = Felicia    the parent of Dana = Felicia         the child of Christina = Elizabeth  ;;the enemy of Christina = Bryan  the friend of Christina = Amber  the parent of Elizabeth = Christina  the child of Felicia = Dana         ;;the enemy of Dana = Felicia     the friend of Dana = Elizabeth   ;;the enemy of Elizabeth = Amber  the friend of Elizabeth = Dana   ;;the enemy of Felicia = Dana     the friend of Felicia = Bryan    
3,R,SemanticApproach.EXTENSIONAL,Representation.ENGLISH,0_R_fc5,"Imagine there are six people: Amber, Bryan, Christina, Dana, Elizabeth and Felicia. They have the following relationships to each other:;;;;",;;Here is how to figure out the answer to the following question:;;Who is the enemy of the parent of Amber?;;;;Here are the steps to arrive at the answer:;;1. the parent of Amber = Bryan;;2. the enemy of Bryan = Christina;;;;So the answer is Christina;;;;Now answer the following question:;;Who is the friend of the child of Felicia? Please answer the question in the same format as the example. End with 'So the answer is [answer]'.,the friend of the child of Felicia,Elizabeth,Amber;;Bryan;;Christina;;Dana;;Elizabeth;;Felicia,the enemy of Amber = Elizabeth  the friend of Amber = Christina  the parent of Amber = Bryan          the child of Bryan = Amber          ;;the enemy of Bryan = Christina  the friend of Bryan = Felicia    the parent of Dana = Felicia         the child of Christina = Elizabeth  ;;the enemy of Christina = Bryan  the friend of Christina = Amber  the parent of Elizabeth = Christina  the child of Felicia = Dana         ;;the enemy of Dana = Felicia     the friend of Dana = Elizabeth   ;;the enemy of Elizabeth = Amber  the friend of Elizabeth = Dana   ;;the enemy of Felicia = Dana     the friend of Felicia = Bryan    
3,R,SemanticApproach.EXTENSIONAL,Representation.ENGLISH,0_R_ec5,"Imagine there are six people: Amber, Bryan, Christina, Dana, Elizabeth and Felicia. They have the following relationships to each other:;;;;",;;Here is how to figure out the answer to the following question:;;Who is the enemy of the parent of Amber?;;;;Here are the steps to arrive at the answer:;;1. the parent of Amber = Bryan;;2. the enemy of Bryan = Christina;;;;So the answer is Christina;;;;Now answer the following question:;;Who is the enemy of the child of Felicia? Please answer the question in the same format as the example. End with 'So the answer is [answer]'.,the enemy of the child of Felicia,Felicia,Amber;;Bryan;;Christina;;Dana;;Elizabeth;;Felicia,the enemy of Amber = Elizabeth  the friend of Amber = Christina  the parent of Amber = Bryan          the child of Bryan = Amber          ;;the enemy of Bryan = Christina  the friend of Bryan = Felicia    the parent of Dana = Felicia         the child of Christina = Elizabeth  ;;the enemy of Christina = Bryan  the friend of Christina = Amber  the parent of Elizabeth = Christina  the child of Felicia = Dana         ;;the enemy of Dana = Felicia     the friend of Dana = Elizabeth   ;;the enemy of Elizabeth = Amber  the friend of Elizabeth = Dana   ;;the enemy of Felicia = Dana     the friend of Felicia = Bryan    
3,R,SemanticApproach.EXTENSIONAL,Representation.ENGLISH,0_R_pc5,"Imagine there are six people: Amber, Bryan, Christina, Dana, Elizabeth and Felicia. They have the following relationships to each other:;;;;",;;Here is how to figure out the answer to the following question:;;Who is the enemy of the parent of Amber?;;;;Here are the steps to arrive at the answer:;;1. the parent of Amber = Bryan;;2. the enemy of Bryan = Christina;;;;So the answer is Christina;;;;Now answer the following question:;;Who is the parent of the child of Felicia? Please answer the question in the same format as the example. End with 'So the answer is [answer]'.,the parent of the child of Felicia,Felicia,Amber;;Bryan;;Christina;;Dana;;Elizabeth;;Felicia,the enemy of Amber = Elizabeth  the friend of Amber = Christina  the parent of Amber = Bryan          the child of Bryan = Amber          ;;the enemy of Bryan = Christina  the friend of Bryan = Felicia    the parent of Dana = Felicia         the child of Christina = Elizabeth  ;;the enemy of Christina = Bryan  the friend of Christina = Amber  the parent of Elizabeth = Christina  the child of Felicia = Dana         ;;the enemy of Dana = Felicia     the friend of Dana = Elizabeth   ;;the enemy of Elizabeth = Amber  the friend of Elizabeth = Dana   ;;the enemy of Felicia = Dana     the friend of Felicia = Bryan    
4,R,SemanticApproach.EXTENSIONAL,Representation.ENGLISH,0_R_efe0,"Imagine there are six people: Amber, Bryan, Christina, Dana, Elizabeth and Felicia. They have the following relationships to each other:;;;;",;;Here is how to figure out the answer to the following question:;;Who is the enemy of the parent of Amber?;;;;Here are the steps to arrive at the answer:;;1. the parent of Amber = Bryan;;2. the enemy of Bryan = Christina;;;;So the answer is Christina;;;;Now answer the following question:;;Who is the enemy of the friend of the enemy of Christina? Please answer the question in the same format as the example. End with 'So the answer is [answer]'.,the enemy of the friend of the enemy of Christina,Dana,Amber;;Bryan;;Christina;;Dana;;Elizabeth;;Felicia,the enemy of Amber = Elizabeth  the friend of Amber = Christina  the parent of Amber = Bryan          the child of Bryan = Amber          ;;the enemy of Bryan = Christina  the friend of Bryan = Felicia    the parent of Dana = Felicia         the child of Christina = Elizabeth  ;;the enemy of Christina = Bryan  the friend of Christina = Amber  the parent of Elizabeth = Christina  the child of Felicia = Dana         ;;the enemy of Dana = Felicia     the friend of Dana = Elizabeth   ;;the enemy of Elizabeth = Amber  the friend of Elizabeth = Dana   ;;the enemy of Felicia = Dana     the friend of Felicia = Bryan    
4,R,SemanticApproach.EXTENSIONAL,Representation.ENGLISH,0_R_cfe0,"Imagine there are six people: Amber, Bryan, Christina, Dana, Elizabeth and Felicia. They have the following relationships to each other:;;;;",;;Here is how to figure out the answer to the following question:;;Who is the enemy of the parent of Amber?;;;;Here are the steps to arrive at the answer:;;1. the parent of Amber = Bryan;;2. the enemy of Bryan = Christina;;;;So the answer is Christina;;;;Now answer the following question:;;Who is the child of the friend of the enemy of Christina? Please answer the question in the same format as the example. End with 'So the answer is [answer]'.,the child of the friend of the enemy of Christina,Dana,Amber;;Bryan;;Christina;;Dana;;Elizabeth;;Felicia,the enemy of Amber = Elizabeth  the friend of Amber = Christina  the parent of Amber = Bryan          the child of Bryan = Amber          ;;the enemy of Bryan = Christina  the friend of Bryan = Felicia    the parent of Dana = Felicia         the child of Christina = Elizabeth  ;;the enemy of Christina = Bryan  the friend of Christina = Amber  the parent of Elizabeth = Christina  the child of Felicia = Dana         ;;the enemy of Dana = Felicia     the friend of Dana = Elizabeth   ;;the enemy of Elizabeth = Amber  the friend of Elizabeth = Dana   ;;the enemy of Felicia = Dana     the friend of Felicia = Bryan    
4,R,SemanticApproach.EXTENSIONAL,Representation.ENGLISH,0_R_pfc0,"Imagine there are six people: Amber, Bryan, Christina, Dana, Elizabeth and Felicia. They have the following relationships to each other:;;;;",;;Here is how to figure out the answer to the following question:;;Who is the enemy of the parent of Amber?;;;;Here are the steps to arrive at the answer:;;1. the parent of Amber = Bryan;;2. the enemy of Bryan = Christina;;;;So the answer is Christina;;;;Now answer the following question:;;Who is the parent of the friend of the child of Christina? Please answer the question in the same format as the example. End with 'So the answer is [answer]'.,the parent of the friend of the child of Christina,Felicia,Amber;;Bryan;;Christina;;Dana;;Elizabeth;;Felicia,the enemy of Amber = Elizabeth  the friend of Amber = Christina  the parent of Amber = Bryan          the child of Bryan = Amber          ;;the enemy of Bryan = Christina  the friend of Bryan = Felicia    the parent of Dana = Felicia         the child of Christina = Elizabeth  ;;the enemy of Christina = Bryan  the friend of Christina = Amber  the parent of Elizabeth = Christina  the child of Felicia = Dana         ;;the enemy of Dana = Felicia     the friend of Dana = Elizabeth   ;;the enemy of Elizabeth = Amber  the friend of Elizabeth = Dana   ;;the enemy of Felicia = Dana     the friend of Felicia = Bryan    
4,R,SemanticApproach.EXTENSIONAL,Representation.ENGLISH,0_R_fec0,"Imagine there are six people: Amber, Bryan, Christina, Dana, Elizabeth and Felicia. They have the following relationships to each other:;;;;",;;Here is how to figure out the answer to the following question:;;Who is the enemy of the parent of Amber?;;;;Here are the steps to arrive at the answer:;;1. the parent of Amber = Bryan;;2. the enemy of Bryan = Christina;;;;So the answer is Christina;;;;Now answer the following question:;;Who is the friend of the enemy of the child of Christina? Please answer the question in the same format as the example. End with 'So the answer is [answer]'.,the friend of the enemy of the child of Christina,Christina,Amber;;Bryan;;Christina;;Dana;;Elizabeth;;Felicia,the enemy of Amber = Elizabeth  the friend of Amber = Christina  the parent of Amber = Bryan          the child of Bryan = Amber          ;;the enemy of Bryan = Christina  the friend of Bryan = Felicia    the parent of Dana = Felicia         the child of Christina = Elizabeth  ;;the enemy of Christina = Bryan  the friend of Christina = Amber  the parent of Elizabeth = Christina  the child of Felicia = Dana         ;;the enemy of Dana = Felicia     the friend of Dana = Elizabeth   ;;the enemy of Elizabeth = Amber  the friend of Elizabeth = Dana   ;;the enemy of Felicia = Dana     the friend of Felicia = Bryan    
4,R,SemanticApproach.EXTENSIONAL,Representation.ENGLISH,0_R_eff1,"Imagine there are six people: Amber, Bryan, Christina, Dana, Elizabeth and Felicia. They have the following relationships to each other:;;;;",;;Here is how to figure out the answer to the following question:;;Who is the enemy of the parent of Amber?;;;;Here are the steps to arrive at the answer:;;1. the parent of Amber = Bryan;;2. the enemy of Bryan = Christina;;;;So the answer is Christina;;;;Now answer the following question:;;Who is the enemy of the friend of the friend of Amber? Please answer the question in the same format as the example. End with 'So the answer is [answer]'.,the enemy of the friend of the friend of Amber,Elizabeth,Amber;;Bryan;;Christina;;Dana;;Elizabeth;;Felicia,the enemy of Amber = Elizabeth  the friend of Amber = Christina  the parent of Amber = Bryan          the child of Bryan = Amber          ;;the enemy of Bryan = Christina  the friend of Bryan = Felicia    the parent of Dana = Felicia         the child of Christina = Elizabeth  ;;the enemy of Christina = Bryan  the friend of Christina = Amber  the parent of Elizabeth = Christina  the child of Felicia = Dana         ;;the enemy of Dana = Felicia     the friend of Dana = Elizabeth   ;;the enemy of Elizabeth = Amber  the friend of Elizabeth = Dana   ;;the enemy of Felicia = Dana     the friend of Felicia = Bryan    
4,R,SemanticApproach.EXTENSIONAL,Representation.ENGLISH,0_R_cef1,"Imagine there are six people: Amber, Bryan, Christina, Dana, Elizabeth and Felicia. They have the following relationships to each other:;;;;",;;Here is how to figure out the answer to the following question:;;Who is the enemy of the parent of Amber?;;;;Here are the steps to arrive at the answer:;;1. the parent of Amber = Bryan;;2. the enemy of Bryan = Christina;;;;So the answer is Christina;;;;Now answer the following question:;;Who is the child of the enemy of the friend of Amber? Please answer the question in the same format as the example. End with 'So the answer is [answer]'.,the child of the enemy of the friend of Amber,Amber,Amber;;Bryan;;Christina;;Dana;;Elizabeth;;Felicia,the enemy of Amber = Elizabeth  the friend of Amber = Christina  the parent of Amber = Bryan          the child of Bryan = Amber          ;;the enemy of Bryan = Christina  the friend of Bryan = Felicia    the parent of Dana = Felicia         the child of Christina = Elizabeth  ;;the enemy of Christina = Bryan  the friend of Christina = Amber  the parent of Elizabeth = Christina  the child of Felicia = Dana         ;;the enemy of Dana = Felicia     the friend of Dana = Elizabeth   ;;the enemy of Elizabeth = Amber  the friend of Elizabeth = Dana   ;;the enemy of Felicia = Dana     the friend of Felicia = Bryan    
4,R,SemanticApproach.EXTENSIONAL,Representation.ENGLISH,0_R_epe1,"Imagine there are six people: Amber, Bryan, Christina, Dana, Elizabeth and Felicia. They have the following relationships to each other:;;;;",;;Here is how to figure out the answer to the following question:;;Who is the enemy of the parent of Amber?;;;;Here are the steps to arrive at the answer:;;1. the parent of Amber = Bryan;;2. the enemy of Bryan = Christina;;;;So the answer is Christina;;;;Now answer the following question:;;Who is the enemy of the parent of the enemy of Amber? Please answer the question in the same format as the example. End with 'So the answer is [answer]'.,the enemy of the parent of the enemy of Amber,Bryan,Amber;;Bryan;;Christina;;Dana;;Elizabeth;;Felicia,the enemy of Amber = Elizabeth  the friend of Amber = Christina  the parent of Amber = Bryan          the child of Bryan = Amber          ;;the enemy of Bryan = Christina  the friend of Bryan = Felicia    the parent of Dana = Felicia         the child of Christina = Elizabeth  ;;the enemy of Christina = Bryan  the friend of Christina = Amber  the parent of Elizabeth = Christina  the child of Felicia = Dana         ;;the enemy of Dana = Felicia     the friend of Dana = Elizabeth   ;;the enemy of Elizabeth = Amber  the friend of Elizabeth = Dana   ;;the enemy of Felicia = Dana     the friend of Felicia = Bryan    
4,R,SemanticApproach.EXTENSIONAL,Representation.ENGLISH,0_R_epf2,"Imagine there are six people: Amber, Bryan, Christina, Dana, Elizabeth and Felicia. They have the following relationships to each other:;;;;",;;Here is how to figure out the answer to the following question:;;Who is the enemy of the parent of Amber?;;;;Here are the steps to arrive at the answer:;;1. the parent of Amber = Bryan;;2. the enemy of Bryan = Christina;;;;So the answer is Christina;;;;Now answer the following question:;;Who is the enemy of the parent of the friend of Dana? Please answer the question in the same format as the example. End with 'So the answer is [answer]'.,the enemy of the parent of the friend of Dana,Bryan,Amber;;Bryan;;Christina;;Dana;;Elizabeth;;Felicia,the enemy of Amber = Elizabeth  the friend of Amber = Christina  the parent of Amber = Bryan          the child of Bryan = Amber          ;;the enemy of Bryan = Christina  the friend of Bryan = Felicia    the parent of Dana = Felicia         the child of Christina = Elizabeth  ;;the enemy of Christina = Bryan  the friend of Christina = Amber  the parent of Elizabeth = Christina  the child of Felicia = Dana         ;;the enemy of Dana = Felicia     the friend of Dana = Elizabeth   ;;the enemy of Elizabeth = Amber  the friend of Elizabeth = Dana   ;;the enemy of Felicia = Dana     the friend of Felicia = Bryan    
4,R,SemanticApproach.EXTENSIONAL,Representation.ENGLISH,0_R_cpf2,"Imagine there are six people: Amber, Bryan, Christina, Dana, Elizabeth and Felicia. They have the following relationships to each other:;;;;",;;Here is how to figure out the answer to the following question:;;Who is the enemy of the parent of Amber?;;;;Here are the steps to arrive at the answer:;;1. the parent of Amber = Bryan;;2. the enemy of Bryan = Christina;;;;So the answer is Christina;;;;Now answer the following question:;;Who is the child of the parent of the friend of Dana? Please answer the question in the same format as the example. End with 'So the answer is [answer]'.,the child of the parent of the friend of Dana,Elizabeth,Amber;;Bryan;;Christina;;Dana;;Elizabeth;;Felicia,the enemy of Amber = Elizabeth  the friend of Amber = Christina  the parent of Amber = Bryan          the child of Bryan = Amber          ;;the enemy of Bryan = Christina  the friend of Bryan = Felicia    the parent of Dana = Felicia         the child of Christina = Elizabeth  ;;the enemy of Christina = Bryan  the friend of Christina = Amber  the parent of Elizabeth = Christina  the child of Felicia = Dana         ;;the enemy of Dana = Felicia     the friend of Dana = Elizabeth   ;;the enemy of Elizabeth = Amber  the friend of Elizabeth = Dana   ;;the enemy of Felicia = Dana     the friend of Felicia = Bryan    
4,R,SemanticApproach.EXTENSIONAL,Representation.ENGLISH,0_R_eee2,"Imagine there are six people: Amber, Bryan, Christina, Dana, Elizabeth and Felicia. They have the following relationships to each other:;;;;",;;Here is how to figure out the answer to the following question:;;Who is the enemy of the parent of Amber?;;;;Here are the steps to arrive at the answer:;;1. the parent of Amber = Bryan;;2. the enemy of Bryan = Christina;;;;So the answer is Christina;;;;Now answer the following question:;;Who is the enemy of the enemy of the enemy of Dana? Please answer the question in the same format as the example. End with 'So the answer is [answer]'.,the enemy of the enemy of the enemy of Dana,Felicia,Amber;;Bryan;;Christina;;Dana;;Elizabeth;;Felicia,the enemy of Amber = Elizabeth  the friend of Amber = Christina  the parent of Amber = Bryan          the child of Bryan = Amber          ;;the enemy of Bryan = Christina  the friend of Bryan = Felicia    the parent of Dana = Felicia         the child of Christina = Elizabeth  ;;the enemy of Christina = Bryan  the friend of Christina = Amber  the parent of Elizabeth = Christina  the child of Felicia = Dana         ;;the enemy of Dana = Felicia     the friend of Dana = Elizabeth   ;;the enemy of Elizabeth = Amber  the friend of Elizabeth = Dana   ;;the enemy of Felicia = Dana     the friend of Felicia = Bryan    
4,R,SemanticApproach.EXTENSIONAL,Representation.ENGLISH,0_R_fce2,"Imagine there are six people: Amber, Bryan, Christina, Dana, Elizabeth and Felicia. They have the following relationships to each other:;;;;",;;Here is how to figure out the answer to the following question:;;Who is the enemy of the parent of Amber?;;;;Here are the steps to arrive at the answer:;;1. the parent of Amber = Bryan;;2. the enemy of Bryan = Christina;;;;So the answer is Christina;;;;Now answer the following question:;;Who is the friend of the child of the enemy of Dana? Please answer the question in the same format as the example. End with 'So the answer is [answer]'.,the friend of the child of the enemy of Dana,Elizabeth,Amber;;Bryan;;Christina;;Dana;;Elizabeth;;Felicia,the enemy of Amber = Elizabeth  the friend of Amber = Christina  the parent of Amber = Bryan          the child of Bryan = Amber          ;;the enemy of Bryan = Christina  the friend of Bryan = Felicia    the parent of Dana = Felicia         the child of Christina = Elizabeth  ;;the enemy of Christina = Bryan  the friend of Christina = Amber  the parent of Elizabeth = Christina  the child of Felicia = Dana         ;;the enemy of Dana = Felicia     the friend of Dana = Elizabeth   ;;the enemy of Elizabeth = Amber  the friend of Elizabeth = Dana   ;;the enemy of Felicia = Dana     the friend of Felicia = Bryan    
4,R,SemanticApproach.EXTENSIONAL,Representation.ENGLISH,0_R_pce2,"Imagine there are six people: Amber, Bryan, Christina, Dana, Elizabeth and Felicia. They have the following relationships to each other:;;;;",;;Here is how to figure out the answer to the following question:;;Who is the enemy of the parent of Amber?;;;;Here are the steps to arrive at the answer:;;1. the parent of Amber = Bryan;;2. the enemy of Bryan = Christina;;;;So the answer is Christina;;;;Now answer the following question:;;Who is the parent of the child of the enemy of Dana? Please answer the question in the same format as the example. End with 'So the answer is [answer]'.,the parent of the child of the enemy of Dana,Felicia,Amber;;Bryan;;Christina;;Dana;;Elizabeth;;Felicia,the enemy of Amber = Elizabeth  the friend of Amber = Christina  the parent of Amber = Bryan          the child of Bryan = Amber          ;;the enemy of Bryan = Christina  the friend of Bryan = Felicia    the parent of Dana = Felicia         the child of Christina = Elizabeth  ;;the enemy of Christina = Bryan  the friend of Christina = Amber  the parent of Elizabeth = Christina  the child of Felicia = Dana         ;;the enemy of Dana = Felicia     the friend of Dana = Elizabeth   ;;the enemy of Elizabeth = Amber  the friend of Elizabeth = Dana   ;;the enemy of Felicia = Dana     the friend of Felicia = Bryan    
4,R,SemanticApproach.EXTENSIONAL,Representation.ENGLISH,0_R_cfp2,"Imagine there are six people: Amber, Bryan, Christina, Dana, Elizabeth and Felicia. They have the following relationships to each other:;;;;",;;Here is how to figure out the answer to the following question:;;Who is the enemy of the parent of Amber?;;;;Here are the steps to arrive at the answer:;;1. the parent of Amber = Bryan;;2. the enemy of Bryan = Christina;;;;So the answer is Christina;;;;Now answer the following question:;;Who is the child of the friend of the parent of Dana? Please answer the question in the same format as the example. End with 'So the answer is [answer]'.,the child of the friend of the parent of Dana,Amber,Amber;;Bryan;;Christina;;Dana;;Elizabeth;;Felicia,the enemy of Amber = Elizabeth  the friend of Amber = Christina  the parent of Amber = Bryan          the child of Bryan = Amber          ;;the enemy of Bryan = Christina  the friend of Bryan = Felicia    the parent of Dana = Felicia         the child of Christina = Elizabeth  ;;the enemy of Christina = Bryan  the friend of Christina = Amber  the parent of Elizabeth = Christina  the child of Felicia = Dana         ;;the enemy of Dana = Felicia     the friend of Dana = Elizabeth   ;;the enemy of Elizabeth = Amber  the friend of Elizabeth = Dana   ;;the enemy of Felicia = Dana     the friend of Felicia = Bryan    
4,R,SemanticApproach.EXTENSIONAL,Representation.ENGLISH,0_R_pep2,"Imagine there are six people: Amber, Bryan, Christina, Dana, Elizabeth and Felicia. They have the following relationships to each other:;;;;",;;Here is how to figure out the answer to the following question:;;Who is the enemy of the parent of Amber?;;;;Here are the steps to arrive at the answer:;;1. the parent of Amber = Bryan;;2. the enemy of Bryan = Christina;;;;So the answer is Christina;;;;Now answer the following question:;;Who is the parent of the enemy of the parent of Dana? Please answer the question in the same format as the example. End with 'So the answer is [answer]'.,the parent of the enemy of the parent of Dana,Felicia,Amber;;Bryan;;Christina;;Dana;;Elizabeth;;Felicia,the enemy of Amber = Elizabeth  the friend of Amber = Christina  the parent of Amber = Bryan          the child of Bryan = Amber          ;;the enemy of Bryan = Christina  the friend of Bryan = Felicia    the parent of Dana = Felicia         the child of Christina = Elizabeth  ;;the enemy of Christina = Bryan  the friend of Christina = Amber  the parent of Elizabeth = Christina  the child of Felicia = Dana         ;;the enemy of Dana = Felicia     the friend of Dana = Elizabeth   ;;the enemy of Elizabeth = Amber  the friend of Elizabeth = Dana   ;;the enemy of Felicia = Dana     the friend of Felicia = Bryan    
4,R,SemanticApproach.EXTENSIONAL,Representation.ENGLISH,0_R_pcp2,"Imagine there are six people: Amber, Bryan, Christina, Dana, Elizabeth and Felicia. They have the following relationships to each other:;;;;",;;Here is how to figure out the answer to the following question:;;Who is the enemy of the parent of Amber?;;;;Here are the steps to arrive at the answer:;;1. the parent of Amber = Bryan;;2. the enemy of Bryan = Christina;;;;So the answer is Christina;;;;Now answer the following question:;;Who is the parent of the child of the parent of Dana? Please answer the question in the same format as the example. End with 'So the answer is [answer]'.,the parent of the child of the parent of Dana,Felicia,Amber;;Bryan;;Christina;;Dana;;Elizabeth;;Felicia,the enemy of Amber = Elizabeth  the friend of Amber = Christina  the parent of Amber = Bryan          the child of Bryan = Amber          ;;the enemy of Bryan = Christina  the friend of Bryan = Felicia    the parent of Dana = Felicia         the child of Christina = Elizabeth  ;;the enemy of Christina = Bryan  the friend of Christina = Amber  the parent of Elizabeth = Christina  the child of Felicia = Dana         ;;the enemy of Dana = Felicia     the friend of Dana = Elizabeth   ;;the enemy of Elizabeth = Amber  the friend of Elizabeth = Dana   ;;the enemy of Felicia = Dana     the friend of Felicia = Bryan    
4,R,SemanticApproach.EXTENSIONAL,Representation.ENGLISH,0_R_ecf3,"Imagine there are six people: Amber, Bryan, Christina, Dana, Elizabeth and Felicia. They have the following relationships to each other:;;;;",;;Here is how to figure out the answer to the following question:;;Who is the enemy of the parent of Amber?;;;;Here are the steps to arrive at the answer:;;1. the parent of Amber = Bryan;;2. the enemy of Bryan = Christina;;;;So the answer is Christina;;;;Now answer the following question:;;Who is the enemy of the child of the friend of Bryan? Please answer the question in the same format as the example. End with 'So the answer is [answer]'.,the enemy of the child of the friend of Bryan,Felicia,Amber;;Bryan;;Christina;;Dana;;Elizabeth;;Felicia,the enemy of Amber = Elizabeth  the friend of Amber = Christina  the parent of Amber = Bryan          the child of Bryan = Amber          ;;the enemy of Bryan = Christina  the friend of Bryan = Felicia    the parent of Dana = Felicia         the child of Christina = Elizabeth  ;;the enemy of Christina = Bryan  the friend of Christina = Amber  the parent of Elizabeth = Christina  the child of Felicia = Dana         ;;the enemy of Dana = Felicia     the friend of Dana = Elizabeth   ;;the enemy of Elizabeth = Amber  the friend of Elizabeth = Dana   ;;the enemy of Felicia = Dana     the friend of Felicia = Bryan    
4,R,SemanticApproach.EXTENSIONAL,Representation.ENGLISH,0_R_pcf3,"Imagine there are six people: Amber, Bryan, Christina, Dana, Elizabeth and Felicia. They have the following relationships to each other:;;;;",;;Here is how to figure out the answer to the following question:;;Who is the enemy of the parent of Amber?;;;;Here are the steps to arrive at the answer:;;1. the parent of Amber = Bryan;;2. the enemy of Bryan = Christina;;;;So the answer is Christina;;;;Now answer the following question:;;Who is the parent of the child of the friend of Bryan? Please answer the question in the same format as the example. End with 'So the answer is [answer]'.,the parent of the child of the friend of Bryan,Felicia,Amber;;Bryan;;Christina;;Dana;;Elizabeth;;Felicia,the enemy of Amber = Elizabeth  the friend of Amber = Christina  the parent of Amber = Bryan          the child of Bryan = Amber          ;;the enemy of Bryan = Christina  the friend of Bryan = Felicia    the parent of Dana = Felicia         the child of Christina = Elizabeth  ;;the enemy of Christina = Bryan  the friend of Christina = Amber  the parent of Elizabeth = Christina  the child of Felicia = Dana         ;;the enemy of Dana = Felicia     the friend of Dana = Elizabeth   ;;the enemy of Elizabeth = Amber  the friend of Elizabeth = Dana   ;;the enemy of Felicia = Dana     the friend of Felicia = Bryan    
4,R,SemanticApproach.EXTENSIONAL,Representation.ENGLISH,0_R_ffc3,"Imagine there are six people: Amber, Bryan, Christina, Dana, Elizabeth and Felicia. They have the following relationships to each other:;;;;",;;Here is how to figure out the answer to the following question:;;Who is the enemy of the parent of Amber?;;;;Here are the steps to arrive at the answer:;;1. the parent of Amber = Bryan;;2. the enemy of Bryan = Christina;;;;So the answer is Christina;;;;Now answer the following question:;;Who is the friend of the friend of the child of Bryan? Please answer the question in the same format as the example. End with 'So the answer is [answer]'.,the friend of the friend of the child of Bryan,Amber,Amber;;Bryan;;Christina;;Dana;;Elizabeth;;Felicia,the enemy of Amber = Elizabeth  the friend of Amber = Christina  the parent of Amber = Bryan          the child of Bryan = Amber          ;;the enemy of Bryan = Christina  the friend of Bryan = Felicia    the parent of Dana = Felicia         the child of Christina = Elizabeth  ;;the enemy of Christina = Bryan  the friend of Christina = Amber  the parent of Elizabeth = Christina  the child of Felicia = Dana         ;;the enemy of Dana = Felicia     the friend of Dana = Elizabeth   ;;the enemy of Elizabeth = Amber  the friend of Elizabeth = Dana   ;;the enemy of Felicia = Dana     the friend of Felicia = Bryan    
4,R,SemanticApproach.EXTENSIONAL,Representation.ENGLISH,0_R_eec3,"Imagine there are six people: Amber, Bryan, Christina, Dana, Elizabeth and Felicia. They have the following relationships to each other:;;;;",;;Here is how to figure out the answer to the following question:;;Who is the enemy of the parent of Amber?;;;;Here are the steps to arrive at the answer:;;1. the parent of Amber = Bryan;;2. the enemy of Bryan = Christina;;;;So the answer is Christina;;;;Now answer the following question:;;Who is the enemy of the enemy of the child of Bryan? Please answer the question in the same format as the example. End with 'So the answer is [answer]'.,the enemy of the enemy of the child of Bryan,Amber,Amber;;Bryan;;Christina;;Dana;;Elizabeth;;Felicia,the enemy of Amber = Elizabeth  the friend of Amber = Christina  the parent of Amber = Bryan          the child of Bryan = Amber          ;;the enemy of Bryan = Christina  the friend of Bryan = Felicia    the parent of Dana = Felicia         the child of Christina = Elizabeth  ;;the enemy of Christina = Bryan  the friend of Christina = Amber  the parent of Elizabeth = Christina  the child of Felicia = Dana         ;;the enemy of Dana = Felicia     the friend of Dana = Elizabeth   ;;the enemy of Elizabeth = Amber  the friend of Elizabeth = Dana   ;;the enemy of Felicia = Dana     the friend of Felicia = Bryan    
4,R,SemanticApproach.EXTENSIONAL,Representation.ENGLISH,0_R_pec3,"Imagine there are six people: Amber, Bryan, Christina, Dana, Elizabeth and Felicia. They have the following relationships to each other:;;;;",;;Here is how to figure out the answer to the following question:;;Who is the enemy of the parent of Amber?;;;;Here are the steps to arrive at the answer:;;1. the parent of Amber = Bryan;;2. the enemy of Bryan = Christina;;;;So the answer is Christina;;;;Now answer the following question:;;Who is the parent of the enemy of the child of Bryan? Please answer the question in the same format as the example. End with 'So the answer is [answer]'.,the parent of the enemy of the child of Bryan,Christina,Amber;;Bryan;;Christina;;Dana;;Elizabeth;;Felicia,the enemy of Amber = Elizabeth  the friend of Amber = Christina  the parent of Amber = Bryan          the child of Bryan = Amber          ;;the enemy of Bryan = Christina  the friend of Bryan = Felicia    the parent of Dana = Felicia         the child of Christina = Elizabeth  ;;the enemy of Christina = Bryan  the friend of Christina = Amber  the parent of Elizabeth = Christina  the child of Felicia = Dana         ;;the enemy of Dana = Felicia     the friend of Dana = Elizabeth   ;;the enemy of Elizabeth = Amber  the friend of Elizabeth = Dana   ;;the enemy of Felicia = Dana     the friend of Felicia = Bryan    
4,R,SemanticApproach.EXTENSIONAL,Representation.ENGLISH,0_R_fef4,"Imagine there are six people: Amber, Bryan, Christina, Dana, Elizabeth and Felicia. They have the following relationships to each other:;;;;",;;Here is how to figure out the answer to the following question:;;Who is the enemy of the parent of Amber?;;;;Here are the steps to arrive at the answer:;;1. the parent of Amber = Bryan;;2. the enemy of Bryan = Christina;;;;So the answer is Christina;;;;Now answer the following question:;;Who is the friend of the enemy of the friend of Elizabeth? Please answer the question in the same format as the example. End with 'So the answer is [answer]'.,the friend of the enemy of the friend of Elizabeth,Bryan,Amber;;Bryan;;Christina;;Dana;;Elizabeth;;Felicia,the enemy of Amber = Elizabeth  the friend of Amber = Christina  the parent of Amber = Bryan          the child of Bryan = Amber          ;;the enemy of Bryan = Christina  the friend of Bryan = Felicia    the parent of Dana = Felicia         the child of Christina = Elizabeth  ;;the enemy of Christina = Bryan  the friend of Christina = Amber  the parent of Elizabeth = Christina  the child of Felicia = Dana         ;;the enemy of Dana = Felicia     the friend of Dana = Elizabeth   ;;the enemy of Elizabeth = Amber  the friend of Elizabeth = Dana   ;;the enemy of Felicia = Dana     the friend of Felicia = Bryan    
4,R,SemanticApproach.EXTENSIONAL,Representation.ENGLISH,0_R_eef4,"Imagine there are six people: Amber, Bryan, Christina, Dana, Elizabeth and Felicia. They have the following relationships to each other:;;;;",;;Here is how to figure out the answer to the following question:;;Who is the enemy of the parent of Amber?;;;;Here are the steps to arrive at the answer:;;1. the parent of Amber = Bryan;;2. the enemy of Bryan = Christina;;;;So the answer is Christina;;;;Now answer the following question:;;Who is the enemy of the enemy of the friend of Elizabeth? Please answer the question in the same format as the example. End with 'So the answer is [answer]'.,the enemy of the enemy of the friend of Elizabeth,Dana,Amber;;Bryan;;Christina;;Dana;;Elizabeth;;Felicia,the enemy of Amber = Elizabeth  the friend of Amber = Christina  the parent of Amber = Bryan          the child of Bryan = Amber          ;;the enemy of Bryan = Christina  the friend of Bryan = Felicia    the parent of Dana = Felicia         the child of Christina = Elizabeth  ;;the enemy of Christina = Bryan  the friend of Christina = Amber  the parent of Elizabeth = Christina  the child of Felicia = Dana         ;;the enemy of Dana = Felicia     the friend of Dana = Elizabeth   ;;the enemy of Elizabeth = Amber  the friend of Elizabeth = Dana   ;;the enemy of Felicia = Dana     the friend of Felicia = Bryan    
4,R,SemanticApproach.EXTENSIONAL,Representation.ENGLISH,0_R_cef4,"Imagine there are six people: Amber, Bryan, Christina, Dana, Elizabeth and Felicia. They have the following relationships to each other:;;;;",;;Here is how to figure out the answer to the following question:;;Who is the enemy of the parent of Amber?;;;;Here are the steps to arrive at the answer:;;1. the parent of Amber = Bryan;;2. the enemy of Bryan = Christina;;;;So the answer is Christina;;;;Now answer the following question:;;Who is the child of the enemy of the friend of Elizabeth? Please answer the question in the same format as the example. End with 'So the answer is [answer]'.,the child of the enemy of the friend of Elizabeth,Dana,Amber;;Bryan;;Christina;;Dana;;Elizabeth;;Felicia,the enemy of Amber = Elizabeth  the friend of Amber = Christina  the parent of Amber = Bryan          the child of Bryan = Amber          ;;the enemy of Bryan = Christina  the friend of Bryan = Felicia    the parent of Dana = Felicia         the child of Christina = Elizabeth  ;;the enemy of Christina = Bryan  the friend of Christina = Amber  the parent of Elizabeth = Christina  the child of Felicia = Dana         ;;the enemy of Dana = Felicia     the friend of Dana = Elizabeth   ;;the enemy of Elizabeth = Amber  the friend of Elizabeth = Dana   ;;the enemy of Felicia = Dana     the friend of Felicia = Bryan    
4,R,SemanticApproach.EXTENSIONAL,Representation.ENGLISH,0_R_cpf4,"Imagine there are six people: Amber, Bryan, Christina, Dana, Elizabeth and Felicia. They have the following relationships to each other:;;;;",;;Here is how to figure out the answer to the following question:;;Who is the enemy of the parent of Amber?;;;;Here are the steps to arrive at the answer:;;1. the parent of Amber = Bryan;;2. the enemy of Bryan = Christina;;;;So the answer is Christina;;;;Now answer the following question:;;Who is the child of the parent of the friend of Elizabeth? Please answer the question in the same format as the example. End with 'So the answer is [answer]'.,the child of the parent of the friend of Elizabeth,Dana,Amber;;Bryan;;Christina;;Dana;;Elizabeth;;Felicia,the enemy of Amber = Elizabeth  the friend of Amber = Christina  the parent of Amber = Bryan          the child of Bryan = Amber          ;;the enemy of Bryan = Christina  the friend of Bryan = Felicia    the parent of Dana = Felicia         the child of Christina = Elizabeth  ;;the enemy of Christina = Bryan  the friend of Christina = Amber  the parent of Elizabeth = Christina  the child of Felicia = Dana         ;;the enemy of Dana = Felicia     the friend of Dana = Elizabeth   ;;the enemy of Elizabeth = Amber  the friend of Elizabeth = Dana   ;;the enemy of Felicia = Dana     the friend of Felicia = Bryan    
4,R,SemanticApproach.EXTENSIONAL,Representation.ENGLISH,0_R_ffe4,"Imagine there are six people: Amber, Bryan, Christina, Dana, Elizabeth and Felicia. They have the following relationships to each other:;;;;",;;Here is how to figure out the answer to the following question:;;Who is the enemy of the parent of Amber?;;;;Here are the steps to arrive at the answer:;;1. the parent of Amber = Bryan;;2. the enemy of Bryan = Christina;;;;So the answer is Christina;;;;Now answer the following question:;;Who is the friend of the friend of the enemy of Elizabeth? Please answer the question in the same format as the example. End with 'So the answer is [answer]'.,the friend of the friend of the enemy of Elizabeth,Amber,Amber;;Bryan;;Christina;;Dana;;Elizabeth;;Felicia,the enemy of Amber = Elizabeth  the friend of Amber = Christina  the parent of Amber = Bryan          the child of Bryan = Amber          ;;the enemy of Bryan = Christina  the friend of Bryan = Felicia    the parent of Dana = Felicia         the child of Christina = Elizabeth  ;;the enemy of Christina = Bryan  the friend of Christina = Amber  the parent of Elizabeth = Christina  the child of Felicia = Dana         ;;the enemy of Dana = Felicia     the friend of Dana = Elizabeth   ;;the enemy of Elizabeth = Amber  the friend of Elizabeth = Dana   ;;the enemy of Felicia = Dana     the friend of Felicia = Bryan    
4,R,SemanticApproach.EXTENSIONAL,Representation.ENGLISH,0_R_ffp4,"Imagine there are six people: Amber, Bryan, Christina, Dana, Elizabeth and Felicia. They have the following relationships to each other:;;;;",;;Here is how to figure out the answer to the following question:;;Who is the enemy of the parent of Amber?;;;;Here are the steps to arrive at the answer:;;1. the parent of Amber = Bryan;;2. the enemy of Bryan = Christina;;;;So the answer is Christina;;;;Now answer the following question:;;Who is the friend of the friend of the parent of Elizabeth? Please answer the question in the same format as the example. End with 'So the answer is [answer]'.,the friend of the friend of the parent of Elizabeth,Christina,Amber;;Bryan;;Christina;;Dana;;Elizabeth;;Felicia,the enemy of Amber = Elizabeth  the friend of Amber = Christina  the parent of Amber = Bryan          the child of Bryan = Amber          ;;the enemy of Bryan = Christina  the friend of Bryan = Felicia    the parent of Dana = Felicia         the child of Christina = Elizabeth  ;;the enemy of Christina = Bryan  the friend of Christina = Amber  the parent of Elizabeth = Christina  the child of Felicia = Dana         ;;the enemy of Dana = Felicia     the friend of Dana = Elizabeth   ;;the enemy of Elizabeth = Amber  the friend of Elizabeth = Dana   ;;the enemy of Felicia = Dana     the friend of Felicia = Bryan    
4,R,SemanticApproach.EXTENSIONAL,Representation.ENGLISH,0_R_efp4,"Imagine there are six people: Amber, Bryan, Christina, Dana, Elizabeth and Felicia. They have the following relationships to each other:;;;;",;;Here is how to figure out the answer to the following question:;;Who is the enemy of the parent of Amber?;;;;Here are the steps to arrive at the answer:;;1. the parent of Amber = Bryan;;2. the enemy of Bryan = Christina;;;;So the answer is Christina;;;;Now answer the following question:;;Who is the enemy of the friend of the parent of Elizabeth? Please answer the question in the same format as the example. End with 'So the answer is [answer]'.,the enemy of the friend of the parent of Elizabeth,Elizabeth,Amber;;Bryan;;Christina;;Dana;;Elizabeth;;Felicia,the enemy of Amber = Elizabeth  the friend of Amber = Christina  the parent of Amber = Bryan          the child of Bryan = Amber          ;;the enemy of Bryan = Christina  the friend of Bryan = Felicia    the parent of Dana = Felicia         the child of Christina = Elizabeth  ;;the enemy of Christina = Bryan  the friend of Christina = Amber  the parent of Elizabeth = Christina  the child of Felicia = Dana         ;;the enemy of Dana = Felicia     the friend of Dana = Elizabeth   ;;the enemy of Elizabeth = Amber  the friend of Elizabeth = Dana   ;;the enemy of Felicia = Dana     the friend of Felicia = Bryan    
4,R,SemanticApproach.EXTENSIONAL,Representation.ENGLISH,0_R_ecp4,"Imagine there are six people: Amber, Bryan, Christina, Dana, Elizabeth and Felicia. They have the following relationships to each other:;;;;",;;Here is how to figure out the answer to the following question:;;Who is the enemy of the parent of Amber?;;;;Here are the steps to arrive at the answer:;;1. the parent of Amber = Bryan;;2. the enemy of Bryan = Christina;;;;So the answer is Christina;;;;Now answer the following question:;;Who is the enemy of the child of the parent of Elizabeth? Please answer the question in the same format as the example. End with 'So the answer is [answer]'.,the enemy of the child of the parent of Elizabeth,Amber,Amber;;Bryan;;Christina;;Dana;;Elizabeth;;Felicia,the enemy of Amber = Elizabeth  the friend of Amber = Christina  the parent of Amber = Bryan          the child of Bryan = Amber          ;;the enemy of Bryan = Christina  the friend of Bryan = Felicia    the parent of Dana = Felicia         the child of Christina = Elizabeth  ;;the enemy of Christina = Bryan  the friend of Christina = Amber  the parent of Elizabeth = Christina  the child of Felicia = Dana         ;;the enemy of Dana = Felicia     the friend of Dana = Elizabeth   ;;the enemy of Elizabeth = Amber  the friend of Elizabeth = Dana   ;;the enemy of Felicia = Dana     the friend of Felicia = Bryan    
4,R,SemanticApproach.EXTENSIONAL,Representation.ENGLISH,0_R_pcp4,"Imagine there are six people: Amber, Bryan, Christina, Dana, Elizabeth and Felicia. They have the following relationships to each other:;;;;",;;Here is how to figure out the answer to the following question:;;Who is the enemy of the parent of Amber?;;;;Here are the steps to arrive at the answer:;;1. the parent of Amber = Bryan;;2. the enemy of Bryan = Christina;;;;So the answer is Christina;;;;Now answer the following question:;;Who is the parent of the child of the parent of Elizabeth? Please answer the question in the same format as the example. End with 'So the answer is [answer]'.,the parent of the child of the parent of Elizabeth,Christina,Amber;;Bryan;;Christina;;Dana;;Elizabeth;;Felicia,the enemy of Amber = Elizabeth  the friend of Amber = Christina  the parent of Amber = Bryan          the child of Bryan = Amber          ;;the enemy of Bryan = Christina  the friend of Bryan = Felicia    the parent of Dana = Felicia         the child of Christina = Elizabeth  ;;the enemy of Christina = Bryan  the friend of Christina = Amber  the parent of Elizabeth = Christina  the child of Felicia = Dana         ;;the enemy of Dana = Felicia     the friend of Dana = Elizabeth   ;;the enemy of Elizabeth = Amber  the friend of Elizabeth = Dana   ;;the enemy of Felicia = Dana     the friend of Felicia = Bryan    
4,R,SemanticApproach.EXTENSIONAL,Representation.ENGLISH,0_R_fff5,"Imagine there are six people: Amber, Bryan, Christina, Dana, Elizabeth and Felicia. They have the following relationships to each other:;;;;",;;Here is how to figure out the answer to the following question:;;Who is the enemy of the parent of Amber?;;;;Here are the steps to arrive at the answer:;;1. the parent of Amber = Bryan;;2. the enemy of Bryan = Christina;;;;So the answer is Christina;;;;Now answer the following question:;;Who is the friend of the friend of the friend of Felicia? Please answer the question in the same format as the example. End with 'So the answer is [answer]'.,the friend of the friend of the friend of Felicia,Bryan,Amber;;Bryan;;Christina;;Dana;;Elizabeth;;Felicia,the enemy of Amber = Elizabeth  the friend of Amber = Christina  the parent of Amber = Bryan          the child of Bryan = Amber          ;;the enemy of Bryan = Christina  the friend of Bryan = Felicia    the parent of Dana = Felicia         the child of Christina = Elizabeth  ;;the enemy of Christina = Bryan  the friend of Christina = Amber  the parent of Elizabeth = Christina  the child of Felicia = Dana         ;;the enemy of Dana = Felicia     the friend of Dana = Elizabeth   ;;the enemy of Elizabeth = Amber  the friend of Elizabeth = Dana   ;;the enemy of Felicia = Dana     the friend of Felicia = Bryan    
4,R,SemanticApproach.EXTENSIONAL,Representation.ENGLISH,0_R_fcf5,"Imagine there are six people: Amber, Bryan, Christina, Dana, Elizabeth and Felicia. They have the following relationships to each other:;;;;",;;Here is how to figure out the answer to the following question:;;Who is the enemy of the parent of Amber?;;;;Here are the steps to arrive at the answer:;;1. the parent of Amber = Bryan;;2. the enemy of Bryan = Christina;;;;So the answer is Christina;;;;Now answer the following question:;;Who is the friend of the child of the friend of Felicia? Please answer the question in the same format as the example. End with 'So the answer is [answer]'.,the friend of the child of the friend of Felicia,Christina,Amber;;Bryan;;Christina;;Dana;;Elizabeth;;Felicia,the enemy of Amber = Elizabeth  the friend of Amber = Christina  the parent of Amber = Bryan          the child of Bryan = Amber          ;;the enemy of Bryan = Christina  the friend of Bryan = Felicia    the parent of Dana = Felicia         the child of Christina = Elizabeth  ;;the enemy of Christina = Bryan  the friend of Christina = Amber  the parent of Elizabeth = Christina  the child of Felicia = Dana         ;;the enemy of Dana = Felicia     the friend of Dana = Elizabeth   ;;the enemy of Elizabeth = Amber  the friend of Elizabeth = Dana   ;;the enemy of Felicia = Dana     the friend of Felicia = Bryan    
4,R,SemanticApproach.EXTENSIONAL,Representation.ENGLISH,0_R_ecf5,"Imagine there are six people: Amber, Bryan, Christina, Dana, Elizabeth and Felicia. They have the following relationships to each other:;;;;",;;Here is how to figure out the answer to the following question:;;Who is the enemy of the parent of Amber?;;;;Here are the steps to arrive at the answer:;;1. the parent of Amber = Bryan;;2. the enemy of Bryan = Christina;;;;So the answer is Christina;;;;Now answer the following question:;;Who is the enemy of the child of the friend of Felicia? Please answer the question in the same format as the example. End with 'So the answer is [answer]'.,the enemy of the child of the friend of Felicia,Elizabeth,Amber;;Bryan;;Christina;;Dana;;Elizabeth;;Felicia,the enemy of Amber = Elizabeth  the friend of Amber = Christina  the parent of Amber = Bryan          the child of Bryan = Amber          ;;the enemy of Bryan = Christina  the friend of Bryan = Felicia    the parent of Dana = Felicia         the child of Christina = Elizabeth  ;;the enemy of Christina = Bryan  the friend of Christina = Amber  the parent of Elizabeth = Christina  the child of Felicia = Dana         ;;the enemy of Dana = Felicia     the friend of Dana = Elizabeth   ;;the enemy of Elizabeth = Amber  the friend of Elizabeth = Dana   ;;the enemy of Felicia = Dana     the friend of Felicia = Bryan    
4,R,SemanticApproach.EXTENSIONAL,Representation.ENGLISH,0_R_efe5,"Imagine there are six people: Amber, Bryan, Christina, Dana, Elizabeth and Felicia. They have the following relationships to each other:;;;;",;;Here is how to figure out the answer to the following question:;;Who is the enemy of the parent of Amber?;;;;Here are the steps to arrive at the answer:;;1. the parent of Amber = Bryan;;2. the enemy of Bryan = Christina;;;;So the answer is Christina;;;;Now answer the following question:;;Who is the enemy of the friend of the enemy of Felicia? Please answer the question in the same format as the example. End with 'So the answer is [answer]'.,the enemy of the friend of the enemy of Felicia,Amber,Amber;;Bryan;;Christina;;Dana;;Elizabeth;;Felicia,the enemy of Amber = Elizabeth  the friend of Amber = Christina  the parent of Amber = Bryan          the child of Bryan = Amber          ;;the enemy of Bryan = Christina  the friend of Bryan = Felicia    the parent of Dana = Felicia         the child of Christina = Elizabeth  ;;the enemy of Christina = Bryan  the friend of Christina = Amber  the parent of Elizabeth = Christina  the child of Felicia = Dana         ;;the enemy of Dana = Felicia     the friend of Dana = Elizabeth   ;;the enemy of Elizabeth = Amber  the friend of Elizabeth = Dana   ;;the enemy of Felicia = Dana     the friend of Felicia = Bryan    
4,R,SemanticApproach.EXTENSIONAL,Representation.ENGLISH,0_R_fee5,"Imagine there are six people: Amber, Bryan, Christina, Dana, Elizabeth and Felicia. They have the following relationships to each other:;;;;",;;Here is how to figure out the answer to the following question:;;Who is the enemy of the parent of Amber?;;;;Here are the steps to arrive at the answer:;;1. the parent of Amber = Bryan;;2. the enemy of Bryan = Christina;;;;So the answer is Christina;;;;Now answer the following question:;;Who is the friend of the enemy of the enemy of Felicia? Please answer the question in the same format as the example. End with 'So the answer is [answer]'.,the friend of the enemy of the enemy of Felicia,Bryan,Amber;;Bryan;;Christina;;Dana;;Elizabeth;;Felicia,the enemy of Amber = Elizabeth  the friend of Amber = Christina  the parent of Amber = Bryan          the child of Bryan = Amber          ;;the enemy of Bryan = Christina  the friend of Bryan = Felicia    the parent of Dana = Felicia         the child of Christina = Elizabeth  ;;the enemy of Christina = Bryan  the friend of Christina = Amber  the parent of Elizabeth = Christina  the child of Felicia = Dana         ;;the enemy of Dana = Felicia     the friend of Dana = Elizabeth   ;;the enemy of Elizabeth = Amber  the friend of Elizabeth = Dana   ;;the enemy of Felicia = Dana     the friend of Felicia = Bryan    
4,R,SemanticApproach.EXTENSIONAL,Representation.ENGLISH,0_R_eee5,"Imagine there are six people: Amber, Bryan, Christina, Dana, Elizabeth and Felicia. They have the following relationships to each other:;;;;",;;Here is how to figure out the answer to the following question:;;Who is the enemy of the parent of Amber?;;;;Here are the steps to arrive at the answer:;;1. the parent of Amber = Bryan;;2. the enemy of Bryan = Christina;;;;So the answer is Christina;;;;Now answer the following question:;;Who is the enemy of the enemy of the enemy of Felicia? Please answer the question in the same format as the example. End with 'So the answer is [answer]'.,the enemy of the enemy of the enemy of Felicia,Dana,Amber;;Bryan;;Christina;;Dana;;Elizabeth;;Felicia,the enemy of Amber = Elizabeth  the friend of Amber = Christina  the parent of Amber = Bryan          the child of Bryan = Amber          ;;the enemy of Bryan = Christina  the friend of Bryan = Felicia    the parent of Dana = Felicia         the child of Christina = Elizabeth  ;;the enemy of Christina = Bryan  the friend of Christina = Amber  the parent of Elizabeth = Christina  the child of Felicia = Dana         ;;the enemy of Dana = Felicia     the friend of Dana = Elizabeth   ;;the enemy of Elizabeth = Amber  the friend of Elizabeth = Dana   ;;the enemy of Felicia = Dana     the friend of Felicia = Bryan    
4,R,SemanticApproach.EXTENSIONAL,Representation.ENGLISH,0_R_epe5,"Imagine there are six people: Amber, Bryan, Christina, Dana, Elizabeth and Felicia. They have the following relationships to each other:;;;;",;;Here is how to figure out the answer to the following question:;;Who is the enemy of the parent of Amber?;;;;Here are the steps to arrive at the answer:;;1. the parent of Amber = Bryan;;2. the enemy of Bryan = Christina;;;;So the answer is Christina;;;;Now answer the following question:;;Who is the enemy of the parent of the enemy of Felicia? Please answer the question in the same format as the example. End with 'So the answer is [answer]'.,the enemy of the parent of the enemy of Felicia,Dana,Amber;;Bryan;;Christina;;Dana;;Elizabeth;;Felicia,the enemy of Amber = Elizabeth  the friend of Amber = Christina  the parent of Amber = Bryan          the child of Bryan = Amber          ;;the enemy of Bryan = Christina  the friend of Bryan = Felicia    the parent of Dana = Felicia         the child of Christina = Elizabeth  ;;the enemy of Christina = Bryan  the friend of Christina = Amber  the parent of Elizabeth = Christina  the child of Felicia = Dana         ;;the enemy of Dana = Felicia     the friend of Dana = Elizabeth   ;;the enemy of Elizabeth = Amber  the friend of Elizabeth = Dana   ;;the enemy of Felicia = Dana     the friend of Felicia = Bryan    
4,R,SemanticApproach.EXTENSIONAL,Representation.ENGLISH,0_R_cpe5,"Imagine there are six people: Amber, Bryan, Christina, Dana, Elizabeth and Felicia. They have the following relationships to each other:;;;;",;;Here is how to figure out the answer to the following question:;;Who is the enemy of the parent of Amber?;;;;Here are the steps to arrive at the answer:;;1. the parent of Amber = Bryan;;2. the enemy of Bryan = Christina;;;;So the answer is Christina;;;;Now answer the following question:;;Who is the child of the parent of the enemy of Felicia? Please answer the question in the same format as the example. End with 'So the answer is [answer]'.,the child of the parent of the enemy of Felicia,Dana,Amber;;Bryan;;Christina;;Dana;;Elizabeth;;Felicia,the enemy of Amber = Elizabeth  the friend of Amber = Christina  the parent of Amber = Bryan          the child of Bryan = Amber          ;;the enemy of Bryan = Christina  the friend of Bryan = Felicia    the parent of Dana = Felicia         the child of Christina = Elizabeth  ;;the enemy of Christina = Bryan  the friend of Christina = Amber  the parent of Elizabeth = Christina  the child of Felicia = Dana         ;;the enemy of Dana = Felicia     the friend of Dana = Elizabeth   ;;the enemy of Elizabeth = Amber  the friend of Elizabeth = Dana   ;;the enemy of Felicia = Dana     the friend of Felicia = Bryan    
4,R,SemanticApproach.EXTENSIONAL,Representation.ENGLISH,0_R_ffc5,"Imagine there are six people: Amber, Bryan, Christina, Dana, Elizabeth and Felicia. They have the following relationships to each other:;;;;",;;Here is how to figure out the answer to the following question:;;Who is the enemy of the parent of Amber?;;;;Here are the steps to arrive at the answer:;;1. the parent of Amber = Bryan;;2. the enemy of Bryan = Christina;;;;So the answer is Christina;;;;Now answer the following question:;;Who is the friend of the friend of the child of Felicia? Please answer the question in the same format as the example. End with 'So the answer is [answer]'.,the friend of the friend of the child of Felicia,Dana,Amber;;Bryan;;Christina;;Dana;;Elizabeth;;Felicia,the enemy of Amber = Elizabeth  the friend of Amber = Christina  the parent of Amber = Bryan          the child of Bryan = Amber          ;;the enemy of Bryan = Christina  the friend of Bryan = Felicia    the parent of Dana = Felicia         the child of Christina = Elizabeth  ;;the enemy of Christina = Bryan  the friend of Christina = Amber  the parent of Elizabeth = Christina  the child of Felicia = Dana         ;;the enemy of Dana = Felicia     the friend of Dana = Elizabeth   ;;the enemy of Elizabeth = Amber  the friend of Elizabeth = Dana   ;;the enemy of Felicia = Dana     the friend of Felicia = Bryan    
4,R,SemanticApproach.EXTENSIONAL,Representation.ENGLISH,0_R_fec5,"Imagine there are six people: Amber, Bryan, Christina, Dana, Elizabeth and Felicia. They have the following relationships to each other:;;;;",;;Here is how to figure out the answer to the following question:;;Who is the enemy of the parent of Amber?;;;;Here are the steps to arrive at the answer:;;1. the parent of Amber = Bryan;;2. the enemy of Bryan = Christina;;;;So the answer is Christina;;;;Now answer the following question:;;Who is the friend of the enemy of the child of Felicia? Please answer the question in the same format as the example. End with 'So the answer is [answer]'.,the friend of the enemy of the child of Felicia,Bryan,Amber;;Bryan;;Christina;;Dana;;Elizabeth;;Felicia,the enemy of Amber = Elizabeth  the friend of Amber = Christina  the parent of Amber = Bryan          the child of Bryan = Amber          ;;the enemy of Bryan = Christina  the friend of Bryan = Felicia    the parent of Dana = Felicia         the child of Christina = Elizabeth  ;;the enemy of Christina = Bryan  the friend of Christina = Amber  the parent of Elizabeth = Christina  the child of Felicia = Dana         ;;the enemy of Dana = Felicia     the friend of Dana = Elizabeth   ;;the enemy of Elizabeth = Amber  the friend of Elizabeth = Dana   ;;the enemy of Felicia = Dana     the friend of Felicia = Bryan    
4,R,SemanticApproach.EXTENSIONAL,Representation.ENGLISH,0_R_cpc5,"Imagine there are six people: Amber, Bryan, Christina, Dana, Elizabeth and Felicia. They have the following relationships to each other:;;;;",;;Here is how to figure out the answer to the following question:;;Who is the enemy of the parent of Amber?;;;;Here are the steps to arrive at the answer:;;1. the parent of Amber = Bryan;;2. the enemy of Bryan = Christina;;;;So the answer is Christina;;;;Now answer the following question:;;Who is the child of the parent of the child of Felicia? Please answer the question in the same format as the example. End with 'So the answer is [answer]'.,the child of the parent of the child of Felicia,Dana,Amber;;Bryan;;Christina;;Dana;;Elizabeth;;Felicia,the enemy of Amber = Elizabeth  the friend of Amber = Christina  the parent of Amber = Bryan          the child of Bryan = Amber          ;;the enemy of Bryan = Christina  the friend of Bryan = Felicia    the parent of Dana = Felicia         the child of Christina = Elizabeth  ;;the enemy of Christina = Bryan  the friend of Christina = Amber  the parent of Elizabeth = Christina  the child of Felicia = Dana         ;;the enemy of Dana = Felicia     the friend of Dana = Elizabeth   ;;the enemy of Elizabeth = Amber  the friend of Elizabeth = Dana   ;;the enemy of Felicia = Dana     the friend of Felicia = Bryan    
5,R,SemanticApproach.EXTENSIONAL,Representation.ENGLISH,0_R_fcff0,"Imagine there are six people: Amber, Bryan, Christina, Dana, Elizabeth and Felicia. They have the following relationships to each other:;;;;",;;Here is how to figure out the answer to the following question:;;Who is the enemy of the parent of Amber?;;;;Here are the steps to arrive at the answer:;;1. the parent of Amber = Bryan;;2. the enemy of Bryan = Christina;;;;So the answer is Christina;;;;Now answer the following question:;;Who is the friend of the child of the friend of the friend of Christina? Please answer the question in the same format as the example. End with 'So the answer is [answer]'.,the friend of the child of the friend of the friend of Christina,Dana,Amber;;Bryan;;Christina;;Dana;;Elizabeth;;Felicia,the enemy of Amber = Elizabeth  the friend of Amber = Christina  the parent of Amber = Bryan          the child of Bryan = Amber          ;;the enemy of Bryan = Christina  the friend of Bryan = Felicia    the parent of Dana = Felicia         the child of Christina = Elizabeth  ;;the enemy of Christina = Bryan  the friend of Christina = Amber  the parent of Elizabeth = Christina  the child of Felicia = Dana         ;;the enemy of Dana = Felicia     the friend of Dana = Elizabeth   ;;the enemy of Elizabeth = Amber  the friend of Elizabeth = Dana   ;;the enemy of Felicia = Dana     the friend of Felicia = Bryan    
5,R,SemanticApproach.EXTENSIONAL,Representation.ENGLISH,0_R_pfef0,"Imagine there are six people: Amber, Bryan, Christina, Dana, Elizabeth and Felicia. They have the following relationships to each other:;;;;",;;Here is how to figure out the answer to the following question:;;Who is the enemy of the parent of Amber?;;;;Here are the steps to arrive at the answer:;;1. the parent of Amber = Bryan;;2. the enemy of Bryan = Christina;;;;So the answer is Christina;;;;Now answer the following question:;;Who is the parent of the friend of the enemy of the friend of Christina? Please answer the question in the same format as the example. End with 'So the answer is [answer]'.,the parent of the friend of the enemy of the friend of Christina,Felicia,Amber;;Bryan;;Christina;;Dana;;Elizabeth;;Felicia,the enemy of Amber = Elizabeth  the friend of Amber = Christina  the parent of Amber = Bryan          the child of Bryan = Amber          ;;the enemy of Bryan = Christina  the friend of Bryan = Felicia    the parent of Dana = Felicia         the child of Christina = Elizabeth  ;;the enemy of Christina = Bryan  the friend of Christina = Amber  the parent of Elizabeth = Christina  the child of Felicia = Dana         ;;the enemy of Dana = Felicia     the friend of Dana = Elizabeth   ;;the enemy of Elizabeth = Amber  the friend of Elizabeth = Dana   ;;the enemy of Felicia = Dana     the friend of Felicia = Bryan    
5,R,SemanticApproach.EXTENSIONAL,Representation.ENGLISH,0_R_eeef0,"Imagine there are six people: Amber, Bryan, Christina, Dana, Elizabeth and Felicia. They have the following relationships to each other:;;;;",;;Here is how to figure out the answer to the following question:;;Who is the enemy of the parent of Amber?;;;;Here are the steps to arrive at the answer:;;1. the parent of Amber = Bryan;;2. the enemy of Bryan = Christina;;;;So the answer is Christina;;;;Now answer the following question:;;Who is the enemy of the enemy of the enemy of the friend of Christina? Please answer the question in the same format as the example. End with 'So the answer is [answer]'.,the enemy of the enemy of the enemy of the friend of Christina,Elizabeth,Amber;;Bryan;;Christina;;Dana;;Elizabeth;;Felicia,the enemy of Amber = Elizabeth  the friend of Amber = Christina  the parent of Amber = Bryan          the child of Bryan = Amber          ;;the enemy of Bryan = Christina  the friend of Bryan = Felicia    the parent of Dana = Felicia         the child of Christina = Elizabeth  ;;the enemy of Christina = Bryan  the friend of Christina = Amber  the parent of Elizabeth = Christina  the child of Felicia = Dana         ;;the enemy of Dana = Felicia     the friend of Dana = Elizabeth   ;;the enemy of Elizabeth = Amber  the friend of Elizabeth = Dana   ;;the enemy of Felicia = Dana     the friend of Felicia = Bryan    
5,R,SemanticApproach.EXTENSIONAL,Representation.ENGLISH,0_R_cpef0,"Imagine there are six people: Amber, Bryan, Christina, Dana, Elizabeth and Felicia. They have the following relationships to each other:;;;;",;;Here is how to figure out the answer to the following question:;;Who is the enemy of the parent of Amber?;;;;Here are the steps to arrive at the answer:;;1. the parent of Amber = Bryan;;2. the enemy of Bryan = Christina;;;;So the answer is Christina;;;;Now answer the following question:;;Who is the child of the parent of the enemy of the friend of Christina? Please answer the question in the same format as the example. End with 'So the answer is [answer]'.,the child of the parent of the enemy of the friend of Christina,Elizabeth,Amber;;Bryan;;Christina;;Dana;;Elizabeth;;Felicia,the enemy of Amber = Elizabeth  the friend of Amber = Christina  the parent of Amber = Bryan          the child of Bryan = Amber          ;;the enemy of Bryan = Christina  the friend of Bryan = Felicia    the parent of Dana = Felicia         the child of Christina = Elizabeth  ;;the enemy of Christina = Bryan  the friend of Christina = Amber  the parent of Elizabeth = Christina  the child of Felicia = Dana         ;;the enemy of Dana = Felicia     the friend of Dana = Elizabeth   ;;the enemy of Elizabeth = Amber  the friend of Elizabeth = Dana   ;;the enemy of Felicia = Dana     the friend of Felicia = Bryan    
5,R,SemanticApproach.EXTENSIONAL,Representation.ENGLISH,0_R_eece0,"Imagine there are six people: Amber, Bryan, Christina, Dana, Elizabeth and Felicia. They have the following relationships to each other:;;;;",;;Here is how to figure out the answer to the following question:;;Who is the enemy of the parent of Amber?;;;;Here are the steps to arrive at the answer:;;1. the parent of Amber = Bryan;;2. the enemy of Bryan = Christina;;;;So the answer is Christina;;;;Now answer the following question:;;Who is the enemy of the enemy of the child of the enemy of Christina? Please answer the question in the same format as the example. End with 'So the answer is [answer]'.,the enemy of the enemy of the child of the enemy of Christina,Amber,Amber;;Bryan;;Christina;;Dana;;Elizabeth;;Felicia,the enemy of Amber = Elizabeth  the friend of Amber = Christina  the parent of Amber = Bryan          the child of Bryan = Amber          ;;the enemy of Bryan = Christina  the friend of Bryan = Felicia    the parent of Dana = Felicia         the child of Christina = Elizabeth  ;;the enemy of Christina = Bryan  the friend of Christina = Amber  the parent of Elizabeth = Christina  the child of Felicia = Dana         ;;the enemy of Dana = Felicia     the friend of Dana = Elizabeth   ;;the enemy of Elizabeth = Amber  the friend of Elizabeth = Dana   ;;the enemy of Felicia = Dana     the friend of Felicia = Bryan    
5,R,SemanticApproach.EXTENSIONAL,Representation.ENGLISH,0_R_pece0,"Imagine there are six people: Amber, Bryan, Christina, Dana, Elizabeth and Felicia. They have the following relationships to each other:;;;;",;;Here is how to figure out the answer to the following question:;;Who is the enemy of the parent of Amber?;;;;Here are the steps to arrive at the answer:;;1. the parent of Amber = Bryan;;2. the enemy of Bryan = Christina;;;;So the answer is Christina;;;;Now answer the following question:;;Who is the parent of the enemy of the child of the enemy of Christina? Please answer the question in the same format as the example. End with 'So the answer is [answer]'.,the parent of the enemy of the child of the enemy of Christina,Christina,Amber;;Bryan;;Christina;;Dana;;Elizabeth;;Felicia,the enemy of Amber = Elizabeth  the friend of Amber = Christina  the parent of Amber = Bryan          the child of Bryan = Amber          ;;the enemy of Bryan = Christina  the friend of Bryan = Felicia    the parent of Dana = Felicia         the child of Christina = Elizabeth  ;;the enemy of Christina = Bryan  the friend of Christina = Amber  the parent of Elizabeth = Christina  the child of Felicia = Dana         ;;the enemy of Dana = Felicia     the friend of Dana = Elizabeth   ;;the enemy of Elizabeth = Amber  the friend of Elizabeth = Dana   ;;the enemy of Felicia = Dana     the friend of Felicia = Bryan    
5,R,SemanticApproach.EXTENSIONAL,Representation.ENGLISH,0_R_cfec0,"Imagine there are six people: Amber, Bryan, Christina, Dana, Elizabeth and Felicia. They have the following relationships to each other:;;;;",;;Here is how to figure out the answer to the following question:;;Who is the enemy of the parent of Amber?;;;;Here are the steps to arrive at the answer:;;1. the parent of Amber = Bryan;;2. the enemy of Bryan = Christina;;;;So the answer is Christina;;;;Now answer the following question:;;Who is the child of the friend of the enemy of the child of Christina? Please answer the question in the same format as the example. End with 'So the answer is [answer]'.,the child of the friend of the enemy of the child of Christina,Elizabeth,Amber;;Bryan;;Christina;;Dana;;Elizabeth;;Felicia,the enemy of Amber = Elizabeth  the friend of Amber = Christina  the parent of Amber = Bryan          the child of Bryan = Amber          ;;the enemy of Bryan = Christina  the friend of Bryan = Felicia    the parent of Dana = Felicia         the child of Christina = Elizabeth  ;;the enemy of Christina = Bryan  the friend of Christina = Amber  the parent of Elizabeth = Christina  the child of Felicia = Dana         ;;the enemy of Dana = Felicia     the friend of Dana = Elizabeth   ;;the enemy of Elizabeth = Amber  the friend of Elizabeth = Dana   ;;the enemy of Felicia = Dana     the friend of Felicia = Bryan    
5,R,SemanticApproach.EXTENSIONAL,Representation.ENGLISH,0_R_efpc0,"Imagine there are six people: Amber, Bryan, Christina, Dana, Elizabeth and Felicia. They have the following relationships to each other:;;;;",;;Here is how to figure out the answer to the following question:;;Who is the enemy of the parent of Amber?;;;;Here are the steps to arrive at the answer:;;1. the parent of Amber = Bryan;;2. the enemy of Bryan = Christina;;;;So the answer is Christina;;;;Now answer the following question:;;Who is the enemy of the friend of the parent of the child of Christina? Please answer the question in the same format as the example. End with 'So the answer is [answer]'.,the enemy of the friend of the parent of the child of Christina,Elizabeth,Amber;;Bryan;;Christina;;Dana;;Elizabeth;;Felicia,the enemy of Amber = Elizabeth  the friend of Amber = Christina  the parent of Amber = Bryan          the child of Bryan = Amber          ;;the enemy of Bryan = Christina  the friend of Bryan = Felicia    the parent of Dana = Felicia         the child of Christina = Elizabeth  ;;the enemy of Christina = Bryan  the friend of Christina = Amber  the parent of Elizabeth = Christina  the child of Felicia = Dana         ;;the enemy of Dana = Felicia     the friend of Dana = Elizabeth   ;;the enemy of Elizabeth = Amber  the friend of Elizabeth = Dana   ;;the enemy of Felicia = Dana     the friend of Felicia = Bryan    
5,R,SemanticApproach.EXTENSIONAL,Representation.ENGLISH,0_R_fepc0,"Imagine there are six people: Amber, Bryan, Christina, Dana, Elizabeth and Felicia. They have the following relationships to each other:;;;;",;;Here is how to figure out the answer to the following question:;;Who is the enemy of the parent of Amber?;;;;Here are the steps to arrive at the answer:;;1. the parent of Amber = Bryan;;2. the enemy of Bryan = Christina;;;;So the answer is Christina;;;;Now answer the following question:;;Who is the friend of the enemy of the parent of the child of Christina? Please answer the question in the same format as the example. End with 'So the answer is [answer]'.,the friend of the enemy of the parent of the child of Christina,Felicia,Amber;;Bryan;;Christina;;Dana;;Elizabeth;;Felicia,the enemy of Amber = Elizabeth  the friend of Amber = Christina  the parent of Amber = Bryan          the child of Bryan = Amber          ;;the enemy of Bryan = Christina  the friend of Bryan = Felicia    the parent of Dana = Felicia         the child of Christina = Elizabeth  ;;the enemy of Christina = Bryan  the friend of Christina = Amber  the parent of Elizabeth = Christina  the child of Felicia = Dana         ;;the enemy of Dana = Felicia     the friend of Dana = Elizabeth   ;;the enemy of Elizabeth = Amber  the friend of Elizabeth = Dana   ;;the enemy of Felicia = Dana     the friend of Felicia = Bryan    
5,R,SemanticApproach.EXTENSIONAL,Representation.ENGLISH,0_R_fcpc0,"Imagine there are six people: Amber, Bryan, Christina, Dana, Elizabeth and Felicia. They have the following relationships to each other:;;;;",;;Here is how to figure out the answer to the following question:;;Who is the enemy of the parent of Amber?;;;;Here are the steps to arrive at the answer:;;1. the parent of Amber = Bryan;;2. the enemy of Bryan = Christina;;;;So the answer is Christina;;;;Now answer the following question:;;Who is the friend of the child of the parent of the child of Christina? Please answer the question in the same format as the example. End with 'So the answer is [answer]'.,the friend of the child of the parent of the child of Christina,Dana,Amber;;Bryan;;Christina;;Dana;;Elizabeth;;Felicia,the enemy of Amber = Elizabeth  the friend of Amber = Christina  the parent of Amber = Bryan          the child of Bryan = Amber          ;;the enemy of Bryan = Christina  the friend of Bryan = Felicia    the parent of Dana = Felicia         the child of Christina = Elizabeth  ;;the enemy of Christina = Bryan  the friend of Christina = Amber  the parent of Elizabeth = Christina  the child of Felicia = Dana         ;;the enemy of Dana = Felicia     the friend of Dana = Elizabeth   ;;the enemy of Elizabeth = Amber  the friend of Elizabeth = Dana   ;;the enemy of Felicia = Dana     the friend of Felicia = Bryan    
5,R,SemanticApproach.EXTENSIONAL,Representation.ENGLISH,0_R_ffff1,"Imagine there are six people: Amber, Bryan, Christina, Dana, Elizabeth and Felicia. They have the following relationships to each other:;;;;",;;Here is how to figure out the answer to the following question:;;Who is the enemy of the parent of Amber?;;;;Here are the steps to arrive at the answer:;;1. the parent of Amber = Bryan;;2. the enemy of Bryan = Christina;;;;So the answer is Christina;;;;Now answer the following question:;;Who is the friend of the friend of the friend of the friend of Amber? Please answer the question in the same format as the example. End with 'So the answer is [answer]'.,the friend of the friend of the friend of the friend of Amber,Amber,Amber;;Bryan;;Christina;;Dana;;Elizabeth;;Felicia,the enemy of Amber = Elizabeth  the friend of Amber = Christina  the parent of Amber = Bryan          the child of Bryan = Amber          ;;the enemy of Bryan = Christina  the friend of Bryan = Felicia    the parent of Dana = Felicia         the child of Christina = Elizabeth  ;;the enemy of Christina = Bryan  the friend of Christina = Amber  the parent of Elizabeth = Christina  the child of Felicia = Dana         ;;the enemy of Dana = Felicia     the friend of Dana = Elizabeth   ;;the enemy of Elizabeth = Amber  the friend of Elizabeth = Dana   ;;the enemy of Felicia = Dana     the friend of Felicia = Bryan    
5,R,SemanticApproach.EXTENSIONAL,Representation.ENGLISH,0_R_fpcf1,"Imagine there are six people: Amber, Bryan, Christina, Dana, Elizabeth and Felicia. They have the following relationships to each other:;;;;",;;Here is how to figure out the answer to the following question:;;Who is the enemy of the parent of Amber?;;;;Here are the steps to arrive at the answer:;;1. the parent of Amber = Bryan;;2. the enemy of Bryan = Christina;;;;So the answer is Christina;;;;Now answer the following question:;;Who is the friend of the parent of the child of the friend of Amber? Please answer the question in the same format as the example. End with 'So the answer is [answer]'.,the friend of the parent of the child of the friend of Amber,Amber,Amber;;Bryan;;Christina;;Dana;;Elizabeth;;Felicia,the enemy of Amber = Elizabeth  the friend of Amber = Christina  the parent of Amber = Bryan          the child of Bryan = Amber          ;;the enemy of Bryan = Christina  the friend of Bryan = Felicia    the parent of Dana = Felicia         the child of Christina = Elizabeth  ;;the enemy of Christina = Bryan  the friend of Christina = Amber  the parent of Elizabeth = Christina  the child of Felicia = Dana         ;;the enemy of Dana = Felicia     the friend of Dana = Elizabeth   ;;the enemy of Elizabeth = Amber  the friend of Elizabeth = Dana   ;;the enemy of Felicia = Dana     the friend of Felicia = Bryan    
5,R,SemanticApproach.EXTENSIONAL,Representation.ENGLISH,0_R_pffe1,"Imagine there are six people: Amber, Bryan, Christina, Dana, Elizabeth and Felicia. They have the following relationships to each other:;;;;",;;Here is how to figure out the answer to the following question:;;Who is the enemy of the parent of Amber?;;;;Here are the steps to arrive at the answer:;;1. the parent of Amber = Bryan;;2. the enemy of Bryan = Christina;;;;So the answer is Christina;;;;Now answer the following question:;;Who is the parent of the friend of the friend of the enemy of Amber? Please answer the question in the same format as the example. End with 'So the answer is [answer]'.,the parent of the friend of the friend of the enemy of Amber,Christina,Amber;;Bryan;;Christina;;Dana;;Elizabeth;;Felicia,the enemy of Amber = Elizabeth  the friend of Amber = Christina  the parent of Amber = Bryan          the child of Bryan = Amber          ;;the enemy of Bryan = Christina  the friend of Bryan = Felicia    the parent of Dana = Felicia         the child of Christina = Elizabeth  ;;the enemy of Christina = Bryan  the friend of Christina = Amber  the parent of Elizabeth = Christina  the child of Felicia = Dana         ;;the enemy of Dana = Felicia     the friend of Dana = Elizabeth   ;;the enemy of Elizabeth = Amber  the friend of Elizabeth = Dana   ;;the enemy of Felicia = Dana     the friend of Felicia = Bryan    
5,R,SemanticApproach.EXTENSIONAL,Representation.ENGLISH,0_R_cfee1,"Imagine there are six people: Amber, Bryan, Christina, Dana, Elizabeth and Felicia. They have the following relationships to each other:;;;;",;;Here is how to figure out the answer to the following question:;;Who is the enemy of the parent of Amber?;;;;Here are the steps to arrive at the answer:;;1. the parent of Amber = Bryan;;2. the enemy of Bryan = Christina;;;;So the answer is Christina;;;;Now answer the following question:;;Who is the child of the friend of the enemy of the enemy of Amber? Please answer the question in the same format as the example. End with 'So the answer is [answer]'.,the child of the friend of the enemy of the enemy of Amber,Elizabeth,Amber;;Bryan;;Christina;;Dana;;Elizabeth;;Felicia,the enemy of Amber = Elizabeth  the friend of Amber = Christina  the parent of Amber = Bryan          the child of Bryan = Amber          ;;the enemy of Bryan = Christina  the friend of Bryan = Felicia    the parent of Dana = Felicia         the child of Christina = Elizabeth  ;;the enemy of Christina = Bryan  the friend of Christina = Amber  the parent of Elizabeth = Christina  the child of Felicia = Dana         ;;the enemy of Dana = Felicia     the friend of Dana = Elizabeth   ;;the enemy of Elizabeth = Amber  the friend of Elizabeth = Dana   ;;the enemy of Felicia = Dana     the friend of Felicia = Bryan    
5,R,SemanticApproach.EXTENSIONAL,Representation.ENGLISH,0_R_peee1,"Imagine there are six people: Amber, Bryan, Christina, Dana, Elizabeth and Felicia. They have the following relationships to each other:;;;;",;;Here is how to figure out the answer to the following question:;;Who is the enemy of the parent of Amber?;;;;Here are the steps to arrive at the answer:;;1. the parent of Amber = Bryan;;2. the enemy of Bryan = Christina;;;;So the answer is Christina;;;;Now answer the following question:;;Who is the parent of the enemy of the enemy of the enemy of Amber? Please answer the question in the same format as the example. End with 'So the answer is [answer]'.,the parent of the enemy of the enemy of the enemy of Amber,Christina,Amber;;Bryan;;Christina;;Dana;;Elizabeth;;Felicia,the enemy of Amber = Elizabeth  the friend of Amber = Christina  the parent of Amber = Bryan          the child of Bryan = Amber          ;;the enemy of Bryan = Christina  the friend of Bryan = Felicia    the parent of Dana = Felicia         the child of Christina = Elizabeth  ;;the enemy of Christina = Bryan  the friend of Christina = Amber  the parent of Elizabeth = Christina  the child of Felicia = Dana         ;;the enemy of Dana = Felicia     the friend of Dana = Elizabeth   ;;the enemy of Elizabeth = Amber  the friend of Elizabeth = Dana   ;;the enemy of Felicia = Dana     the friend of Felicia = Bryan    
5,R,SemanticApproach.EXTENSIONAL,Representation.ENGLISH,0_R_ffpe1,"Imagine there are six people: Amber, Bryan, Christina, Dana, Elizabeth and Felicia. They have the following relationships to each other:;;;;",;;Here is how to figure out the answer to the following question:;;Who is the enemy of the parent of Amber?;;;;Here are the steps to arrive at the answer:;;1. the parent of Amber = Bryan;;2. the enemy of Bryan = Christina;;;;So the answer is Christina;;;;Now answer the following question:;;Who is the friend of the friend of the parent of the enemy of Amber? Please answer the question in the same format as the example. End with 'So the answer is [answer]'.,the friend of the friend of the parent of the enemy of Amber,Christina,Amber;;Bryan;;Christina;;Dana;;Elizabeth;;Felicia,the enemy of Amber = Elizabeth  the friend of Amber = Christina  the parent of Amber = Bryan          the child of Bryan = Amber          ;;the enemy of Bryan = Christina  the friend of Bryan = Felicia    the parent of Dana = Felicia         the child of Christina = Elizabeth  ;;the enemy of Christina = Bryan  the friend of Christina = Amber  the parent of Elizabeth = Christina  the child of Felicia = Dana         ;;the enemy of Dana = Felicia     the friend of Dana = Elizabeth   ;;the enemy of Elizabeth = Amber  the friend of Elizabeth = Dana   ;;the enemy of Felicia = Dana     the friend of Felicia = Bryan    
5,R,SemanticApproach.EXTENSIONAL,Representation.ENGLISH,0_R_ceff2,"Imagine there are six people: Amber, Bryan, Christina, Dana, Elizabeth and Felicia. They have the following relationships to each other:;;;;",;;Here is how to figure out the answer to the following question:;;Who is the enemy of the parent of Amber?;;;;Here are the steps to arrive at the answer:;;1. the parent of Amber = Bryan;;2. the enemy of Bryan = Christina;;;;So the answer is Christina;;;;Now answer the following question:;;Who is the child of the enemy of the friend of the friend of Dana? Please answer the question in the same format as the example. End with 'So the answer is [answer]'.,the child of the enemy of the friend of the friend of Dana,Dana,Amber;;Bryan;;Christina;;Dana;;Elizabeth;;Felicia,the enemy of Amber = Elizabeth  the friend of Amber = Christina  the parent of Amber = Bryan          the child of Bryan = Amber          ;;the enemy of Bryan = Christina  the friend of Bryan = Felicia    the parent of Dana = Felicia         the child of Christina = Elizabeth  ;;the enemy of Christina = Bryan  the friend of Christina = Amber  the parent of Elizabeth = Christina  the child of Felicia = Dana         ;;the enemy of Dana = Felicia     the friend of Dana = Elizabeth   ;;the enemy of Elizabeth = Amber  the friend of Elizabeth = Dana   ;;the enemy of Felicia = Dana     the friend of Felicia = Bryan    
5,R,SemanticApproach.EXTENSIONAL,Representation.ENGLISH,0_R_ffef2,"Imagine there are six people: Amber, Bryan, Christina, Dana, Elizabeth and Felicia. They have the following relationships to each other:;;;;",;;Here is how to figure out the answer to the following question:;;Who is the enemy of the parent of Amber?;;;;Here are the steps to arrive at the answer:;;1. the parent of Amber = Bryan;;2. the enemy of Bryan = Christina;;;;So the answer is Christina;;;;Now answer the following question:;;Who is the friend of the friend of the enemy of the friend of Dana? Please answer the question in the same format as the example. End with 'So the answer is [answer]'.,the friend of the friend of the enemy of the friend of Dana,Amber,Amber;;Bryan;;Christina;;Dana;;Elizabeth;;Felicia,the enemy of Amber = Elizabeth  the friend of Amber = Christina  the parent of Amber = Bryan          the child of Bryan = Amber          ;;the enemy of Bryan = Christina  the friend of Bryan = Felicia    the parent of Dana = Felicia         the child of Christina = Elizabeth  ;;the enemy of Christina = Bryan  the friend of Christina = Amber  the parent of Elizabeth = Christina  the child of Felicia = Dana         ;;the enemy of Dana = Felicia     the friend of Dana = Elizabeth   ;;the enemy of Elizabeth = Amber  the friend of Elizabeth = Dana   ;;the enemy of Felicia = Dana     the friend of Felicia = Bryan    
5,R,SemanticApproach.EXTENSIONAL,Representation.ENGLISH,0_R_fcfe2,"Imagine there are six people: Amber, Bryan, Christina, Dana, Elizabeth and Felicia. They have the following relationships to each other:;;;;",;;Here is how to figure out the answer to the following question:;;Who is the enemy of the parent of Amber?;;;;Here are the steps to arrive at the answer:;;1. the parent of Amber = Bryan;;2. the enemy of Bryan = Christina;;;;So the answer is Christina;;;;Now answer the following question:;;Who is the friend of the child of the friend of the enemy of Dana? Please answer the question in the same format as the example. End with 'So the answer is [answer]'.,the friend of the child of the friend of the enemy of Dana,Christina,Amber;;Bryan;;Christina;;Dana;;Elizabeth;;Felicia,the enemy of Amber = Elizabeth  the friend of Amber = Christina  the parent of Amber = Bryan          the child of Bryan = Amber          ;;the enemy of Bryan = Christina  the friend of Bryan = Felicia    the parent of Dana = Felicia         the child of Christina = Elizabeth  ;;the enemy of Christina = Bryan  the friend of Christina = Amber  the parent of Elizabeth = Christina  the child of Felicia = Dana         ;;the enemy of Dana = Felicia     the friend of Dana = Elizabeth   ;;the enemy of Elizabeth = Amber  the friend of Elizabeth = Dana   ;;the enemy of Felicia = Dana     the friend of Felicia = Bryan    
5,R,SemanticApproach.EXTENSIONAL,Representation.ENGLISH,0_R_pfef3,"Imagine there are six people: Amber, Bryan, Christina, Dana, Elizabeth and Felicia. They have the following relationships to each other:;;;;",;;Here is how to figure out the answer to the following question:;;Who is the enemy of the parent of Amber?;;;;Here are the steps to arrive at the answer:;;1. the parent of Amber = Bryan;;2. the enemy of Bryan = Christina;;;;So the answer is Christina;;;;Now answer the following question:;;Who is the parent of the friend of the enemy of the friend of Bryan? Please answer the question in the same format as the example. End with 'So the answer is [answer]'.,the parent of the friend of the enemy of the friend of Bryan,Christina,Amber;;Bryan;;Christina;;Dana;;Elizabeth;;Felicia,the enemy of Amber = Elizabeth  the friend of Amber = Christina  the parent of Amber = Bryan          the child of Bryan = Amber          ;;the enemy of Bryan = Christina  the friend of Bryan = Felicia    the parent of Dana = Felicia         the child of Christina = Elizabeth  ;;the enemy of Christina = Bryan  the friend of Christina = Amber  the parent of Elizabeth = Christina  the child of Felicia = Dana         ;;the enemy of Dana = Felicia     the friend of Dana = Elizabeth   ;;the enemy of Elizabeth = Amber  the friend of Elizabeth = Dana   ;;the enemy of Felicia = Dana     the friend of Felicia = Bryan    
5,R,SemanticApproach.EXTENSIONAL,Representation.ENGLISH,0_R_feef3,"Imagine there are six people: Amber, Bryan, Christina, Dana, Elizabeth and Felicia. They have the following relationships to each other:;;;;",;;Here is how to figure out the answer to the following question:;;Who is the enemy of the parent of Amber?;;;;Here are the steps to arrive at the answer:;;1. the parent of Amber = Bryan;;2. the enemy of Bryan = Christina;;;;So the answer is Christina;;;;Now answer the following question:;;Who is the friend of the enemy of the enemy of the friend of Bryan? Please answer the question in the same format as the example. End with 'So the answer is [answer]'.,the friend of the enemy of the enemy of the friend of Bryan,Bryan,Amber;;Bryan;;Christina;;Dana;;Elizabeth;;Felicia,the enemy of Amber = Elizabeth  the friend of Amber = Christina  the parent of Amber = Bryan          the child of Bryan = Amber          ;;the enemy of Bryan = Christina  the friend of Bryan = Felicia    the parent of Dana = Felicia         the child of Christina = Elizabeth  ;;the enemy of Christina = Bryan  the friend of Christina = Amber  the parent of Elizabeth = Christina  the child of Felicia = Dana         ;;the enemy of Dana = Felicia     the friend of Dana = Elizabeth   ;;the enemy of Elizabeth = Amber  the friend of Elizabeth = Dana   ;;the enemy of Felicia = Dana     the friend of Felicia = Bryan    
5,R,SemanticApproach.EXTENSIONAL,Representation.ENGLISH,0_R_ceef3,"Imagine there are six people: Amber, Bryan, Christina, Dana, Elizabeth and Felicia. They have the following relationships to each other:;;;;",;;Here is how to figure out the answer to the following question:;;Who is the enemy of the parent of Amber?;;;;Here are the steps to arrive at the answer:;;1. the parent of Amber = Bryan;;2. the enemy of Bryan = Christina;;;;So the answer is Christina;;;;Now answer the following question:;;Who is the child of the enemy of the enemy of the friend of Bryan? Please answer the question in the same format as the example. End with 'So the answer is [answer]'.,the child of the enemy of the enemy of the friend of Bryan,Dana,Amber;;Bryan;;Christina;;Dana;;Elizabeth;;Felicia,the enemy of Amber = Elizabeth  the friend of Amber = Christina  the parent of Amber = Bryan          the child of Bryan = Amber          ;;the enemy of Bryan = Christina  the friend of Bryan = Felicia    the parent of Dana = Felicia         the child of Christina = Elizabeth  ;;the enemy of Christina = Bryan  the friend of Christina = Amber  the parent of Elizabeth = Christina  the child of Felicia = Dana         ;;the enemy of Dana = Felicia     the friend of Dana = Elizabeth   ;;the enemy of Elizabeth = Amber  the friend of Elizabeth = Dana   ;;the enemy of Felicia = Dana     the friend of Felicia = Bryan    
5,R,SemanticApproach.EXTENSIONAL,Representation.ENGLISH,0_R_ecfc3,"Imagine there are six people: Amber, Bryan, Christina, Dana, Elizabeth and Felicia. They have the following relationships to each other:;;;;",;;Here is how to figure out the answer to the following question:;;Who is the enemy of the parent of Amber?;;;;Here are the steps to arrive at the answer:;;1. the parent of Amber = Bryan;;2. the enemy of Bryan = Christina;;;;So the answer is Christina;;;;Now answer the following question:;;Who is the enemy of the child of the friend of the child of Bryan? Please answer the question in the same format as the example. End with 'So the answer is [answer]'.,the enemy of the child of the friend of the child of Bryan,Amber,Amber;;Bryan;;Christina;;Dana;;Elizabeth;;Felicia,the enemy of Amber = Elizabeth  the friend of Amber = Christina  the parent of Amber = Bryan          the child of Bryan = Amber          ;;the enemy of Bryan = Christina  the friend of Bryan = Felicia    the parent of Dana = Felicia         the child of Christina = Elizabeth  ;;the enemy of Christina = Bryan  the friend of Christina = Amber  the parent of Elizabeth = Christina  the child of Felicia = Dana         ;;the enemy of Dana = Felicia     the friend of Dana = Elizabeth   ;;the enemy of Elizabeth = Amber  the friend of Elizabeth = Dana   ;;the enemy of Felicia = Dana     the friend of Felicia = Bryan    
5,R,SemanticApproach.EXTENSIONAL,Representation.ENGLISH,0_R_eeff4,"Imagine there are six people: Amber, Bryan, Christina, Dana, Elizabeth and Felicia. They have the following relationships to each other:;;;;",;;Here is how to figure out the answer to the following question:;;Who is the enemy of the parent of Amber?;;;;Here are the steps to arrive at the answer:;;1. the parent of Amber = Bryan;;2. the enemy of Bryan = Christina;;;;So the answer is Christina;;;;Now answer the following question:;;Who is the enemy of the enemy of the friend of the friend of Elizabeth? Please answer the question in the same format as the example. End with 'So the answer is [answer]'.,the enemy of the enemy of the friend of the friend of Elizabeth,Elizabeth,Amber;;Bryan;;Christina;;Dana;;Elizabeth;;Felicia,the enemy of Amber = Elizabeth  the friend of Amber = Christina  the parent of Amber = Bryan          the child of Bryan = Amber          ;;the enemy of Bryan = Christina  the friend of Bryan = Felicia    the parent of Dana = Felicia         the child of Christina = Elizabeth  ;;the enemy of Christina = Bryan  the friend of Christina = Amber  the parent of Elizabeth = Christina  the child of Felicia = Dana         ;;the enemy of Dana = Felicia     the friend of Dana = Elizabeth   ;;the enemy of Elizabeth = Amber  the friend of Elizabeth = Dana   ;;the enemy of Felicia = Dana     the friend of Felicia = Bryan    
5,R,SemanticApproach.EXTENSIONAL,Representation.ENGLISH,0_R_cpff4,"Imagine there are six people: Amber, Bryan, Christina, Dana, Elizabeth and Felicia. They have the following relationships to each other:;;;;",;;Here is how to figure out the answer to the following question:;;Who is the enemy of the parent of Amber?;;;;Here are the steps to arrive at the answer:;;1. the parent of Amber = Bryan;;2. the enemy of Bryan = Christina;;;;So the answer is Christina;;;;Now answer the following question:;;Who is the child of the parent of the friend of the friend of Elizabeth? Please answer the question in the same format as the example. End with 'So the answer is [answer]'.,the child of the parent of the friend of the friend of Elizabeth,Elizabeth,Amber;;Bryan;;Christina;;Dana;;Elizabeth;;Felicia,the enemy of Amber = Elizabeth  the friend of Amber = Christina  the parent of Amber = Bryan          the child of Bryan = Amber          ;;the enemy of Bryan = Christina  the friend of Bryan = Felicia    the parent of Dana = Felicia         the child of Christina = Elizabeth  ;;the enemy of Christina = Bryan  the friend of Christina = Amber  the parent of Elizabeth = Christina  the child of Felicia = Dana         ;;the enemy of Dana = Felicia     the friend of Dana = Elizabeth   ;;the enemy of Elizabeth = Amber  the friend of Elizabeth = Dana   ;;the enemy of Felicia = Dana     the friend of Felicia = Bryan    
5,R,SemanticApproach.EXTENSIONAL,Representation.ENGLISH,0_R_ffef4,"Imagine there are six people: Amber, Bryan, Christina, Dana, Elizabeth and Felicia. They have the following relationships to each other:;;;;",;;Here is how to figure out the answer to the following question:;;Who is the enemy of the parent of Amber?;;;;Here are the steps to arrive at the answer:;;1. the parent of Amber = Bryan;;2. the enemy of Bryan = Christina;;;;So the answer is Christina;;;;Now answer the following question:;;Who is the friend of the friend of the enemy of the friend of Elizabeth? Please answer the question in the same format as the example. End with 'So the answer is [answer]'.,the friend of the friend of the enemy of the friend of Elizabeth,Felicia,Amber;;Bryan;;Christina;;Dana;;Elizabeth;;Felicia,the enemy of Amber = Elizabeth  the friend of Amber = Christina  the parent of Amber = Bryan          the child of Bryan = Amber          ;;the enemy of Bryan = Christina  the friend of Bryan = Felicia    the parent of Dana = Felicia         the child of Christina = Elizabeth  ;;the enemy of Christina = Bryan  the friend of Christina = Amber  the parent of Elizabeth = Christina  the child of Felicia = Dana         ;;the enemy of Dana = Felicia     the friend of Dana = Elizabeth   ;;the enemy of Elizabeth = Amber  the friend of Elizabeth = Dana   ;;the enemy of Felicia = Dana     the friend of Felicia = Bryan    
5,R,SemanticApproach.EXTENSIONAL,Representation.ENGLISH,0_R_eeef4,"Imagine there are six people: Amber, Bryan, Christina, Dana, Elizabeth and Felicia. They have the following relationships to each other:;;;;",;;Here is how to figure out the answer to the following question:;;Who is the enemy of the parent of Amber?;;;;Here are the steps to arrive at the answer:;;1. the parent of Amber = Bryan;;2. the enemy of Bryan = Christina;;;;So the answer is Christina;;;;Now answer the following question:;;Who is the enemy of the enemy of the enemy of the friend of Elizabeth? Please answer the question in the same format as the example. End with 'So the answer is [answer]'.,the enemy of the enemy of the enemy of the friend of Elizabeth,Felicia,Amber;;Bryan;;Christina;;Dana;;Elizabeth;;Felicia,the enemy of Amber = Elizabeth  the friend of Amber = Christina  the parent of Amber = Bryan          the child of Bryan = Amber          ;;the enemy of Bryan = Christina  the friend of Bryan = Felicia    the parent of Dana = Felicia         the child of Christina = Elizabeth  ;;the enemy of Christina = Bryan  the friend of Christina = Amber  the parent of Elizabeth = Christina  the child of Felicia = Dana         ;;the enemy of Dana = Felicia     the friend of Dana = Elizabeth   ;;the enemy of Elizabeth = Amber  the friend of Elizabeth = Dana   ;;the enemy of Felicia = Dana     the friend of Felicia = Bryan    
5,R,SemanticApproach.EXTENSIONAL,Representation.ENGLISH,0_R_peef4,"Imagine there are six people: Amber, Bryan, Christina, Dana, Elizabeth and Felicia. They have the following relationships to each other:;;;;",;;Here is how to figure out the answer to the following question:;;Who is the enemy of the parent of Amber?;;;;Here are the steps to arrive at the answer:;;1. the parent of Amber = Bryan;;2. the enemy of Bryan = Christina;;;;So the answer is Christina;;;;Now answer the following question:;;Who is the parent of the enemy of the enemy of the friend of Elizabeth? Please answer the question in the same format as the example. End with 'So the answer is [answer]'.,the parent of the enemy of the enemy of the friend of Elizabeth,Felicia,Amber;;Bryan;;Christina;;Dana;;Elizabeth;;Felicia,the enemy of Amber = Elizabeth  the friend of Amber = Christina  the parent of Amber = Bryan          the child of Bryan = Amber          ;;the enemy of Bryan = Christina  the friend of Bryan = Felicia    the parent of Dana = Felicia         the child of Christina = Elizabeth  ;;the enemy of Christina = Bryan  the friend of Christina = Amber  the parent of Elizabeth = Christina  the child of Felicia = Dana         ;;the enemy of Dana = Felicia     the friend of Dana = Elizabeth   ;;the enemy of Elizabeth = Amber  the friend of Elizabeth = Dana   ;;the enemy of Felicia = Dana     the friend of Felicia = Bryan    
5,R,SemanticApproach.EXTENSIONAL,Representation.ENGLISH,0_R_cffp4,"Imagine there are six people: Amber, Bryan, Christina, Dana, Elizabeth and Felicia. They have the following relationships to each other:;;;;",;;Here is how to figure out the answer to the following question:;;Who is the enemy of the parent of Amber?;;;;Here are the steps to arrive at the answer:;;1. the parent of Amber = Bryan;;2. the enemy of Bryan = Christina;;;;So the answer is Christina;;;;Now answer the following question:;;Who is the child of the friend of the friend of the parent of Elizabeth? Please answer the question in the same format as the example. End with 'So the answer is [answer]'.,the child of the friend of the friend of the parent of Elizabeth,Elizabeth,Amber;;Bryan;;Christina;;Dana;;Elizabeth;;Felicia,the enemy of Amber = Elizabeth  the friend of Amber = Christina  the parent of Amber = Bryan          the child of Bryan = Amber          ;;the enemy of Bryan = Christina  the friend of Bryan = Felicia    the parent of Dana = Felicia         the child of Christina = Elizabeth  ;;the enemy of Christina = Bryan  the friend of Christina = Amber  the parent of Elizabeth = Christina  the child of Felicia = Dana         ;;the enemy of Dana = Felicia     the friend of Dana = Elizabeth   ;;the enemy of Elizabeth = Amber  the friend of Elizabeth = Dana   ;;the enemy of Felicia = Dana     the friend of Felicia = Bryan    
5,R,SemanticApproach.EXTENSIONAL,Representation.ENGLISH,0_R_efep4,"Imagine there are six people: Amber, Bryan, Christina, Dana, Elizabeth and Felicia. They have the following relationships to each other:;;;;",;;Here is how to figure out the answer to the following question:;;Who is the enemy of the parent of Amber?;;;;Here are the steps to arrive at the answer:;;1. the parent of Amber = Bryan;;2. the enemy of Bryan = Christina;;;;So the answer is Christina;;;;Now answer the following question:;;Who is the enemy of the friend of the enemy of the parent of Elizabeth? Please answer the question in the same format as the example. End with 'So the answer is [answer]'.,the enemy of the friend of the enemy of the parent of Elizabeth,Dana,Amber;;Bryan;;Christina;;Dana;;Elizabeth;;Felicia,the enemy of Amber = Elizabeth  the friend of Amber = Christina  the parent of Amber = Bryan          the child of Bryan = Amber          ;;the enemy of Bryan = Christina  the friend of Bryan = Felicia    the parent of Dana = Felicia         the child of Christina = Elizabeth  ;;the enemy of Christina = Bryan  the friend of Christina = Amber  the parent of Elizabeth = Christina  the child of Felicia = Dana         ;;the enemy of Dana = Felicia     the friend of Dana = Elizabeth   ;;the enemy of Elizabeth = Amber  the friend of Elizabeth = Dana   ;;the enemy of Felicia = Dana     the friend of Felicia = Bryan    
5,R,SemanticApproach.EXTENSIONAL,Representation.ENGLISH,0_R_ffcp4,"Imagine there are six people: Amber, Bryan, Christina, Dana, Elizabeth and Felicia. They have the following relationships to each other:;;;;",;;Here is how to figure out the answer to the following question:;;Who is the enemy of the parent of Amber?;;;;Here are the steps to arrive at the answer:;;1. the parent of Amber = Bryan;;2. the enemy of Bryan = Christina;;;;So the answer is Christina;;;;Now answer the following question:;;Who is the friend of the friend of the child of the parent of Elizabeth? Please answer the question in the same format as the example. End with 'So the answer is [answer]'.,the friend of the friend of the child of the parent of Elizabeth,Elizabeth,Amber;;Bryan;;Christina;;Dana;;Elizabeth;;Felicia,the enemy of Amber = Elizabeth  the friend of Amber = Christina  the parent of Amber = Bryan          the child of Bryan = Amber          ;;the enemy of Bryan = Christina  the friend of Bryan = Felicia    the parent of Dana = Felicia         the child of Christina = Elizabeth  ;;the enemy of Christina = Bryan  the friend of Christina = Amber  the parent of Elizabeth = Christina  the child of Felicia = Dana         ;;the enemy of Dana = Felicia     the friend of Dana = Elizabeth   ;;the enemy of Elizabeth = Amber  the friend of Elizabeth = Dana   ;;the enemy of Felicia = Dana     the friend of Felicia = Bryan    
5,R,SemanticApproach.EXTENSIONAL,Representation.ENGLISH,0_R_efcp4,"Imagine there are six people: Amber, Bryan, Christina, Dana, Elizabeth and Felicia. They have the following relationships to each other:;;;;",;;Here is how to figure out the answer to the following question:;;Who is the enemy of the parent of Amber?;;;;Here are the steps to arrive at the answer:;;1. the parent of Amber = Bryan;;2. the enemy of Bryan = Christina;;;;So the answer is Christina;;;;Now answer the following question:;;Who is the enemy of the friend of the child of the parent of Elizabeth? Please answer the question in the same format as the example. End with 'So the answer is [answer]'.,the enemy of the friend of the child of the parent of Elizabeth,Felicia,Amber;;Bryan;;Christina;;Dana;;Elizabeth;;Felicia,the enemy of Amber = Elizabeth  the friend of Amber = Christina  the parent of Amber = Bryan          the child of Bryan = Amber          ;;the enemy of Bryan = Christina  the friend of Bryan = Felicia    the parent of Dana = Felicia         the child of Christina = Elizabeth  ;;the enemy of Christina = Bryan  the friend of Christina = Amber  the parent of Elizabeth = Christina  the child of Felicia = Dana         ;;the enemy of Dana = Felicia     the friend of Dana = Elizabeth   ;;the enemy of Elizabeth = Amber  the friend of Elizabeth = Dana   ;;the enemy of Felicia = Dana     the friend of Felicia = Bryan    
5,R,SemanticApproach.EXTENSIONAL,Representation.ENGLISH,0_R_fpcp4,"Imagine there are six people: Amber, Bryan, Christina, Dana, Elizabeth and Felicia. They have the following relationships to each other:;;;;",;;Here is how to figure out the answer to the following question:;;Who is the enemy of the parent of Amber?;;;;Here are the steps to arrive at the answer:;;1. the parent of Amber = Bryan;;2. the enemy of Bryan = Christina;;;;So the answer is Christina;;;;Now answer the following question:;;Who is the friend of the parent of the child of the parent of Elizabeth? Please answer the question in the same format as the example. End with 'So the answer is [answer]'.,the friend of the parent of the child of the parent of Elizabeth,Amber,Amber;;Bryan;;Christina;;Dana;;Elizabeth;;Felicia,the enemy of Amber = Elizabeth  the friend of Amber = Christina  the parent of Amber = Bryan          the child of Bryan = Amber          ;;the enemy of Bryan = Christina  the friend of Bryan = Felicia    the parent of Dana = Felicia         the child of Christina = Elizabeth  ;;the enemy of Christina = Bryan  the friend of Christina = Amber  the parent of Elizabeth = Christina  the child of Felicia = Dana         ;;the enemy of Dana = Felicia     the friend of Dana = Elizabeth   ;;the enemy of Elizabeth = Amber  the friend of Elizabeth = Dana   ;;the enemy of Felicia = Dana     the friend of Felicia = Bryan    
5,R,SemanticApproach.EXTENSIONAL,Representation.ENGLISH,0_R_peff5,"Imagine there are six people: Amber, Bryan, Christina, Dana, Elizabeth and Felicia. They have the following relationships to each other:;;;;",;;Here is how to figure out the answer to the following question:;;Who is the enemy of the parent of Amber?;;;;Here are the steps to arrive at the answer:;;1. the parent of Amber = Bryan;;2. the enemy of Bryan = Christina;;;;So the answer is Christina;;;;Now answer the following question:;;Who is the parent of the enemy of the friend of the friend of Felicia? Please answer the question in the same format as the example. End with 'So the answer is [answer]'.,the parent of the enemy of the friend of the friend of Felicia,Felicia,Amber;;Bryan;;Christina;;Dana;;Elizabeth;;Felicia,the enemy of Amber = Elizabeth  the friend of Amber = Christina  the parent of Amber = Bryan          the child of Bryan = Amber          ;;the enemy of Bryan = Christina  the friend of Bryan = Felicia    the parent of Dana = Felicia         the child of Christina = Elizabeth  ;;the enemy of Christina = Bryan  the friend of Christina = Amber  the parent of Elizabeth = Christina  the child of Felicia = Dana         ;;the enemy of Dana = Felicia     the friend of Dana = Elizabeth   ;;the enemy of Elizabeth = Amber  the friend of Elizabeth = Dana   ;;the enemy of Felicia = Dana     the friend of Felicia = Bryan    
5,R,SemanticApproach.EXTENSIONAL,Representation.ENGLISH,0_R_pcff5,"Imagine there are six people: Amber, Bryan, Christina, Dana, Elizabeth and Felicia. They have the following relationships to each other:;;;;",;;Here is how to figure out the answer to the following question:;;Who is the enemy of the parent of Amber?;;;;Here are the steps to arrive at the answer:;;1. the parent of Amber = Bryan;;2. the enemy of Bryan = Christina;;;;So the answer is Christina;;;;Now answer the following question:;;Who is the parent of the child of the friend of the friend of Felicia? Please answer the question in the same format as the example. End with 'So the answer is [answer]'.,the parent of the child of the friend of the friend of Felicia,Felicia,Amber;;Bryan;;Christina;;Dana;;Elizabeth;;Felicia,the enemy of Amber = Elizabeth  the friend of Amber = Christina  the parent of Amber = Bryan          the child of Bryan = Amber          ;;the enemy of Bryan = Christina  the friend of Bryan = Felicia    the parent of Dana = Felicia         the child of Christina = Elizabeth  ;;the enemy of Christina = Bryan  the friend of Christina = Amber  the parent of Elizabeth = Christina  the child of Felicia = Dana         ;;the enemy of Dana = Felicia     the friend of Dana = Elizabeth   ;;the enemy of Elizabeth = Amber  the friend of Elizabeth = Dana   ;;the enemy of Felicia = Dana     the friend of Felicia = Bryan    
5,R,SemanticApproach.EXTENSIONAL,Representation.ENGLISH,0_R_eecf5,"Imagine there are six people: Amber, Bryan, Christina, Dana, Elizabeth and Felicia. They have the following relationships to each other:;;;;",;;Here is how to figure out the answer to the following question:;;Who is the enemy of the parent of Amber?;;;;Here are the steps to arrive at the answer:;;1. the parent of Amber = Bryan;;2. the enemy of Bryan = Christina;;;;So the answer is Christina;;;;Now answer the following question:;;Who is the enemy of the enemy of the child of the friend of Felicia? Please answer the question in the same format as the example. End with 'So the answer is [answer]'.,the enemy of the enemy of the child of the friend of Felicia,Amber,Amber;;Bryan;;Christina;;Dana;;Elizabeth;;Felicia,the enemy of Amber = Elizabeth  the friend of Amber = Christina  the parent of Amber = Bryan          the child of Bryan = Amber          ;;the enemy of Bryan = Christina  the friend of Bryan = Felicia    the parent of Dana = Felicia         the child of Christina = Elizabeth  ;;the enemy of Christina = Bryan  the friend of Christina = Amber  the parent of Elizabeth = Christina  the child of Felicia = Dana         ;;the enemy of Dana = Felicia     the friend of Dana = Elizabeth   ;;the enemy of Elizabeth = Amber  the friend of Elizabeth = Dana   ;;the enemy of Felicia = Dana     the friend of Felicia = Bryan    
5,R,SemanticApproach.EXTENSIONAL,Representation.ENGLISH,0_R_feee5,"Imagine there are six people: Amber, Bryan, Christina, Dana, Elizabeth and Felicia. They have the following relationships to each other:;;;;",;;Here is how to figure out the answer to the following question:;;Who is the enemy of the parent of Amber?;;;;Here are the steps to arrive at the answer:;;1. the parent of Amber = Bryan;;2. the enemy of Bryan = Christina;;;;So the answer is Christina;;;;Now answer the following question:;;Who is the friend of the enemy of the enemy of the enemy of Felicia? Please answer the question in the same format as the example. End with 'So the answer is [answer]'.,the friend of the enemy of the enemy of the enemy of Felicia,Elizabeth,Amber;;Bryan;;Christina;;Dana;;Elizabeth;;Felicia,the enemy of Amber = Elizabeth  the friend of Amber = Christina  the parent of Amber = Bryan          the child of Bryan = Amber          ;;the enemy of Bryan = Christina  the friend of Bryan = Felicia    the parent of Dana = Felicia         the child of Christina = Elizabeth  ;;the enemy of Christina = Bryan  the friend of Christina = Amber  the parent of Elizabeth = Christina  the child of Felicia = Dana         ;;the enemy of Dana = Felicia     the friend of Dana = Elizabeth   ;;the enemy of Elizabeth = Amber  the friend of Elizabeth = Dana   ;;the enemy of Felicia = Dana     the friend of Felicia = Bryan    
5,R,SemanticApproach.EXTENSIONAL,Representation.ENGLISH,0_R_eeee5,"Imagine there are six people: Amber, Bryan, Christina, Dana, Elizabeth and Felicia. They have the following relationships to each other:;;;;",;;Here is how to figure out the answer to the following question:;;Who is the enemy of the parent of Amber?;;;;Here are the steps to arrive at the answer:;;1. the parent of Amber = Bryan;;2. the enemy of Bryan = Christina;;;;So the answer is Christina;;;;Now answer the following question:;;Who is the enemy of the enemy of the enemy of the enemy of Felicia? Please answer the question in the same format as the example. End with 'So the answer is [answer]'.,the enemy of the enemy of the enemy of the enemy of Felicia,Felicia,Amber;;Bryan;;Christina;;Dana;;Elizabeth;;Felicia,the enemy of Amber = Elizabeth  the friend of Amber = Christina  the parent of Amber = Bryan          the child of Bryan = Amber          ;;the enemy of Bryan = Christina  the friend of Bryan = Felicia    the parent of Dana = Felicia         the child of Christina = Elizabeth  ;;the enemy of Christina = Bryan  the friend of Christina = Amber  the parent of Elizabeth = Christina  the child of Felicia = Dana         ;;the enemy of Dana = Felicia     the friend of Dana = Elizabeth   ;;the enemy of Elizabeth = Amber  the friend of Elizabeth = Dana   ;;the enemy of Felicia = Dana     the friend of Felicia = Bryan    
5,R,SemanticApproach.EXTENSIONAL,Representation.ENGLISH,0_R_effc5,"Imagine there are six people: Amber, Bryan, Christina, Dana, Elizabeth and Felicia. They have the following relationships to each other:;;;;",;;Here is how to figure out the answer to the following question:;;Who is the enemy of the parent of Amber?;;;;Here are the steps to arrive at the answer:;;1. the parent of Amber = Bryan;;2. the enemy of Bryan = Christina;;;;So the answer is Christina;;;;Now answer the following question:;;Who is the enemy of the friend of the friend of the child of Felicia? Please answer the question in the same format as the example. End with 'So the answer is [answer]'.,the enemy of the friend of the friend of the child of Felicia,Felicia,Amber;;Bryan;;Christina;;Dana;;Elizabeth;;Felicia,the enemy of Amber = Elizabeth  the friend of Amber = Christina  the parent of Amber = Bryan          the child of Bryan = Amber          ;;the enemy of Bryan = Christina  the friend of Bryan = Felicia    the parent of Dana = Felicia         the child of Christina = Elizabeth  ;;the enemy of Christina = Bryan  the friend of Christina = Amber  the parent of Elizabeth = Christina  the child of Felicia = Dana         ;;the enemy of Dana = Felicia     the friend of Dana = Elizabeth   ;;the enemy of Elizabeth = Amber  the friend of Elizabeth = Dana   ;;the enemy of Felicia = Dana     the friend of Felicia = Bryan    
5,R,SemanticApproach.EXTENSIONAL,Representation.ENGLISH,0_R_ecpc5,"Imagine there are six people: Amber, Bryan, Christina, Dana, Elizabeth and Felicia. They have the following relationships to each other:;;;;",;;Here is how to figure out the answer to the following question:;;Who is the enemy of the parent of Amber?;;;;Here are the steps to arrive at the answer:;;1. the parent of Amber = Bryan;;2. the enemy of Bryan = Christina;;;;So the answer is Christina;;;;Now answer the following question:;;Who is the enemy of the child of the parent of the child of Felicia? Please answer the question in the same format as the example. End with 'So the answer is [answer]'.,the enemy of the child of the parent of the child of Felicia,Felicia,Amber;;Bryan;;Christina;;Dana;;Elizabeth;;Felicia,the enemy of Amber = Elizabeth  the friend of Amber = Christina  the parent of Amber = Bryan          the child of Bryan = Amber          ;;the enemy of Bryan = Christina  the friend of Bryan = Felicia    the parent of Dana = Felicia         the child of Christina = Elizabeth  ;;the enemy of Christina = Bryan  the friend of Christina = Amber  the parent of Elizabeth = Christina  the child of Felicia = Dana         ;;the enemy of Dana = Felicia     the friend of Dana = Elizabeth   ;;the enemy of Elizabeth = Amber  the friend of Elizabeth = Dana   ;;the enemy of Felicia = Dana     the friend of Felicia = Bryan    
6,R,SemanticApproach.EXTENSIONAL,Representation.ENGLISH,0_R_ffeff0,"Imagine there are six people: Amber, Bryan, Christina, Dana, Elizabeth and Felicia. They have the following relationships to each other:;;;;",;;Here is how to figure out the answer to the following question:;;Who is the enemy of the parent of Amber?;;;;Here are the steps to arrive at the answer:;;1. the parent of Amber = Bryan;;2. the enemy of Bryan = Christina;;;;So the answer is Christina;;;;Now answer the following question:;;Who is the friend of the friend of the enemy of the friend of the friend of Christina? Please answer the question in the same format as the example. End with 'So the answer is [answer]'.,the friend of the friend of the enemy of the friend of the friend of Christina,Bryan,Amber;;Bryan;;Christina;;Dana;;Elizabeth;;Felicia,the enemy of Amber = Elizabeth  the friend of Amber = Christina  the parent of Amber = Bryan          the child of Bryan = Amber          ;;the enemy of Bryan = Christina  the friend of Bryan = Felicia    the parent of Dana = Felicia         the child of Christina = Elizabeth  ;;the enemy of Christina = Bryan  the friend of Christina = Amber  the parent of Elizabeth = Christina  the child of Felicia = Dana         ;;the enemy of Dana = Felicia     the friend of Dana = Elizabeth   ;;the enemy of Elizabeth = Amber  the friend of Elizabeth = Dana   ;;the enemy of Felicia = Dana     the friend of Felicia = Bryan    
6,R,SemanticApproach.EXTENSIONAL,Representation.ENGLISH,0_R_ffffe0,"Imagine there are six people: Amber, Bryan, Christina, Dana, Elizabeth and Felicia. They have the following relationships to each other:;;;;",;;Here is how to figure out the answer to the following question:;;Who is the enemy of the parent of Amber?;;;;Here are the steps to arrive at the answer:;;1. the parent of Amber = Bryan;;2. the enemy of Bryan = Christina;;;;So the answer is Christina;;;;Now answer the following question:;;Who is the friend of the friend of the friend of the friend of the enemy of Christina? Please answer the question in the same format as the example. End with 'So the answer is [answer]'.,the friend of the friend of the friend of the friend of the enemy of Christina,Bryan,Amber;;Bryan;;Christina;;Dana;;Elizabeth;;Felicia,the enemy of Amber = Elizabeth  the friend of Amber = Christina  the parent of Amber = Bryan          the child of Bryan = Amber          ;;the enemy of Bryan = Christina  the friend of Bryan = Felicia    the parent of Dana = Felicia         the child of Christina = Elizabeth  ;;the enemy of Christina = Bryan  the friend of Christina = Amber  the parent of Elizabeth = Christina  the child of Felicia = Dana         ;;the enemy of Dana = Felicia     the friend of Dana = Elizabeth   ;;the enemy of Elizabeth = Amber  the friend of Elizabeth = Dana   ;;the enemy of Felicia = Dana     the friend of Felicia = Bryan    
6,R,SemanticApproach.EXTENSIONAL,Representation.ENGLISH,0_R_efffe0,"Imagine there are six people: Amber, Bryan, Christina, Dana, Elizabeth and Felicia. They have the following relationships to each other:;;;;",;;Here is how to figure out the answer to the following question:;;Who is the enemy of the parent of Amber?;;;;Here are the steps to arrive at the answer:;;1. the parent of Amber = Bryan;;2. the enemy of Bryan = Christina;;;;So the answer is Christina;;;;Now answer the following question:;;Who is the enemy of the friend of the friend of the friend of the enemy of Christina? Please answer the question in the same format as the example. End with 'So the answer is [answer]'.,the enemy of the friend of the friend of the friend of the enemy of Christina,Dana,Amber;;Bryan;;Christina;;Dana;;Elizabeth;;Felicia,the enemy of Amber = Elizabeth  the friend of Amber = Christina  the parent of Amber = Bryan          the child of Bryan = Amber          ;;the enemy of Bryan = Christina  the friend of Bryan = Felicia    the parent of Dana = Felicia         the child of Christina = Elizabeth  ;;the enemy of Christina = Bryan  the friend of Christina = Amber  the parent of Elizabeth = Christina  the child of Felicia = Dana         ;;the enemy of Dana = Felicia     the friend of Dana = Elizabeth   ;;the enemy of Elizabeth = Amber  the friend of Elizabeth = Dana   ;;the enemy of Felicia = Dana     the friend of Felicia = Bryan    
6,R,SemanticApproach.EXTENSIONAL,Representation.ENGLISH,0_R_ffefe0,"Imagine there are six people: Amber, Bryan, Christina, Dana, Elizabeth and Felicia. They have the following relationships to each other:;;;;",;;Here is how to figure out the answer to the following question:;;Who is the enemy of the parent of Amber?;;;;Here are the steps to arrive at the answer:;;1. the parent of Amber = Bryan;;2. the enemy of Bryan = Christina;;;;So the answer is Christina;;;;Now answer the following question:;;Who is the friend of the friend of the enemy of the friend of the enemy of Christina? Please answer the question in the same format as the example. End with 'So the answer is [answer]'.,the friend of the friend of the enemy of the friend of the enemy of Christina,Dana,Amber;;Bryan;;Christina;;Dana;;Elizabeth;;Felicia,the enemy of Amber = Elizabeth  the friend of Amber = Christina  the parent of Amber = Bryan          the child of Bryan = Amber          ;;the enemy of Bryan = Christina  the friend of Bryan = Felicia    the parent of Dana = Felicia         the child of Christina = Elizabeth  ;;the enemy of Christina = Bryan  the friend of Christina = Amber  the parent of Elizabeth = Christina  the child of Felicia = Dana         ;;the enemy of Dana = Felicia     the friend of Dana = Elizabeth   ;;the enemy of Elizabeth = Amber  the friend of Elizabeth = Dana   ;;the enemy of Felicia = Dana     the friend of Felicia = Bryan    
6,R,SemanticApproach.EXTENSIONAL,Representation.ENGLISH,0_R_feefe0,"Imagine there are six people: Amber, Bryan, Christina, Dana, Elizabeth and Felicia. They have the following relationships to each other:;;;;",;;Here is how to figure out the answer to the following question:;;Who is the enemy of the parent of Amber?;;;;Here are the steps to arrive at the answer:;;1. the parent of Amber = Bryan;;2. the enemy of Bryan = Christina;;;;So the answer is Christina;;;;Now answer the following question:;;Who is the friend of the enemy of the enemy of the friend of the enemy of Christina? Please answer the question in the same format as the example. End with 'So the answer is [answer]'.,the friend of the enemy of the enemy of the friend of the enemy of Christina,Bryan,Amber;;Bryan;;Christina;;Dana;;Elizabeth;;Felicia,the enemy of Amber = Elizabeth  the friend of Amber = Christina  the parent of Amber = Bryan          the child of Bryan = Amber          ;;the enemy of Bryan = Christina  the friend of Bryan = Felicia    the parent of Dana = Felicia         the child of Christina = Elizabeth  ;;the enemy of Christina = Bryan  the friend of Christina = Amber  the parent of Elizabeth = Christina  the child of Felicia = Dana         ;;the enemy of Dana = Felicia     the friend of Dana = Elizabeth   ;;the enemy of Elizabeth = Amber  the friend of Elizabeth = Dana   ;;the enemy of Felicia = Dana     the friend of Felicia = Bryan    
6,R,SemanticApproach.EXTENSIONAL,Representation.ENGLISH,0_R_pfece0,"Imagine there are six people: Amber, Bryan, Christina, Dana, Elizabeth and Felicia. They have the following relationships to each other:;;;;",;;Here is how to figure out the answer to the following question:;;Who is the enemy of the parent of Amber?;;;;Here are the steps to arrive at the answer:;;1. the parent of Amber = Bryan;;2. the enemy of Bryan = Christina;;;;So the answer is Christina;;;;Now answer the following question:;;Who is the parent of the friend of the enemy of the child of the enemy of Christina? Please answer the question in the same format as the example. End with 'So the answer is [answer]'.,the parent of the friend of the enemy of the child of the enemy of Christina,Felicia,Amber;;Bryan;;Christina;;Dana;;Elizabeth;;Felicia,the enemy of Amber = Elizabeth  the friend of Amber = Christina  the parent of Amber = Bryan          the child of Bryan = Amber          ;;the enemy of Bryan = Christina  the friend of Bryan = Felicia    the parent of Dana = Felicia         the child of Christina = Elizabeth  ;;the enemy of Christina = Bryan  the friend of Christina = Amber  the parent of Elizabeth = Christina  the child of Felicia = Dana         ;;the enemy of Dana = Felicia     the friend of Dana = Elizabeth   ;;the enemy of Elizabeth = Amber  the friend of Elizabeth = Dana   ;;the enemy of Felicia = Dana     the friend of Felicia = Bryan    
6,R,SemanticApproach.EXTENSIONAL,Representation.ENGLISH,0_R_eecpc0,"Imagine there are six people: Amber, Bryan, Christina, Dana, Elizabeth and Felicia. They have the following relationships to each other:;;;;",;;Here is how to figure out the answer to the following question:;;Who is the enemy of the parent of Amber?;;;;Here are the steps to arrive at the answer:;;1. the parent of Amber = Bryan;;2. the enemy of Bryan = Christina;;;;So the answer is Christina;;;;Now answer the following question:;;Who is the enemy of the enemy of the child of the parent of the child of Christina? Please answer the question in the same format as the example. End with 'So the answer is [answer]'.,the enemy of the enemy of the child of the parent of the child of Christina,Elizabeth,Amber;;Bryan;;Christina;;Dana;;Elizabeth;;Felicia,the enemy of Amber = Elizabeth  the friend of Amber = Christina  the parent of Amber = Bryan          the child of Bryan = Amber          ;;the enemy of Bryan = Christina  the friend of Bryan = Felicia    the parent of Dana = Felicia         the child of Christina = Elizabeth  ;;the enemy of Christina = Bryan  the friend of Christina = Amber  the parent of Elizabeth = Christina  the child of Felicia = Dana         ;;the enemy of Dana = Felicia     the friend of Dana = Elizabeth   ;;the enemy of Elizabeth = Amber  the friend of Elizabeth = Dana   ;;the enemy of Felicia = Dana     the friend of Felicia = Bryan    
6,R,SemanticApproach.EXTENSIONAL,Representation.ENGLISH,0_R_fffff1,"Imagine there are six people: Amber, Bryan, Christina, Dana, Elizabeth and Felicia. They have the following relationships to each other:;;;;",;;Here is how to figure out the answer to the following question:;;Who is the enemy of the parent of Amber?;;;;Here are the steps to arrive at the answer:;;1. the parent of Amber = Bryan;;2. the enemy of Bryan = Christina;;;;So the answer is Christina;;;;Now answer the following question:;;Who is the friend of the friend of the friend of the friend of the friend of Amber? Please answer the question in the same format as the example. End with 'So the answer is [answer]'.,the friend of the friend of the friend of the friend of the friend of Amber,Christina,Amber;;Bryan;;Christina;;Dana;;Elizabeth;;Felicia,the enemy of Amber = Elizabeth  the friend of Amber = Christina  the parent of Amber = Bryan          the child of Bryan = Amber          ;;the enemy of Bryan = Christina  the friend of Bryan = Felicia    the parent of Dana = Felicia         the child of Christina = Elizabeth  ;;the enemy of Christina = Bryan  the friend of Christina = Amber  the parent of Elizabeth = Christina  the child of Felicia = Dana         ;;the enemy of Dana = Felicia     the friend of Dana = Elizabeth   ;;the enemy of Elizabeth = Amber  the friend of Elizabeth = Dana   ;;the enemy of Felicia = Dana     the friend of Felicia = Bryan    
6,R,SemanticApproach.EXTENSIONAL,Representation.ENGLISH,0_R_fepcf1,"Imagine there are six people: Amber, Bryan, Christina, Dana, Elizabeth and Felicia. They have the following relationships to each other:;;;;",;;Here is how to figure out the answer to the following question:;;Who is the enemy of the parent of Amber?;;;;Here are the steps to arrive at the answer:;;1. the parent of Amber = Bryan;;2. the enemy of Bryan = Christina;;;;So the answer is Christina;;;;Now answer the following question:;;Who is the friend of the enemy of the parent of the child of the friend of Amber? Please answer the question in the same format as the example. End with 'So the answer is [answer]'.,the friend of the enemy of the parent of the child of the friend of Amber,Felicia,Amber;;Bryan;;Christina;;Dana;;Elizabeth;;Felicia,the enemy of Amber = Elizabeth  the friend of Amber = Christina  the parent of Amber = Bryan          the child of Bryan = Amber          ;;the enemy of Bryan = Christina  the friend of Bryan = Felicia    the parent of Dana = Felicia         the child of Christina = Elizabeth  ;;the enemy of Christina = Bryan  the friend of Christina = Amber  the parent of Elizabeth = Christina  the child of Felicia = Dana         ;;the enemy of Dana = Felicia     the friend of Dana = Elizabeth   ;;the enemy of Elizabeth = Amber  the friend of Elizabeth = Dana   ;;the enemy of Felicia = Dana     the friend of Felicia = Bryan    
6,R,SemanticApproach.EXTENSIONAL,Representation.ENGLISH,0_R_cfefe1,"Imagine there are six people: Amber, Bryan, Christina, Dana, Elizabeth and Felicia. They have the following relationships to each other:;;;;",;;Here is how to figure out the answer to the following question:;;Who is the enemy of the parent of Amber?;;;;Here are the steps to arrive at the answer:;;1. the parent of Amber = Bryan;;2. the enemy of Bryan = Christina;;;;So the answer is Christina;;;;Now answer the following question:;;Who is the child of the friend of the enemy of the friend of the enemy of Amber? Please answer the question in the same format as the example. End with 'So the answer is [answer]'.,the child of the friend of the enemy of the friend of the enemy of Amber,Amber,Amber;;Bryan;;Christina;;Dana;;Elizabeth;;Felicia,the enemy of Amber = Elizabeth  the friend of Amber = Christina  the parent of Amber = Bryan          the child of Bryan = Amber          ;;the enemy of Bryan = Christina  the friend of Bryan = Felicia    the parent of Dana = Felicia         the child of Christina = Elizabeth  ;;the enemy of Christina = Bryan  the friend of Christina = Amber  the parent of Elizabeth = Christina  the child of Felicia = Dana         ;;the enemy of Dana = Felicia     the friend of Dana = Elizabeth   ;;the enemy of Elizabeth = Amber  the friend of Elizabeth = Dana   ;;the enemy of Felicia = Dana     the friend of Felicia = Bryan    
6,R,SemanticApproach.EXTENSIONAL,Representation.ENGLISH,0_R_efeee1,"Imagine there are six people: Amber, Bryan, Christina, Dana, Elizabeth and Felicia. They have the following relationships to each other:;;;;",;;Here is how to figure out the answer to the following question:;;Who is the enemy of the parent of Amber?;;;;Here are the steps to arrive at the answer:;;1. the parent of Amber = Bryan;;2. the enemy of Bryan = Christina;;;;So the answer is Christina;;;;Now answer the following question:;;Who is the enemy of the friend of the enemy of the enemy of the enemy of Amber? Please answer the question in the same format as the example. End with 'So the answer is [answer]'.,the enemy of the friend of the enemy of the enemy of the enemy of Amber,Felicia,Amber;;Bryan;;Christina;;Dana;;Elizabeth;;Felicia,the enemy of Amber = Elizabeth  the friend of Amber = Christina  the parent of Amber = Bryan          the child of Bryan = Amber          ;;the enemy of Bryan = Christina  the friend of Bryan = Felicia    the parent of Dana = Felicia         the child of Christina = Elizabeth  ;;the enemy of Christina = Bryan  the friend of Christina = Amber  the parent of Elizabeth = Christina  the child of Felicia = Dana         ;;the enemy of Dana = Felicia     the friend of Dana = Elizabeth   ;;the enemy of Elizabeth = Amber  the friend of Elizabeth = Dana   ;;the enemy of Felicia = Dana     the friend of Felicia = Bryan    
6,R,SemanticApproach.EXTENSIONAL,Representation.ENGLISH,0_R_eeeee1,"Imagine there are six people: Amber, Bryan, Christina, Dana, Elizabeth and Felicia. They have the following relationships to each other:;;;;",;;Here is how to figure out the answer to the following question:;;Who is the enemy of the parent of Amber?;;;;Here are the steps to arrive at the answer:;;1. the parent of Amber = Bryan;;2. the enemy of Bryan = Christina;;;;So the answer is Christina;;;;Now answer the following question:;;Who is the enemy of the enemy of the enemy of the enemy of the enemy of Amber? Please answer the question in the same format as the example. End with 'So the answer is [answer]'.,the enemy of the enemy of the enemy of the enemy of the enemy of Amber,Elizabeth,Amber;;Bryan;;Christina;;Dana;;Elizabeth;;Felicia,the enemy of Amber = Elizabeth  the friend of Amber = Christina  the parent of Amber = Bryan          the child of Bryan = Amber          ;;the enemy of Bryan = Christina  the friend of Bryan = Felicia    the parent of Dana = Felicia         the child of Christina = Elizabeth  ;;the enemy of Christina = Bryan  the friend of Christina = Amber  the parent of Elizabeth = Christina  the child of Felicia = Dana         ;;the enemy of Dana = Felicia     the friend of Dana = Elizabeth   ;;the enemy of Elizabeth = Amber  the friend of Elizabeth = Dana   ;;the enemy of Felicia = Dana     the friend of Felicia = Bryan    
6,R,SemanticApproach.EXTENSIONAL,Representation.ENGLISH,0_R_cffpe1,"Imagine there are six people: Amber, Bryan, Christina, Dana, Elizabeth and Felicia. They have the following relationships to each other:;;;;",;;Here is how to figure out the answer to the following question:;;Who is the enemy of the parent of Amber?;;;;Here are the steps to arrive at the answer:;;1. the parent of Amber = Bryan;;2. the enemy of Bryan = Christina;;;;So the answer is Christina;;;;Now answer the following question:;;Who is the child of the friend of the friend of the parent of the enemy of Amber? Please answer the question in the same format as the example. End with 'So the answer is [answer]'.,the child of the friend of the friend of the parent of the enemy of Amber,Elizabeth,Amber;;Bryan;;Christina;;Dana;;Elizabeth;;Felicia,the enemy of Amber = Elizabeth  the friend of Amber = Christina  the parent of Amber = Bryan          the child of Bryan = Amber          ;;the enemy of Bryan = Christina  the friend of Bryan = Felicia    the parent of Dana = Felicia         the child of Christina = Elizabeth  ;;the enemy of Christina = Bryan  the friend of Christina = Amber  the parent of Elizabeth = Christina  the child of Felicia = Dana         ;;the enemy of Dana = Felicia     the friend of Dana = Elizabeth   ;;the enemy of Elizabeth = Amber  the friend of Elizabeth = Dana   ;;the enemy of Felicia = Dana     the friend of Felicia = Bryan    
6,R,SemanticApproach.EXTENSIONAL,Representation.ENGLISH,0_R_cfepe1,"Imagine there are six people: Amber, Bryan, Christina, Dana, Elizabeth and Felicia. They have the following relationships to each other:;;;;",;;Here is how to figure out the answer to the following question:;;Who is the enemy of the parent of Amber?;;;;Here are the steps to arrive at the answer:;;1. the parent of Amber = Bryan;;2. the enemy of Bryan = Christina;;;;So the answer is Christina;;;;Now answer the following question:;;Who is the child of the friend of the enemy of the parent of the enemy of Amber? Please answer the question in the same format as the example. End with 'So the answer is [answer]'.,the child of the friend of the enemy of the parent of the enemy of Amber,Dana,Amber;;Bryan;;Christina;;Dana;;Elizabeth;;Felicia,the enemy of Amber = Elizabeth  the friend of Amber = Christina  the parent of Amber = Bryan          the child of Bryan = Amber          ;;the enemy of Bryan = Christina  the friend of Bryan = Felicia    the parent of Dana = Felicia         the child of Christina = Elizabeth  ;;the enemy of Christina = Bryan  the friend of Christina = Amber  the parent of Elizabeth = Christina  the child of Felicia = Dana         ;;the enemy of Dana = Felicia     the friend of Dana = Elizabeth   ;;the enemy of Elizabeth = Amber  the friend of Elizabeth = Dana   ;;the enemy of Felicia = Dana     the friend of Felicia = Bryan    
6,R,SemanticApproach.EXTENSIONAL,Representation.ENGLISH,0_R_eefff2,"Imagine there are six people: Amber, Bryan, Christina, Dana, Elizabeth and Felicia. They have the following relationships to each other:;;;;",;;Here is how to figure out the answer to the following question:;;Who is the enemy of the parent of Amber?;;;;Here are the steps to arrive at the answer:;;1. the parent of Amber = Bryan;;2. the enemy of Bryan = Christina;;;;So the answer is Christina;;;;Now answer the following question:;;Who is the enemy of the enemy of the friend of the friend of the friend of Dana? Please answer the question in the same format as the example. End with 'So the answer is [answer]'.,the enemy of the enemy of the friend of the friend of the friend of Dana,Elizabeth,Amber;;Bryan;;Christina;;Dana;;Elizabeth;;Felicia,the enemy of Amber = Elizabeth  the friend of Amber = Christina  the parent of Amber = Bryan          the child of Bryan = Amber          ;;the enemy of Bryan = Christina  the friend of Bryan = Felicia    the parent of Dana = Felicia         the child of Christina = Elizabeth  ;;the enemy of Christina = Bryan  the friend of Christina = Amber  the parent of Elizabeth = Christina  the child of Felicia = Dana         ;;the enemy of Dana = Felicia     the friend of Dana = Elizabeth   ;;the enemy of Elizabeth = Amber  the friend of Elizabeth = Dana   ;;the enemy of Felicia = Dana     the friend of Felicia = Bryan    
6,R,SemanticApproach.EXTENSIONAL,Representation.ENGLISH,0_R_eefpf2,"Imagine there are six people: Amber, Bryan, Christina, Dana, Elizabeth and Felicia. They have the following relationships to each other:;;;;",;;Here is how to figure out the answer to the following question:;;Who is the enemy of the parent of Amber?;;;;Here are the steps to arrive at the answer:;;1. the parent of Amber = Bryan;;2. the enemy of Bryan = Christina;;;;So the answer is Christina;;;;Now answer the following question:;;Who is the enemy of the enemy of the friend of the parent of the friend of Dana? Please answer the question in the same format as the example. End with 'So the answer is [answer]'.,the enemy of the enemy of the friend of the parent of the friend of Dana,Amber,Amber;;Bryan;;Christina;;Dana;;Elizabeth;;Felicia,the enemy of Amber = Elizabeth  the friend of Amber = Christina  the parent of Amber = Bryan          the child of Bryan = Amber          ;;the enemy of Bryan = Christina  the friend of Bryan = Felicia    the parent of Dana = Felicia         the child of Christina = Elizabeth  ;;the enemy of Christina = Bryan  the friend of Christina = Amber  the parent of Elizabeth = Christina  the child of Felicia = Dana         ;;the enemy of Dana = Felicia     the friend of Dana = Elizabeth   ;;the enemy of Elizabeth = Amber  the friend of Elizabeth = Dana   ;;the enemy of Felicia = Dana     the friend of Felicia = Bryan    
6,R,SemanticApproach.EXTENSIONAL,Representation.ENGLISH,0_R_ecepf2,"Imagine there are six people: Amber, Bryan, Christina, Dana, Elizabeth and Felicia. They have the following relationships to each other:;;;;",;;Here is how to figure out the answer to the following question:;;Who is the enemy of the parent of Amber?;;;;Here are the steps to arrive at the answer:;;1. the parent of Amber = Bryan;;2. the enemy of Bryan = Christina;;;;So the answer is Christina;;;;Now answer the following question:;;Who is the enemy of the child of the enemy of the parent of the friend of Dana? Please answer the question in the same format as the example. End with 'So the answer is [answer]'.,the enemy of the child of the enemy of the parent of the friend of Dana,Elizabeth,Amber;;Bryan;;Christina;;Dana;;Elizabeth;;Felicia,the enemy of Amber = Elizabeth  the friend of Amber = Christina  the parent of Amber = Bryan          the child of Bryan = Amber          ;;the enemy of Bryan = Christina  the friend of Bryan = Felicia    the parent of Dana = Felicia         the child of Christina = Elizabeth  ;;the enemy of Christina = Bryan  the friend of Christina = Amber  the parent of Elizabeth = Christina  the child of Felicia = Dana         ;;the enemy of Dana = Felicia     the friend of Dana = Elizabeth   ;;the enemy of Elizabeth = Amber  the friend of Elizabeth = Dana   ;;the enemy of Felicia = Dana     the friend of Felicia = Bryan    
6,R,SemanticApproach.EXTENSIONAL,Representation.ENGLISH,0_R_fepee2,"Imagine there are six people: Amber, Bryan, Christina, Dana, Elizabeth and Felicia. They have the following relationships to each other:;;;;",;;Here is how to figure out the answer to the following question:;;Who is the enemy of the parent of Amber?;;;;Here are the steps to arrive at the answer:;;1. the parent of Amber = Bryan;;2. the enemy of Bryan = Christina;;;;So the answer is Christina;;;;Now answer the following question:;;Who is the friend of the enemy of the parent of the enemy of the enemy of Dana? Please answer the question in the same format as the example. End with 'So the answer is [answer]'.,the friend of the enemy of the parent of the enemy of the enemy of Dana,Elizabeth,Amber;;Bryan;;Christina;;Dana;;Elizabeth;;Felicia,the enemy of Amber = Elizabeth  the friend of Amber = Christina  the parent of Amber = Bryan          the child of Bryan = Amber          ;;the enemy of Bryan = Christina  the friend of Bryan = Felicia    the parent of Dana = Felicia         the child of Christina = Elizabeth  ;;the enemy of Christina = Bryan  the friend of Christina = Amber  the parent of Elizabeth = Christina  the child of Felicia = Dana         ;;the enemy of Dana = Felicia     the friend of Dana = Elizabeth   ;;the enemy of Elizabeth = Amber  the friend of Elizabeth = Dana   ;;the enemy of Felicia = Dana     the friend of Felicia = Bryan    
6,R,SemanticApproach.EXTENSIONAL,Representation.ENGLISH,0_R_ffece2,"Imagine there are six people: Amber, Bryan, Christina, Dana, Elizabeth and Felicia. They have the following relationships to each other:;;;;",;;Here is how to figure out the answer to the following question:;;Who is the enemy of the parent of Amber?;;;;Here are the steps to arrive at the answer:;;1. the parent of Amber = Bryan;;2. the enemy of Bryan = Christina;;;;So the answer is Christina;;;;Now answer the following question:;;Who is the friend of the friend of the enemy of the child of the enemy of Dana? Please answer the question in the same format as the example. End with 'So the answer is [answer]'.,the friend of the friend of the enemy of the child of the enemy of Dana,Felicia,Amber;;Bryan;;Christina;;Dana;;Elizabeth;;Felicia,the enemy of Amber = Elizabeth  the friend of Amber = Christina  the parent of Amber = Bryan          the child of Bryan = Amber          ;;the enemy of Bryan = Christina  the friend of Bryan = Felicia    the parent of Dana = Felicia         the child of Christina = Elizabeth  ;;the enemy of Christina = Bryan  the friend of Christina = Amber  the parent of Elizabeth = Christina  the child of Felicia = Dana         ;;the enemy of Dana = Felicia     the friend of Dana = Elizabeth   ;;the enemy of Elizabeth = Amber  the friend of Elizabeth = Dana   ;;the enemy of Felicia = Dana     the friend of Felicia = Bryan    
6,R,SemanticApproach.EXTENSIONAL,Representation.ENGLISH,0_R_cfece2,"Imagine there are six people: Amber, Bryan, Christina, Dana, Elizabeth and Felicia. They have the following relationships to each other:;;;;",;;Here is how to figure out the answer to the following question:;;Who is the enemy of the parent of Amber?;;;;Here are the steps to arrive at the answer:;;1. the parent of Amber = Bryan;;2. the enemy of Bryan = Christina;;;;So the answer is Christina;;;;Now answer the following question:;;Who is the child of the friend of the enemy of the child of the enemy of Dana? Please answer the question in the same format as the example. End with 'So the answer is [answer]'.,the child of the friend of the enemy of the child of the enemy of Dana,Amber,Amber;;Bryan;;Christina;;Dana;;Elizabeth;;Felicia,the enemy of Amber = Elizabeth  the friend of Amber = Christina  the parent of Amber = Bryan          the child of Bryan = Amber          ;;the enemy of Bryan = Christina  the friend of Bryan = Felicia    the parent of Dana = Felicia         the child of Christina = Elizabeth  ;;the enemy of Christina = Bryan  the friend of Christina = Amber  the parent of Elizabeth = Christina  the child of Felicia = Dana         ;;the enemy of Dana = Felicia     the friend of Dana = Elizabeth   ;;the enemy of Elizabeth = Amber  the friend of Elizabeth = Dana   ;;the enemy of Felicia = Dana     the friend of Felicia = Bryan    
6,R,SemanticApproach.EXTENSIONAL,Representation.ENGLISH,0_R_ffpcp2,"Imagine there are six people: Amber, Bryan, Christina, Dana, Elizabeth and Felicia. They have the following relationships to each other:;;;;",;;Here is how to figure out the answer to the following question:;;Who is the enemy of the parent of Amber?;;;;Here are the steps to arrive at the answer:;;1. the parent of Amber = Bryan;;2. the enemy of Bryan = Christina;;;;So the answer is Christina;;;;Now answer the following question:;;Who is the friend of the friend of the parent of the child of the parent of Dana? Please answer the question in the same format as the example. End with 'So the answer is [answer]'.,the friend of the friend of the parent of the child of the parent of Dana,Felicia,Amber;;Bryan;;Christina;;Dana;;Elizabeth;;Felicia,the enemy of Amber = Elizabeth  the friend of Amber = Christina  the parent of Amber = Bryan          the child of Bryan = Amber          ;;the enemy of Bryan = Christina  the friend of Bryan = Felicia    the parent of Dana = Felicia         the child of Christina = Elizabeth  ;;the enemy of Christina = Bryan  the friend of Christina = Amber  the parent of Elizabeth = Christina  the child of Felicia = Dana         ;;the enemy of Dana = Felicia     the friend of Dana = Elizabeth   ;;the enemy of Elizabeth = Amber  the friend of Elizabeth = Dana   ;;the enemy of Felicia = Dana     the friend of Felicia = Bryan    
6,R,SemanticApproach.EXTENSIONAL,Representation.ENGLISH,0_R_fffff3,"Imagine there are six people: Amber, Bryan, Christina, Dana, Elizabeth and Felicia. They have the following relationships to each other:;;;;",;;Here is how to figure out the answer to the following question:;;Who is the enemy of the parent of Amber?;;;;Here are the steps to arrive at the answer:;;1. the parent of Amber = Bryan;;2. the enemy of Bryan = Christina;;;;So the answer is Christina;;;;Now answer the following question:;;Who is the friend of the friend of the friend of the friend of the friend of Bryan? Please answer the question in the same format as the example. End with 'So the answer is [answer]'.,the friend of the friend of the friend of the friend of the friend of Bryan,Felicia,Amber;;Bryan;;Christina;;Dana;;Elizabeth;;Felicia,the enemy of Amber = Elizabeth  the friend of Amber = Christina  the parent of Amber = Bryan          the child of Bryan = Amber          ;;the enemy of Bryan = Christina  the friend of Bryan = Felicia    the parent of Dana = Felicia         the child of Christina = Elizabeth  ;;the enemy of Christina = Bryan  the friend of Christina = Amber  the parent of Elizabeth = Christina  the child of Felicia = Dana         ;;the enemy of Dana = Felicia     the friend of Dana = Elizabeth   ;;the enemy of Elizabeth = Amber  the friend of Elizabeth = Dana   ;;the enemy of Felicia = Dana     the friend of Felicia = Bryan    
6,R,SemanticApproach.EXTENSIONAL,Representation.ENGLISH,0_R_ffpef3,"Imagine there are six people: Amber, Bryan, Christina, Dana, Elizabeth and Felicia. They have the following relationships to each other:;;;;",;;Here is how to figure out the answer to the following question:;;Who is the enemy of the parent of Amber?;;;;Here are the steps to arrive at the answer:;;1. the parent of Amber = Bryan;;2. the enemy of Bryan = Christina;;;;So the answer is Christina;;;;Now answer the following question:;;Who is the friend of the friend of the parent of the enemy of the friend of Bryan? Please answer the question in the same format as the example. End with 'So the answer is [answer]'.,the friend of the friend of the parent of the enemy of the friend of Bryan,Felicia,Amber;;Bryan;;Christina;;Dana;;Elizabeth;;Felicia,the enemy of Amber = Elizabeth  the friend of Amber = Christina  the parent of Amber = Bryan          the child of Bryan = Amber          ;;the enemy of Bryan = Christina  the friend of Bryan = Felicia    the parent of Dana = Felicia         the child of Christina = Elizabeth  ;;the enemy of Christina = Bryan  the friend of Christina = Amber  the parent of Elizabeth = Christina  the child of Felicia = Dana         ;;the enemy of Dana = Felicia     the friend of Dana = Elizabeth   ;;the enemy of Elizabeth = Amber  the friend of Elizabeth = Dana   ;;the enemy of Felicia = Dana     the friend of Felicia = Bryan    
6,R,SemanticApproach.EXTENSIONAL,Representation.ENGLISH,0_R_eepef3,"Imagine there are six people: Amber, Bryan, Christina, Dana, Elizabeth and Felicia. They have the following relationships to each other:;;;;",;;Here is how to figure out the answer to the following question:;;Who is the enemy of the parent of Amber?;;;;Here are the steps to arrive at the answer:;;1. the parent of Amber = Bryan;;2. the enemy of Bryan = Christina;;;;So the answer is Christina;;;;Now answer the following question:;;Who is the enemy of the enemy of the parent of the enemy of the friend of Bryan? Please answer the question in the same format as the example. End with 'So the answer is [answer]'.,the enemy of the enemy of the parent of the enemy of the friend of Bryan,Felicia,Amber;;Bryan;;Christina;;Dana;;Elizabeth;;Felicia,the enemy of Amber = Elizabeth  the friend of Amber = Christina  the parent of Amber = Bryan          the child of Bryan = Amber          ;;the enemy of Bryan = Christina  the friend of Bryan = Felicia    the parent of Dana = Felicia         the child of Christina = Elizabeth  ;;the enemy of Christina = Bryan  the friend of Christina = Amber  the parent of Elizabeth = Christina  the child of Felicia = Dana         ;;the enemy of Dana = Felicia     the friend of Dana = Elizabeth   ;;the enemy of Elizabeth = Amber  the friend of Elizabeth = Dana   ;;the enemy of Felicia = Dana     the friend of Felicia = Bryan    
6,R,SemanticApproach.EXTENSIONAL,Representation.ENGLISH,0_R_cpfcf3,"Imagine there are six people: Amber, Bryan, Christina, Dana, Elizabeth and Felicia. They have the following relationships to each other:;;;;",;;Here is how to figure out the answer to the following question:;;Who is the enemy of the parent of Amber?;;;;Here are the steps to arrive at the answer:;;1. the parent of Amber = Bryan;;2. the enemy of Bryan = Christina;;;;So the answer is Christina;;;;Now answer the following question:;;Who is the child of the parent of the friend of the child of the friend of Bryan? Please answer the question in the same format as the example. End with 'So the answer is [answer]'.,the child of the parent of the friend of the child of the friend of Bryan,Elizabeth,Amber;;Bryan;;Christina;;Dana;;Elizabeth;;Felicia,the enemy of Amber = Elizabeth  the friend of Amber = Christina  the parent of Amber = Bryan          the child of Bryan = Amber          ;;the enemy of Bryan = Christina  the friend of Bryan = Felicia    the parent of Dana = Felicia         the child of Christina = Elizabeth  ;;the enemy of Christina = Bryan  the friend of Christina = Amber  the parent of Elizabeth = Christina  the child of Felicia = Dana         ;;the enemy of Dana = Felicia     the friend of Dana = Elizabeth   ;;the enemy of Elizabeth = Amber  the friend of Elizabeth = Dana   ;;the enemy of Felicia = Dana     the friend of Felicia = Bryan    
6,R,SemanticApproach.EXTENSIONAL,Representation.ENGLISH,0_R_ffecf3,"Imagine there are six people: Amber, Bryan, Christina, Dana, Elizabeth and Felicia. They have the following relationships to each other:;;;;",;;Here is how to figure out the answer to the following question:;;Who is the enemy of the parent of Amber?;;;;Here are the steps to arrive at the answer:;;1. the parent of Amber = Bryan;;2. the enemy of Bryan = Christina;;;;So the answer is Christina;;;;Now answer the following question:;;Who is the friend of the friend of the enemy of the child of the friend of Bryan? Please answer the question in the same format as the example. End with 'So the answer is [answer]'.,the friend of the friend of the enemy of the child of the friend of Bryan,Felicia,Amber;;Bryan;;Christina;;Dana;;Elizabeth;;Felicia,the enemy of Amber = Elizabeth  the friend of Amber = Christina  the parent of Amber = Bryan          the child of Bryan = Amber          ;;the enemy of Bryan = Christina  the friend of Bryan = Felicia    the parent of Dana = Felicia         the child of Christina = Elizabeth  ;;the enemy of Christina = Bryan  the friend of Christina = Amber  the parent of Elizabeth = Christina  the child of Felicia = Dana         ;;the enemy of Dana = Felicia     the friend of Dana = Elizabeth   ;;the enemy of Elizabeth = Amber  the friend of Elizabeth = Dana   ;;the enemy of Felicia = Dana     the friend of Felicia = Bryan    
6,R,SemanticApproach.EXTENSIONAL,Representation.ENGLISH,0_R_pfcfc3,"Imagine there are six people: Amber, Bryan, Christina, Dana, Elizabeth and Felicia. They have the following relationships to each other:;;;;",;;Here is how to figure out the answer to the following question:;;Who is the enemy of the parent of Amber?;;;;Here are the steps to arrive at the answer:;;1. the parent of Amber = Bryan;;2. the enemy of Bryan = Christina;;;;So the answer is Christina;;;;Now answer the following question:;;Who is the parent of the friend of the child of the friend of the child of Bryan? Please answer the question in the same format as the example. End with 'So the answer is [answer]'.,the parent of the friend of the child of the friend of the child of Bryan,Felicia,Amber;;Bryan;;Christina;;Dana;;Elizabeth;;Felicia,the enemy of Amber = Elizabeth  the friend of Amber = Christina  the parent of Amber = Bryan          the child of Bryan = Amber          ;;the enemy of Bryan = Christina  the friend of Bryan = Felicia    the parent of Dana = Felicia         the child of Christina = Elizabeth  ;;the enemy of Christina = Bryan  the friend of Christina = Amber  the parent of Elizabeth = Christina  the child of Felicia = Dana         ;;the enemy of Dana = Felicia     the friend of Dana = Elizabeth   ;;the enemy of Elizabeth = Amber  the friend of Elizabeth = Dana   ;;the enemy of Felicia = Dana     the friend of Felicia = Bryan    
6,R,SemanticApproach.EXTENSIONAL,Representation.ENGLISH,0_R_peeff4,"Imagine there are six people: Amber, Bryan, Christina, Dana, Elizabeth and Felicia. They have the following relationships to each other:;;;;",;;Here is how to figure out the answer to the following question:;;Who is the enemy of the parent of Amber?;;;;Here are the steps to arrive at the answer:;;1. the parent of Amber = Bryan;;2. the enemy of Bryan = Christina;;;;So the answer is Christina;;;;Now answer the following question:;;Who is the parent of the enemy of the enemy of the friend of the friend of Elizabeth? Please answer the question in the same format as the example. End with 'So the answer is [answer]'.,the parent of the enemy of the enemy of the friend of the friend of Elizabeth,Christina,Amber;;Bryan;;Christina;;Dana;;Elizabeth;;Felicia,the enemy of Amber = Elizabeth  the friend of Amber = Christina  the parent of Amber = Bryan          the child of Bryan = Amber          ;;the enemy of Bryan = Christina  the friend of Bryan = Felicia    the parent of Dana = Felicia         the child of Christina = Elizabeth  ;;the enemy of Christina = Bryan  the friend of Christina = Amber  the parent of Elizabeth = Christina  the child of Felicia = Dana         ;;the enemy of Dana = Felicia     the friend of Dana = Elizabeth   ;;the enemy of Elizabeth = Amber  the friend of Elizabeth = Dana   ;;the enemy of Felicia = Dana     the friend of Felicia = Bryan    
6,R,SemanticApproach.EXTENSIONAL,Representation.ENGLISH,0_R_eecef4,"Imagine there are six people: Amber, Bryan, Christina, Dana, Elizabeth and Felicia. They have the following relationships to each other:;;;;",;;Here is how to figure out the answer to the following question:;;Who is the enemy of the parent of Amber?;;;;Here are the steps to arrive at the answer:;;1. the parent of Amber = Bryan;;2. the enemy of Bryan = Christina;;;;So the answer is Christina;;;;Now answer the following question:;;Who is the enemy of the enemy of the child of the enemy of the friend of Elizabeth? Please answer the question in the same format as the example. End with 'So the answer is [answer]'.,the enemy of the enemy of the child of the enemy of the friend of Elizabeth,Dana,Amber;;Bryan;;Christina;;Dana;;Elizabeth;;Felicia,the enemy of Amber = Elizabeth  the friend of Amber = Christina  the parent of Amber = Bryan          the child of Bryan = Amber          ;;the enemy of Bryan = Christina  the friend of Bryan = Felicia    the parent of Dana = Felicia         the child of Christina = Elizabeth  ;;the enemy of Christina = Bryan  the friend of Christina = Amber  the parent of Elizabeth = Christina  the child of Felicia = Dana         ;;the enemy of Dana = Felicia     the friend of Dana = Elizabeth   ;;the enemy of Elizabeth = Amber  the friend of Elizabeth = Dana   ;;the enemy of Felicia = Dana     the friend of Felicia = Bryan    
6,R,SemanticApproach.EXTENSIONAL,Representation.ENGLISH,0_R_fffpf4,"Imagine there are six people: Amber, Bryan, Christina, Dana, Elizabeth and Felicia. They have the following relationships to each other:;;;;",;;Here is how to figure out the answer to the following question:;;Who is the enemy of the parent of Amber?;;;;Here are the steps to arrive at the answer:;;1. the parent of Amber = Bryan;;2. the enemy of Bryan = Christina;;;;So the answer is Christina;;;;Now answer the following question:;;Who is the friend of the friend of the friend of the parent of the friend of Elizabeth? Please answer the question in the same format as the example. End with 'So the answer is [answer]'.,the friend of the friend of the friend of the parent of the friend of Elizabeth,Bryan,Amber;;Bryan;;Christina;;Dana;;Elizabeth;;Felicia,the enemy of Amber = Elizabeth  the friend of Amber = Christina  the parent of Amber = Bryan          the child of Bryan = Amber          ;;the enemy of Bryan = Christina  the friend of Bryan = Felicia    the parent of Dana = Felicia         the child of Christina = Elizabeth  ;;the enemy of Christina = Bryan  the friend of Christina = Amber  the parent of Elizabeth = Christina  the child of Felicia = Dana         ;;the enemy of Dana = Felicia     the friend of Dana = Elizabeth   ;;the enemy of Elizabeth = Amber  the friend of Elizabeth = Dana   ;;the enemy of Felicia = Dana     the friend of Felicia = Bryan    
6,R,SemanticApproach.EXTENSIONAL,Representation.ENGLISH,0_R_effcp4,"Imagine there are six people: Amber, Bryan, Christina, Dana, Elizabeth and Felicia. They have the following relationships to each other:;;;;",;;Here is how to figure out the answer to the following question:;;Who is the enemy of the parent of Amber?;;;;Here are the steps to arrive at the answer:;;1. the parent of Amber = Bryan;;2. the enemy of Bryan = Christina;;;;So the answer is Christina;;;;Now answer the following question:;;Who is the enemy of the friend of the friend of the child of the parent of Elizabeth? Please answer the question in the same format as the example. End with 'So the answer is [answer]'.,the enemy of the friend of the friend of the child of the parent of Elizabeth,Amber,Amber;;Bryan;;Christina;;Dana;;Elizabeth;;Felicia,the enemy of Amber = Elizabeth  the friend of Amber = Christina  the parent of Amber = Bryan          the child of Bryan = Amber          ;;the enemy of Bryan = Christina  the friend of Bryan = Felicia    the parent of Dana = Felicia         the child of Christina = Elizabeth  ;;the enemy of Christina = Bryan  the friend of Christina = Amber  the parent of Elizabeth = Christina  the child of Felicia = Dana         ;;the enemy of Dana = Felicia     the friend of Dana = Elizabeth   ;;the enemy of Elizabeth = Amber  the friend of Elizabeth = Dana   ;;the enemy of Felicia = Dana     the friend of Felicia = Bryan    
6,R,SemanticApproach.EXTENSIONAL,Representation.ENGLISH,0_R_efecp4,"Imagine there are six people: Amber, Bryan, Christina, Dana, Elizabeth and Felicia. They have the following relationships to each other:;;;;",;;Here is how to figure out the answer to the following question:;;Who is the enemy of the parent of Amber?;;;;Here are the steps to arrive at the answer:;;1. the parent of Amber = Bryan;;2. the enemy of Bryan = Christina;;;;So the answer is Christina;;;;Now answer the following question:;;Who is the enemy of the friend of the enemy of the child of the parent of Elizabeth? Please answer the question in the same format as the example. End with 'So the answer is [answer]'.,the enemy of the friend of the enemy of the child of the parent of Elizabeth,Bryan,Amber;;Bryan;;Christina;;Dana;;Elizabeth;;Felicia,the enemy of Amber = Elizabeth  the friend of Amber = Christina  the parent of Amber = Bryan          the child of Bryan = Amber          ;;the enemy of Bryan = Christina  the friend of Bryan = Felicia    the parent of Dana = Felicia         the child of Christina = Elizabeth  ;;the enemy of Christina = Bryan  the friend of Christina = Amber  the parent of Elizabeth = Christina  the child of Felicia = Dana         ;;the enemy of Dana = Felicia     the friend of Dana = Elizabeth   ;;the enemy of Elizabeth = Amber  the friend of Elizabeth = Dana   ;;the enemy of Felicia = Dana     the friend of Felicia = Bryan    
6,R,SemanticApproach.EXTENSIONAL,Representation.ENGLISH,0_R_efcff5,"Imagine there are six people: Amber, Bryan, Christina, Dana, Elizabeth and Felicia. They have the following relationships to each other:;;;;",;;Here is how to figure out the answer to the following question:;;Who is the enemy of the parent of Amber?;;;;Here are the steps to arrive at the answer:;;1. the parent of Amber = Bryan;;2. the enemy of Bryan = Christina;;;;So the answer is Christina;;;;Now answer the following question:;;Who is the enemy of the friend of the child of the friend of the friend of Felicia? Please answer the question in the same format as the example. End with 'So the answer is [answer]'.,the enemy of the friend of the child of the friend of the friend of Felicia,Amber,Amber;;Bryan;;Christina;;Dana;;Elizabeth;;Felicia,the enemy of Amber = Elizabeth  the friend of Amber = Christina  the parent of Amber = Bryan          the child of Bryan = Amber          ;;the enemy of Bryan = Christina  the friend of Bryan = Felicia    the parent of Dana = Felicia         the child of Christina = Elizabeth  ;;the enemy of Christina = Bryan  the friend of Christina = Amber  the parent of Elizabeth = Christina  the child of Felicia = Dana         ;;the enemy of Dana = Felicia     the friend of Dana = Elizabeth   ;;the enemy of Elizabeth = Amber  the friend of Elizabeth = Dana   ;;the enemy of Felicia = Dana     the friend of Felicia = Bryan    
6,R,SemanticApproach.EXTENSIONAL,Representation.ENGLISH,0_R_fpcff5,"Imagine there are six people: Amber, Bryan, Christina, Dana, Elizabeth and Felicia. They have the following relationships to each other:;;;;",;;Here is how to figure out the answer to the following question:;;Who is the enemy of the parent of Amber?;;;;Here are the steps to arrive at the answer:;;1. the parent of Amber = Bryan;;2. the enemy of Bryan = Christina;;;;So the answer is Christina;;;;Now answer the following question:;;Who is the friend of the parent of the child of the friend of the friend of Felicia? Please answer the question in the same format as the example. End with 'So the answer is [answer]'.,the friend of the parent of the child of the friend of the friend of Felicia,Bryan,Amber;;Bryan;;Christina;;Dana;;Elizabeth;;Felicia,the enemy of Amber = Elizabeth  the friend of Amber = Christina  the parent of Amber = Bryan          the child of Bryan = Amber          ;;the enemy of Bryan = Christina  the friend of Bryan = Felicia    the parent of Dana = Felicia         the child of Christina = Elizabeth  ;;the enemy of Christina = Bryan  the friend of Christina = Amber  the parent of Elizabeth = Christina  the child of Felicia = Dana         ;;the enemy of Dana = Felicia     the friend of Dana = Elizabeth   ;;the enemy of Elizabeth = Amber  the friend of Elizabeth = Dana   ;;the enemy of Felicia = Dana     the friend of Felicia = Bryan    
6,R,SemanticApproach.EXTENSIONAL,Representation.ENGLISH,0_R_efffe5,"Imagine there are six people: Amber, Bryan, Christina, Dana, Elizabeth and Felicia. They have the following relationships to each other:;;;;",;;Here is how to figure out the answer to the following question:;;Who is the enemy of the parent of Amber?;;;;Here are the steps to arrive at the answer:;;1. the parent of Amber = Bryan;;2. the enemy of Bryan = Christina;;;;So the answer is Christina;;;;Now answer the following question:;;Who is the enemy of the friend of the friend of the friend of the enemy of Felicia? Please answer the question in the same format as the example. End with 'So the answer is [answer]'.,the enemy of the friend of the friend of the friend of the enemy of Felicia,Amber,Amber;;Bryan;;Christina;;Dana;;Elizabeth;;Felicia,the enemy of Amber = Elizabeth  the friend of Amber = Christina  the parent of Amber = Bryan          the child of Bryan = Amber          ;;the enemy of Bryan = Christina  the friend of Bryan = Felicia    the parent of Dana = Felicia         the child of Christina = Elizabeth  ;;the enemy of Christina = Bryan  the friend of Christina = Amber  the parent of Elizabeth = Christina  the child of Felicia = Dana         ;;the enemy of Dana = Felicia     the friend of Dana = Elizabeth   ;;the enemy of Elizabeth = Amber  the friend of Elizabeth = Dana   ;;the enemy of Felicia = Dana     the friend of Felicia = Bryan    
6,R,SemanticApproach.EXTENSIONAL,Representation.ENGLISH,0_R_ffpfe5,"Imagine there are six people: Amber, Bryan, Christina, Dana, Elizabeth and Felicia. They have the following relationships to each other:;;;;",;;Here is how to figure out the answer to the following question:;;Who is the enemy of the parent of Amber?;;;;Here are the steps to arrive at the answer:;;1. the parent of Amber = Bryan;;2. the enemy of Bryan = Christina;;;;So the answer is Christina;;;;Now answer the following question:;;Who is the friend of the friend of the parent of the friend of the enemy of Felicia? Please answer the question in the same format as the example. End with 'So the answer is [answer]'.,the friend of the friend of the parent of the friend of the enemy of Felicia,Christina,Amber;;Bryan;;Christina;;Dana;;Elizabeth;;Felicia,the enemy of Amber = Elizabeth  the friend of Amber = Christina  the parent of Amber = Bryan          the child of Bryan = Amber          ;;the enemy of Bryan = Christina  the friend of Bryan = Felicia    the parent of Dana = Felicia         the child of Christina = Elizabeth  ;;the enemy of Christina = Bryan  the friend of Christina = Amber  the parent of Elizabeth = Christina  the child of Felicia = Dana         ;;the enemy of Dana = Felicia     the friend of Dana = Elizabeth   ;;the enemy of Elizabeth = Amber  the friend of Elizabeth = Dana   ;;the enemy of Felicia = Dana     the friend of Felicia = Bryan    
6,R,SemanticApproach.EXTENSIONAL,Representation.ENGLISH,0_R_cpcee5,"Imagine there are six people: Amber, Bryan, Christina, Dana, Elizabeth and Felicia. They have the following relationships to each other:;;;;",;;Here is how to figure out the answer to the following question:;;Who is the enemy of the parent of Amber?;;;;Here are the steps to arrive at the answer:;;1. the parent of Amber = Bryan;;2. the enemy of Bryan = Christina;;;;So the answer is Christina;;;;Now answer the following question:;;Who is the child of the parent of the child of the enemy of the enemy of Felicia? Please answer the question in the same format as the example. End with 'So the answer is [answer]'.,the child of the parent of the child of the enemy of the enemy of Felicia,Dana,Amber;;Bryan;;Christina;;Dana;;Elizabeth;;Felicia,the enemy of Amber = Elizabeth  the friend of Amber = Christina  the parent of Amber = Bryan          the child of Bryan = Amber          ;;the enemy of Bryan = Christina  the friend of Bryan = Felicia    the parent of Dana = Felicia         the child of Christina = Elizabeth  ;;the enemy of Christina = Bryan  the friend of Christina = Amber  the parent of Elizabeth = Christina  the child of Felicia = Dana         ;;the enemy of Dana = Felicia     the friend of Dana = Elizabeth   ;;the enemy of Elizabeth = Amber  the friend of Elizabeth = Dana   ;;the enemy of Felicia = Dana     the friend of Felicia = Bryan    
6,R,SemanticApproach.EXTENSIONAL,Representation.ENGLISH,0_R_ffpfc5,"Imagine there are six people: Amber, Bryan, Christina, Dana, Elizabeth and Felicia. They have the following relationships to each other:;;;;",;;Here is how to figure out the answer to the following question:;;Who is the enemy of the parent of Amber?;;;;Here are the steps to arrive at the answer:;;1. the parent of Amber = Bryan;;2. the enemy of Bryan = Christina;;;;So the answer is Christina;;;;Now answer the following question:;;Who is the friend of the friend of the parent of the friend of the child of Felicia? Please answer the question in the same format as the example. End with 'So the answer is [answer]'.,the friend of the friend of the parent of the friend of the child of Felicia,Christina,Amber;;Bryan;;Christina;;Dana;;Elizabeth;;Felicia,the enemy of Amber = Elizabeth  the friend of Amber = Christina  the parent of Amber = Bryan          the child of Bryan = Amber          ;;the enemy of Bryan = Christina  the friend of Bryan = Felicia    the parent of Dana = Felicia         the child of Christina = Elizabeth  ;;the enemy of Christina = Bryan  the friend of Christina = Amber  the parent of Elizabeth = Christina  the child of Felicia = Dana         ;;the enemy of Dana = Felicia     the friend of Dana = Elizabeth   ;;the enemy of Elizabeth = Amber  the friend of Elizabeth = Dana   ;;the enemy of Felicia = Dana     the friend of Felicia = Bryan    
6,R,SemanticApproach.EXTENSIONAL,Representation.ENGLISH,0_R_pcpfc5,"Imagine there are six people: Amber, Bryan, Christina, Dana, Elizabeth and Felicia. They have the following relationships to each other:;;;;",;;Here is how to figure out the answer to the following question:;;Who is the enemy of the parent of Amber?;;;;Here are the steps to arrive at the answer:;;1. the parent of Amber = Bryan;;2. the enemy of Bryan = Christina;;;;So the answer is Christina;;;;Now answer the following question:;;Who is the parent of the child of the parent of the friend of the child of Felicia? Please answer the question in the same format as the example. End with 'So the answer is [answer]'.,the parent of the child of the parent of the friend of the child of Felicia,Christina,Amber;;Bryan;;Christina;;Dana;;Elizabeth;;Felicia,the enemy of Amber = Elizabeth  the friend of Amber = Christina  the parent of Amber = Bryan          the child of Bryan = Amber          ;;the enemy of Bryan = Christina  the friend of Bryan = Felicia    the parent of Dana = Felicia         the child of Christina = Elizabeth  ;;the enemy of Christina = Bryan  the friend of Christina = Amber  the parent of Elizabeth = Christina  the child of Felicia = Dana         ;;the enemy of Dana = Felicia     the friend of Dana = Elizabeth   ;;the enemy of Elizabeth = Amber  the friend of Elizabeth = Dana   ;;the enemy of Felicia = Dana     the friend of Felicia = Bryan    
6,R,SemanticApproach.EXTENSIONAL,Representation.ENGLISH,0_R_eecpc5,"Imagine there are six people: Amber, Bryan, Christina, Dana, Elizabeth and Felicia. They have the following relationships to each other:;;;;",;;Here is how to figure out the answer to the following question:;;Who is the enemy of the parent of Amber?;;;;Here are the steps to arrive at the answer:;;1. the parent of Amber = Bryan;;2. the enemy of Bryan = Christina;;;;So the answer is Christina;;;;Now answer the following question:;;Who is the enemy of the enemy of the child of the parent of the child of Felicia? Please answer the question in the same format as the example. End with 'So the answer is [answer]'.,the enemy of the enemy of the child of the parent of the child of Felicia,Dana,Amber;;Bryan;;Christina;;Dana;;Elizabeth;;Felicia,the enemy of Amber = Elizabeth  the friend of Amber = Christina  the parent of Amber = Bryan          the child of Bryan = Amber          ;;the enemy of Bryan = Christina  the friend of Bryan = Felicia    the parent of Dana = Felicia         the child of Christina = Elizabeth  ;;the enemy of Christina = Bryan  the friend of Christina = Amber  the parent of Elizabeth = Christina  the child of Felicia = Dana         ;;the enemy of Dana = Felicia     the friend of Dana = Elizabeth   ;;the enemy of Elizabeth = Amber  the friend of Elizabeth = Dana   ;;the enemy of Felicia = Dana     the friend of Felicia = Bryan    
3,L,SemanticApproach.EXTENSIONAL,Representation.ENGLISH,0_L_ef0,"Imagine there are six people: Amber, Bryan, Christina, Dana, Elizabeth and Felicia. They have the following relationships to each other:;;;;",;;Here is how to figure out the answer to the following question:;;Who is Amber's parent's enemy?;;;;Here are the steps to arrive at the answer:;;1. Amber's parent = Bryan;;2. Bryan's enemy = Christina;;;;So the answer is Christina;;;;Now answer the following question:;;Who is Christina's friend's enemy? Please answer the question in the same format as the example. End with 'So the answer is [answer]'.,Christina's friend's enemy,Elizabeth,Amber;;Bryan;;Christina;;Dana;;Elizabeth;;Felicia,Amber's enemy = Elizabeth  Amber's friend = Christina  Amber's parent = Bryan          Bryan's child = Amber          ;;Bryan's enemy = Christina  Bryan's friend = Felicia    Dana's parent = Felicia         Christina's child = Elizabeth  ;;Christina's enemy = Bryan  Christina's friend = Amber  Elizabeth's parent = Christina  Felicia's child = Dana         ;;Dana's enemy = Felicia     Dana's friend = Elizabeth   ;;Elizabeth's enemy = Amber  Elizabeth's friend = Dana   ;;Felicia's enemy = Dana     Felicia's friend = Bryan    
3,L,SemanticApproach.EXTENSIONAL,Representation.ENGLISH,0_L_fe0,"Imagine there are six people: Amber, Bryan, Christina, Dana, Elizabeth and Felicia. They have the following relationships to each other:;;;;",;;Here is how to figure out the answer to the following question:;;Who is Amber's parent's enemy?;;;;Here are the steps to arrive at the answer:;;1. Amber's parent = Bryan;;2. Bryan's enemy = Christina;;;;So the answer is Christina;;;;Now answer the following question:;;Who is Christina's enemy's friend? Please answer the question in the same format as the example. End with 'So the answer is [answer]'.,Christina's enemy's friend,Felicia,Amber;;Bryan;;Christina;;Dana;;Elizabeth;;Felicia,Amber's enemy = Elizabeth  Amber's friend = Christina  Amber's parent = Bryan          Bryan's child = Amber          ;;Bryan's enemy = Christina  Bryan's friend = Felicia    Dana's parent = Felicia         Christina's child = Elizabeth  ;;Christina's enemy = Bryan  Christina's friend = Amber  Elizabeth's parent = Christina  Felicia's child = Dana         ;;Dana's enemy = Felicia     Dana's friend = Elizabeth   ;;Elizabeth's enemy = Amber  Elizabeth's friend = Dana   ;;Felicia's enemy = Dana     Felicia's friend = Bryan    
3,L,SemanticApproach.EXTENSIONAL,Representation.ENGLISH,0_L_ce0,"Imagine there are six people: Amber, Bryan, Christina, Dana, Elizabeth and Felicia. They have the following relationships to each other:;;;;",;;Here is how to figure out the answer to the following question:;;Who is Amber's parent's enemy?;;;;Here are the steps to arrive at the answer:;;1. Amber's parent = Bryan;;2. Bryan's enemy = Christina;;;;So the answer is Christina;;;;Now answer the following question:;;Who is Christina's enemy's child? Please answer the question in the same format as the example. End with 'So the answer is [answer]'.,Christina's enemy's child,Amber,Amber;;Bryan;;Christina;;Dana;;Elizabeth;;Felicia,Amber's enemy = Elizabeth  Amber's friend = Christina  Amber's parent = Bryan          Bryan's child = Amber          ;;Bryan's enemy = Christina  Bryan's friend = Felicia    Dana's parent = Felicia         Christina's child = Elizabeth  ;;Christina's enemy = Bryan  Christina's friend = Amber  Elizabeth's parent = Christina  Felicia's child = Dana         ;;Dana's enemy = Felicia     Dana's friend = Elizabeth   ;;Elizabeth's enemy = Amber  Elizabeth's friend = Dana   ;;Felicia's enemy = Dana     Felicia's friend = Bryan    
3,L,SemanticApproach.EXTENSIONAL,Representation.ENGLISH,0_L_fc0,"Imagine there are six people: Amber, Bryan, Christina, Dana, Elizabeth and Felicia. They have the following relationships to each other:;;;;",;;Here is how to figure out the answer to the following question:;;Who is Amber's parent's enemy?;;;;Here are the steps to arrive at the answer:;;1. Amber's parent = Bryan;;2. Bryan's enemy = Christina;;;;So the answer is Christina;;;;Now answer the following question:;;Who is Christina's child's friend? Please answer the question in the same format as the example. End with 'So the answer is [answer]'.,Christina's child's friend,Dana,Amber;;Bryan;;Christina;;Dana;;Elizabeth;;Felicia,Amber's enemy = Elizabeth  Amber's friend = Christina  Amber's parent = Bryan          Bryan's child = Amber          ;;Bryan's enemy = Christina  Bryan's friend = Felicia    Dana's parent = Felicia         Christina's child = Elizabeth  ;;Christina's enemy = Bryan  Christina's friend = Amber  Elizabeth's parent = Christina  Felicia's child = Dana         ;;Dana's enemy = Felicia     Dana's friend = Elizabeth   ;;Elizabeth's enemy = Amber  Elizabeth's friend = Dana   ;;Felicia's enemy = Dana     Felicia's friend = Bryan    
3,L,SemanticApproach.EXTENSIONAL,Representation.ENGLISH,0_L_ec0,"Imagine there are six people: Amber, Bryan, Christina, Dana, Elizabeth and Felicia. They have the following relationships to each other:;;;;",;;Here is how to figure out the answer to the following question:;;Who is Amber's parent's enemy?;;;;Here are the steps to arrive at the answer:;;1. Amber's parent = Bryan;;2. Bryan's enemy = Christina;;;;So the answer is Christina;;;;Now answer the following question:;;Who is Christina's child's enemy? Please answer the question in the same format as the example. End with 'So the answer is [answer]'.,Christina's child's enemy,Amber,Amber;;Bryan;;Christina;;Dana;;Elizabeth;;Felicia,Amber's enemy = Elizabeth  Amber's friend = Christina  Amber's parent = Bryan          Bryan's child = Amber          ;;Bryan's enemy = Christina  Bryan's friend = Felicia    Dana's parent = Felicia         Christina's child = Elizabeth  ;;Christina's enemy = Bryan  Christina's friend = Amber  Elizabeth's parent = Christina  Felicia's child = Dana         ;;Dana's enemy = Felicia     Dana's friend = Elizabeth   ;;Elizabeth's enemy = Amber  Elizabeth's friend = Dana   ;;Felicia's enemy = Dana     Felicia's friend = Bryan    
3,L,SemanticApproach.EXTENSIONAL,Representation.ENGLISH,0_L_pc0,"Imagine there are six people: Amber, Bryan, Christina, Dana, Elizabeth and Felicia. They have the following relationships to each other:;;;;",;;Here is how to figure out the answer to the following question:;;Who is Amber's parent's enemy?;;;;Here are the steps to arrive at the answer:;;1. Amber's parent = Bryan;;2. Bryan's enemy = Christina;;;;So the answer is Christina;;;;Now answer the following question:;;Who is Christina's child's parent? Please answer the question in the same format as the example. End with 'So the answer is [answer]'.,Christina's child's parent,Christina,Amber;;Bryan;;Christina;;Dana;;Elizabeth;;Felicia,Amber's enemy = Elizabeth  Amber's friend = Christina  Amber's parent = Bryan          Bryan's child = Amber          ;;Bryan's enemy = Christina  Bryan's friend = Felicia    Dana's parent = Felicia         Christina's child = Elizabeth  ;;Christina's enemy = Bryan  Christina's friend = Amber  Elizabeth's parent = Christina  Felicia's child = Dana         ;;Dana's enemy = Felicia     Dana's friend = Elizabeth   ;;Elizabeth's enemy = Amber  Elizabeth's friend = Dana   ;;Felicia's enemy = Dana     Felicia's friend = Bryan    
3,L,SemanticApproach.EXTENSIONAL,Representation.ENGLISH,0_L_ff1,"Imagine there are six people: Amber, Bryan, Christina, Dana, Elizabeth and Felicia. They have the following relationships to each other:;;;;",;;Here is how to figure out the answer to the following question:;;Who is Amber's parent's enemy?;;;;Here are the steps to arrive at the answer:;;1. Amber's parent = Bryan;;2. Bryan's enemy = Christina;;;;So the answer is Christina;;;;Now answer the following question:;;Who is Amber's friend's friend? Please answer the question in the same format as the example. End with 'So the answer is [answer]'.,Amber's friend's friend,Amber,Amber;;Bryan;;Christina;;Dana;;Elizabeth;;Felicia,Amber's enemy = Elizabeth  Amber's friend = Christina  Amber's parent = Bryan          Bryan's child = Amber          ;;Bryan's enemy = Christina  Bryan's friend = Felicia    Dana's parent = Felicia         Christina's child = Elizabeth  ;;Christina's enemy = Bryan  Christina's friend = Amber  Elizabeth's parent = Christina  Felicia's child = Dana         ;;Dana's enemy = Felicia     Dana's friend = Elizabeth   ;;Elizabeth's enemy = Amber  Elizabeth's friend = Dana   ;;Felicia's enemy = Dana     Felicia's friend = Bryan    
3,L,SemanticApproach.EXTENSIONAL,Representation.ENGLISH,0_L_ef1,"Imagine there are six people: Amber, Bryan, Christina, Dana, Elizabeth and Felicia. They have the following relationships to each other:;;;;",;;Here is how to figure out the answer to the following question:;;Who is Amber's parent's enemy?;;;;Here are the steps to arrive at the answer:;;1. Amber's parent = Bryan;;2. Bryan's enemy = Christina;;;;So the answer is Christina;;;;Now answer the following question:;;Who is Amber's friend's enemy? Please answer the question in the same format as the example. End with 'So the answer is [answer]'.,Amber's friend's enemy,Bryan,Amber;;Bryan;;Christina;;Dana;;Elizabeth;;Felicia,Amber's enemy = Elizabeth  Amber's friend = Christina  Amber's parent = Bryan          Bryan's child = Amber          ;;Bryan's enemy = Christina  Bryan's friend = Felicia    Dana's parent = Felicia         Christina's child = Elizabeth  ;;Christina's enemy = Bryan  Christina's friend = Amber  Elizabeth's parent = Christina  Felicia's child = Dana         ;;Dana's enemy = Felicia     Dana's friend = Elizabeth   ;;Elizabeth's enemy = Amber  Elizabeth's friend = Dana   ;;Felicia's enemy = Dana     Felicia's friend = Bryan    
3,L,SemanticApproach.EXTENSIONAL,Representation.ENGLISH,0_L_cf1,"Imagine there are six people: Amber, Bryan, Christina, Dana, Elizabeth and Felicia. They have the following relationships to each other:;;;;",;;Here is how to figure out the answer to the following question:;;Who is Amber's parent's enemy?;;;;Here are the steps to arrive at the answer:;;1. Amber's parent = Bryan;;2. Bryan's enemy = Christina;;;;So the answer is Christina;;;;Now answer the following question:;;Who is Amber's friend's child? Please answer the question in the same format as the example. End with 'So the answer is [answer]'.,Amber's friend's child,Elizabeth,Amber;;Bryan;;Christina;;Dana;;Elizabeth;;Felicia,Amber's enemy = Elizabeth  Amber's friend = Christina  Amber's parent = Bryan          Bryan's child = Amber          ;;Bryan's enemy = Christina  Bryan's friend = Felicia    Dana's parent = Felicia         Christina's child = Elizabeth  ;;Christina's enemy = Bryan  Christina's friend = Amber  Elizabeth's parent = Christina  Felicia's child = Dana         ;;Dana's enemy = Felicia     Dana's friend = Elizabeth   ;;Elizabeth's enemy = Amber  Elizabeth's friend = Dana   ;;Felicia's enemy = Dana     Felicia's friend = Bryan    
3,L,SemanticApproach.EXTENSIONAL,Representation.ENGLISH,0_L_ee1,"Imagine there are six people: Amber, Bryan, Christina, Dana, Elizabeth and Felicia. They have the following relationships to each other:;;;;",;;Here is how to figure out the answer to the following question:;;Who is Amber's parent's enemy?;;;;Here are the steps to arrive at the answer:;;1. Amber's parent = Bryan;;2. Bryan's enemy = Christina;;;;So the answer is Christina;;;;Now answer the following question:;;Who is Amber's enemy's enemy? Please answer the question in the same format as the example. End with 'So the answer is [answer]'.,Amber's enemy's enemy,Amber,Amber;;Bryan;;Christina;;Dana;;Elizabeth;;Felicia,Amber's enemy = Elizabeth  Amber's friend = Christina  Amber's parent = Bryan          Bryan's child = Amber          ;;Bryan's enemy = Christina  Bryan's friend = Felicia    Dana's parent = Felicia         Christina's child = Elizabeth  ;;Christina's enemy = Bryan  Christina's friend = Amber  Elizabeth's parent = Christina  Felicia's child = Dana         ;;Dana's enemy = Felicia     Dana's friend = Elizabeth   ;;Elizabeth's enemy = Amber  Elizabeth's friend = Dana   ;;Felicia's enemy = Dana     Felicia's friend = Bryan    
3,L,SemanticApproach.EXTENSIONAL,Representation.ENGLISH,0_L_pe1,"Imagine there are six people: Amber, Bryan, Christina, Dana, Elizabeth and Felicia. They have the following relationships to each other:;;;;",;;Here is how to figure out the answer to the following question:;;Who is Amber's parent's enemy?;;;;Here are the steps to arrive at the answer:;;1. Amber's parent = Bryan;;2. Bryan's enemy = Christina;;;;So the answer is Christina;;;;Now answer the following question:;;Who is Amber's enemy's parent? Please answer the question in the same format as the example. End with 'So the answer is [answer]'.,Amber's enemy's parent,Christina,Amber;;Bryan;;Christina;;Dana;;Elizabeth;;Felicia,Amber's enemy = Elizabeth  Amber's friend = Christina  Amber's parent = Bryan          Bryan's child = Amber          ;;Bryan's enemy = Christina  Bryan's friend = Felicia    Dana's parent = Felicia         Christina's child = Elizabeth  ;;Christina's enemy = Bryan  Christina's friend = Amber  Elizabeth's parent = Christina  Felicia's child = Dana         ;;Dana's enemy = Felicia     Dana's friend = Elizabeth   ;;Elizabeth's enemy = Amber  Elizabeth's friend = Dana   ;;Felicia's enemy = Dana     Felicia's friend = Bryan    
3,L,SemanticApproach.EXTENSIONAL,Representation.ENGLISH,0_L_ff2,"Imagine there are six people: Amber, Bryan, Christina, Dana, Elizabeth and Felicia. They have the following relationships to each other:;;;;",;;Here is how to figure out the answer to the following question:;;Who is Amber's parent's enemy?;;;;Here are the steps to arrive at the answer:;;1. Amber's parent = Bryan;;2. Bryan's enemy = Christina;;;;So the answer is Christina;;;;Now answer the following question:;;Who is Dana's friend's friend? Please answer the question in the same format as the example. End with 'So the answer is [answer]'.,Dana's friend's friend,Dana,Amber;;Bryan;;Christina;;Dana;;Elizabeth;;Felicia,Amber's enemy = Elizabeth  Amber's friend = Christina  Amber's parent = Bryan          Bryan's child = Amber          ;;Bryan's enemy = Christina  Bryan's friend = Felicia    Dana's parent = Felicia         Christina's child = Elizabeth  ;;Christina's enemy = Bryan  Christina's friend = Amber  Elizabeth's parent = Christina  Felicia's child = Dana         ;;Dana's enemy = Felicia     Dana's friend = Elizabeth   ;;Elizabeth's enemy = Amber  Elizabeth's friend = Dana   ;;Felicia's enemy = Dana     Felicia's friend = Bryan    
3,L,SemanticApproach.EXTENSIONAL,Representation.ENGLISH,0_L_ef2,"Imagine there are six people: Amber, Bryan, Christina, Dana, Elizabeth and Felicia. They have the following relationships to each other:;;;;",;;Here is how to figure out the answer to the following question:;;Who is Amber's parent's enemy?;;;;Here are the steps to arrive at the answer:;;1. Amber's parent = Bryan;;2. Bryan's enemy = Christina;;;;So the answer is Christina;;;;Now answer the following question:;;Who is Dana's friend's enemy? Please answer the question in the same format as the example. End with 'So the answer is [answer]'.,Dana's friend's enemy,Amber,Amber;;Bryan;;Christina;;Dana;;Elizabeth;;Felicia,Amber's enemy = Elizabeth  Amber's friend = Christina  Amber's parent = Bryan          Bryan's child = Amber          ;;Bryan's enemy = Christina  Bryan's friend = Felicia    Dana's parent = Felicia         Christina's child = Elizabeth  ;;Christina's enemy = Bryan  Christina's friend = Amber  Elizabeth's parent = Christina  Felicia's child = Dana         ;;Dana's enemy = Felicia     Dana's friend = Elizabeth   ;;Elizabeth's enemy = Amber  Elizabeth's friend = Dana   ;;Felicia's enemy = Dana     Felicia's friend = Bryan    
3,L,SemanticApproach.EXTENSIONAL,Representation.ENGLISH,0_L_pf2,"Imagine there are six people: Amber, Bryan, Christina, Dana, Elizabeth and Felicia. They have the following relationships to each other:;;;;",;;Here is how to figure out the answer to the following question:;;Who is Amber's parent's enemy?;;;;Here are the steps to arrive at the answer:;;1. Amber's parent = Bryan;;2. Bryan's enemy = Christina;;;;So the answer is Christina;;;;Now answer the following question:;;Who is Dana's friend's parent? Please answer the question in the same format as the example. End with 'So the answer is [answer]'.,Dana's friend's parent,Christina,Amber;;Bryan;;Christina;;Dana;;Elizabeth;;Felicia,Amber's enemy = Elizabeth  Amber's friend = Christina  Amber's parent = Bryan          Bryan's child = Amber          ;;Bryan's enemy = Christina  Bryan's friend = Felicia    Dana's parent = Felicia         Christina's child = Elizabeth  ;;Christina's enemy = Bryan  Christina's friend = Amber  Elizabeth's parent = Christina  Felicia's child = Dana         ;;Dana's enemy = Felicia     Dana's friend = Elizabeth   ;;Elizabeth's enemy = Amber  Elizabeth's friend = Dana   ;;Felicia's enemy = Dana     Felicia's friend = Bryan    
3,L,SemanticApproach.EXTENSIONAL,Representation.ENGLISH,0_L_fe2,"Imagine there are six people: Amber, Bryan, Christina, Dana, Elizabeth and Felicia. They have the following relationships to each other:;;;;",;;Here is how to figure out the answer to the following question:;;Who is Amber's parent's enemy?;;;;Here are the steps to arrive at the answer:;;1. Amber's parent = Bryan;;2. Bryan's enemy = Christina;;;;So the answer is Christina;;;;Now answer the following question:;;Who is Dana's enemy's friend? Please answer the question in the same format as the example. End with 'So the answer is [answer]'.,Dana's enemy's friend,Bryan,Amber;;Bryan;;Christina;;Dana;;Elizabeth;;Felicia,Amber's enemy = Elizabeth  Amber's friend = Christina  Amber's parent = Bryan          Bryan's child = Amber          ;;Bryan's enemy = Christina  Bryan's friend = Felicia    Dana's parent = Felicia         Christina's child = Elizabeth  ;;Christina's enemy = Bryan  Christina's friend = Amber  Elizabeth's parent = Christina  Felicia's child = Dana         ;;Dana's enemy = Felicia     Dana's friend = Elizabeth   ;;Elizabeth's enemy = Amber  Elizabeth's friend = Dana   ;;Felicia's enemy = Dana     Felicia's friend = Bryan    
3,L,SemanticApproach.EXTENSIONAL,Representation.ENGLISH,0_L_ee2,"Imagine there are six people: Amber, Bryan, Christina, Dana, Elizabeth and Felicia. They have the following relationships to each other:;;;;",;;Here is how to figure out the answer to the following question:;;Who is Amber's parent's enemy?;;;;Here are the steps to arrive at the answer:;;1. Amber's parent = Bryan;;2. Bryan's enemy = Christina;;;;So the answer is Christina;;;;Now answer the following question:;;Who is Dana's enemy's enemy? Please answer the question in the same format as the example. End with 'So the answer is [answer]'.,Dana's enemy's enemy,Dana,Amber;;Bryan;;Christina;;Dana;;Elizabeth;;Felicia,Amber's enemy = Elizabeth  Amber's friend = Christina  Amber's parent = Bryan          Bryan's child = Amber          ;;Bryan's enemy = Christina  Bryan's friend = Felicia    Dana's parent = Felicia         Christina's child = Elizabeth  ;;Christina's enemy = Bryan  Christina's friend = Amber  Elizabeth's parent = Christina  Felicia's child = Dana         ;;Dana's enemy = Felicia     Dana's friend = Elizabeth   ;;Elizabeth's enemy = Amber  Elizabeth's friend = Dana   ;;Felicia's enemy = Dana     Felicia's friend = Bryan    
3,L,SemanticApproach.EXTENSIONAL,Representation.ENGLISH,0_L_ce2,"Imagine there are six people: Amber, Bryan, Christina, Dana, Elizabeth and Felicia. They have the following relationships to each other:;;;;",;;Here is how to figure out the answer to the following question:;;Who is Amber's parent's enemy?;;;;Here are the steps to arrive at the answer:;;1. Amber's parent = Bryan;;2. Bryan's enemy = Christina;;;;So the answer is Christina;;;;Now answer the following question:;;Who is Dana's enemy's child? Please answer the question in the same format as the example. End with 'So the answer is [answer]'.,Dana's enemy's child,Dana,Amber;;Bryan;;Christina;;Dana;;Elizabeth;;Felicia,Amber's enemy = Elizabeth  Amber's friend = Christina  Amber's parent = Bryan          Bryan's child = Amber          ;;Bryan's enemy = Christina  Bryan's friend = Felicia    Dana's parent = Felicia         Christina's child = Elizabeth  ;;Christina's enemy = Bryan  Christina's friend = Amber  Elizabeth's parent = Christina  Felicia's child = Dana         ;;Dana's enemy = Felicia     Dana's friend = Elizabeth   ;;Elizabeth's enemy = Amber  Elizabeth's friend = Dana   ;;Felicia's enemy = Dana     Felicia's friend = Bryan    
3,L,SemanticApproach.EXTENSIONAL,Representation.ENGLISH,0_L_fp2,"Imagine there are six people: Amber, Bryan, Christina, Dana, Elizabeth and Felicia. They have the following relationships to each other:;;;;",;;Here is how to figure out the answer to the following question:;;Who is Amber's parent's enemy?;;;;Here are the steps to arrive at the answer:;;1. Amber's parent = Bryan;;2. Bryan's enemy = Christina;;;;So the answer is Christina;;;;Now answer the following question:;;Who is Dana's parent's friend? Please answer the question in the same format as the example. End with 'So the answer is [answer]'.,Dana's parent's friend,Bryan,Amber;;Bryan;;Christina;;Dana;;Elizabeth;;Felicia,Amber's enemy = Elizabeth  Amber's friend = Christina  Amber's parent = Bryan          Bryan's child = Amber          ;;Bryan's enemy = Christina  Bryan's friend = Felicia    Dana's parent = Felicia         Christina's child = Elizabeth  ;;Christina's enemy = Bryan  Christina's friend = Amber  Elizabeth's parent = Christina  Felicia's child = Dana         ;;Dana's enemy = Felicia     Dana's friend = Elizabeth   ;;Elizabeth's enemy = Amber  Elizabeth's friend = Dana   ;;Felicia's enemy = Dana     Felicia's friend = Bryan    
3,L,SemanticApproach.EXTENSIONAL,Representation.ENGLISH,0_L_ep2,"Imagine there are six people: Amber, Bryan, Christina, Dana, Elizabeth and Felicia. They have the following relationships to each other:;;;;",;;Here is how to figure out the answer to the following question:;;Who is Amber's parent's enemy?;;;;Here are the steps to arrive at the answer:;;1. Amber's parent = Bryan;;2. Bryan's enemy = Christina;;;;So the answer is Christina;;;;Now answer the following question:;;Who is Dana's parent's enemy? Please answer the question in the same format as the example. End with 'So the answer is [answer]'.,Dana's parent's enemy,Dana,Amber;;Bryan;;Christina;;Dana;;Elizabeth;;Felicia,Amber's enemy = Elizabeth  Amber's friend = Christina  Amber's parent = Bryan          Bryan's child = Amber          ;;Bryan's enemy = Christina  Bryan's friend = Felicia    Dana's parent = Felicia         Christina's child = Elizabeth  ;;Christina's enemy = Bryan  Christina's friend = Amber  Elizabeth's parent = Christina  Felicia's child = Dana         ;;Dana's enemy = Felicia     Dana's friend = Elizabeth   ;;Elizabeth's enemy = Amber  Elizabeth's friend = Dana   ;;Felicia's enemy = Dana     Felicia's friend = Bryan    
3,L,SemanticApproach.EXTENSIONAL,Representation.ENGLISH,0_L_cp2,"Imagine there are six people: Amber, Bryan, Christina, Dana, Elizabeth and Felicia. They have the following relationships to each other:;;;;",;;Here is how to figure out the answer to the following question:;;Who is Amber's parent's enemy?;;;;Here are the steps to arrive at the answer:;;1. Amber's parent = Bryan;;2. Bryan's enemy = Christina;;;;So the answer is Christina;;;;Now answer the following question:;;Who is Dana's parent's child? Please answer the question in the same format as the example. End with 'So the answer is [answer]'.,Dana's parent's child,Dana,Amber;;Bryan;;Christina;;Dana;;Elizabeth;;Felicia,Amber's enemy = Elizabeth  Amber's friend = Christina  Amber's parent = Bryan          Bryan's child = Amber          ;;Bryan's enemy = Christina  Bryan's friend = Felicia    Dana's parent = Felicia         Christina's child = Elizabeth  ;;Christina's enemy = Bryan  Christina's friend = Amber  Elizabeth's parent = Christina  Felicia's child = Dana         ;;Dana's enemy = Felicia     Dana's friend = Elizabeth   ;;Elizabeth's enemy = Amber  Elizabeth's friend = Dana   ;;Felicia's enemy = Dana     Felicia's friend = Bryan    
3,L,SemanticApproach.EXTENSIONAL,Representation.ENGLISH,0_L_ff3,"Imagine there are six people: Amber, Bryan, Christina, Dana, Elizabeth and Felicia. They have the following relationships to each other:;;;;",;;Here is how to figure out the answer to the following question:;;Who is Amber's parent's enemy?;;;;Here are the steps to arrive at the answer:;;1. Amber's parent = Bryan;;2. Bryan's enemy = Christina;;;;So the answer is Christina;;;;Now answer the following question:;;Who is Bryan's friend's friend? Please answer the question in the same format as the example. End with 'So the answer is [answer]'.,Bryan's friend's friend,Bryan,Amber;;Bryan;;Christina;;Dana;;Elizabeth;;Felicia,Amber's enemy = Elizabeth  Amber's friend = Christina  Amber's parent = Bryan          Bryan's child = Amber          ;;Bryan's enemy = Christina  Bryan's friend = Felicia    Dana's parent = Felicia         Christina's child = Elizabeth  ;;Christina's enemy = Bryan  Christina's friend = Amber  Elizabeth's parent = Christina  Felicia's child = Dana         ;;Dana's enemy = Felicia     Dana's friend = Elizabeth   ;;Elizabeth's enemy = Amber  Elizabeth's friend = Dana   ;;Felicia's enemy = Dana     Felicia's friend = Bryan    
3,L,SemanticApproach.EXTENSIONAL,Representation.ENGLISH,0_L_ef3,"Imagine there are six people: Amber, Bryan, Christina, Dana, Elizabeth and Felicia. They have the following relationships to each other:;;;;",;;Here is how to figure out the answer to the following question:;;Who is Amber's parent's enemy?;;;;Here are the steps to arrive at the answer:;;1. Amber's parent = Bryan;;2. Bryan's enemy = Christina;;;;So the answer is Christina;;;;Now answer the following question:;;Who is Bryan's friend's enemy? Please answer the question in the same format as the example. End with 'So the answer is [answer]'.,Bryan's friend's enemy,Dana,Amber;;Bryan;;Christina;;Dana;;Elizabeth;;Felicia,Amber's enemy = Elizabeth  Amber's friend = Christina  Amber's parent = Bryan          Bryan's child = Amber          ;;Bryan's enemy = Christina  Bryan's friend = Felicia    Dana's parent = Felicia         Christina's child = Elizabeth  ;;Christina's enemy = Bryan  Christina's friend = Amber  Elizabeth's parent = Christina  Felicia's child = Dana         ;;Dana's enemy = Felicia     Dana's friend = Elizabeth   ;;Elizabeth's enemy = Amber  Elizabeth's friend = Dana   ;;Felicia's enemy = Dana     Felicia's friend = Bryan    
3,L,SemanticApproach.EXTENSIONAL,Representation.ENGLISH,0_L_fc3,"Imagine there are six people: Amber, Bryan, Christina, Dana, Elizabeth and Felicia. They have the following relationships to each other:;;;;",;;Here is how to figure out the answer to the following question:;;Who is Amber's parent's enemy?;;;;Here are the steps to arrive at the answer:;;1. Amber's parent = Bryan;;2. Bryan's enemy = Christina;;;;So the answer is Christina;;;;Now answer the following question:;;Who is Bryan's child's friend? Please answer the question in the same format as the example. End with 'So the answer is [answer]'.,Bryan's child's friend,Christina,Amber;;Bryan;;Christina;;Dana;;Elizabeth;;Felicia,Amber's enemy = Elizabeth  Amber's friend = Christina  Amber's parent = Bryan          Bryan's child = Amber          ;;Bryan's enemy = Christina  Bryan's friend = Felicia    Dana's parent = Felicia         Christina's child = Elizabeth  ;;Christina's enemy = Bryan  Christina's friend = Amber  Elizabeth's parent = Christina  Felicia's child = Dana         ;;Dana's enemy = Felicia     Dana's friend = Elizabeth   ;;Elizabeth's enemy = Amber  Elizabeth's friend = Dana   ;;Felicia's enemy = Dana     Felicia's friend = Bryan    
3,L,SemanticApproach.EXTENSIONAL,Representation.ENGLISH,0_L_ec3,"Imagine there are six people: Amber, Bryan, Christina, Dana, Elizabeth and Felicia. They have the following relationships to each other:;;;;",;;Here is how to figure out the answer to the following question:;;Who is Amber's parent's enemy?;;;;Here are the steps to arrive at the answer:;;1. Amber's parent = Bryan;;2. Bryan's enemy = Christina;;;;So the answer is Christina;;;;Now answer the following question:;;Who is Bryan's child's enemy? Please answer the question in the same format as the example. End with 'So the answer is [answer]'.,Bryan's child's enemy,Elizabeth,Amber;;Bryan;;Christina;;Dana;;Elizabeth;;Felicia,Amber's enemy = Elizabeth  Amber's friend = Christina  Amber's parent = Bryan          Bryan's child = Amber          ;;Bryan's enemy = Christina  Bryan's friend = Felicia    Dana's parent = Felicia         Christina's child = Elizabeth  ;;Christina's enemy = Bryan  Christina's friend = Amber  Elizabeth's parent = Christina  Felicia's child = Dana         ;;Dana's enemy = Felicia     Dana's friend = Elizabeth   ;;Elizabeth's enemy = Amber  Elizabeth's friend = Dana   ;;Felicia's enemy = Dana     Felicia's friend = Bryan    
3,L,SemanticApproach.EXTENSIONAL,Representation.ENGLISH,0_L_ff4,"Imagine there are six people: Amber, Bryan, Christina, Dana, Elizabeth and Felicia. They have the following relationships to each other:;;;;",;;Here is how to figure out the answer to the following question:;;Who is Amber's parent's enemy?;;;;Here are the steps to arrive at the answer:;;1. Amber's parent = Bryan;;2. Bryan's enemy = Christina;;;;So the answer is Christina;;;;Now answer the following question:;;Who is Elizabeth's friend's friend? Please answer the question in the same format as the example. End with 'So the answer is [answer]'.,Elizabeth's friend's friend,Elizabeth,Amber;;Bryan;;Christina;;Dana;;Elizabeth;;Felicia,Amber's enemy = Elizabeth  Amber's friend = Christina  Amber's parent = Bryan          Bryan's child = Amber          ;;Bryan's enemy = Christina  Bryan's friend = Felicia    Dana's parent = Felicia         Christina's child = Elizabeth  ;;Christina's enemy = Bryan  Christina's friend = Amber  Elizabeth's parent = Christina  Felicia's child = Dana         ;;Dana's enemy = Felicia     Dana's friend = Elizabeth   ;;Elizabeth's enemy = Amber  Elizabeth's friend = Dana   ;;Felicia's enemy = Dana     Felicia's friend = Bryan    
3,L,SemanticApproach.EXTENSIONAL,Representation.ENGLISH,0_L_ef4,"Imagine there are six people: Amber, Bryan, Christina, Dana, Elizabeth and Felicia. They have the following relationships to each other:;;;;",;;Here is how to figure out the answer to the following question:;;Who is Amber's parent's enemy?;;;;Here are the steps to arrive at the answer:;;1. Amber's parent = Bryan;;2. Bryan's enemy = Christina;;;;So the answer is Christina;;;;Now answer the following question:;;Who is Elizabeth's friend's enemy? Please answer the question in the same format as the example. End with 'So the answer is [answer]'.,Elizabeth's friend's enemy,Felicia,Amber;;Bryan;;Christina;;Dana;;Elizabeth;;Felicia,Amber's enemy = Elizabeth  Amber's friend = Christina  Amber's parent = Bryan          Bryan's child = Amber          ;;Bryan's enemy = Christina  Bryan's friend = Felicia    Dana's parent = Felicia         Christina's child = Elizabeth  ;;Christina's enemy = Bryan  Christina's friend = Amber  Elizabeth's parent = Christina  Felicia's child = Dana         ;;Dana's enemy = Felicia     Dana's friend = Elizabeth   ;;Elizabeth's enemy = Amber  Elizabeth's friend = Dana   ;;Felicia's enemy = Dana     Felicia's friend = Bryan    
3,L,SemanticApproach.EXTENSIONAL,Representation.ENGLISH,0_L_pf4,"Imagine there are six people: Amber, Bryan, Christina, Dana, Elizabeth and Felicia. They have the following relationships to each other:;;;;",;;Here is how to figure out the answer to the following question:;;Who is Amber's parent's enemy?;;;;Here are the steps to arrive at the answer:;;1. Amber's parent = Bryan;;2. Bryan's enemy = Christina;;;;So the answer is Christina;;;;Now answer the following question:;;Who is Elizabeth's friend's parent? Please answer the question in the same format as the example. End with 'So the answer is [answer]'.,Elizabeth's friend's parent,Felicia,Amber;;Bryan;;Christina;;Dana;;Elizabeth;;Felicia,Amber's enemy = Elizabeth  Amber's friend = Christina  Amber's parent = Bryan          Bryan's child = Amber          ;;Bryan's enemy = Christina  Bryan's friend = Felicia    Dana's parent = Felicia         Christina's child = Elizabeth  ;;Christina's enemy = Bryan  Christina's friend = Amber  Elizabeth's parent = Christina  Felicia's child = Dana         ;;Dana's enemy = Felicia     Dana's friend = Elizabeth   ;;Elizabeth's enemy = Amber  Elizabeth's friend = Dana   ;;Felicia's enemy = Dana     Felicia's friend = Bryan    
3,L,SemanticApproach.EXTENSIONAL,Representation.ENGLISH,0_L_fe4,"Imagine there are six people: Amber, Bryan, Christina, Dana, Elizabeth and Felicia. They have the following relationships to each other:;;;;",;;Here is how to figure out the answer to the following question:;;Who is Amber's parent's enemy?;;;;Here are the steps to arrive at the answer:;;1. Amber's parent = Bryan;;2. Bryan's enemy = Christina;;;;So the answer is Christina;;;;Now answer the following question:;;Who is Elizabeth's enemy's friend? Please answer the question in the same format as the example. End with 'So the answer is [answer]'.,Elizabeth's enemy's friend,Christina,Amber;;Bryan;;Christina;;Dana;;Elizabeth;;Felicia,Amber's enemy = Elizabeth  Amber's friend = Christina  Amber's parent = Bryan          Bryan's child = Amber          ;;Bryan's enemy = Christina  Bryan's friend = Felicia    Dana's parent = Felicia         Christina's child = Elizabeth  ;;Christina's enemy = Bryan  Christina's friend = Amber  Elizabeth's parent = Christina  Felicia's child = Dana         ;;Dana's enemy = Felicia     Dana's friend = Elizabeth   ;;Elizabeth's enemy = Amber  Elizabeth's friend = Dana   ;;Felicia's enemy = Dana     Felicia's friend = Bryan    
3,L,SemanticApproach.EXTENSIONAL,Representation.ENGLISH,0_L_ee4,"Imagine there are six people: Amber, Bryan, Christina, Dana, Elizabeth and Felicia. They have the following relationships to each other:;;;;",;;Here is how to figure out the answer to the following question:;;Who is Amber's parent's enemy?;;;;Here are the steps to arrive at the answer:;;1. Amber's parent = Bryan;;2. Bryan's enemy = Christina;;;;So the answer is Christina;;;;Now answer the following question:;;Who is Elizabeth's enemy's enemy? Please answer the question in the same format as the example. End with 'So the answer is [answer]'.,Elizabeth's enemy's enemy,Elizabeth,Amber;;Bryan;;Christina;;Dana;;Elizabeth;;Felicia,Amber's enemy = Elizabeth  Amber's friend = Christina  Amber's parent = Bryan          Bryan's child = Amber          ;;Bryan's enemy = Christina  Bryan's friend = Felicia    Dana's parent = Felicia         Christina's child = Elizabeth  ;;Christina's enemy = Bryan  Christina's friend = Amber  Elizabeth's parent = Christina  Felicia's child = Dana         ;;Dana's enemy = Felicia     Dana's friend = Elizabeth   ;;Elizabeth's enemy = Amber  Elizabeth's friend = Dana   ;;Felicia's enemy = Dana     Felicia's friend = Bryan    
3,L,SemanticApproach.EXTENSIONAL,Representation.ENGLISH,0_L_fp4,"Imagine there are six people: Amber, Bryan, Christina, Dana, Elizabeth and Felicia. They have the following relationships to each other:;;;;",;;Here is how to figure out the answer to the following question:;;Who is Amber's parent's enemy?;;;;Here are the steps to arrive at the answer:;;1. Amber's parent = Bryan;;2. Bryan's enemy = Christina;;;;So the answer is Christina;;;;Now answer the following question:;;Who is Elizabeth's parent's friend? Please answer the question in the same format as the example. End with 'So the answer is [answer]'.,Elizabeth's parent's friend,Amber,Amber;;Bryan;;Christina;;Dana;;Elizabeth;;Felicia,Amber's enemy = Elizabeth  Amber's friend = Christina  Amber's parent = Bryan          Bryan's child = Amber          ;;Bryan's enemy = Christina  Bryan's friend = Felicia    Dana's parent = Felicia         Christina's child = Elizabeth  ;;Christina's enemy = Bryan  Christina's friend = Amber  Elizabeth's parent = Christina  Felicia's child = Dana         ;;Dana's enemy = Felicia     Dana's friend = Elizabeth   ;;Elizabeth's enemy = Amber  Elizabeth's friend = Dana   ;;Felicia's enemy = Dana     Felicia's friend = Bryan    
3,L,SemanticApproach.EXTENSIONAL,Representation.ENGLISH,0_L_ep4,"Imagine there are six people: Amber, Bryan, Christina, Dana, Elizabeth and Felicia. They have the following relationships to each other:;;;;",;;Here is how to figure out the answer to the following question:;;Who is Amber's parent's enemy?;;;;Here are the steps to arrive at the answer:;;1. Amber's parent = Bryan;;2. Bryan's enemy = Christina;;;;So the answer is Christina;;;;Now answer the following question:;;Who is Elizabeth's parent's enemy? Please answer the question in the same format as the example. End with 'So the answer is [answer]'.,Elizabeth's parent's enemy,Bryan,Amber;;Bryan;;Christina;;Dana;;Elizabeth;;Felicia,Amber's enemy = Elizabeth  Amber's friend = Christina  Amber's parent = Bryan          Bryan's child = Amber          ;;Bryan's enemy = Christina  Bryan's friend = Felicia    Dana's parent = Felicia         Christina's child = Elizabeth  ;;Christina's enemy = Bryan  Christina's friend = Amber  Elizabeth's parent = Christina  Felicia's child = Dana         ;;Dana's enemy = Felicia     Dana's friend = Elizabeth   ;;Elizabeth's enemy = Amber  Elizabeth's friend = Dana   ;;Felicia's enemy = Dana     Felicia's friend = Bryan    
3,L,SemanticApproach.EXTENSIONAL,Representation.ENGLISH,0_L_cp4,"Imagine there are six people: Amber, Bryan, Christina, Dana, Elizabeth and Felicia. They have the following relationships to each other:;;;;",;;Here is how to figure out the answer to the following question:;;Who is Amber's parent's enemy?;;;;Here are the steps to arrive at the answer:;;1. Amber's parent = Bryan;;2. Bryan's enemy = Christina;;;;So the answer is Christina;;;;Now answer the following question:;;Who is Elizabeth's parent's child? Please answer the question in the same format as the example. End with 'So the answer is [answer]'.,Elizabeth's parent's child,Elizabeth,Amber;;Bryan;;Christina;;Dana;;Elizabeth;;Felicia,Amber's enemy = Elizabeth  Amber's friend = Christina  Amber's parent = Bryan          Bryan's child = Amber          ;;Bryan's enemy = Christina  Bryan's friend = Felicia    Dana's parent = Felicia         Christina's child = Elizabeth  ;;Christina's enemy = Bryan  Christina's friend = Amber  Elizabeth's parent = Christina  Felicia's child = Dana         ;;Dana's enemy = Felicia     Dana's friend = Elizabeth   ;;Elizabeth's enemy = Amber  Elizabeth's friend = Dana   ;;Felicia's enemy = Dana     Felicia's friend = Bryan    
3,L,SemanticApproach.EXTENSIONAL,Representation.ENGLISH,0_L_ff5,"Imagine there are six people: Amber, Bryan, Christina, Dana, Elizabeth and Felicia. They have the following relationships to each other:;;;;",;;Here is how to figure out the answer to the following question:;;Who is Amber's parent's enemy?;;;;Here are the steps to arrive at the answer:;;1. Amber's parent = Bryan;;2. Bryan's enemy = Christina;;;;So the answer is Christina;;;;Now answer the following question:;;Who is Felicia's friend's friend? Please answer the question in the same format as the example. End with 'So the answer is [answer]'.,Felicia's friend's friend,Felicia,Amber;;Bryan;;Christina;;Dana;;Elizabeth;;Felicia,Amber's enemy = Elizabeth  Amber's friend = Christina  Amber's parent = Bryan          Bryan's child = Amber          ;;Bryan's enemy = Christina  Bryan's friend = Felicia    Dana's parent = Felicia         Christina's child = Elizabeth  ;;Christina's enemy = Bryan  Christina's friend = Amber  Elizabeth's parent = Christina  Felicia's child = Dana         ;;Dana's enemy = Felicia     Dana's friend = Elizabeth   ;;Elizabeth's enemy = Amber  Elizabeth's friend = Dana   ;;Felicia's enemy = Dana     Felicia's friend = Bryan    
3,L,SemanticApproach.EXTENSIONAL,Representation.ENGLISH,0_L_cf5,"Imagine there are six people: Amber, Bryan, Christina, Dana, Elizabeth and Felicia. They have the following relationships to each other:;;;;",;;Here is how to figure out the answer to the following question:;;Who is Amber's parent's enemy?;;;;Here are the steps to arrive at the answer:;;1. Amber's parent = Bryan;;2. Bryan's enemy = Christina;;;;So the answer is Christina;;;;Now answer the following question:;;Who is Felicia's friend's child? Please answer the question in the same format as the example. End with 'So the answer is [answer]'.,Felicia's friend's child,Amber,Amber;;Bryan;;Christina;;Dana;;Elizabeth;;Felicia,Amber's enemy = Elizabeth  Amber's friend = Christina  Amber's parent = Bryan          Bryan's child = Amber          ;;Bryan's enemy = Christina  Bryan's friend = Felicia    Dana's parent = Felicia         Christina's child = Elizabeth  ;;Christina's enemy = Bryan  Christina's friend = Amber  Elizabeth's parent = Christina  Felicia's child = Dana         ;;Dana's enemy = Felicia     Dana's friend = Elizabeth   ;;Elizabeth's enemy = Amber  Elizabeth's friend = Dana   ;;Felicia's enemy = Dana     Felicia's friend = Bryan    
3,L,SemanticApproach.EXTENSIONAL,Representation.ENGLISH,0_L_fe5,"Imagine there are six people: Amber, Bryan, Christina, Dana, Elizabeth and Felicia. They have the following relationships to each other:;;;;",;;Here is how to figure out the answer to the following question:;;Who is Amber's parent's enemy?;;;;Here are the steps to arrive at the answer:;;1. Amber's parent = Bryan;;2. Bryan's enemy = Christina;;;;So the answer is Christina;;;;Now answer the following question:;;Who is Felicia's enemy's friend? Please answer the question in the same format as the example. End with 'So the answer is [answer]'.,Felicia's enemy's friend,Elizabeth,Amber;;Bryan;;Christina;;Dana;;Elizabeth;;Felicia,Amber's enemy = Elizabeth  Amber's friend = Christina  Amber's parent = Bryan          Bryan's child = Amber          ;;Bryan's enemy = Christina  Bryan's friend = Felicia    Dana's parent = Felicia         Christina's child = Elizabeth  ;;Christina's enemy = Bryan  Christina's friend = Amber  Elizabeth's parent = Christina  Felicia's child = Dana         ;;Dana's enemy = Felicia     Dana's friend = Elizabeth   ;;Elizabeth's enemy = Amber  Elizabeth's friend = Dana   ;;Felicia's enemy = Dana     Felicia's friend = Bryan    
3,L,SemanticApproach.EXTENSIONAL,Representation.ENGLISH,0_L_ee5,"Imagine there are six people: Amber, Bryan, Christina, Dana, Elizabeth and Felicia. They have the following relationships to each other:;;;;",;;Here is how to figure out the answer to the following question:;;Who is Amber's parent's enemy?;;;;Here are the steps to arrive at the answer:;;1. Amber's parent = Bryan;;2. Bryan's enemy = Christina;;;;So the answer is Christina;;;;Now answer the following question:;;Who is Felicia's enemy's enemy? Please answer the question in the same format as the example. End with 'So the answer is [answer]'.,Felicia's enemy's enemy,Felicia,Amber;;Bryan;;Christina;;Dana;;Elizabeth;;Felicia,Amber's enemy = Elizabeth  Amber's friend = Christina  Amber's parent = Bryan          Bryan's child = Amber          ;;Bryan's enemy = Christina  Bryan's friend = Felicia    Dana's parent = Felicia         Christina's child = Elizabeth  ;;Christina's enemy = Bryan  Christina's friend = Amber  Elizabeth's parent = Christina  Felicia's child = Dana         ;;Dana's enemy = Felicia     Dana's friend = Elizabeth   ;;Elizabeth's enemy = Amber  Elizabeth's friend = Dana   ;;Felicia's enemy = Dana     Felicia's friend = Bryan    
3,L,SemanticApproach.EXTENSIONAL,Representation.ENGLISH,0_L_pe5,"Imagine there are six people: Amber, Bryan, Christina, Dana, Elizabeth and Felicia. They have the following relationships to each other:;;;;",;;Here is how to figure out the answer to the following question:;;Who is Amber's parent's enemy?;;;;Here are the steps to arrive at the answer:;;1. Amber's parent = Bryan;;2. Bryan's enemy = Christina;;;;So the answer is Christina;;;;Now answer the following question:;;Who is Felicia's enemy's parent? Please answer the question in the same format as the example. End with 'So the answer is [answer]'.,Felicia's enemy's parent,Felicia,Amber;;Bryan;;Christina;;Dana;;Elizabeth;;Felicia,Amber's enemy = Elizabeth  Amber's friend = Christina  Amber's parent = Bryan          Bryan's child = Amber          ;;Bryan's enemy = Christina  Bryan's friend = Felicia    Dana's parent = Felicia         Christina's child = Elizabeth  ;;Christina's enemy = Bryan  Christina's friend = Amber  Elizabeth's parent = Christina  Felicia's child = Dana         ;;Dana's enemy = Felicia     Dana's friend = Elizabeth   ;;Elizabeth's enemy = Amber  Elizabeth's friend = Dana   ;;Felicia's enemy = Dana     Felicia's friend = Bryan    
3,L,SemanticApproach.EXTENSIONAL,Representation.ENGLISH,0_L_fc5,"Imagine there are six people: Amber, Bryan, Christina, Dana, Elizabeth and Felicia. They have the following relationships to each other:;;;;",;;Here is how to figure out the answer to the following question:;;Who is Amber's parent's enemy?;;;;Here are the steps to arrive at the answer:;;1. Amber's parent = Bryan;;2. Bryan's enemy = Christina;;;;So the answer is Christina;;;;Now answer the following question:;;Who is Felicia's child's friend? Please answer the question in the same format as the example. End with 'So the answer is [answer]'.,Felicia's child's friend,Elizabeth,Amber;;Bryan;;Christina;;Dana;;Elizabeth;;Felicia,Amber's enemy = Elizabeth  Amber's friend = Christina  Amber's parent = Bryan          Bryan's child = Amber          ;;Bryan's enemy = Christina  Bryan's friend = Felicia    Dana's parent = Felicia         Christina's child = Elizabeth  ;;Christina's enemy = Bryan  Christina's friend = Amber  Elizabeth's parent = Christina  Felicia's child = Dana         ;;Dana's enemy = Felicia     Dana's friend = Elizabeth   ;;Elizabeth's enemy = Amber  Elizabeth's friend = Dana   ;;Felicia's enemy = Dana     Felicia's friend = Bryan    
3,L,SemanticApproach.EXTENSIONAL,Representation.ENGLISH,0_L_ec5,"Imagine there are six people: Amber, Bryan, Christina, Dana, Elizabeth and Felicia. They have the following relationships to each other:;;;;",;;Here is how to figure out the answer to the following question:;;Who is Amber's parent's enemy?;;;;Here are the steps to arrive at the answer:;;1. Amber's parent = Bryan;;2. Bryan's enemy = Christina;;;;So the answer is Christina;;;;Now answer the following question:;;Who is Felicia's child's enemy? Please answer the question in the same format as the example. End with 'So the answer is [answer]'.,Felicia's child's enemy,Felicia,Amber;;Bryan;;Christina;;Dana;;Elizabeth;;Felicia,Amber's enemy = Elizabeth  Amber's friend = Christina  Amber's parent = Bryan          Bryan's child = Amber          ;;Bryan's enemy = Christina  Bryan's friend = Felicia    Dana's parent = Felicia         Christina's child = Elizabeth  ;;Christina's enemy = Bryan  Christina's friend = Amber  Elizabeth's parent = Christina  Felicia's child = Dana         ;;Dana's enemy = Felicia     Dana's friend = Elizabeth   ;;Elizabeth's enemy = Amber  Elizabeth's friend = Dana   ;;Felicia's enemy = Dana     Felicia's friend = Bryan    
3,L,SemanticApproach.EXTENSIONAL,Representation.ENGLISH,0_L_pc5,"Imagine there are six people: Amber, Bryan, Christina, Dana, Elizabeth and Felicia. They have the following relationships to each other:;;;;",;;Here is how to figure out the answer to the following question:;;Who is Amber's parent's enemy?;;;;Here are the steps to arrive at the answer:;;1. Amber's parent = Bryan;;2. Bryan's enemy = Christina;;;;So the answer is Christina;;;;Now answer the following question:;;Who is Felicia's child's parent? Please answer the question in the same format as the example. End with 'So the answer is [answer]'.,Felicia's child's parent,Felicia,Amber;;Bryan;;Christina;;Dana;;Elizabeth;;Felicia,Amber's enemy = Elizabeth  Amber's friend = Christina  Amber's parent = Bryan          Bryan's child = Amber          ;;Bryan's enemy = Christina  Bryan's friend = Felicia    Dana's parent = Felicia         Christina's child = Elizabeth  ;;Christina's enemy = Bryan  Christina's friend = Amber  Elizabeth's parent = Christina  Felicia's child = Dana         ;;Dana's enemy = Felicia     Dana's friend = Elizabeth   ;;Elizabeth's enemy = Amber  Elizabeth's friend = Dana   ;;Felicia's enemy = Dana     Felicia's friend = Bryan    
4,L,SemanticApproach.EXTENSIONAL,Representation.ENGLISH,0_L_efe0,"Imagine there are six people: Amber, Bryan, Christina, Dana, Elizabeth and Felicia. They have the following relationships to each other:;;;;",;;Here is how to figure out the answer to the following question:;;Who is Amber's parent's enemy?;;;;Here are the steps to arrive at the answer:;;1. Amber's parent = Bryan;;2. Bryan's enemy = Christina;;;;So the answer is Christina;;;;Now answer the following question:;;Who is Christina's enemy's friend's enemy? Please answer the question in the same format as the example. End with 'So the answer is [answer]'.,Christina's enemy's friend's enemy,Dana,Amber;;Bryan;;Christina;;Dana;;Elizabeth;;Felicia,Amber's enemy = Elizabeth  Amber's friend = Christina  Amber's parent = Bryan          Bryan's child = Amber          ;;Bryan's enemy = Christina  Bryan's friend = Felicia    Dana's parent = Felicia         Christina's child = Elizabeth  ;;Christina's enemy = Bryan  Christina's friend = Amber  Elizabeth's parent = Christina  Felicia's child = Dana         ;;Dana's enemy = Felicia     Dana's friend = Elizabeth   ;;Elizabeth's enemy = Amber  Elizabeth's friend = Dana   ;;Felicia's enemy = Dana     Felicia's friend = Bryan    
4,L,SemanticApproach.EXTENSIONAL,Representation.ENGLISH,0_L_cfe0,"Imagine there are six people: Amber, Bryan, Christina, Dana, Elizabeth and Felicia. They have the following relationships to each other:;;;;",;;Here is how to figure out the answer to the following question:;;Who is Amber's parent's enemy?;;;;Here are the steps to arrive at the answer:;;1. Amber's parent = Bryan;;2. Bryan's enemy = Christina;;;;So the answer is Christina;;;;Now answer the following question:;;Who is Christina's enemy's friend's child? Please answer the question in the same format as the example. End with 'So the answer is [answer]'.,Christina's enemy's friend's child,Dana,Amber;;Bryan;;Christina;;Dana;;Elizabeth;;Felicia,Amber's enemy = Elizabeth  Amber's friend = Christina  Amber's parent = Bryan          Bryan's child = Amber          ;;Bryan's enemy = Christina  Bryan's friend = Felicia    Dana's parent = Felicia         Christina's child = Elizabeth  ;;Christina's enemy = Bryan  Christina's friend = Amber  Elizabeth's parent = Christina  Felicia's child = Dana         ;;Dana's enemy = Felicia     Dana's friend = Elizabeth   ;;Elizabeth's enemy = Amber  Elizabeth's friend = Dana   ;;Felicia's enemy = Dana     Felicia's friend = Bryan    
4,L,SemanticApproach.EXTENSIONAL,Representation.ENGLISH,0_L_pfc0,"Imagine there are six people: Amber, Bryan, Christina, Dana, Elizabeth and Felicia. They have the following relationships to each other:;;;;",;;Here is how to figure out the answer to the following question:;;Who is Amber's parent's enemy?;;;;Here are the steps to arrive at the answer:;;1. Amber's parent = Bryan;;2. Bryan's enemy = Christina;;;;So the answer is Christina;;;;Now answer the following question:;;Who is Christina's child's friend's parent? Please answer the question in the same format as the example. End with 'So the answer is [answer]'.,Christina's child's friend's parent,Felicia,Amber;;Bryan;;Christina;;Dana;;Elizabeth;;Felicia,Amber's enemy = Elizabeth  Amber's friend = Christina  Amber's parent = Bryan          Bryan's child = Amber          ;;Bryan's enemy = Christina  Bryan's friend = Felicia    Dana's parent = Felicia         Christina's child = Elizabeth  ;;Christina's enemy = Bryan  Christina's friend = Amber  Elizabeth's parent = Christina  Felicia's child = Dana         ;;Dana's enemy = Felicia     Dana's friend = Elizabeth   ;;Elizabeth's enemy = Amber  Elizabeth's friend = Dana   ;;Felicia's enemy = Dana     Felicia's friend = Bryan    
4,L,SemanticApproach.EXTENSIONAL,Representation.ENGLISH,0_L_fec0,"Imagine there are six people: Amber, Bryan, Christina, Dana, Elizabeth and Felicia. They have the following relationships to each other:;;;;",;;Here is how to figure out the answer to the following question:;;Who is Amber's parent's enemy?;;;;Here are the steps to arrive at the answer:;;1. Amber's parent = Bryan;;2. Bryan's enemy = Christina;;;;So the answer is Christina;;;;Now answer the following question:;;Who is Christina's child's enemy's friend? Please answer the question in the same format as the example. End with 'So the answer is [answer]'.,Christina's child's enemy's friend,Christina,Amber;;Bryan;;Christina;;Dana;;Elizabeth;;Felicia,Amber's enemy = Elizabeth  Amber's friend = Christina  Amber's parent = Bryan          Bryan's child = Amber          ;;Bryan's enemy = Christina  Bryan's friend = Felicia    Dana's parent = Felicia         Christina's child = Elizabeth  ;;Christina's enemy = Bryan  Christina's friend = Amber  Elizabeth's parent = Christina  Felicia's child = Dana         ;;Dana's enemy = Felicia     Dana's friend = Elizabeth   ;;Elizabeth's enemy = Amber  Elizabeth's friend = Dana   ;;Felicia's enemy = Dana     Felicia's friend = Bryan    
4,L,SemanticApproach.EXTENSIONAL,Representation.ENGLISH,0_L_eff1,"Imagine there are six people: Amber, Bryan, Christina, Dana, Elizabeth and Felicia. They have the following relationships to each other:;;;;",;;Here is how to figure out the answer to the following question:;;Who is Amber's parent's enemy?;;;;Here are the steps to arrive at the answer:;;1. Amber's parent = Bryan;;2. Bryan's enemy = Christina;;;;So the answer is Christina;;;;Now answer the following question:;;Who is Amber's friend's friend's enemy? Please answer the question in the same format as the example. End with 'So the answer is [answer]'.,Amber's friend's friend's enemy,Elizabeth,Amber;;Bryan;;Christina;;Dana;;Elizabeth;;Felicia,Amber's enemy = Elizabeth  Amber's friend = Christina  Amber's parent = Bryan          Bryan's child = Amber          ;;Bryan's enemy = Christina  Bryan's friend = Felicia    Dana's parent = Felicia         Christina's child = Elizabeth  ;;Christina's enemy = Bryan  Christina's friend = Amber  Elizabeth's parent = Christina  Felicia's child = Dana         ;;Dana's enemy = Felicia     Dana's friend = Elizabeth   ;;Elizabeth's enemy = Amber  Elizabeth's friend = Dana   ;;Felicia's enemy = Dana     Felicia's friend = Bryan    
4,L,SemanticApproach.EXTENSIONAL,Representation.ENGLISH,0_L_cef1,"Imagine there are six people: Amber, Bryan, Christina, Dana, Elizabeth and Felicia. They have the following relationships to each other:;;;;",;;Here is how to figure out the answer to the following question:;;Who is Amber's parent's enemy?;;;;Here are the steps to arrive at the answer:;;1. Amber's parent = Bryan;;2. Bryan's enemy = Christina;;;;So the answer is Christina;;;;Now answer the following question:;;Who is Amber's friend's enemy's child? Please answer the question in the same format as the example. End with 'So the answer is [answer]'.,Amber's friend's enemy's child,Amber,Amber;;Bryan;;Christina;;Dana;;Elizabeth;;Felicia,Amber's enemy = Elizabeth  Amber's friend = Christina  Amber's parent = Bryan          Bryan's child = Amber          ;;Bryan's enemy = Christina  Bryan's friend = Felicia    Dana's parent = Felicia         Christina's child = Elizabeth  ;;Christina's enemy = Bryan  Christina's friend = Amber  Elizabeth's parent = Christina  Felicia's child = Dana         ;;Dana's enemy = Felicia     Dana's friend = Elizabeth   ;;Elizabeth's enemy = Amber  Elizabeth's friend = Dana   ;;Felicia's enemy = Dana     Felicia's friend = Bryan    
4,L,SemanticApproach.EXTENSIONAL,Representation.ENGLISH,0_L_epe1,"Imagine there are six people: Amber, Bryan, Christina, Dana, Elizabeth and Felicia. They have the following relationships to each other:;;;;",;;Here is how to figure out the answer to the following question:;;Who is Amber's parent's enemy?;;;;Here are the steps to arrive at the answer:;;1. Amber's parent = Bryan;;2. Bryan's enemy = Christina;;;;So the answer is Christina;;;;Now answer the following question:;;Who is Amber's enemy's parent's enemy? Please answer the question in the same format as the example. End with 'So the answer is [answer]'.,Amber's enemy's parent's enemy,Bryan,Amber;;Bryan;;Christina;;Dana;;Elizabeth;;Felicia,Amber's enemy = Elizabeth  Amber's friend = Christina  Amber's parent = Bryan          Bryan's child = Amber          ;;Bryan's enemy = Christina  Bryan's friend = Felicia    Dana's parent = Felicia         Christina's child = Elizabeth  ;;Christina's enemy = Bryan  Christina's friend = Amber  Elizabeth's parent = Christina  Felicia's child = Dana         ;;Dana's enemy = Felicia     Dana's friend = Elizabeth   ;;Elizabeth's enemy = Amber  Elizabeth's friend = Dana   ;;Felicia's enemy = Dana     Felicia's friend = Bryan    
4,L,SemanticApproach.EXTENSIONAL,Representation.ENGLISH,0_L_epf2,"Imagine there are six people: Amber, Bryan, Christina, Dana, Elizabeth and Felicia. They have the following relationships to each other:;;;;",;;Here is how to figure out the answer to the following question:;;Who is Amber's parent's enemy?;;;;Here are the steps to arrive at the answer:;;1. Amber's parent = Bryan;;2. Bryan's enemy = Christina;;;;So the answer is Christina;;;;Now answer the following question:;;Who is Dana's friend's parent's enemy? Please answer the question in the same format as the example. End with 'So the answer is [answer]'.,Dana's friend's parent's enemy,Bryan,Amber;;Bryan;;Christina;;Dana;;Elizabeth;;Felicia,Amber's enemy = Elizabeth  Amber's friend = Christina  Amber's parent = Bryan          Bryan's child = Amber          ;;Bryan's enemy = Christina  Bryan's friend = Felicia    Dana's parent = Felicia         Christina's child = Elizabeth  ;;Christina's enemy = Bryan  Christina's friend = Amber  Elizabeth's parent = Christina  Felicia's child = Dana         ;;Dana's enemy = Felicia     Dana's friend = Elizabeth   ;;Elizabeth's enemy = Amber  Elizabeth's friend = Dana   ;;Felicia's enemy = Dana     Felicia's friend = Bryan    
4,L,SemanticApproach.EXTENSIONAL,Representation.ENGLISH,0_L_cpf2,"Imagine there are six people: Amber, Bryan, Christina, Dana, Elizabeth and Felicia. They have the following relationships to each other:;;;;",;;Here is how to figure out the answer to the following question:;;Who is Amber's parent's enemy?;;;;Here are the steps to arrive at the answer:;;1. Amber's parent = Bryan;;2. Bryan's enemy = Christina;;;;So the answer is Christina;;;;Now answer the following question:;;Who is Dana's friend's parent's child? Please answer the question in the same format as the example. End with 'So the answer is [answer]'.,Dana's friend's parent's child,Elizabeth,Amber;;Bryan;;Christina;;Dana;;Elizabeth;;Felicia,Amber's enemy = Elizabeth  Amber's friend = Christina  Amber's parent = Bryan          Bryan's child = Amber          ;;Bryan's enemy = Christina  Bryan's friend = Felicia    Dana's parent = Felicia         Christina's child = Elizabeth  ;;Christina's enemy = Bryan  Christina's friend = Amber  Elizabeth's parent = Christina  Felicia's child = Dana         ;;Dana's enemy = Felicia     Dana's friend = Elizabeth   ;;Elizabeth's enemy = Amber  Elizabeth's friend = Dana   ;;Felicia's enemy = Dana     Felicia's friend = Bryan    
4,L,SemanticApproach.EXTENSIONAL,Representation.ENGLISH,0_L_eee2,"Imagine there are six people: Amber, Bryan, Christina, Dana, Elizabeth and Felicia. They have the following relationships to each other:;;;;",;;Here is how to figure out the answer to the following question:;;Who is Amber's parent's enemy?;;;;Here are the steps to arrive at the answer:;;1. Amber's parent = Bryan;;2. Bryan's enemy = Christina;;;;So the answer is Christina;;;;Now answer the following question:;;Who is Dana's enemy's enemy's enemy? Please answer the question in the same format as the example. End with 'So the answer is [answer]'.,Dana's enemy's enemy's enemy,Felicia,Amber;;Bryan;;Christina;;Dana;;Elizabeth;;Felicia,Amber's enemy = Elizabeth  Amber's friend = Christina  Amber's parent = Bryan          Bryan's child = Amber          ;;Bryan's enemy = Christina  Bryan's friend = Felicia    Dana's parent = Felicia         Christina's child = Elizabeth  ;;Christina's enemy = Bryan  Christina's friend = Amber  Elizabeth's parent = Christina  Felicia's child = Dana         ;;Dana's enemy = Felicia     Dana's friend = Elizabeth   ;;Elizabeth's enemy = Amber  Elizabeth's friend = Dana   ;;Felicia's enemy = Dana     Felicia's friend = Bryan    
4,L,SemanticApproach.EXTENSIONAL,Representation.ENGLISH,0_L_fce2,"Imagine there are six people: Amber, Bryan, Christina, Dana, Elizabeth and Felicia. They have the following relationships to each other:;;;;",;;Here is how to figure out the answer to the following question:;;Who is Amber's parent's enemy?;;;;Here are the steps to arrive at the answer:;;1. Amber's parent = Bryan;;2. Bryan's enemy = Christina;;;;So the answer is Christina;;;;Now answer the following question:;;Who is Dana's enemy's child's friend? Please answer the question in the same format as the example. End with 'So the answer is [answer]'.,Dana's enemy's child's friend,Elizabeth,Amber;;Bryan;;Christina;;Dana;;Elizabeth;;Felicia,Amber's enemy = Elizabeth  Amber's friend = Christina  Amber's parent = Bryan          Bryan's child = Amber          ;;Bryan's enemy = Christina  Bryan's friend = Felicia    Dana's parent = Felicia         Christina's child = Elizabeth  ;;Christina's enemy = Bryan  Christina's friend = Amber  Elizabeth's parent = Christina  Felicia's child = Dana         ;;Dana's enemy = Felicia     Dana's friend = Elizabeth   ;;Elizabeth's enemy = Amber  Elizabeth's friend = Dana   ;;Felicia's enemy = Dana     Felicia's friend = Bryan    
4,L,SemanticApproach.EXTENSIONAL,Representation.ENGLISH,0_L_pce2,"Imagine there are six people: Amber, Bryan, Christina, Dana, Elizabeth and Felicia. They have the following relationships to each other:;;;;",;;Here is how to figure out the answer to the following question:;;Who is Amber's parent's enemy?;;;;Here are the steps to arrive at the answer:;;1. Amber's parent = Bryan;;2. Bryan's enemy = Christina;;;;So the answer is Christina;;;;Now answer the following question:;;Who is Dana's enemy's child's parent? Please answer the question in the same format as the example. End with 'So the answer is [answer]'.,Dana's enemy's child's parent,Felicia,Amber;;Bryan;;Christina;;Dana;;Elizabeth;;Felicia,Amber's enemy = Elizabeth  Amber's friend = Christina  Amber's parent = Bryan          Bryan's child = Amber          ;;Bryan's enemy = Christina  Bryan's friend = Felicia    Dana's parent = Felicia         Christina's child = Elizabeth  ;;Christina's enemy = Bryan  Christina's friend = Amber  Elizabeth's parent = Christina  Felicia's child = Dana         ;;Dana's enemy = Felicia     Dana's friend = Elizabeth   ;;Elizabeth's enemy = Amber  Elizabeth's friend = Dana   ;;Felicia's enemy = Dana     Felicia's friend = Bryan    
4,L,SemanticApproach.EXTENSIONAL,Representation.ENGLISH,0_L_cfp2,"Imagine there are six people: Amber, Bryan, Christina, Dana, Elizabeth and Felicia. They have the following relationships to each other:;;;;",;;Here is how to figure out the answer to the following question:;;Who is Amber's parent's enemy?;;;;Here are the steps to arrive at the answer:;;1. Amber's parent = Bryan;;2. Bryan's enemy = Christina;;;;So the answer is Christina;;;;Now answer the following question:;;Who is Dana's parent's friend's child? Please answer the question in the same format as the example. End with 'So the answer is [answer]'.,Dana's parent's friend's child,Amber,Amber;;Bryan;;Christina;;Dana;;Elizabeth;;Felicia,Amber's enemy = Elizabeth  Amber's friend = Christina  Amber's parent = Bryan          Bryan's child = Amber          ;;Bryan's enemy = Christina  Bryan's friend = Felicia    Dana's parent = Felicia         Christina's child = Elizabeth  ;;Christina's enemy = Bryan  Christina's friend = Amber  Elizabeth's parent = Christina  Felicia's child = Dana         ;;Dana's enemy = Felicia     Dana's friend = Elizabeth   ;;Elizabeth's enemy = Amber  Elizabeth's friend = Dana   ;;Felicia's enemy = Dana     Felicia's friend = Bryan    
4,L,SemanticApproach.EXTENSIONAL,Representation.ENGLISH,0_L_pep2,"Imagine there are six people: Amber, Bryan, Christina, Dana, Elizabeth and Felicia. They have the following relationships to each other:;;;;",;;Here is how to figure out the answer to the following question:;;Who is Amber's parent's enemy?;;;;Here are the steps to arrive at the answer:;;1. Amber's parent = Bryan;;2. Bryan's enemy = Christina;;;;So the answer is Christina;;;;Now answer the following question:;;Who is Dana's parent's enemy's parent? Please answer the question in the same format as the example. End with 'So the answer is [answer]'.,Dana's parent's enemy's parent,Felicia,Amber;;Bryan;;Christina;;Dana;;Elizabeth;;Felicia,Amber's enemy = Elizabeth  Amber's friend = Christina  Amber's parent = Bryan          Bryan's child = Amber          ;;Bryan's enemy = Christina  Bryan's friend = Felicia    Dana's parent = Felicia         Christina's child = Elizabeth  ;;Christina's enemy = Bryan  Christina's friend = Amber  Elizabeth's parent = Christina  Felicia's child = Dana         ;;Dana's enemy = Felicia     Dana's friend = Elizabeth   ;;Elizabeth's enemy = Amber  Elizabeth's friend = Dana   ;;Felicia's enemy = Dana     Felicia's friend = Bryan    
4,L,SemanticApproach.EXTENSIONAL,Representation.ENGLISH,0_L_pcp2,"Imagine there are six people: Amber, Bryan, Christina, Dana, Elizabeth and Felicia. They have the following relationships to each other:;;;;",;;Here is how to figure out the answer to the following question:;;Who is Amber's parent's enemy?;;;;Here are the steps to arrive at the answer:;;1. Amber's parent = Bryan;;2. Bryan's enemy = Christina;;;;So the answer is Christina;;;;Now answer the following question:;;Who is Dana's parent's child's parent? Please answer the question in the same format as the example. End with 'So the answer is [answer]'.,Dana's parent's child's parent,Felicia,Amber;;Bryan;;Christina;;Dana;;Elizabeth;;Felicia,Amber's enemy = Elizabeth  Amber's friend = Christina  Amber's parent = Bryan          Bryan's child = Amber          ;;Bryan's enemy = Christina  Bryan's friend = Felicia    Dana's parent = Felicia         Christina's child = Elizabeth  ;;Christina's enemy = Bryan  Christina's friend = Amber  Elizabeth's parent = Christina  Felicia's child = Dana         ;;Dana's enemy = Felicia     Dana's friend = Elizabeth   ;;Elizabeth's enemy = Amber  Elizabeth's friend = Dana   ;;Felicia's enemy = Dana     Felicia's friend = Bryan    
4,L,SemanticApproach.EXTENSIONAL,Representation.ENGLISH,0_L_ecf3,"Imagine there are six people: Amber, Bryan, Christina, Dana, Elizabeth and Felicia. They have the following relationships to each other:;;;;",;;Here is how to figure out the answer to the following question:;;Who is Amber's parent's enemy?;;;;Here are the steps to arrive at the answer:;;1. Amber's parent = Bryan;;2. Bryan's enemy = Christina;;;;So the answer is Christina;;;;Now answer the following question:;;Who is Bryan's friend's child's enemy? Please answer the question in the same format as the example. End with 'So the answer is [answer]'.,Bryan's friend's child's enemy,Felicia,Amber;;Bryan;;Christina;;Dana;;Elizabeth;;Felicia,Amber's enemy = Elizabeth  Amber's friend = Christina  Amber's parent = Bryan          Bryan's child = Amber          ;;Bryan's enemy = Christina  Bryan's friend = Felicia    Dana's parent = Felicia         Christina's child = Elizabeth  ;;Christina's enemy = Bryan  Christina's friend = Amber  Elizabeth's parent = Christina  Felicia's child = Dana         ;;Dana's enemy = Felicia     Dana's friend = Elizabeth   ;;Elizabeth's enemy = Amber  Elizabeth's friend = Dana   ;;Felicia's enemy = Dana     Felicia's friend = Bryan    
4,L,SemanticApproach.EXTENSIONAL,Representation.ENGLISH,0_L_pcf3,"Imagine there are six people: Amber, Bryan, Christina, Dana, Elizabeth and Felicia. They have the following relationships to each other:;;;;",;;Here is how to figure out the answer to the following question:;;Who is Amber's parent's enemy?;;;;Here are the steps to arrive at the answer:;;1. Amber's parent = Bryan;;2. Bryan's enemy = Christina;;;;So the answer is Christina;;;;Now answer the following question:;;Who is Bryan's friend's child's parent? Please answer the question in the same format as the example. End with 'So the answer is [answer]'.,Bryan's friend's child's parent,Felicia,Amber;;Bryan;;Christina;;Dana;;Elizabeth;;Felicia,Amber's enemy = Elizabeth  Amber's friend = Christina  Amber's parent = Bryan          Bryan's child = Amber          ;;Bryan's enemy = Christina  Bryan's friend = Felicia    Dana's parent = Felicia         Christina's child = Elizabeth  ;;Christina's enemy = Bryan  Christina's friend = Amber  Elizabeth's parent = Christina  Felicia's child = Dana         ;;Dana's enemy = Felicia     Dana's friend = Elizabeth   ;;Elizabeth's enemy = Amber  Elizabeth's friend = Dana   ;;Felicia's enemy = Dana     Felicia's friend = Bryan    
4,L,SemanticApproach.EXTENSIONAL,Representation.ENGLISH,0_L_ffc3,"Imagine there are six people: Amber, Bryan, Christina, Dana, Elizabeth and Felicia. They have the following relationships to each other:;;;;",;;Here is how to figure out the answer to the following question:;;Who is Amber's parent's enemy?;;;;Here are the steps to arrive at the answer:;;1. Amber's parent = Bryan;;2. Bryan's enemy = Christina;;;;So the answer is Christina;;;;Now answer the following question:;;Who is Bryan's child's friend's friend? Please answer the question in the same format as the example. End with 'So the answer is [answer]'.,Bryan's child's friend's friend,Amber,Amber;;Bryan;;Christina;;Dana;;Elizabeth;;Felicia,Amber's enemy = Elizabeth  Amber's friend = Christina  Amber's parent = Bryan          Bryan's child = Amber          ;;Bryan's enemy = Christina  Bryan's friend = Felicia    Dana's parent = Felicia         Christina's child = Elizabeth  ;;Christina's enemy = Bryan  Christina's friend = Amber  Elizabeth's parent = Christina  Felicia's child = Dana         ;;Dana's enemy = Felicia     Dana's friend = Elizabeth   ;;Elizabeth's enemy = Amber  Elizabeth's friend = Dana   ;;Felicia's enemy = Dana     Felicia's friend = Bryan    
4,L,SemanticApproach.EXTENSIONAL,Representation.ENGLISH,0_L_eec3,"Imagine there are six people: Amber, Bryan, Christina, Dana, Elizabeth and Felicia. They have the following relationships to each other:;;;;",;;Here is how to figure out the answer to the following question:;;Who is Amber's parent's enemy?;;;;Here are the steps to arrive at the answer:;;1. Amber's parent = Bryan;;2. Bryan's enemy = Christina;;;;So the answer is Christina;;;;Now answer the following question:;;Who is Bryan's child's enemy's enemy? Please answer the question in the same format as the example. End with 'So the answer is [answer]'.,Bryan's child's enemy's enemy,Amber,Amber;;Bryan;;Christina;;Dana;;Elizabeth;;Felicia,Amber's enemy = Elizabeth  Amber's friend = Christina  Amber's parent = Bryan          Bryan's child = Amber          ;;Bryan's enemy = Christina  Bryan's friend = Felicia    Dana's parent = Felicia         Christina's child = Elizabeth  ;;Christina's enemy = Bryan  Christina's friend = Amber  Elizabeth's parent = Christina  Felicia's child = Dana         ;;Dana's enemy = Felicia     Dana's friend = Elizabeth   ;;Elizabeth's enemy = Amber  Elizabeth's friend = Dana   ;;Felicia's enemy = Dana     Felicia's friend = Bryan    
4,L,SemanticApproach.EXTENSIONAL,Representation.ENGLISH,0_L_pec3,"Imagine there are six people: Amber, Bryan, Christina, Dana, Elizabeth and Felicia. They have the following relationships to each other:;;;;",;;Here is how to figure out the answer to the following question:;;Who is Amber's parent's enemy?;;;;Here are the steps to arrive at the answer:;;1. Amber's parent = Bryan;;2. Bryan's enemy = Christina;;;;So the answer is Christina;;;;Now answer the following question:;;Who is Bryan's child's enemy's parent? Please answer the question in the same format as the example. End with 'So the answer is [answer]'.,Bryan's child's enemy's parent,Christina,Amber;;Bryan;;Christina;;Dana;;Elizabeth;;Felicia,Amber's enemy = Elizabeth  Amber's friend = Christina  Amber's parent = Bryan          Bryan's child = Amber          ;;Bryan's enemy = Christina  Bryan's friend = Felicia    Dana's parent = Felicia         Christina's child = Elizabeth  ;;Christina's enemy = Bryan  Christina's friend = Amber  Elizabeth's parent = Christina  Felicia's child = Dana         ;;Dana's enemy = Felicia     Dana's friend = Elizabeth   ;;Elizabeth's enemy = Amber  Elizabeth's friend = Dana   ;;Felicia's enemy = Dana     Felicia's friend = Bryan    
4,L,SemanticApproach.EXTENSIONAL,Representation.ENGLISH,0_L_fef4,"Imagine there are six people: Amber, Bryan, Christina, Dana, Elizabeth and Felicia. They have the following relationships to each other:;;;;",;;Here is how to figure out the answer to the following question:;;Who is Amber's parent's enemy?;;;;Here are the steps to arrive at the answer:;;1. Amber's parent = Bryan;;2. Bryan's enemy = Christina;;;;So the answer is Christina;;;;Now answer the following question:;;Who is Elizabeth's friend's enemy's friend? Please answer the question in the same format as the example. End with 'So the answer is [answer]'.,Elizabeth's friend's enemy's friend,Bryan,Amber;;Bryan;;Christina;;Dana;;Elizabeth;;Felicia,Amber's enemy = Elizabeth  Amber's friend = Christina  Amber's parent = Bryan          Bryan's child = Amber          ;;Bryan's enemy = Christina  Bryan's friend = Felicia    Dana's parent = Felicia         Christina's child = Elizabeth  ;;Christina's enemy = Bryan  Christina's friend = Amber  Elizabeth's parent = Christina  Felicia's child = Dana         ;;Dana's enemy = Felicia     Dana's friend = Elizabeth   ;;Elizabeth's enemy = Amber  Elizabeth's friend = Dana   ;;Felicia's enemy = Dana     Felicia's friend = Bryan    
4,L,SemanticApproach.EXTENSIONAL,Representation.ENGLISH,0_L_eef4,"Imagine there are six people: Amber, Bryan, Christina, Dana, Elizabeth and Felicia. They have the following relationships to each other:;;;;",;;Here is how to figure out the answer to the following question:;;Who is Amber's parent's enemy?;;;;Here are the steps to arrive at the answer:;;1. Amber's parent = Bryan;;2. Bryan's enemy = Christina;;;;So the answer is Christina;;;;Now answer the following question:;;Who is Elizabeth's friend's enemy's enemy? Please answer the question in the same format as the example. End with 'So the answer is [answer]'.,Elizabeth's friend's enemy's enemy,Dana,Amber;;Bryan;;Christina;;Dana;;Elizabeth;;Felicia,Amber's enemy = Elizabeth  Amber's friend = Christina  Amber's parent = Bryan          Bryan's child = Amber          ;;Bryan's enemy = Christina  Bryan's friend = Felicia    Dana's parent = Felicia         Christina's child = Elizabeth  ;;Christina's enemy = Bryan  Christina's friend = Amber  Elizabeth's parent = Christina  Felicia's child = Dana         ;;Dana's enemy = Felicia     Dana's friend = Elizabeth   ;;Elizabeth's enemy = Amber  Elizabeth's friend = Dana   ;;Felicia's enemy = Dana     Felicia's friend = Bryan    
4,L,SemanticApproach.EXTENSIONAL,Representation.ENGLISH,0_L_cef4,"Imagine there are six people: Amber, Bryan, Christina, Dana, Elizabeth and Felicia. They have the following relationships to each other:;;;;",;;Here is how to figure out the answer to the following question:;;Who is Amber's parent's enemy?;;;;Here are the steps to arrive at the answer:;;1. Amber's parent = Bryan;;2. Bryan's enemy = Christina;;;;So the answer is Christina;;;;Now answer the following question:;;Who is Elizabeth's friend's enemy's child? Please answer the question in the same format as the example. End with 'So the answer is [answer]'.,Elizabeth's friend's enemy's child,Dana,Amber;;Bryan;;Christina;;Dana;;Elizabeth;;Felicia,Amber's enemy = Elizabeth  Amber's friend = Christina  Amber's parent = Bryan          Bryan's child = Amber          ;;Bryan's enemy = Christina  Bryan's friend = Felicia    Dana's parent = Felicia         Christina's child = Elizabeth  ;;Christina's enemy = Bryan  Christina's friend = Amber  Elizabeth's parent = Christina  Felicia's child = Dana         ;;Dana's enemy = Felicia     Dana's friend = Elizabeth   ;;Elizabeth's enemy = Amber  Elizabeth's friend = Dana   ;;Felicia's enemy = Dana     Felicia's friend = Bryan    
4,L,SemanticApproach.EXTENSIONAL,Representation.ENGLISH,0_L_cpf4,"Imagine there are six people: Amber, Bryan, Christina, Dana, Elizabeth and Felicia. They have the following relationships to each other:;;;;",;;Here is how to figure out the answer to the following question:;;Who is Amber's parent's enemy?;;;;Here are the steps to arrive at the answer:;;1. Amber's parent = Bryan;;2. Bryan's enemy = Christina;;;;So the answer is Christina;;;;Now answer the following question:;;Who is Elizabeth's friend's parent's child? Please answer the question in the same format as the example. End with 'So the answer is [answer]'.,Elizabeth's friend's parent's child,Dana,Amber;;Bryan;;Christina;;Dana;;Elizabeth;;Felicia,Amber's enemy = Elizabeth  Amber's friend = Christina  Amber's parent = Bryan          Bryan's child = Amber          ;;Bryan's enemy = Christina  Bryan's friend = Felicia    Dana's parent = Felicia         Christina's child = Elizabeth  ;;Christina's enemy = Bryan  Christina's friend = Amber  Elizabeth's parent = Christina  Felicia's child = Dana         ;;Dana's enemy = Felicia     Dana's friend = Elizabeth   ;;Elizabeth's enemy = Amber  Elizabeth's friend = Dana   ;;Felicia's enemy = Dana     Felicia's friend = Bryan    
4,L,SemanticApproach.EXTENSIONAL,Representation.ENGLISH,0_L_ffe4,"Imagine there are six people: Amber, Bryan, Christina, Dana, Elizabeth and Felicia. They have the following relationships to each other:;;;;",;;Here is how to figure out the answer to the following question:;;Who is Amber's parent's enemy?;;;;Here are the steps to arrive at the answer:;;1. Amber's parent = Bryan;;2. Bryan's enemy = Christina;;;;So the answer is Christina;;;;Now answer the following question:;;Who is Elizabeth's enemy's friend's friend? Please answer the question in the same format as the example. End with 'So the answer is [answer]'.,Elizabeth's enemy's friend's friend,Amber,Amber;;Bryan;;Christina;;Dana;;Elizabeth;;Felicia,Amber's enemy = Elizabeth  Amber's friend = Christina  Amber's parent = Bryan          Bryan's child = Amber          ;;Bryan's enemy = Christina  Bryan's friend = Felicia    Dana's parent = Felicia         Christina's child = Elizabeth  ;;Christina's enemy = Bryan  Christina's friend = Amber  Elizabeth's parent = Christina  Felicia's child = Dana         ;;Dana's enemy = Felicia     Dana's friend = Elizabeth   ;;Elizabeth's enemy = Amber  Elizabeth's friend = Dana   ;;Felicia's enemy = Dana     Felicia's friend = Bryan    
4,L,SemanticApproach.EXTENSIONAL,Representation.ENGLISH,0_L_ffp4,"Imagine there are six people: Amber, Bryan, Christina, Dana, Elizabeth and Felicia. They have the following relationships to each other:;;;;",;;Here is how to figure out the answer to the following question:;;Who is Amber's parent's enemy?;;;;Here are the steps to arrive at the answer:;;1. Amber's parent = Bryan;;2. Bryan's enemy = Christina;;;;So the answer is Christina;;;;Now answer the following question:;;Who is Elizabeth's parent's friend's friend? Please answer the question in the same format as the example. End with 'So the answer is [answer]'.,Elizabeth's parent's friend's friend,Christina,Amber;;Bryan;;Christina;;Dana;;Elizabeth;;Felicia,Amber's enemy = Elizabeth  Amber's friend = Christina  Amber's parent = Bryan          Bryan's child = Amber          ;;Bryan's enemy = Christina  Bryan's friend = Felicia    Dana's parent = Felicia         Christina's child = Elizabeth  ;;Christina's enemy = Bryan  Christina's friend = Amber  Elizabeth's parent = Christina  Felicia's child = Dana         ;;Dana's enemy = Felicia     Dana's friend = Elizabeth   ;;Elizabeth's enemy = Amber  Elizabeth's friend = Dana   ;;Felicia's enemy = Dana     Felicia's friend = Bryan    
4,L,SemanticApproach.EXTENSIONAL,Representation.ENGLISH,0_L_efp4,"Imagine there are six people: Amber, Bryan, Christina, Dana, Elizabeth and Felicia. They have the following relationships to each other:;;;;",;;Here is how to figure out the answer to the following question:;;Who is Amber's parent's enemy?;;;;Here are the steps to arrive at the answer:;;1. Amber's parent = Bryan;;2. Bryan's enemy = Christina;;;;So the answer is Christina;;;;Now answer the following question:;;Who is Elizabeth's parent's friend's enemy? Please answer the question in the same format as the example. End with 'So the answer is [answer]'.,Elizabeth's parent's friend's enemy,Elizabeth,Amber;;Bryan;;Christina;;Dana;;Elizabeth;;Felicia,Amber's enemy = Elizabeth  Amber's friend = Christina  Amber's parent = Bryan          Bryan's child = Amber          ;;Bryan's enemy = Christina  Bryan's friend = Felicia    Dana's parent = Felicia         Christina's child = Elizabeth  ;;Christina's enemy = Bryan  Christina's friend = Amber  Elizabeth's parent = Christina  Felicia's child = Dana         ;;Dana's enemy = Felicia     Dana's friend = Elizabeth   ;;Elizabeth's enemy = Amber  Elizabeth's friend = Dana   ;;Felicia's enemy = Dana     Felicia's friend = Bryan    
4,L,SemanticApproach.EXTENSIONAL,Representation.ENGLISH,0_L_ecp4,"Imagine there are six people: Amber, Bryan, Christina, Dana, Elizabeth and Felicia. They have the following relationships to each other:;;;;",;;Here is how to figure out the answer to the following question:;;Who is Amber's parent's enemy?;;;;Here are the steps to arrive at the answer:;;1. Amber's parent = Bryan;;2. Bryan's enemy = Christina;;;;So the answer is Christina;;;;Now answer the following question:;;Who is Elizabeth's parent's child's enemy? Please answer the question in the same format as the example. End with 'So the answer is [answer]'.,Elizabeth's parent's child's enemy,Amber,Amber;;Bryan;;Christina;;Dana;;Elizabeth;;Felicia,Amber's enemy = Elizabeth  Amber's friend = Christina  Amber's parent = Bryan          Bryan's child = Amber          ;;Bryan's enemy = Christina  Bryan's friend = Felicia    Dana's parent = Felicia         Christina's child = Elizabeth  ;;Christina's enemy = Bryan  Christina's friend = Amber  Elizabeth's parent = Christina  Felicia's child = Dana         ;;Dana's enemy = Felicia     Dana's friend = Elizabeth   ;;Elizabeth's enemy = Amber  Elizabeth's friend = Dana   ;;Felicia's enemy = Dana     Felicia's friend = Bryan    
4,L,SemanticApproach.EXTENSIONAL,Representation.ENGLISH,0_L_pcp4,"Imagine there are six people: Amber, Bryan, Christina, Dana, Elizabeth and Felicia. They have the following relationships to each other:;;;;",;;Here is how to figure out the answer to the following question:;;Who is Amber's parent's enemy?;;;;Here are the steps to arrive at the answer:;;1. Amber's parent = Bryan;;2. Bryan's enemy = Christina;;;;So the answer is Christina;;;;Now answer the following question:;;Who is Elizabeth's parent's child's parent? Please answer the question in the same format as the example. End with 'So the answer is [answer]'.,Elizabeth's parent's child's parent,Christina,Amber;;Bryan;;Christina;;Dana;;Elizabeth;;Felicia,Amber's enemy = Elizabeth  Amber's friend = Christina  Amber's parent = Bryan          Bryan's child = Amber          ;;Bryan's enemy = Christina  Bryan's friend = Felicia    Dana's parent = Felicia         Christina's child = Elizabeth  ;;Christina's enemy = Bryan  Christina's friend = Amber  Elizabeth's parent = Christina  Felicia's child = Dana         ;;Dana's enemy = Felicia     Dana's friend = Elizabeth   ;;Elizabeth's enemy = Amber  Elizabeth's friend = Dana   ;;Felicia's enemy = Dana     Felicia's friend = Bryan    
4,L,SemanticApproach.EXTENSIONAL,Representation.ENGLISH,0_L_fff5,"Imagine there are six people: Amber, Bryan, Christina, Dana, Elizabeth and Felicia. They have the following relationships to each other:;;;;",;;Here is how to figure out the answer to the following question:;;Who is Amber's parent's enemy?;;;;Here are the steps to arrive at the answer:;;1. Amber's parent = Bryan;;2. Bryan's enemy = Christina;;;;So the answer is Christina;;;;Now answer the following question:;;Who is Felicia's friend's friend's friend? Please answer the question in the same format as the example. End with 'So the answer is [answer]'.,Felicia's friend's friend's friend,Bryan,Amber;;Bryan;;Christina;;Dana;;Elizabeth;;Felicia,Amber's enemy = Elizabeth  Amber's friend = Christina  Amber's parent = Bryan          Bryan's child = Amber          ;;Bryan's enemy = Christina  Bryan's friend = Felicia    Dana's parent = Felicia         Christina's child = Elizabeth  ;;Christina's enemy = Bryan  Christina's friend = Amber  Elizabeth's parent = Christina  Felicia's child = Dana         ;;Dana's enemy = Felicia     Dana's friend = Elizabeth   ;;Elizabeth's enemy = Amber  Elizabeth's friend = Dana   ;;Felicia's enemy = Dana     Felicia's friend = Bryan    
4,L,SemanticApproach.EXTENSIONAL,Representation.ENGLISH,0_L_fcf5,"Imagine there are six people: Amber, Bryan, Christina, Dana, Elizabeth and Felicia. They have the following relationships to each other:;;;;",;;Here is how to figure out the answer to the following question:;;Who is Amber's parent's enemy?;;;;Here are the steps to arrive at the answer:;;1. Amber's parent = Bryan;;2. Bryan's enemy = Christina;;;;So the answer is Christina;;;;Now answer the following question:;;Who is Felicia's friend's child's friend? Please answer the question in the same format as the example. End with 'So the answer is [answer]'.,Felicia's friend's child's friend,Christina,Amber;;Bryan;;Christina;;Dana;;Elizabeth;;Felicia,Amber's enemy = Elizabeth  Amber's friend = Christina  Amber's parent = Bryan          Bryan's child = Amber          ;;Bryan's enemy = Christina  Bryan's friend = Felicia    Dana's parent = Felicia         Christina's child = Elizabeth  ;;Christina's enemy = Bryan  Christina's friend = Amber  Elizabeth's parent = Christina  Felicia's child = Dana         ;;Dana's enemy = Felicia     Dana's friend = Elizabeth   ;;Elizabeth's enemy = Amber  Elizabeth's friend = Dana   ;;Felicia's enemy = Dana     Felicia's friend = Bryan    
4,L,SemanticApproach.EXTENSIONAL,Representation.ENGLISH,0_L_ecf5,"Imagine there are six people: Amber, Bryan, Christina, Dana, Elizabeth and Felicia. They have the following relationships to each other:;;;;",;;Here is how to figure out the answer to the following question:;;Who is Amber's parent's enemy?;;;;Here are the steps to arrive at the answer:;;1. Amber's parent = Bryan;;2. Bryan's enemy = Christina;;;;So the answer is Christina;;;;Now answer the following question:;;Who is Felicia's friend's child's enemy? Please answer the question in the same format as the example. End with 'So the answer is [answer]'.,Felicia's friend's child's enemy,Elizabeth,Amber;;Bryan;;Christina;;Dana;;Elizabeth;;Felicia,Amber's enemy = Elizabeth  Amber's friend = Christina  Amber's parent = Bryan          Bryan's child = Amber          ;;Bryan's enemy = Christina  Bryan's friend = Felicia    Dana's parent = Felicia         Christina's child = Elizabeth  ;;Christina's enemy = Bryan  Christina's friend = Amber  Elizabeth's parent = Christina  Felicia's child = Dana         ;;Dana's enemy = Felicia     Dana's friend = Elizabeth   ;;Elizabeth's enemy = Amber  Elizabeth's friend = Dana   ;;Felicia's enemy = Dana     Felicia's friend = Bryan    
4,L,SemanticApproach.EXTENSIONAL,Representation.ENGLISH,0_L_efe5,"Imagine there are six people: Amber, Bryan, Christina, Dana, Elizabeth and Felicia. They have the following relationships to each other:;;;;",;;Here is how to figure out the answer to the following question:;;Who is Amber's parent's enemy?;;;;Here are the steps to arrive at the answer:;;1. Amber's parent = Bryan;;2. Bryan's enemy = Christina;;;;So the answer is Christina;;;;Now answer the following question:;;Who is Felicia's enemy's friend's enemy? Please answer the question in the same format as the example. End with 'So the answer is [answer]'.,Felicia's enemy's friend's enemy,Amber,Amber;;Bryan;;Christina;;Dana;;Elizabeth;;Felicia,Amber's enemy = Elizabeth  Amber's friend = Christina  Amber's parent = Bryan          Bryan's child = Amber          ;;Bryan's enemy = Christina  Bryan's friend = Felicia    Dana's parent = Felicia         Christina's child = Elizabeth  ;;Christina's enemy = Bryan  Christina's friend = Amber  Elizabeth's parent = Christina  Felicia's child = Dana         ;;Dana's enemy = Felicia     Dana's friend = Elizabeth   ;;Elizabeth's enemy = Amber  Elizabeth's friend = Dana   ;;Felicia's enemy = Dana     Felicia's friend = Bryan    
4,L,SemanticApproach.EXTENSIONAL,Representation.ENGLISH,0_L_fee5,"Imagine there are six people: Amber, Bryan, Christina, Dana, Elizabeth and Felicia. They have the following relationships to each other:;;;;",;;Here is how to figure out the answer to the following question:;;Who is Amber's parent's enemy?;;;;Here are the steps to arrive at the answer:;;1. Amber's parent = Bryan;;2. Bryan's enemy = Christina;;;;So the answer is Christina;;;;Now answer the following question:;;Who is Felicia's enemy's enemy's friend? Please answer the question in the same format as the example. End with 'So the answer is [answer]'.,Felicia's enemy's enemy's friend,Bryan,Amber;;Bryan;;Christina;;Dana;;Elizabeth;;Felicia,Amber's enemy = Elizabeth  Amber's friend = Christina  Amber's parent = Bryan          Bryan's child = Amber          ;;Bryan's enemy = Christina  Bryan's friend = Felicia    Dana's parent = Felicia         Christina's child = Elizabeth  ;;Christina's enemy = Bryan  Christina's friend = Amber  Elizabeth's parent = Christina  Felicia's child = Dana         ;;Dana's enemy = Felicia     Dana's friend = Elizabeth   ;;Elizabeth's enemy = Amber  Elizabeth's friend = Dana   ;;Felicia's enemy = Dana     Felicia's friend = Bryan    
4,L,SemanticApproach.EXTENSIONAL,Representation.ENGLISH,0_L_eee5,"Imagine there are six people: Amber, Bryan, Christina, Dana, Elizabeth and Felicia. They have the following relationships to each other:;;;;",;;Here is how to figure out the answer to the following question:;;Who is Amber's parent's enemy?;;;;Here are the steps to arrive at the answer:;;1. Amber's parent = Bryan;;2. Bryan's enemy = Christina;;;;So the answer is Christina;;;;Now answer the following question:;;Who is Felicia's enemy's enemy's enemy? Please answer the question in the same format as the example. End with 'So the answer is [answer]'.,Felicia's enemy's enemy's enemy,Dana,Amber;;Bryan;;Christina;;Dana;;Elizabeth;;Felicia,Amber's enemy = Elizabeth  Amber's friend = Christina  Amber's parent = Bryan          Bryan's child = Amber          ;;Bryan's enemy = Christina  Bryan's friend = Felicia    Dana's parent = Felicia         Christina's child = Elizabeth  ;;Christina's enemy = Bryan  Christina's friend = Amber  Elizabeth's parent = Christina  Felicia's child = Dana         ;;Dana's enemy = Felicia     Dana's friend = Elizabeth   ;;Elizabeth's enemy = Amber  Elizabeth's friend = Dana   ;;Felicia's enemy = Dana     Felicia's friend = Bryan    
4,L,SemanticApproach.EXTENSIONAL,Representation.ENGLISH,0_L_epe5,"Imagine there are six people: Amber, Bryan, Christina, Dana, Elizabeth and Felicia. They have the following relationships to each other:;;;;",;;Here is how to figure out the answer to the following question:;;Who is Amber's parent's enemy?;;;;Here are the steps to arrive at the answer:;;1. Amber's parent = Bryan;;2. Bryan's enemy = Christina;;;;So the answer is Christina;;;;Now answer the following question:;;Who is Felicia's enemy's parent's enemy? Please answer the question in the same format as the example. End with 'So the answer is [answer]'.,Felicia's enemy's parent's enemy,Dana,Amber;;Bryan;;Christina;;Dana;;Elizabeth;;Felicia,Amber's enemy = Elizabeth  Amber's friend = Christina  Amber's parent = Bryan          Bryan's child = Amber          ;;Bryan's enemy = Christina  Bryan's friend = Felicia    Dana's parent = Felicia         Christina's child = Elizabeth  ;;Christina's enemy = Bryan  Christina's friend = Amber  Elizabeth's parent = Christina  Felicia's child = Dana         ;;Dana's enemy = Felicia     Dana's friend = Elizabeth   ;;Elizabeth's enemy = Amber  Elizabeth's friend = Dana   ;;Felicia's enemy = Dana     Felicia's friend = Bryan    
4,L,SemanticApproach.EXTENSIONAL,Representation.ENGLISH,0_L_cpe5,"Imagine there are six people: Amber, Bryan, Christina, Dana, Elizabeth and Felicia. They have the following relationships to each other:;;;;",;;Here is how to figure out the answer to the following question:;;Who is Amber's parent's enemy?;;;;Here are the steps to arrive at the answer:;;1. Amber's parent = Bryan;;2. Bryan's enemy = Christina;;;;So the answer is Christina;;;;Now answer the following question:;;Who is Felicia's enemy's parent's child? Please answer the question in the same format as the example. End with 'So the answer is [answer]'.,Felicia's enemy's parent's child,Dana,Amber;;Bryan;;Christina;;Dana;;Elizabeth;;Felicia,Amber's enemy = Elizabeth  Amber's friend = Christina  Amber's parent = Bryan          Bryan's child = Amber          ;;Bryan's enemy = Christina  Bryan's friend = Felicia    Dana's parent = Felicia         Christina's child = Elizabeth  ;;Christina's enemy = Bryan  Christina's friend = Amber  Elizabeth's parent = Christina  Felicia's child = Dana         ;;Dana's enemy = Felicia     Dana's friend = Elizabeth   ;;Elizabeth's enemy = Amber  Elizabeth's friend = Dana   ;;Felicia's enemy = Dana     Felicia's friend = Bryan    
4,L,SemanticApproach.EXTENSIONAL,Representation.ENGLISH,0_L_ffc5,"Imagine there are six people: Amber, Bryan, Christina, Dana, Elizabeth and Felicia. They have the following relationships to each other:;;;;",;;Here is how to figure out the answer to the following question:;;Who is Amber's parent's enemy?;;;;Here are the steps to arrive at the answer:;;1. Amber's parent = Bryan;;2. Bryan's enemy = Christina;;;;So the answer is Christina;;;;Now answer the following question:;;Who is Felicia's child's friend's friend? Please answer the question in the same format as the example. End with 'So the answer is [answer]'.,Felicia's child's friend's friend,Dana,Amber;;Bryan;;Christina;;Dana;;Elizabeth;;Felicia,Amber's enemy = Elizabeth  Amber's friend = Christina  Amber's parent = Bryan          Bryan's child = Amber          ;;Bryan's enemy = Christina  Bryan's friend = Felicia    Dana's parent = Felicia         Christina's child = Elizabeth  ;;Christina's enemy = Bryan  Christina's friend = Amber  Elizabeth's parent = Christina  Felicia's child = Dana         ;;Dana's enemy = Felicia     Dana's friend = Elizabeth   ;;Elizabeth's enemy = Amber  Elizabeth's friend = Dana   ;;Felicia's enemy = Dana     Felicia's friend = Bryan    
4,L,SemanticApproach.EXTENSIONAL,Representation.ENGLISH,0_L_fec5,"Imagine there are six people: Amber, Bryan, Christina, Dana, Elizabeth and Felicia. They have the following relationships to each other:;;;;",;;Here is how to figure out the answer to the following question:;;Who is Amber's parent's enemy?;;;;Here are the steps to arrive at the answer:;;1. Amber's parent = Bryan;;2. Bryan's enemy = Christina;;;;So the answer is Christina;;;;Now answer the following question:;;Who is Felicia's child's enemy's friend? Please answer the question in the same format as the example. End with 'So the answer is [answer]'.,Felicia's child's enemy's friend,Bryan,Amber;;Bryan;;Christina;;Dana;;Elizabeth;;Felicia,Amber's enemy = Elizabeth  Amber's friend = Christina  Amber's parent = Bryan          Bryan's child = Amber          ;;Bryan's enemy = Christina  Bryan's friend = Felicia    Dana's parent = Felicia         Christina's child = Elizabeth  ;;Christina's enemy = Bryan  Christina's friend = Amber  Elizabeth's parent = Christina  Felicia's child = Dana         ;;Dana's enemy = Felicia     Dana's friend = Elizabeth   ;;Elizabeth's enemy = Amber  Elizabeth's friend = Dana   ;;Felicia's enemy = Dana     Felicia's friend = Bryan    
4,L,SemanticApproach.EXTENSIONAL,Representation.ENGLISH,0_L_cpc5,"Imagine there are six people: Amber, Bryan, Christina, Dana, Elizabeth and Felicia. They have the following relationships to each other:;;;;",;;Here is how to figure out the answer to the following question:;;Who is Amber's parent's enemy?;;;;Here are the steps to arrive at the answer:;;1. Amber's parent = Bryan;;2. Bryan's enemy = Christina;;;;So the answer is Christina;;;;Now answer the following question:;;Who is Felicia's child's parent's child? Please answer the question in the same format as the example. End with 'So the answer is [answer]'.,Felicia's child's parent's child,Dana,Amber;;Bryan;;Christina;;Dana;;Elizabeth;;Felicia,Amber's enemy = Elizabeth  Amber's friend = Christina  Amber's parent = Bryan          Bryan's child = Amber          ;;Bryan's enemy = Christina  Bryan's friend = Felicia    Dana's parent = Felicia         Christina's child = Elizabeth  ;;Christina's enemy = Bryan  Christina's friend = Amber  Elizabeth's parent = Christina  Felicia's child = Dana         ;;Dana's enemy = Felicia     Dana's friend = Elizabeth   ;;Elizabeth's enemy = Amber  Elizabeth's friend = Dana   ;;Felicia's enemy = Dana     Felicia's friend = Bryan    
5,L,SemanticApproach.EXTENSIONAL,Representation.ENGLISH,0_L_fcff0,"Imagine there are six people: Amber, Bryan, Christina, Dana, Elizabeth and Felicia. They have the following relationships to each other:;;;;",;;Here is how to figure out the answer to the following question:;;Who is Amber's parent's enemy?;;;;Here are the steps to arrive at the answer:;;1. Amber's parent = Bryan;;2. Bryan's enemy = Christina;;;;So the answer is Christina;;;;Now answer the following question:;;Who is Christina's friend's friend's child's friend? Please answer the question in the same format as the example. End with 'So the answer is [answer]'.,Christina's friend's friend's child's friend,Dana,Amber;;Bryan;;Christina;;Dana;;Elizabeth;;Felicia,Amber's enemy = Elizabeth  Amber's friend = Christina  Amber's parent = Bryan          Bryan's child = Amber          ;;Bryan's enemy = Christina  Bryan's friend = Felicia    Dana's parent = Felicia         Christina's child = Elizabeth  ;;Christina's enemy = Bryan  Christina's friend = Amber  Elizabeth's parent = Christina  Felicia's child = Dana         ;;Dana's enemy = Felicia     Dana's friend = Elizabeth   ;;Elizabeth's enemy = Amber  Elizabeth's friend = Dana   ;;Felicia's enemy = Dana     Felicia's friend = Bryan    
5,L,SemanticApproach.EXTENSIONAL,Representation.ENGLISH,0_L_pfef0,"Imagine there are six people: Amber, Bryan, Christina, Dana, Elizabeth and Felicia. They have the following relationships to each other:;;;;",;;Here is how to figure out the answer to the following question:;;Who is Amber's parent's enemy?;;;;Here are the steps to arrive at the answer:;;1. Amber's parent = Bryan;;2. Bryan's enemy = Christina;;;;So the answer is Christina;;;;Now answer the following question:;;Who is Christina's friend's enemy's friend's parent? Please answer the question in the same format as the example. End with 'So the answer is [answer]'.,Christina's friend's enemy's friend's parent,Felicia,Amber;;Bryan;;Christina;;Dana;;Elizabeth;;Felicia,Amber's enemy = Elizabeth  Amber's friend = Christina  Amber's parent = Bryan          Bryan's child = Amber          ;;Bryan's enemy = Christina  Bryan's friend = Felicia    Dana's parent = Felicia         Christina's child = Elizabeth  ;;Christina's enemy = Bryan  Christina's friend = Amber  Elizabeth's parent = Christina  Felicia's child = Dana         ;;Dana's enemy = Felicia     Dana's friend = Elizabeth   ;;Elizabeth's enemy = Amber  Elizabeth's friend = Dana   ;;Felicia's enemy = Dana     Felicia's friend = Bryan    
5,L,SemanticApproach.EXTENSIONAL,Representation.ENGLISH,0_L_eeef0,"Imagine there are six people: Amber, Bryan, Christina, Dana, Elizabeth and Felicia. They have the following relationships to each other:;;;;",;;Here is how to figure out the answer to the following question:;;Who is Amber's parent's enemy?;;;;Here are the steps to arrive at the answer:;;1. Amber's parent = Bryan;;2. Bryan's enemy = Christina;;;;So the answer is Christina;;;;Now answer the following question:;;Who is Christina's friend's enemy's enemy's enemy? Please answer the question in the same format as the example. End with 'So the answer is [answer]'.,Christina's friend's enemy's enemy's enemy,Elizabeth,Amber;;Bryan;;Christina;;Dana;;Elizabeth;;Felicia,Amber's enemy = Elizabeth  Amber's friend = Christina  Amber's parent = Bryan          Bryan's child = Amber          ;;Bryan's enemy = Christina  Bryan's friend = Felicia    Dana's parent = Felicia         Christina's child = Elizabeth  ;;Christina's enemy = Bryan  Christina's friend = Amber  Elizabeth's parent = Christina  Felicia's child = Dana         ;;Dana's enemy = Felicia     Dana's friend = Elizabeth   ;;Elizabeth's enemy = Amber  Elizabeth's friend = Dana   ;;Felicia's enemy = Dana     Felicia's friend = Bryan    
5,L,SemanticApproach.EXTENSIONAL,Representation.ENGLISH,0_L_cpef0,"Imagine there are six people: Amber, Bryan, Christina, Dana, Elizabeth and Felicia. They have the following relationships to each other:;;;;",;;Here is how to figure out the answer to the following question:;;Who is Amber's parent's enemy?;;;;Here are the steps to arrive at the answer:;;1. Amber's parent = Bryan;;2. Bryan's enemy = Christina;;;;So the answer is Christina;;;;Now answer the following question:;;Who is Christina's friend's enemy's parent's child? Please answer the question in the same format as the example. End with 'So the answer is [answer]'.,Christina's friend's enemy's parent's child,Elizabeth,Amber;;Bryan;;Christina;;Dana;;Elizabeth;;Felicia,Amber's enemy = Elizabeth  Amber's friend = Christina  Amber's parent = Bryan          Bryan's child = Amber          ;;Bryan's enemy = Christina  Bryan's friend = Felicia    Dana's parent = Felicia         Christina's child = Elizabeth  ;;Christina's enemy = Bryan  Christina's friend = Amber  Elizabeth's parent = Christina  Felicia's child = Dana         ;;Dana's enemy = Felicia     Dana's friend = Elizabeth   ;;Elizabeth's enemy = Amber  Elizabeth's friend = Dana   ;;Felicia's enemy = Dana     Felicia's friend = Bryan    
5,L,SemanticApproach.EXTENSIONAL,Representation.ENGLISH,0_L_eece0,"Imagine there are six people: Amber, Bryan, Christina, Dana, Elizabeth and Felicia. They have the following relationships to each other:;;;;",;;Here is how to figure out the answer to the following question:;;Who is Amber's parent's enemy?;;;;Here are the steps to arrive at the answer:;;1. Amber's parent = Bryan;;2. Bryan's enemy = Christina;;;;So the answer is Christina;;;;Now answer the following question:;;Who is Christina's enemy's child's enemy's enemy? Please answer the question in the same format as the example. End with 'So the answer is [answer]'.,Christina's enemy's child's enemy's enemy,Amber,Amber;;Bryan;;Christina;;Dana;;Elizabeth;;Felicia,Amber's enemy = Elizabeth  Amber's friend = Christina  Amber's parent = Bryan          Bryan's child = Amber          ;;Bryan's enemy = Christina  Bryan's friend = Felicia    Dana's parent = Felicia         Christina's child = Elizabeth  ;;Christina's enemy = Bryan  Christina's friend = Amber  Elizabeth's parent = Christina  Felicia's child = Dana         ;;Dana's enemy = Felicia     Dana's friend = Elizabeth   ;;Elizabeth's enemy = Amber  Elizabeth's friend = Dana   ;;Felicia's enemy = Dana     Felicia's friend = Bryan    
5,L,SemanticApproach.EXTENSIONAL,Representation.ENGLISH,0_L_pece0,"Imagine there are six people: Amber, Bryan, Christina, Dana, Elizabeth and Felicia. They have the following relationships to each other:;;;;",;;Here is how to figure out the answer to the following question:;;Who is Amber's parent's enemy?;;;;Here are the steps to arrive at the answer:;;1. Amber's parent = Bryan;;2. Bryan's enemy = Christina;;;;So the answer is Christina;;;;Now answer the following question:;;Who is Christina's enemy's child's enemy's parent? Please answer the question in the same format as the example. End with 'So the answer is [answer]'.,Christina's enemy's child's enemy's parent,Christina,Amber;;Bryan;;Christina;;Dana;;Elizabeth;;Felicia,Amber's enemy = Elizabeth  Amber's friend = Christina  Amber's parent = Bryan          Bryan's child = Amber          ;;Bryan's enemy = Christina  Bryan's friend = Felicia    Dana's parent = Felicia         Christina's child = Elizabeth  ;;Christina's enemy = Bryan  Christina's friend = Amber  Elizabeth's parent = Christina  Felicia's child = Dana         ;;Dana's enemy = Felicia     Dana's friend = Elizabeth   ;;Elizabeth's enemy = Amber  Elizabeth's friend = Dana   ;;Felicia's enemy = Dana     Felicia's friend = Bryan    
5,L,SemanticApproach.EXTENSIONAL,Representation.ENGLISH,0_L_cfec0,"Imagine there are six people: Amber, Bryan, Christina, Dana, Elizabeth and Felicia. They have the following relationships to each other:;;;;",;;Here is how to figure out the answer to the following question:;;Who is Amber's parent's enemy?;;;;Here are the steps to arrive at the answer:;;1. Amber's parent = Bryan;;2. Bryan's enemy = Christina;;;;So the answer is Christina;;;;Now answer the following question:;;Who is Christina's child's enemy's friend's child? Please answer the question in the same format as the example. End with 'So the answer is [answer]'.,Christina's child's enemy's friend's child,Elizabeth,Amber;;Bryan;;Christina;;Dana;;Elizabeth;;Felicia,Amber's enemy = Elizabeth  Amber's friend = Christina  Amber's parent = Bryan          Bryan's child = Amber          ;;Bryan's enemy = Christina  Bryan's friend = Felicia    Dana's parent = Felicia         Christina's child = Elizabeth  ;;Christina's enemy = Bryan  Christina's friend = Amber  Elizabeth's parent = Christina  Felicia's child = Dana         ;;Dana's enemy = Felicia     Dana's friend = Elizabeth   ;;Elizabeth's enemy = Amber  Elizabeth's friend = Dana   ;;Felicia's enemy = Dana     Felicia's friend = Bryan    
5,L,SemanticApproach.EXTENSIONAL,Representation.ENGLISH,0_L_efpc0,"Imagine there are six people: Amber, Bryan, Christina, Dana, Elizabeth and Felicia. They have the following relationships to each other:;;;;",;;Here is how to figure out the answer to the following question:;;Who is Amber's parent's enemy?;;;;Here are the steps to arrive at the answer:;;1. Amber's parent = Bryan;;2. Bryan's enemy = Christina;;;;So the answer is Christina;;;;Now answer the following question:;;Who is Christina's child's parent's friend's enemy? Please answer the question in the same format as the example. End with 'So the answer is [answer]'.,Christina's child's parent's friend's enemy,Elizabeth,Amber;;Bryan;;Christina;;Dana;;Elizabeth;;Felicia,Amber's enemy = Elizabeth  Amber's friend = Christina  Amber's parent = Bryan          Bryan's child = Amber          ;;Bryan's enemy = Christina  Bryan's friend = Felicia    Dana's parent = Felicia         Christina's child = Elizabeth  ;;Christina's enemy = Bryan  Christina's friend = Amber  Elizabeth's parent = Christina  Felicia's child = Dana         ;;Dana's enemy = Felicia     Dana's friend = Elizabeth   ;;Elizabeth's enemy = Amber  Elizabeth's friend = Dana   ;;Felicia's enemy = Dana     Felicia's friend = Bryan    
5,L,SemanticApproach.EXTENSIONAL,Representation.ENGLISH,0_L_fepc0,"Imagine there are six people: Amber, Bryan, Christina, Dana, Elizabeth and Felicia. They have the following relationships to each other:;;;;",;;Here is how to figure out the answer to the following question:;;Who is Amber's parent's enemy?;;;;Here are the steps to arrive at the answer:;;1. Amber's parent = Bryan;;2. Bryan's enemy = Christina;;;;So the answer is Christina;;;;Now answer the following question:;;Who is Christina's child's parent's enemy's friend? Please answer the question in the same format as the example. End with 'So the answer is [answer]'.,Christina's child's parent's enemy's friend,Felicia,Amber;;Bryan;;Christina;;Dana;;Elizabeth;;Felicia,Amber's enemy = Elizabeth  Amber's friend = Christina  Amber's parent = Bryan          Bryan's child = Amber          ;;Bryan's enemy = Christina  Bryan's friend = Felicia    Dana's parent = Felicia         Christina's child = Elizabeth  ;;Christina's enemy = Bryan  Christina's friend = Amber  Elizabeth's parent = Christina  Felicia's child = Dana         ;;Dana's enemy = Felicia     Dana's friend = Elizabeth   ;;Elizabeth's enemy = Amber  Elizabeth's friend = Dana   ;;Felicia's enemy = Dana     Felicia's friend = Bryan    
5,L,SemanticApproach.EXTENSIONAL,Representation.ENGLISH,0_L_fcpc0,"Imagine there are six people: Amber, Bryan, Christina, Dana, Elizabeth and Felicia. They have the following relationships to each other:;;;;",;;Here is how to figure out the answer to the following question:;;Who is Amber's parent's enemy?;;;;Here are the steps to arrive at the answer:;;1. Amber's parent = Bryan;;2. Bryan's enemy = Christina;;;;So the answer is Christina;;;;Now answer the following question:;;Who is Christina's child's parent's child's friend? Please answer the question in the same format as the example. End with 'So the answer is [answer]'.,Christina's child's parent's child's friend,Dana,Amber;;Bryan;;Christina;;Dana;;Elizabeth;;Felicia,Amber's enemy = Elizabeth  Amber's friend = Christina  Amber's parent = Bryan          Bryan's child = Amber          ;;Bryan's enemy = Christina  Bryan's friend = Felicia    Dana's parent = Felicia         Christina's child = Elizabeth  ;;Christina's enemy = Bryan  Christina's friend = Amber  Elizabeth's parent = Christina  Felicia's child = Dana         ;;Dana's enemy = Felicia     Dana's friend = Elizabeth   ;;Elizabeth's enemy = Amber  Elizabeth's friend = Dana   ;;Felicia's enemy = Dana     Felicia's friend = Bryan    
5,L,SemanticApproach.EXTENSIONAL,Representation.ENGLISH,0_L_ffff1,"Imagine there are six people: Amber, Bryan, Christina, Dana, Elizabeth and Felicia. They have the following relationships to each other:;;;;",;;Here is how to figure out the answer to the following question:;;Who is Amber's parent's enemy?;;;;Here are the steps to arrive at the answer:;;1. Amber's parent = Bryan;;2. Bryan's enemy = Christina;;;;So the answer is Christina;;;;Now answer the following question:;;Who is Amber's friend's friend's friend's friend? Please answer the question in the same format as the example. End with 'So the answer is [answer]'.,Amber's friend's friend's friend's friend,Amber,Amber;;Bryan;;Christina;;Dana;;Elizabeth;;Felicia,Amber's enemy = Elizabeth  Amber's friend = Christina  Amber's parent = Bryan          Bryan's child = Amber          ;;Bryan's enemy = Christina  Bryan's friend = Felicia    Dana's parent = Felicia         Christina's child = Elizabeth  ;;Christina's enemy = Bryan  Christina's friend = Amber  Elizabeth's parent = Christina  Felicia's child = Dana         ;;Dana's enemy = Felicia     Dana's friend = Elizabeth   ;;Elizabeth's enemy = Amber  Elizabeth's friend = Dana   ;;Felicia's enemy = Dana     Felicia's friend = Bryan    
5,L,SemanticApproach.EXTENSIONAL,Representation.ENGLISH,0_L_fpcf1,"Imagine there are six people: Amber, Bryan, Christina, Dana, Elizabeth and Felicia. They have the following relationships to each other:;;;;",;;Here is how to figure out the answer to the following question:;;Who is Amber's parent's enemy?;;;;Here are the steps to arrive at the answer:;;1. Amber's parent = Bryan;;2. Bryan's enemy = Christina;;;;So the answer is Christina;;;;Now answer the following question:;;Who is Amber's friend's child's parent's friend? Please answer the question in the same format as the example. End with 'So the answer is [answer]'.,Amber's friend's child's parent's friend,Amber,Amber;;Bryan;;Christina;;Dana;;Elizabeth;;Felicia,Amber's enemy = Elizabeth  Amber's friend = Christina  Amber's parent = Bryan          Bryan's child = Amber          ;;Bryan's enemy = Christina  Bryan's friend = Felicia    Dana's parent = Felicia         Christina's child = Elizabeth  ;;Christina's enemy = Bryan  Christina's friend = Amber  Elizabeth's parent = Christina  Felicia's child = Dana         ;;Dana's enemy = Felicia     Dana's friend = Elizabeth   ;;Elizabeth's enemy = Amber  Elizabeth's friend = Dana   ;;Felicia's enemy = Dana     Felicia's friend = Bryan    
5,L,SemanticApproach.EXTENSIONAL,Representation.ENGLISH,0_L_pffe1,"Imagine there are six people: Amber, Bryan, Christina, Dana, Elizabeth and Felicia. They have the following relationships to each other:;;;;",;;Here is how to figure out the answer to the following question:;;Who is Amber's parent's enemy?;;;;Here are the steps to arrive at the answer:;;1. Amber's parent = Bryan;;2. Bryan's enemy = Christina;;;;So the answer is Christina;;;;Now answer the following question:;;Who is Amber's enemy's friend's friend's parent? Please answer the question in the same format as the example. End with 'So the answer is [answer]'.,Amber's enemy's friend's friend's parent,Christina,Amber;;Bryan;;Christina;;Dana;;Elizabeth;;Felicia,Amber's enemy = Elizabeth  Amber's friend = Christina  Amber's parent = Bryan          Bryan's child = Amber          ;;Bryan's enemy = Christina  Bryan's friend = Felicia    Dana's parent = Felicia         Christina's child = Elizabeth  ;;Christina's enemy = Bryan  Christina's friend = Amber  Elizabeth's parent = Christina  Felicia's child = Dana         ;;Dana's enemy = Felicia     Dana's friend = Elizabeth   ;;Elizabeth's enemy = Amber  Elizabeth's friend = Dana   ;;Felicia's enemy = Dana     Felicia's friend = Bryan    
5,L,SemanticApproach.EXTENSIONAL,Representation.ENGLISH,0_L_cfee1,"Imagine there are six people: Amber, Bryan, Christina, Dana, Elizabeth and Felicia. They have the following relationships to each other:;;;;",;;Here is how to figure out the answer to the following question:;;Who is Amber's parent's enemy?;;;;Here are the steps to arrive at the answer:;;1. Amber's parent = Bryan;;2. Bryan's enemy = Christina;;;;So the answer is Christina;;;;Now answer the following question:;;Who is Amber's enemy's enemy's friend's child? Please answer the question in the same format as the example. End with 'So the answer is [answer]'.,Amber's enemy's enemy's friend's child,Elizabeth,Amber;;Bryan;;Christina;;Dana;;Elizabeth;;Felicia,Amber's enemy = Elizabeth  Amber's friend = Christina  Amber's parent = Bryan          Bryan's child = Amber          ;;Bryan's enemy = Christina  Bryan's friend = Felicia    Dana's parent = Felicia         Christina's child = Elizabeth  ;;Christina's enemy = Bryan  Christina's friend = Amber  Elizabeth's parent = Christina  Felicia's child = Dana         ;;Dana's enemy = Felicia     Dana's friend = Elizabeth   ;;Elizabeth's enemy = Amber  Elizabeth's friend = Dana   ;;Felicia's enemy = Dana     Felicia's friend = Bryan    
5,L,SemanticApproach.EXTENSIONAL,Representation.ENGLISH,0_L_peee1,"Imagine there are six people: Amber, Bryan, Christina, Dana, Elizabeth and Felicia. They have the following relationships to each other:;;;;",;;Here is how to figure out the answer to the following question:;;Who is Amber's parent's enemy?;;;;Here are the steps to arrive at the answer:;;1. Amber's parent = Bryan;;2. Bryan's enemy = Christina;;;;So the answer is Christina;;;;Now answer the following question:;;Who is Amber's enemy's enemy's enemy's parent? Please answer the question in the same format as the example. End with 'So the answer is [answer]'.,Amber's enemy's enemy's enemy's parent,Christina,Amber;;Bryan;;Christina;;Dana;;Elizabeth;;Felicia,Amber's enemy = Elizabeth  Amber's friend = Christina  Amber's parent = Bryan          Bryan's child = Amber          ;;Bryan's enemy = Christina  Bryan's friend = Felicia    Dana's parent = Felicia         Christina's child = Elizabeth  ;;Christina's enemy = Bryan  Christina's friend = Amber  Elizabeth's parent = Christina  Felicia's child = Dana         ;;Dana's enemy = Felicia     Dana's friend = Elizabeth   ;;Elizabeth's enemy = Amber  Elizabeth's friend = Dana   ;;Felicia's enemy = Dana     Felicia's friend = Bryan    
5,L,SemanticApproach.EXTENSIONAL,Representation.ENGLISH,0_L_ffpe1,"Imagine there are six people: Amber, Bryan, Christina, Dana, Elizabeth and Felicia. They have the following relationships to each other:;;;;",;;Here is how to figure out the answer to the following question:;;Who is Amber's parent's enemy?;;;;Here are the steps to arrive at the answer:;;1. Amber's parent = Bryan;;2. Bryan's enemy = Christina;;;;So the answer is Christina;;;;Now answer the following question:;;Who is Amber's enemy's parent's friend's friend? Please answer the question in the same format as the example. End with 'So the answer is [answer]'.,Amber's enemy's parent's friend's friend,Christina,Amber;;Bryan;;Christina;;Dana;;Elizabeth;;Felicia,Amber's enemy = Elizabeth  Amber's friend = Christina  Amber's parent = Bryan          Bryan's child = Amber          ;;Bryan's enemy = Christina  Bryan's friend = Felicia    Dana's parent = Felicia         Christina's child = Elizabeth  ;;Christina's enemy = Bryan  Christina's friend = Amber  Elizabeth's parent = Christina  Felicia's child = Dana         ;;Dana's enemy = Felicia     Dana's friend = Elizabeth   ;;Elizabeth's enemy = Amber  Elizabeth's friend = Dana   ;;Felicia's enemy = Dana     Felicia's friend = Bryan    
5,L,SemanticApproach.EXTENSIONAL,Representation.ENGLISH,0_L_ceff2,"Imagine there are six people: Amber, Bryan, Christina, Dana, Elizabeth and Felicia. They have the following relationships to each other:;;;;",;;Here is how to figure out the answer to the following question:;;Who is Amber's parent's enemy?;;;;Here are the steps to arrive at the answer:;;1. Amber's parent = Bryan;;2. Bryan's enemy = Christina;;;;So the answer is Christina;;;;Now answer the following question:;;Who is Dana's friend's friend's enemy's child? Please answer the question in the same format as the example. End with 'So the answer is [answer]'.,Dana's friend's friend's enemy's child,Dana,Amber;;Bryan;;Christina;;Dana;;Elizabeth;;Felicia,Amber's enemy = Elizabeth  Amber's friend = Christina  Amber's parent = Bryan          Bryan's child = Amber          ;;Bryan's enemy = Christina  Bryan's friend = Felicia    Dana's parent = Felicia         Christina's child = Elizabeth  ;;Christina's enemy = Bryan  Christina's friend = Amber  Elizabeth's parent = Christina  Felicia's child = Dana         ;;Dana's enemy = Felicia     Dana's friend = Elizabeth   ;;Elizabeth's enemy = Amber  Elizabeth's friend = Dana   ;;Felicia's enemy = Dana     Felicia's friend = Bryan    
5,L,SemanticApproach.EXTENSIONAL,Representation.ENGLISH,0_L_ffef2,"Imagine there are six people: Amber, Bryan, Christina, Dana, Elizabeth and Felicia. They have the following relationships to each other:;;;;",;;Here is how to figure out the answer to the following question:;;Who is Amber's parent's enemy?;;;;Here are the steps to arrive at the answer:;;1. Amber's parent = Bryan;;2. Bryan's enemy = Christina;;;;So the answer is Christina;;;;Now answer the following question:;;Who is Dana's friend's enemy's friend's friend? Please answer the question in the same format as the example. End with 'So the answer is [answer]'.,Dana's friend's enemy's friend's friend,Amber,Amber;;Bryan;;Christina;;Dana;;Elizabeth;;Felicia,Amber's enemy = Elizabeth  Amber's friend = Christina  Amber's parent = Bryan          Bryan's child = Amber          ;;Bryan's enemy = Christina  Bryan's friend = Felicia    Dana's parent = Felicia         Christina's child = Elizabeth  ;;Christina's enemy = Bryan  Christina's friend = Amber  Elizabeth's parent = Christina  Felicia's child = Dana         ;;Dana's enemy = Felicia     Dana's friend = Elizabeth   ;;Elizabeth's enemy = Amber  Elizabeth's friend = Dana   ;;Felicia's enemy = Dana     Felicia's friend = Bryan    
5,L,SemanticApproach.EXTENSIONAL,Representation.ENGLISH,0_L_fcfe2,"Imagine there are six people: Amber, Bryan, Christina, Dana, Elizabeth and Felicia. They have the following relationships to each other:;;;;",;;Here is how to figure out the answer to the following question:;;Who is Amber's parent's enemy?;;;;Here are the steps to arrive at the answer:;;1. Amber's parent = Bryan;;2. Bryan's enemy = Christina;;;;So the answer is Christina;;;;Now answer the following question:;;Who is Dana's enemy's friend's child's friend? Please answer the question in the same format as the example. End with 'So the answer is [answer]'.,Dana's enemy's friend's child's friend,Christina,Amber;;Bryan;;Christina;;Dana;;Elizabeth;;Felicia,Amber's enemy = Elizabeth  Amber's friend = Christina  Amber's parent = Bryan          Bryan's child = Amber          ;;Bryan's enemy = Christina  Bryan's friend = Felicia    Dana's parent = Felicia         Christina's child = Elizabeth  ;;Christina's enemy = Bryan  Christina's friend = Amber  Elizabeth's parent = Christina  Felicia's child = Dana         ;;Dana's enemy = Felicia     Dana's friend = Elizabeth   ;;Elizabeth's enemy = Amber  Elizabeth's friend = Dana   ;;Felicia's enemy = Dana     Felicia's friend = Bryan    
5,L,SemanticApproach.EXTENSIONAL,Representation.ENGLISH,0_L_pfef3,"Imagine there are six people: Amber, Bryan, Christina, Dana, Elizabeth and Felicia. They have the following relationships to each other:;;;;",;;Here is how to figure out the answer to the following question:;;Who is Amber's parent's enemy?;;;;Here are the steps to arrive at the answer:;;1. Amber's parent = Bryan;;2. Bryan's enemy = Christina;;;;So the answer is Christina;;;;Now answer the following question:;;Who is Bryan's friend's enemy's friend's parent? Please answer the question in the same format as the example. End with 'So the answer is [answer]'.,Bryan's friend's enemy's friend's parent,Christina,Amber;;Bryan;;Christina;;Dana;;Elizabeth;;Felicia,Amber's enemy = Elizabeth  Amber's friend = Christina  Amber's parent = Bryan          Bryan's child = Amber          ;;Bryan's enemy = Christina  Bryan's friend = Felicia    Dana's parent = Felicia         Christina's child = Elizabeth  ;;Christina's enemy = Bryan  Christina's friend = Amber  Elizabeth's parent = Christina  Felicia's child = Dana         ;;Dana's enemy = Felicia     Dana's friend = Elizabeth   ;;Elizabeth's enemy = Amber  Elizabeth's friend = Dana   ;;Felicia's enemy = Dana     Felicia's friend = Bryan    
5,L,SemanticApproach.EXTENSIONAL,Representation.ENGLISH,0_L_feef3,"Imagine there are six people: Amber, Bryan, Christina, Dana, Elizabeth and Felicia. They have the following relationships to each other:;;;;",;;Here is how to figure out the answer to the following question:;;Who is Amber's parent's enemy?;;;;Here are the steps to arrive at the answer:;;1. Amber's parent = Bryan;;2. Bryan's enemy = Christina;;;;So the answer is Christina;;;;Now answer the following question:;;Who is Bryan's friend's enemy's enemy's friend? Please answer the question in the same format as the example. End with 'So the answer is [answer]'.,Bryan's friend's enemy's enemy's friend,Bryan,Amber;;Bryan;;Christina;;Dana;;Elizabeth;;Felicia,Amber's enemy = Elizabeth  Amber's friend = Christina  Amber's parent = Bryan          Bryan's child = Amber          ;;Bryan's enemy = Christina  Bryan's friend = Felicia    Dana's parent = Felicia         Christina's child = Elizabeth  ;;Christina's enemy = Bryan  Christina's friend = Amber  Elizabeth's parent = Christina  Felicia's child = Dana         ;;Dana's enemy = Felicia     Dana's friend = Elizabeth   ;;Elizabeth's enemy = Amber  Elizabeth's friend = Dana   ;;Felicia's enemy = Dana     Felicia's friend = Bryan    
5,L,SemanticApproach.EXTENSIONAL,Representation.ENGLISH,0_L_ceef3,"Imagine there are six people: Amber, Bryan, Christina, Dana, Elizabeth and Felicia. They have the following relationships to each other:;;;;",;;Here is how to figure out the answer to the following question:;;Who is Amber's parent's enemy?;;;;Here are the steps to arrive at the answer:;;1. Amber's parent = Bryan;;2. Bryan's enemy = Christina;;;;So the answer is Christina;;;;Now answer the following question:;;Who is Bryan's friend's enemy's enemy's child? Please answer the question in the same format as the example. End with 'So the answer is [answer]'.,Bryan's friend's enemy's enemy's child,Dana,Amber;;Bryan;;Christina;;Dana;;Elizabeth;;Felicia,Amber's enemy = Elizabeth  Amber's friend = Christina  Amber's parent = Bryan          Bryan's child = Amber          ;;Bryan's enemy = Christina  Bryan's friend = Felicia    Dana's parent = Felicia         Christina's child = Elizabeth  ;;Christina's enemy = Bryan  Christina's friend = Amber  Elizabeth's parent = Christina  Felicia's child = Dana         ;;Dana's enemy = Felicia     Dana's friend = Elizabeth   ;;Elizabeth's enemy = Amber  Elizabeth's friend = Dana   ;;Felicia's enemy = Dana     Felicia's friend = Bryan    
5,L,SemanticApproach.EXTENSIONAL,Representation.ENGLISH,0_L_ecfc3,"Imagine there are six people: Amber, Bryan, Christina, Dana, Elizabeth and Felicia. They have the following relationships to each other:;;;;",;;Here is how to figure out the answer to the following question:;;Who is Amber's parent's enemy?;;;;Here are the steps to arrive at the answer:;;1. Amber's parent = Bryan;;2. Bryan's enemy = Christina;;;;So the answer is Christina;;;;Now answer the following question:;;Who is Bryan's child's friend's child's enemy? Please answer the question in the same format as the example. End with 'So the answer is [answer]'.,Bryan's child's friend's child's enemy,Amber,Amber;;Bryan;;Christina;;Dana;;Elizabeth;;Felicia,Amber's enemy = Elizabeth  Amber's friend = Christina  Amber's parent = Bryan          Bryan's child = Amber          ;;Bryan's enemy = Christina  Bryan's friend = Felicia    Dana's parent = Felicia         Christina's child = Elizabeth  ;;Christina's enemy = Bryan  Christina's friend = Amber  Elizabeth's parent = Christina  Felicia's child = Dana         ;;Dana's enemy = Felicia     Dana's friend = Elizabeth   ;;Elizabeth's enemy = Amber  Elizabeth's friend = Dana   ;;Felicia's enemy = Dana     Felicia's friend = Bryan    
5,L,SemanticApproach.EXTENSIONAL,Representation.ENGLISH,0_L_eeff4,"Imagine there are six people: Amber, Bryan, Christina, Dana, Elizabeth and Felicia. They have the following relationships to each other:;;;;",;;Here is how to figure out the answer to the following question:;;Who is Amber's parent's enemy?;;;;Here are the steps to arrive at the answer:;;1. Amber's parent = Bryan;;2. Bryan's enemy = Christina;;;;So the answer is Christina;;;;Now answer the following question:;;Who is Elizabeth's friend's friend's enemy's enemy? Please answer the question in the same format as the example. End with 'So the answer is [answer]'.,Elizabeth's friend's friend's enemy's enemy,Elizabeth,Amber;;Bryan;;Christina;;Dana;;Elizabeth;;Felicia,Amber's enemy = Elizabeth  Amber's friend = Christina  Amber's parent = Bryan          Bryan's child = Amber          ;;Bryan's enemy = Christina  Bryan's friend = Felicia    Dana's parent = Felicia         Christina's child = Elizabeth  ;;Christina's enemy = Bryan  Christina's friend = Amber  Elizabeth's parent = Christina  Felicia's child = Dana         ;;Dana's enemy = Felicia     Dana's friend = Elizabeth   ;;Elizabeth's enemy = Amber  Elizabeth's friend = Dana   ;;Felicia's enemy = Dana     Felicia's friend = Bryan    
5,L,SemanticApproach.EXTENSIONAL,Representation.ENGLISH,0_L_cpff4,"Imagine there are six people: Amber, Bryan, Christina, Dana, Elizabeth and Felicia. They have the following relationships to each other:;;;;",;;Here is how to figure out the answer to the following question:;;Who is Amber's parent's enemy?;;;;Here are the steps to arrive at the answer:;;1. Amber's parent = Bryan;;2. Bryan's enemy = Christina;;;;So the answer is Christina;;;;Now answer the following question:;;Who is Elizabeth's friend's friend's parent's child? Please answer the question in the same format as the example. End with 'So the answer is [answer]'.,Elizabeth's friend's friend's parent's child,Elizabeth,Amber;;Bryan;;Christina;;Dana;;Elizabeth;;Felicia,Amber's enemy = Elizabeth  Amber's friend = Christina  Amber's parent = Bryan          Bryan's child = Amber          ;;Bryan's enemy = Christina  Bryan's friend = Felicia    Dana's parent = Felicia         Christina's child = Elizabeth  ;;Christina's enemy = Bryan  Christina's friend = Amber  Elizabeth's parent = Christina  Felicia's child = Dana         ;;Dana's enemy = Felicia     Dana's friend = Elizabeth   ;;Elizabeth's enemy = Amber  Elizabeth's friend = Dana   ;;Felicia's enemy = Dana     Felicia's friend = Bryan    
5,L,SemanticApproach.EXTENSIONAL,Representation.ENGLISH,0_L_ffef4,"Imagine there are six people: Amber, Bryan, Christina, Dana, Elizabeth and Felicia. They have the following relationships to each other:;;;;",;;Here is how to figure out the answer to the following question:;;Who is Amber's parent's enemy?;;;;Here are the steps to arrive at the answer:;;1. Amber's parent = Bryan;;2. Bryan's enemy = Christina;;;;So the answer is Christina;;;;Now answer the following question:;;Who is Elizabeth's friend's enemy's friend's friend? Please answer the question in the same format as the example. End with 'So the answer is [answer]'.,Elizabeth's friend's enemy's friend's friend,Felicia,Amber;;Bryan;;Christina;;Dana;;Elizabeth;;Felicia,Amber's enemy = Elizabeth  Amber's friend = Christina  Amber's parent = Bryan          Bryan's child = Amber          ;;Bryan's enemy = Christina  Bryan's friend = Felicia    Dana's parent = Felicia         Christina's child = Elizabeth  ;;Christina's enemy = Bryan  Christina's friend = Amber  Elizabeth's parent = Christina  Felicia's child = Dana         ;;Dana's enemy = Felicia     Dana's friend = Elizabeth   ;;Elizabeth's enemy = Amber  Elizabeth's friend = Dana   ;;Felicia's enemy = Dana     Felicia's friend = Bryan    
5,L,SemanticApproach.EXTENSIONAL,Representation.ENGLISH,0_L_eeef4,"Imagine there are six people: Amber, Bryan, Christina, Dana, Elizabeth and Felicia. They have the following relationships to each other:;;;;",;;Here is how to figure out the answer to the following question:;;Who is Amber's parent's enemy?;;;;Here are the steps to arrive at the answer:;;1. Amber's parent = Bryan;;2. Bryan's enemy = Christina;;;;So the answer is Christina;;;;Now answer the following question:;;Who is Elizabeth's friend's enemy's enemy's enemy? Please answer the question in the same format as the example. End with 'So the answer is [answer]'.,Elizabeth's friend's enemy's enemy's enemy,Felicia,Amber;;Bryan;;Christina;;Dana;;Elizabeth;;Felicia,Amber's enemy = Elizabeth  Amber's friend = Christina  Amber's parent = Bryan          Bryan's child = Amber          ;;Bryan's enemy = Christina  Bryan's friend = Felicia    Dana's parent = Felicia         Christina's child = Elizabeth  ;;Christina's enemy = Bryan  Christina's friend = Amber  Elizabeth's parent = Christina  Felicia's child = Dana         ;;Dana's enemy = Felicia     Dana's friend = Elizabeth   ;;Elizabeth's enemy = Amber  Elizabeth's friend = Dana   ;;Felicia's enemy = Dana     Felicia's friend = Bryan    
5,L,SemanticApproach.EXTENSIONAL,Representation.ENGLISH,0_L_peef4,"Imagine there are six people: Amber, Bryan, Christina, Dana, Elizabeth and Felicia. They have the following relationships to each other:;;;;",;;Here is how to figure out the answer to the following question:;;Who is Amber's parent's enemy?;;;;Here are the steps to arrive at the answer:;;1. Amber's parent = Bryan;;2. Bryan's enemy = Christina;;;;So the answer is Christina;;;;Now answer the following question:;;Who is Elizabeth's friend's enemy's enemy's parent? Please answer the question in the same format as the example. End with 'So the answer is [answer]'.,Elizabeth's friend's enemy's enemy's parent,Felicia,Amber;;Bryan;;Christina;;Dana;;Elizabeth;;Felicia,Amber's enemy = Elizabeth  Amber's friend = Christina  Amber's parent = Bryan          Bryan's child = Amber          ;;Bryan's enemy = Christina  Bryan's friend = Felicia    Dana's parent = Felicia         Christina's child = Elizabeth  ;;Christina's enemy = Bryan  Christina's friend = Amber  Elizabeth's parent = Christina  Felicia's child = Dana         ;;Dana's enemy = Felicia     Dana's friend = Elizabeth   ;;Elizabeth's enemy = Amber  Elizabeth's friend = Dana   ;;Felicia's enemy = Dana     Felicia's friend = Bryan    
5,L,SemanticApproach.EXTENSIONAL,Representation.ENGLISH,0_L_cffp4,"Imagine there are six people: Amber, Bryan, Christina, Dana, Elizabeth and Felicia. They have the following relationships to each other:;;;;",;;Here is how to figure out the answer to the following question:;;Who is Amber's parent's enemy?;;;;Here are the steps to arrive at the answer:;;1. Amber's parent = Bryan;;2. Bryan's enemy = Christina;;;;So the answer is Christina;;;;Now answer the following question:;;Who is Elizabeth's parent's friend's friend's child? Please answer the question in the same format as the example. End with 'So the answer is [answer]'.,Elizabeth's parent's friend's friend's child,Elizabeth,Amber;;Bryan;;Christina;;Dana;;Elizabeth;;Felicia,Amber's enemy = Elizabeth  Amber's friend = Christina  Amber's parent = Bryan          Bryan's child = Amber          ;;Bryan's enemy = Christina  Bryan's friend = Felicia    Dana's parent = Felicia         Christina's child = Elizabeth  ;;Christina's enemy = Bryan  Christina's friend = Amber  Elizabeth's parent = Christina  Felicia's child = Dana         ;;Dana's enemy = Felicia     Dana's friend = Elizabeth   ;;Elizabeth's enemy = Amber  Elizabeth's friend = Dana   ;;Felicia's enemy = Dana     Felicia's friend = Bryan    
5,L,SemanticApproach.EXTENSIONAL,Representation.ENGLISH,0_L_efep4,"Imagine there are six people: Amber, Bryan, Christina, Dana, Elizabeth and Felicia. They have the following relationships to each other:;;;;",;;Here is how to figure out the answer to the following question:;;Who is Amber's parent's enemy?;;;;Here are the steps to arrive at the answer:;;1. Amber's parent = Bryan;;2. Bryan's enemy = Christina;;;;So the answer is Christina;;;;Now answer the following question:;;Who is Elizabeth's parent's enemy's friend's enemy? Please answer the question in the same format as the example. End with 'So the answer is [answer]'.,Elizabeth's parent's enemy's friend's enemy,Dana,Amber;;Bryan;;Christina;;Dana;;Elizabeth;;Felicia,Amber's enemy = Elizabeth  Amber's friend = Christina  Amber's parent = Bryan          Bryan's child = Amber          ;;Bryan's enemy = Christina  Bryan's friend = Felicia    Dana's parent = Felicia         Christina's child = Elizabeth  ;;Christina's enemy = Bryan  Christina's friend = Amber  Elizabeth's parent = Christina  Felicia's child = Dana         ;;Dana's enemy = Felicia     Dana's friend = Elizabeth   ;;Elizabeth's enemy = Amber  Elizabeth's friend = Dana   ;;Felicia's enemy = Dana     Felicia's friend = Bryan    
5,L,SemanticApproach.EXTENSIONAL,Representation.ENGLISH,0_L_ffcp4,"Imagine there are six people: Amber, Bryan, Christina, Dana, Elizabeth and Felicia. They have the following relationships to each other:;;;;",;;Here is how to figure out the answer to the following question:;;Who is Amber's parent's enemy?;;;;Here are the steps to arrive at the answer:;;1. Amber's parent = Bryan;;2. Bryan's enemy = Christina;;;;So the answer is Christina;;;;Now answer the following question:;;Who is Elizabeth's parent's child's friend's friend? Please answer the question in the same format as the example. End with 'So the answer is [answer]'.,Elizabeth's parent's child's friend's friend,Elizabeth,Amber;;Bryan;;Christina;;Dana;;Elizabeth;;Felicia,Amber's enemy = Elizabeth  Amber's friend = Christina  Amber's parent = Bryan          Bryan's child = Amber          ;;Bryan's enemy = Christina  Bryan's friend = Felicia    Dana's parent = Felicia         Christina's child = Elizabeth  ;;Christina's enemy = Bryan  Christina's friend = Amber  Elizabeth's parent = Christina  Felicia's child = Dana         ;;Dana's enemy = Felicia     Dana's friend = Elizabeth   ;;Elizabeth's enemy = Amber  Elizabeth's friend = Dana   ;;Felicia's enemy = Dana     Felicia's friend = Bryan    
5,L,SemanticApproach.EXTENSIONAL,Representation.ENGLISH,0_L_efcp4,"Imagine there are six people: Amber, Bryan, Christina, Dana, Elizabeth and Felicia. They have the following relationships to each other:;;;;",;;Here is how to figure out the answer to the following question:;;Who is Amber's parent's enemy?;;;;Here are the steps to arrive at the answer:;;1. Amber's parent = Bryan;;2. Bryan's enemy = Christina;;;;So the answer is Christina;;;;Now answer the following question:;;Who is Elizabeth's parent's child's friend's enemy? Please answer the question in the same format as the example. End with 'So the answer is [answer]'.,Elizabeth's parent's child's friend's enemy,Felicia,Amber;;Bryan;;Christina;;Dana;;Elizabeth;;Felicia,Amber's enemy = Elizabeth  Amber's friend = Christina  Amber's parent = Bryan          Bryan's child = Amber          ;;Bryan's enemy = Christina  Bryan's friend = Felicia    Dana's parent = Felicia         Christina's child = Elizabeth  ;;Christina's enemy = Bryan  Christina's friend = Amber  Elizabeth's parent = Christina  Felicia's child = Dana         ;;Dana's enemy = Felicia     Dana's friend = Elizabeth   ;;Elizabeth's enemy = Amber  Elizabeth's friend = Dana   ;;Felicia's enemy = Dana     Felicia's friend = Bryan    
5,L,SemanticApproach.EXTENSIONAL,Representation.ENGLISH,0_L_fpcp4,"Imagine there are six people: Amber, Bryan, Christina, Dana, Elizabeth and Felicia. They have the following relationships to each other:;;;;",;;Here is how to figure out the answer to the following question:;;Who is Amber's parent's enemy?;;;;Here are the steps to arrive at the answer:;;1. Amber's parent = Bryan;;2. Bryan's enemy = Christina;;;;So the answer is Christina;;;;Now answer the following question:;;Who is Elizabeth's parent's child's parent's friend? Please answer the question in the same format as the example. End with 'So the answer is [answer]'.,Elizabeth's parent's child's parent's friend,Amber,Amber;;Bryan;;Christina;;Dana;;Elizabeth;;Felicia,Amber's enemy = Elizabeth  Amber's friend = Christina  Amber's parent = Bryan          Bryan's child = Amber          ;;Bryan's enemy = Christina  Bryan's friend = Felicia    Dana's parent = Felicia         Christina's child = Elizabeth  ;;Christina's enemy = Bryan  Christina's friend = Amber  Elizabeth's parent = Christina  Felicia's child = Dana         ;;Dana's enemy = Felicia     Dana's friend = Elizabeth   ;;Elizabeth's enemy = Amber  Elizabeth's friend = Dana   ;;Felicia's enemy = Dana     Felicia's friend = Bryan    
5,L,SemanticApproach.EXTENSIONAL,Representation.ENGLISH,0_L_peff5,"Imagine there are six people: Amber, Bryan, Christina, Dana, Elizabeth and Felicia. They have the following relationships to each other:;;;;",;;Here is how to figure out the answer to the following question:;;Who is Amber's parent's enemy?;;;;Here are the steps to arrive at the answer:;;1. Amber's parent = Bryan;;2. Bryan's enemy = Christina;;;;So the answer is Christina;;;;Now answer the following question:;;Who is Felicia's friend's friend's enemy's parent? Please answer the question in the same format as the example. End with 'So the answer is [answer]'.,Felicia's friend's friend's enemy's parent,Felicia,Amber;;Bryan;;Christina;;Dana;;Elizabeth;;Felicia,Amber's enemy = Elizabeth  Amber's friend = Christina  Amber's parent = Bryan          Bryan's child = Amber          ;;Bryan's enemy = Christina  Bryan's friend = Felicia    Dana's parent = Felicia         Christina's child = Elizabeth  ;;Christina's enemy = Bryan  Christina's friend = Amber  Elizabeth's parent = Christina  Felicia's child = Dana         ;;Dana's enemy = Felicia     Dana's friend = Elizabeth   ;;Elizabeth's enemy = Amber  Elizabeth's friend = Dana   ;;Felicia's enemy = Dana     Felicia's friend = Bryan    
5,L,SemanticApproach.EXTENSIONAL,Representation.ENGLISH,0_L_pcff5,"Imagine there are six people: Amber, Bryan, Christina, Dana, Elizabeth and Felicia. They have the following relationships to each other:;;;;",;;Here is how to figure out the answer to the following question:;;Who is Amber's parent's enemy?;;;;Here are the steps to arrive at the answer:;;1. Amber's parent = Bryan;;2. Bryan's enemy = Christina;;;;So the answer is Christina;;;;Now answer the following question:;;Who is Felicia's friend's friend's child's parent? Please answer the question in the same format as the example. End with 'So the answer is [answer]'.,Felicia's friend's friend's child's parent,Felicia,Amber;;Bryan;;Christina;;Dana;;Elizabeth;;Felicia,Amber's enemy = Elizabeth  Amber's friend = Christina  Amber's parent = Bryan          Bryan's child = Amber          ;;Bryan's enemy = Christina  Bryan's friend = Felicia    Dana's parent = Felicia         Christina's child = Elizabeth  ;;Christina's enemy = Bryan  Christina's friend = Amber  Elizabeth's parent = Christina  Felicia's child = Dana         ;;Dana's enemy = Felicia     Dana's friend = Elizabeth   ;;Elizabeth's enemy = Amber  Elizabeth's friend = Dana   ;;Felicia's enemy = Dana     Felicia's friend = Bryan    
5,L,SemanticApproach.EXTENSIONAL,Representation.ENGLISH,0_L_eecf5,"Imagine there are six people: Amber, Bryan, Christina, Dana, Elizabeth and Felicia. They have the following relationships to each other:;;;;",;;Here is how to figure out the answer to the following question:;;Who is Amber's parent's enemy?;;;;Here are the steps to arrive at the answer:;;1. Amber's parent = Bryan;;2. Bryan's enemy = Christina;;;;So the answer is Christina;;;;Now answer the following question:;;Who is Felicia's friend's child's enemy's enemy? Please answer the question in the same format as the example. End with 'So the answer is [answer]'.,Felicia's friend's child's enemy's enemy,Amber,Amber;;Bryan;;Christina;;Dana;;Elizabeth;;Felicia,Amber's enemy = Elizabeth  Amber's friend = Christina  Amber's parent = Bryan          Bryan's child = Amber          ;;Bryan's enemy = Christina  Bryan's friend = Felicia    Dana's parent = Felicia         Christina's child = Elizabeth  ;;Christina's enemy = Bryan  Christina's friend = Amber  Elizabeth's parent = Christina  Felicia's child = Dana         ;;Dana's enemy = Felicia     Dana's friend = Elizabeth   ;;Elizabeth's enemy = Amber  Elizabeth's friend = Dana   ;;Felicia's enemy = Dana     Felicia's friend = Bryan    
5,L,SemanticApproach.EXTENSIONAL,Representation.ENGLISH,0_L_feee5,"Imagine there are six people: Amber, Bryan, Christina, Dana, Elizabeth and Felicia. They have the following relationships to each other:;;;;",;;Here is how to figure out the answer to the following question:;;Who is Amber's parent's enemy?;;;;Here are the steps to arrive at the answer:;;1. Amber's parent = Bryan;;2. Bryan's enemy = Christina;;;;So the answer is Christina;;;;Now answer the following question:;;Who is Felicia's enemy's enemy's enemy's friend? Please answer the question in the same format as the example. End with 'So the answer is [answer]'.,Felicia's enemy's enemy's enemy's friend,Elizabeth,Amber;;Bryan;;Christina;;Dana;;Elizabeth;;Felicia,Amber's enemy = Elizabeth  Amber's friend = Christina  Amber's parent = Bryan          Bryan's child = Amber          ;;Bryan's enemy = Christina  Bryan's friend = Felicia    Dana's parent = Felicia         Christina's child = Elizabeth  ;;Christina's enemy = Bryan  Christina's friend = Amber  Elizabeth's parent = Christina  Felicia's child = Dana         ;;Dana's enemy = Felicia     Dana's friend = Elizabeth   ;;Elizabeth's enemy = Amber  Elizabeth's friend = Dana   ;;Felicia's enemy = Dana     Felicia's friend = Bryan    
5,L,SemanticApproach.EXTENSIONAL,Representation.ENGLISH,0_L_eeee5,"Imagine there are six people: Amber, Bryan, Christina, Dana, Elizabeth and Felicia. They have the following relationships to each other:;;;;",;;Here is how to figure out the answer to the following question:;;Who is Amber's parent's enemy?;;;;Here are the steps to arrive at the answer:;;1. Amber's parent = Bryan;;2. Bryan's enemy = Christina;;;;So the answer is Christina;;;;Now answer the following question:;;Who is Felicia's enemy's enemy's enemy's enemy? Please answer the question in the same format as the example. End with 'So the answer is [answer]'.,Felicia's enemy's enemy's enemy's enemy,Felicia,Amber;;Bryan;;Christina;;Dana;;Elizabeth;;Felicia,Amber's enemy = Elizabeth  Amber's friend = Christina  Amber's parent = Bryan          Bryan's child = Amber          ;;Bryan's enemy = Christina  Bryan's friend = Felicia    Dana's parent = Felicia         Christina's child = Elizabeth  ;;Christina's enemy = Bryan  Christina's friend = Amber  Elizabeth's parent = Christina  Felicia's child = Dana         ;;Dana's enemy = Felicia     Dana's friend = Elizabeth   ;;Elizabeth's enemy = Amber  Elizabeth's friend = Dana   ;;Felicia's enemy = Dana     Felicia's friend = Bryan    
5,L,SemanticApproach.EXTENSIONAL,Representation.ENGLISH,0_L_effc5,"Imagine there are six people: Amber, Bryan, Christina, Dana, Elizabeth and Felicia. They have the following relationships to each other:;;;;",;;Here is how to figure out the answer to the following question:;;Who is Amber's parent's enemy?;;;;Here are the steps to arrive at the answer:;;1. Amber's parent = Bryan;;2. Bryan's enemy = Christina;;;;So the answer is Christina;;;;Now answer the following question:;;Who is Felicia's child's friend's friend's enemy? Please answer the question in the same format as the example. End with 'So the answer is [answer]'.,Felicia's child's friend's friend's enemy,Felicia,Amber;;Bryan;;Christina;;Dana;;Elizabeth;;Felicia,Amber's enemy = Elizabeth  Amber's friend = Christina  Amber's parent = Bryan          Bryan's child = Amber          ;;Bryan's enemy = Christina  Bryan's friend = Felicia    Dana's parent = Felicia         Christina's child = Elizabeth  ;;Christina's enemy = Bryan  Christina's friend = Amber  Elizabeth's parent = Christina  Felicia's child = Dana         ;;Dana's enemy = Felicia     Dana's friend = Elizabeth   ;;Elizabeth's enemy = Amber  Elizabeth's friend = Dana   ;;Felicia's enemy = Dana     Felicia's friend = Bryan    
5,L,SemanticApproach.EXTENSIONAL,Representation.ENGLISH,0_L_ecpc5,"Imagine there are six people: Amber, Bryan, Christina, Dana, Elizabeth and Felicia. They have the following relationships to each other:;;;;",;;Here is how to figure out the answer to the following question:;;Who is Amber's parent's enemy?;;;;Here are the steps to arrive at the answer:;;1. Amber's parent = Bryan;;2. Bryan's enemy = Christina;;;;So the answer is Christina;;;;Now answer the following question:;;Who is Felicia's child's parent's child's enemy? Please answer the question in the same format as the example. End with 'So the answer is [answer]'.,Felicia's child's parent's child's enemy,Felicia,Amber;;Bryan;;Christina;;Dana;;Elizabeth;;Felicia,Amber's enemy = Elizabeth  Amber's friend = Christina  Amber's parent = Bryan          Bryan's child = Amber          ;;Bryan's enemy = Christina  Bryan's friend = Felicia    Dana's parent = Felicia         Christina's child = Elizabeth  ;;Christina's enemy = Bryan  Christina's friend = Amber  Elizabeth's parent = Christina  Felicia's child = Dana         ;;Dana's enemy = Felicia     Dana's friend = Elizabeth   ;;Elizabeth's enemy = Amber  Elizabeth's friend = Dana   ;;Felicia's enemy = Dana     Felicia's friend = Bryan    
6,L,SemanticApproach.EXTENSIONAL,Representation.ENGLISH,0_L_ffeff0,"Imagine there are six people: Amber, Bryan, Christina, Dana, Elizabeth and Felicia. They have the following relationships to each other:;;;;",;;Here is how to figure out the answer to the following question:;;Who is Amber's parent's enemy?;;;;Here are the steps to arrive at the answer:;;1. Amber's parent = Bryan;;2. Bryan's enemy = Christina;;;;So the answer is Christina;;;;Now answer the following question:;;Who is Christina's friend's friend's enemy's friend's friend? Please answer the question in the same format as the example. End with 'So the answer is [answer]'.,Christina's friend's friend's enemy's friend's friend,Bryan,Amber;;Bryan;;Christina;;Dana;;Elizabeth;;Felicia,Amber's enemy = Elizabeth  Amber's friend = Christina  Amber's parent = Bryan          Bryan's child = Amber          ;;Bryan's enemy = Christina  Bryan's friend = Felicia    Dana's parent = Felicia         Christina's child = Elizabeth  ;;Christina's enemy = Bryan  Christina's friend = Amber  Elizabeth's parent = Christina  Felicia's child = Dana         ;;Dana's enemy = Felicia     Dana's friend = Elizabeth   ;;Elizabeth's enemy = Amber  Elizabeth's friend = Dana   ;;Felicia's enemy = Dana     Felicia's friend = Bryan    
6,L,SemanticApproach.EXTENSIONAL,Representation.ENGLISH,0_L_ffffe0,"Imagine there are six people: Amber, Bryan, Christina, Dana, Elizabeth and Felicia. They have the following relationships to each other:;;;;",;;Here is how to figure out the answer to the following question:;;Who is Amber's parent's enemy?;;;;Here are the steps to arrive at the answer:;;1. Amber's parent = Bryan;;2. Bryan's enemy = Christina;;;;So the answer is Christina;;;;Now answer the following question:;;Who is Christina's enemy's friend's friend's friend's friend? Please answer the question in the same format as the example. End with 'So the answer is [answer]'.,Christina's enemy's friend's friend's friend's friend,Bryan,Amber;;Bryan;;Christina;;Dana;;Elizabeth;;Felicia,Amber's enemy = Elizabeth  Amber's friend = Christina  Amber's parent = Bryan          Bryan's child = Amber          ;;Bryan's enemy = Christina  Bryan's friend = Felicia    Dana's parent = Felicia         Christina's child = Elizabeth  ;;Christina's enemy = Bryan  Christina's friend = Amber  Elizabeth's parent = Christina  Felicia's child = Dana         ;;Dana's enemy = Felicia     Dana's friend = Elizabeth   ;;Elizabeth's enemy = Amber  Elizabeth's friend = Dana   ;;Felicia's enemy = Dana     Felicia's friend = Bryan    
6,L,SemanticApproach.EXTENSIONAL,Representation.ENGLISH,0_L_efffe0,"Imagine there are six people: Amber, Bryan, Christina, Dana, Elizabeth and Felicia. They have the following relationships to each other:;;;;",;;Here is how to figure out the answer to the following question:;;Who is Amber's parent's enemy?;;;;Here are the steps to arrive at the answer:;;1. Amber's parent = Bryan;;2. Bryan's enemy = Christina;;;;So the answer is Christina;;;;Now answer the following question:;;Who is Christina's enemy's friend's friend's friend's enemy? Please answer the question in the same format as the example. End with 'So the answer is [answer]'.,Christina's enemy's friend's friend's friend's enemy,Dana,Amber;;Bryan;;Christina;;Dana;;Elizabeth;;Felicia,Amber's enemy = Elizabeth  Amber's friend = Christina  Amber's parent = Bryan          Bryan's child = Amber          ;;Bryan's enemy = Christina  Bryan's friend = Felicia    Dana's parent = Felicia         Christina's child = Elizabeth  ;;Christina's enemy = Bryan  Christina's friend = Amber  Elizabeth's parent = Christina  Felicia's child = Dana         ;;Dana's enemy = Felicia     Dana's friend = Elizabeth   ;;Elizabeth's enemy = Amber  Elizabeth's friend = Dana   ;;Felicia's enemy = Dana     Felicia's friend = Bryan    
6,L,SemanticApproach.EXTENSIONAL,Representation.ENGLISH,0_L_ffefe0,"Imagine there are six people: Amber, Bryan, Christina, Dana, Elizabeth and Felicia. They have the following relationships to each other:;;;;",;;Here is how to figure out the answer to the following question:;;Who is Amber's parent's enemy?;;;;Here are the steps to arrive at the answer:;;1. Amber's parent = Bryan;;2. Bryan's enemy = Christina;;;;So the answer is Christina;;;;Now answer the following question:;;Who is Christina's enemy's friend's enemy's friend's friend? Please answer the question in the same format as the example. End with 'So the answer is [answer]'.,Christina's enemy's friend's enemy's friend's friend,Dana,Amber;;Bryan;;Christina;;Dana;;Elizabeth;;Felicia,Amber's enemy = Elizabeth  Amber's friend = Christina  Amber's parent = Bryan          Bryan's child = Amber          ;;Bryan's enemy = Christina  Bryan's friend = Felicia    Dana's parent = Felicia         Christina's child = Elizabeth  ;;Christina's enemy = Bryan  Christina's friend = Amber  Elizabeth's parent = Christina  Felicia's child = Dana         ;;Dana's enemy = Felicia     Dana's friend = Elizabeth   ;;Elizabeth's enemy = Amber  Elizabeth's friend = Dana   ;;Felicia's enemy = Dana     Felicia's friend = Bryan    
6,L,SemanticApproach.EXTENSIONAL,Representation.ENGLISH,0_L_feefe0,"Imagine there are six people: Amber, Bryan, Christina, Dana, Elizabeth and Felicia. They have the following relationships to each other:;;;;",;;Here is how to figure out the answer to the following question:;;Who is Amber's parent's enemy?;;;;Here are the steps to arrive at the answer:;;1. Amber's parent = Bryan;;2. Bryan's enemy = Christina;;;;So the answer is Christina;;;;Now answer the following question:;;Who is Christina's enemy's friend's enemy's enemy's friend? Please answer the question in the same format as the example. End with 'So the answer is [answer]'.,Christina's enemy's friend's enemy's enemy's friend,Bryan,Amber;;Bryan;;Christina;;Dana;;Elizabeth;;Felicia,Amber's enemy = Elizabeth  Amber's friend = Christina  Amber's parent = Bryan          Bryan's child = Amber          ;;Bryan's enemy = Christina  Bryan's friend = Felicia    Dana's parent = Felicia         Christina's child = Elizabeth  ;;Christina's enemy = Bryan  Christina's friend = Amber  Elizabeth's parent = Christina  Felicia's child = Dana         ;;Dana's enemy = Felicia     Dana's friend = Elizabeth   ;;Elizabeth's enemy = Amber  Elizabeth's friend = Dana   ;;Felicia's enemy = Dana     Felicia's friend = Bryan    
6,L,SemanticApproach.EXTENSIONAL,Representation.ENGLISH,0_L_pfece0,"Imagine there are six people: Amber, Bryan, Christina, Dana, Elizabeth and Felicia. They have the following relationships to each other:;;;;",;;Here is how to figure out the answer to the following question:;;Who is Amber's parent's enemy?;;;;Here are the steps to arrive at the answer:;;1. Amber's parent = Bryan;;2. Bryan's enemy = Christina;;;;So the answer is Christina;;;;Now answer the following question:;;Who is Christina's enemy's child's enemy's friend's parent? Please answer the question in the same format as the example. End with 'So the answer is [answer]'.,Christina's enemy's child's enemy's friend's parent,Felicia,Amber;;Bryan;;Christina;;Dana;;Elizabeth;;Felicia,Amber's enemy = Elizabeth  Amber's friend = Christina  Amber's parent = Bryan          Bryan's child = Amber          ;;Bryan's enemy = Christina  Bryan's friend = Felicia    Dana's parent = Felicia         Christina's child = Elizabeth  ;;Christina's enemy = Bryan  Christina's friend = Amber  Elizabeth's parent = Christina  Felicia's child = Dana         ;;Dana's enemy = Felicia     Dana's friend = Elizabeth   ;;Elizabeth's enemy = Amber  Elizabeth's friend = Dana   ;;Felicia's enemy = Dana     Felicia's friend = Bryan    
6,L,SemanticApproach.EXTENSIONAL,Representation.ENGLISH,0_L_eecpc0,"Imagine there are six people: Amber, Bryan, Christina, Dana, Elizabeth and Felicia. They have the following relationships to each other:;;;;",;;Here is how to figure out the answer to the following question:;;Who is Amber's parent's enemy?;;;;Here are the steps to arrive at the answer:;;1. Amber's parent = Bryan;;2. Bryan's enemy = Christina;;;;So the answer is Christina;;;;Now answer the following question:;;Who is Christina's child's parent's child's enemy's enemy? Please answer the question in the same format as the example. End with 'So the answer is [answer]'.,Christina's child's parent's child's enemy's enemy,Elizabeth,Amber;;Bryan;;Christina;;Dana;;Elizabeth;;Felicia,Amber's enemy = Elizabeth  Amber's friend = Christina  Amber's parent = Bryan          Bryan's child = Amber          ;;Bryan's enemy = Christina  Bryan's friend = Felicia    Dana's parent = Felicia         Christina's child = Elizabeth  ;;Christina's enemy = Bryan  Christina's friend = Amber  Elizabeth's parent = Christina  Felicia's child = Dana         ;;Dana's enemy = Felicia     Dana's friend = Elizabeth   ;;Elizabeth's enemy = Amber  Elizabeth's friend = Dana   ;;Felicia's enemy = Dana     Felicia's friend = Bryan    
6,L,SemanticApproach.EXTENSIONAL,Representation.ENGLISH,0_L_fffff1,"Imagine there are six people: Amber, Bryan, Christina, Dana, Elizabeth and Felicia. They have the following relationships to each other:;;;;",;;Here is how to figure out the answer to the following question:;;Who is Amber's parent's enemy?;;;;Here are the steps to arrive at the answer:;;1. Amber's parent = Bryan;;2. Bryan's enemy = Christina;;;;So the answer is Christina;;;;Now answer the following question:;;Who is Amber's friend's friend's friend's friend's friend? Please answer the question in the same format as the example. End with 'So the answer is [answer]'.,Amber's friend's friend's friend's friend's friend,Christina,Amber;;Bryan;;Christina;;Dana;;Elizabeth;;Felicia,Amber's enemy = Elizabeth  Amber's friend = Christina  Amber's parent = Bryan          Bryan's child = Amber          ;;Bryan's enemy = Christina  Bryan's friend = Felicia    Dana's parent = Felicia         Christina's child = Elizabeth  ;;Christina's enemy = Bryan  Christina's friend = Amber  Elizabeth's parent = Christina  Felicia's child = Dana         ;;Dana's enemy = Felicia     Dana's friend = Elizabeth   ;;Elizabeth's enemy = Amber  Elizabeth's friend = Dana   ;;Felicia's enemy = Dana     Felicia's friend = Bryan    
6,L,SemanticApproach.EXTENSIONAL,Representation.ENGLISH,0_L_fepcf1,"Imagine there are six people: Amber, Bryan, Christina, Dana, Elizabeth and Felicia. They have the following relationships to each other:;;;;",;;Here is how to figure out the answer to the following question:;;Who is Amber's parent's enemy?;;;;Here are the steps to arrive at the answer:;;1. Amber's parent = Bryan;;2. Bryan's enemy = Christina;;;;So the answer is Christina;;;;Now answer the following question:;;Who is Amber's friend's child's parent's enemy's friend? Please answer the question in the same format as the example. End with 'So the answer is [answer]'.,Amber's friend's child's parent's enemy's friend,Felicia,Amber;;Bryan;;Christina;;Dana;;Elizabeth;;Felicia,Amber's enemy = Elizabeth  Amber's friend = Christina  Amber's parent = Bryan          Bryan's child = Amber          ;;Bryan's enemy = Christina  Bryan's friend = Felicia    Dana's parent = Felicia         Christina's child = Elizabeth  ;;Christina's enemy = Bryan  Christina's friend = Amber  Elizabeth's parent = Christina  Felicia's child = Dana         ;;Dana's enemy = Felicia     Dana's friend = Elizabeth   ;;Elizabeth's enemy = Amber  Elizabeth's friend = Dana   ;;Felicia's enemy = Dana     Felicia's friend = Bryan    
6,L,SemanticApproach.EXTENSIONAL,Representation.ENGLISH,0_L_cfefe1,"Imagine there are six people: Amber, Bryan, Christina, Dana, Elizabeth and Felicia. They have the following relationships to each other:;;;;",;;Here is how to figure out the answer to the following question:;;Who is Amber's parent's enemy?;;;;Here are the steps to arrive at the answer:;;1. Amber's parent = Bryan;;2. Bryan's enemy = Christina;;;;So the answer is Christina;;;;Now answer the following question:;;Who is Amber's enemy's friend's enemy's friend's child? Please answer the question in the same format as the example. End with 'So the answer is [answer]'.,Amber's enemy's friend's enemy's friend's child,Amber,Amber;;Bryan;;Christina;;Dana;;Elizabeth;;Felicia,Amber's enemy = Elizabeth  Amber's friend = Christina  Amber's parent = Bryan          Bryan's child = Amber          ;;Bryan's enemy = Christina  Bryan's friend = Felicia    Dana's parent = Felicia         Christina's child = Elizabeth  ;;Christina's enemy = Bryan  Christina's friend = Amber  Elizabeth's parent = Christina  Felicia's child = Dana         ;;Dana's enemy = Felicia     Dana's friend = Elizabeth   ;;Elizabeth's enemy = Amber  Elizabeth's friend = Dana   ;;Felicia's enemy = Dana     Felicia's friend = Bryan    
6,L,SemanticApproach.EXTENSIONAL,Representation.ENGLISH,0_L_efeee1,"Imagine there are six people: Amber, Bryan, Christina, Dana, Elizabeth and Felicia. They have the following relationships to each other:;;;;",;;Here is how to figure out the answer to the following question:;;Who is Amber's parent's enemy?;;;;Here are the steps to arrive at the answer:;;1. Amber's parent = Bryan;;2. Bryan's enemy = Christina;;;;So the answer is Christina;;;;Now answer the following question:;;Who is Amber's enemy's enemy's enemy's friend's enemy? Please answer the question in the same format as the example. End with 'So the answer is [answer]'.,Amber's enemy's enemy's enemy's friend's enemy,Felicia,Amber;;Bryan;;Christina;;Dana;;Elizabeth;;Felicia,Amber's enemy = Elizabeth  Amber's friend = Christina  Amber's parent = Bryan          Bryan's child = Amber          ;;Bryan's enemy = Christina  Bryan's friend = Felicia    Dana's parent = Felicia         Christina's child = Elizabeth  ;;Christina's enemy = Bryan  Christina's friend = Amber  Elizabeth's parent = Christina  Felicia's child = Dana         ;;Dana's enemy = Felicia     Dana's friend = Elizabeth   ;;Elizabeth's enemy = Amber  Elizabeth's friend = Dana   ;;Felicia's enemy = Dana     Felicia's friend = Bryan    
6,L,SemanticApproach.EXTENSIONAL,Representation.ENGLISH,0_L_eeeee1,"Imagine there are six people: Amber, Bryan, Christina, Dana, Elizabeth and Felicia. They have the following relationships to each other:;;;;",;;Here is how to figure out the answer to the following question:;;Who is Amber's parent's enemy?;;;;Here are the steps to arrive at the answer:;;1. Amber's parent = Bryan;;2. Bryan's enemy = Christina;;;;So the answer is Christina;;;;Now answer the following question:;;Who is Amber's enemy's enemy's enemy's enemy's enemy? Please answer the question in the same format as the example. End with 'So the answer is [answer]'.,Amber's enemy's enemy's enemy's enemy's enemy,Elizabeth,Amber;;Bryan;;Christina;;Dana;;Elizabeth;;Felicia,Amber's enemy = Elizabeth  Amber's friend = Christina  Amber's parent = Bryan          Bryan's child = Amber          ;;Bryan's enemy = Christina  Bryan's friend = Felicia    Dana's parent = Felicia         Christina's child = Elizabeth  ;;Christina's enemy = Bryan  Christina's friend = Amber  Elizabeth's parent = Christina  Felicia's child = Dana         ;;Dana's enemy = Felicia     Dana's friend = Elizabeth   ;;Elizabeth's enemy = Amber  Elizabeth's friend = Dana   ;;Felicia's enemy = Dana     Felicia's friend = Bryan    
6,L,SemanticApproach.EXTENSIONAL,Representation.ENGLISH,0_L_cffpe1,"Imagine there are six people: Amber, Bryan, Christina, Dana, Elizabeth and Felicia. They have the following relationships to each other:;;;;",;;Here is how to figure out the answer to the following question:;;Who is Amber's parent's enemy?;;;;Here are the steps to arrive at the answer:;;1. Amber's parent = Bryan;;2. Bryan's enemy = Christina;;;;So the answer is Christina;;;;Now answer the following question:;;Who is Amber's enemy's parent's friend's friend's child? Please answer the question in the same format as the example. End with 'So the answer is [answer]'.,Amber's enemy's parent's friend's friend's child,Elizabeth,Amber;;Bryan;;Christina;;Dana;;Elizabeth;;Felicia,Amber's enemy = Elizabeth  Amber's friend = Christina  Amber's parent = Bryan          Bryan's child = Amber          ;;Bryan's enemy = Christina  Bryan's friend = Felicia    Dana's parent = Felicia         Christina's child = Elizabeth  ;;Christina's enemy = Bryan  Christina's friend = Amber  Elizabeth's parent = Christina  Felicia's child = Dana         ;;Dana's enemy = Felicia     Dana's friend = Elizabeth   ;;Elizabeth's enemy = Amber  Elizabeth's friend = Dana   ;;Felicia's enemy = Dana     Felicia's friend = Bryan    
6,L,SemanticApproach.EXTENSIONAL,Representation.ENGLISH,0_L_cfepe1,"Imagine there are six people: Amber, Bryan, Christina, Dana, Elizabeth and Felicia. They have the following relationships to each other:;;;;",;;Here is how to figure out the answer to the following question:;;Who is Amber's parent's enemy?;;;;Here are the steps to arrive at the answer:;;1. Amber's parent = Bryan;;2. Bryan's enemy = Christina;;;;So the answer is Christina;;;;Now answer the following question:;;Who is Amber's enemy's parent's enemy's friend's child? Please answer the question in the same format as the example. End with 'So the answer is [answer]'.,Amber's enemy's parent's enemy's friend's child,Dana,Amber;;Bryan;;Christina;;Dana;;Elizabeth;;Felicia,Amber's enemy = Elizabeth  Amber's friend = Christina  Amber's parent = Bryan          Bryan's child = Amber          ;;Bryan's enemy = Christina  Bryan's friend = Felicia    Dana's parent = Felicia         Christina's child = Elizabeth  ;;Christina's enemy = Bryan  Christina's friend = Amber  Elizabeth's parent = Christina  Felicia's child = Dana         ;;Dana's enemy = Felicia     Dana's friend = Elizabeth   ;;Elizabeth's enemy = Amber  Elizabeth's friend = Dana   ;;Felicia's enemy = Dana     Felicia's friend = Bryan    
6,L,SemanticApproach.EXTENSIONAL,Representation.ENGLISH,0_L_eefff2,"Imagine there are six people: Amber, Bryan, Christina, Dana, Elizabeth and Felicia. They have the following relationships to each other:;;;;",;;Here is how to figure out the answer to the following question:;;Who is Amber's parent's enemy?;;;;Here are the steps to arrive at the answer:;;1. Amber's parent = Bryan;;2. Bryan's enemy = Christina;;;;So the answer is Christina;;;;Now answer the following question:;;Who is Dana's friend's friend's friend's enemy's enemy? Please answer the question in the same format as the example. End with 'So the answer is [answer]'.,Dana's friend's friend's friend's enemy's enemy,Elizabeth,Amber;;Bryan;;Christina;;Dana;;Elizabeth;;Felicia,Amber's enemy = Elizabeth  Amber's friend = Christina  Amber's parent = Bryan          Bryan's child = Amber          ;;Bryan's enemy = Christina  Bryan's friend = Felicia    Dana's parent = Felicia         Christina's child = Elizabeth  ;;Christina's enemy = Bryan  Christina's friend = Amber  Elizabeth's parent = Christina  Felicia's child = Dana         ;;Dana's enemy = Felicia     Dana's friend = Elizabeth   ;;Elizabeth's enemy = Amber  Elizabeth's friend = Dana   ;;Felicia's enemy = Dana     Felicia's friend = Bryan    
6,L,SemanticApproach.EXTENSIONAL,Representation.ENGLISH,0_L_eefpf2,"Imagine there are six people: Amber, Bryan, Christina, Dana, Elizabeth and Felicia. They have the following relationships to each other:;;;;",;;Here is how to figure out the answer to the following question:;;Who is Amber's parent's enemy?;;;;Here are the steps to arrive at the answer:;;1. Amber's parent = Bryan;;2. Bryan's enemy = Christina;;;;So the answer is Christina;;;;Now answer the following question:;;Who is Dana's friend's parent's friend's enemy's enemy? Please answer the question in the same format as the example. End with 'So the answer is [answer]'.,Dana's friend's parent's friend's enemy's enemy,Amber,Amber;;Bryan;;Christina;;Dana;;Elizabeth;;Felicia,Amber's enemy = Elizabeth  Amber's friend = Christina  Amber's parent = Bryan          Bryan's child = Amber          ;;Bryan's enemy = Christina  Bryan's friend = Felicia    Dana's parent = Felicia         Christina's child = Elizabeth  ;;Christina's enemy = Bryan  Christina's friend = Amber  Elizabeth's parent = Christina  Felicia's child = Dana         ;;Dana's enemy = Felicia     Dana's friend = Elizabeth   ;;Elizabeth's enemy = Amber  Elizabeth's friend = Dana   ;;Felicia's enemy = Dana     Felicia's friend = Bryan    
6,L,SemanticApproach.EXTENSIONAL,Representation.ENGLISH,0_L_ecepf2,"Imagine there are six people: Amber, Bryan, Christina, Dana, Elizabeth and Felicia. They have the following relationships to each other:;;;;",;;Here is how to figure out the answer to the following question:;;Who is Amber's parent's enemy?;;;;Here are the steps to arrive at the answer:;;1. Amber's parent = Bryan;;2. Bryan's enemy = Christina;;;;So the answer is Christina;;;;Now answer the following question:;;Who is Dana's friend's parent's enemy's child's enemy? Please answer the question in the same format as the example. End with 'So the answer is [answer]'.,Dana's friend's parent's enemy's child's enemy,Elizabeth,Amber;;Bryan;;Christina;;Dana;;Elizabeth;;Felicia,Amber's enemy = Elizabeth  Amber's friend = Christina  Amber's parent = Bryan          Bryan's child = Amber          ;;Bryan's enemy = Christina  Bryan's friend = Felicia    Dana's parent = Felicia         Christina's child = Elizabeth  ;;Christina's enemy = Bryan  Christina's friend = Amber  Elizabeth's parent = Christina  Felicia's child = Dana         ;;Dana's enemy = Felicia     Dana's friend = Elizabeth   ;;Elizabeth's enemy = Amber  Elizabeth's friend = Dana   ;;Felicia's enemy = Dana     Felicia's friend = Bryan    
6,L,SemanticApproach.EXTENSIONAL,Representation.ENGLISH,0_L_fepee2,"Imagine there are six people: Amber, Bryan, Christina, Dana, Elizabeth and Felicia. They have the following relationships to each other:;;;;",;;Here is how to figure out the answer to the following question:;;Who is Amber's parent's enemy?;;;;Here are the steps to arrive at the answer:;;1. Amber's parent = Bryan;;2. Bryan's enemy = Christina;;;;So the answer is Christina;;;;Now answer the following question:;;Who is Dana's enemy's enemy's parent's enemy's friend? Please answer the question in the same format as the example. End with 'So the answer is [answer]'.,Dana's enemy's enemy's parent's enemy's friend,Elizabeth,Amber;;Bryan;;Christina;;Dana;;Elizabeth;;Felicia,Amber's enemy = Elizabeth  Amber's friend = Christina  Amber's parent = Bryan          Bryan's child = Amber          ;;Bryan's enemy = Christina  Bryan's friend = Felicia    Dana's parent = Felicia         Christina's child = Elizabeth  ;;Christina's enemy = Bryan  Christina's friend = Amber  Elizabeth's parent = Christina  Felicia's child = Dana         ;;Dana's enemy = Felicia     Dana's friend = Elizabeth   ;;Elizabeth's enemy = Amber  Elizabeth's friend = Dana   ;;Felicia's enemy = Dana     Felicia's friend = Bryan    
6,L,SemanticApproach.EXTENSIONAL,Representation.ENGLISH,0_L_ffece2,"Imagine there are six people: Amber, Bryan, Christina, Dana, Elizabeth and Felicia. They have the following relationships to each other:;;;;",;;Here is how to figure out the answer to the following question:;;Who is Amber's parent's enemy?;;;;Here are the steps to arrive at the answer:;;1. Amber's parent = Bryan;;2. Bryan's enemy = Christina;;;;So the answer is Christina;;;;Now answer the following question:;;Who is Dana's enemy's child's enemy's friend's friend? Please answer the question in the same format as the example. End with 'So the answer is [answer]'.,Dana's enemy's child's enemy's friend's friend,Felicia,Amber;;Bryan;;Christina;;Dana;;Elizabeth;;Felicia,Amber's enemy = Elizabeth  Amber's friend = Christina  Amber's parent = Bryan          Bryan's child = Amber          ;;Bryan's enemy = Christina  Bryan's friend = Felicia    Dana's parent = Felicia         Christina's child = Elizabeth  ;;Christina's enemy = Bryan  Christina's friend = Amber  Elizabeth's parent = Christina  Felicia's child = Dana         ;;Dana's enemy = Felicia     Dana's friend = Elizabeth   ;;Elizabeth's enemy = Amber  Elizabeth's friend = Dana   ;;Felicia's enemy = Dana     Felicia's friend = Bryan    
6,L,SemanticApproach.EXTENSIONAL,Representation.ENGLISH,0_L_cfece2,"Imagine there are six people: Amber, Bryan, Christina, Dana, Elizabeth and Felicia. They have the following relationships to each other:;;;;",;;Here is how to figure out the answer to the following question:;;Who is Amber's parent's enemy?;;;;Here are the steps to arrive at the answer:;;1. Amber's parent = Bryan;;2. Bryan's enemy = Christina;;;;So the answer is Christina;;;;Now answer the following question:;;Who is Dana's enemy's child's enemy's friend's child? Please answer the question in the same format as the example. End with 'So the answer is [answer]'.,Dana's enemy's child's enemy's friend's child,Amber,Amber;;Bryan;;Christina;;Dana;;Elizabeth;;Felicia,Amber's enemy = Elizabeth  Amber's friend = Christina  Amber's parent = Bryan          Bryan's child = Amber          ;;Bryan's enemy = Christina  Bryan's friend = Felicia    Dana's parent = Felicia         Christina's child = Elizabeth  ;;Christina's enemy = Bryan  Christina's friend = Amber  Elizabeth's parent = Christina  Felicia's child = Dana         ;;Dana's enemy = Felicia     Dana's friend = Elizabeth   ;;Elizabeth's enemy = Amber  Elizabeth's friend = Dana   ;;Felicia's enemy = Dana     Felicia's friend = Bryan    
6,L,SemanticApproach.EXTENSIONAL,Representation.ENGLISH,0_L_ffpcp2,"Imagine there are six people: Amber, Bryan, Christina, Dana, Elizabeth and Felicia. They have the following relationships to each other:;;;;",;;Here is how to figure out the answer to the following question:;;Who is Amber's parent's enemy?;;;;Here are the steps to arrive at the answer:;;1. Amber's parent = Bryan;;2. Bryan's enemy = Christina;;;;So the answer is Christina;;;;Now answer the following question:;;Who is Dana's parent's child's parent's friend's friend? Please answer the question in the same format as the example. End with 'So the answer is [answer]'.,Dana's parent's child's parent's friend's friend,Felicia,Amber;;Bryan;;Christina;;Dana;;Elizabeth;;Felicia,Amber's enemy = Elizabeth  Amber's friend = Christina  Amber's parent = Bryan          Bryan's child = Amber          ;;Bryan's enemy = Christina  Bryan's friend = Felicia    Dana's parent = Felicia         Christina's child = Elizabeth  ;;Christina's enemy = Bryan  Christina's friend = Amber  Elizabeth's parent = Christina  Felicia's child = Dana         ;;Dana's enemy = Felicia     Dana's friend = Elizabeth   ;;Elizabeth's enemy = Amber  Elizabeth's friend = Dana   ;;Felicia's enemy = Dana     Felicia's friend = Bryan    
6,L,SemanticApproach.EXTENSIONAL,Representation.ENGLISH,0_L_fffff3,"Imagine there are six people: Amber, Bryan, Christina, Dana, Elizabeth and Felicia. They have the following relationships to each other:;;;;",;;Here is how to figure out the answer to the following question:;;Who is Amber's parent's enemy?;;;;Here are the steps to arrive at the answer:;;1. Amber's parent = Bryan;;2. Bryan's enemy = Christina;;;;So the answer is Christina;;;;Now answer the following question:;;Who is Bryan's friend's friend's friend's friend's friend? Please answer the question in the same format as the example. End with 'So the answer is [answer]'.,Bryan's friend's friend's friend's friend's friend,Felicia,Amber;;Bryan;;Christina;;Dana;;Elizabeth;;Felicia,Amber's enemy = Elizabeth  Amber's friend = Christina  Amber's parent = Bryan          Bryan's child = Amber          ;;Bryan's enemy = Christina  Bryan's friend = Felicia    Dana's parent = Felicia         Christina's child = Elizabeth  ;;Christina's enemy = Bryan  Christina's friend = Amber  Elizabeth's parent = Christina  Felicia's child = Dana         ;;Dana's enemy = Felicia     Dana's friend = Elizabeth   ;;Elizabeth's enemy = Amber  Elizabeth's friend = Dana   ;;Felicia's enemy = Dana     Felicia's friend = Bryan    
6,L,SemanticApproach.EXTENSIONAL,Representation.ENGLISH,0_L_ffpef3,"Imagine there are six people: Amber, Bryan, Christina, Dana, Elizabeth and Felicia. They have the following relationships to each other:;;;;",;;Here is how to figure out the answer to the following question:;;Who is Amber's parent's enemy?;;;;Here are the steps to arrive at the answer:;;1. Amber's parent = Bryan;;2. Bryan's enemy = Christina;;;;So the answer is Christina;;;;Now answer the following question:;;Who is Bryan's friend's enemy's parent's friend's friend? Please answer the question in the same format as the example. End with 'So the answer is [answer]'.,Bryan's friend's enemy's parent's friend's friend,Felicia,Amber;;Bryan;;Christina;;Dana;;Elizabeth;;Felicia,Amber's enemy = Elizabeth  Amber's friend = Christina  Amber's parent = Bryan          Bryan's child = Amber          ;;Bryan's enemy = Christina  Bryan's friend = Felicia    Dana's parent = Felicia         Christina's child = Elizabeth  ;;Christina's enemy = Bryan  Christina's friend = Amber  Elizabeth's parent = Christina  Felicia's child = Dana         ;;Dana's enemy = Felicia     Dana's friend = Elizabeth   ;;Elizabeth's enemy = Amber  Elizabeth's friend = Dana   ;;Felicia's enemy = Dana     Felicia's friend = Bryan    
6,L,SemanticApproach.EXTENSIONAL,Representation.ENGLISH,0_L_eepef3,"Imagine there are six people: Amber, Bryan, Christina, Dana, Elizabeth and Felicia. They have the following relationships to each other:;;;;",;;Here is how to figure out the answer to the following question:;;Who is Amber's parent's enemy?;;;;Here are the steps to arrive at the answer:;;1. Amber's parent = Bryan;;2. Bryan's enemy = Christina;;;;So the answer is Christina;;;;Now answer the following question:;;Who is Bryan's friend's enemy's parent's enemy's enemy? Please answer the question in the same format as the example. End with 'So the answer is [answer]'.,Bryan's friend's enemy's parent's enemy's enemy,Felicia,Amber;;Bryan;;Christina;;Dana;;Elizabeth;;Felicia,Amber's enemy = Elizabeth  Amber's friend = Christina  Amber's parent = Bryan          Bryan's child = Amber          ;;Bryan's enemy = Christina  Bryan's friend = Felicia    Dana's parent = Felicia         Christina's child = Elizabeth  ;;Christina's enemy = Bryan  Christina's friend = Amber  Elizabeth's parent = Christina  Felicia's child = Dana         ;;Dana's enemy = Felicia     Dana's friend = Elizabeth   ;;Elizabeth's enemy = Amber  Elizabeth's friend = Dana   ;;Felicia's enemy = Dana     Felicia's friend = Bryan    
6,L,SemanticApproach.EXTENSIONAL,Representation.ENGLISH,0_L_cpfcf3,"Imagine there are six people: Amber, Bryan, Christina, Dana, Elizabeth and Felicia. They have the following relationships to each other:;;;;",;;Here is how to figure out the answer to the following question:;;Who is Amber's parent's enemy?;;;;Here are the steps to arrive at the answer:;;1. Amber's parent = Bryan;;2. Bryan's enemy = Christina;;;;So the answer is Christina;;;;Now answer the following question:;;Who is Bryan's friend's child's friend's parent's child? Please answer the question in the same format as the example. End with 'So the answer is [answer]'.,Bryan's friend's child's friend's parent's child,Elizabeth,Amber;;Bryan;;Christina;;Dana;;Elizabeth;;Felicia,Amber's enemy = Elizabeth  Amber's friend = Christina  Amber's parent = Bryan          Bryan's child = Amber          ;;Bryan's enemy = Christina  Bryan's friend = Felicia    Dana's parent = Felicia         Christina's child = Elizabeth  ;;Christina's enemy = Bryan  Christina's friend = Amber  Elizabeth's parent = Christina  Felicia's child = Dana         ;;Dana's enemy = Felicia     Dana's friend = Elizabeth   ;;Elizabeth's enemy = Amber  Elizabeth's friend = Dana   ;;Felicia's enemy = Dana     Felicia's friend = Bryan    
6,L,SemanticApproach.EXTENSIONAL,Representation.ENGLISH,0_L_ffecf3,"Imagine there are six people: Amber, Bryan, Christina, Dana, Elizabeth and Felicia. They have the following relationships to each other:;;;;",;;Here is how to figure out the answer to the following question:;;Who is Amber's parent's enemy?;;;;Here are the steps to arrive at the answer:;;1. Amber's parent = Bryan;;2. Bryan's enemy = Christina;;;;So the answer is Christina;;;;Now answer the following question:;;Who is Bryan's friend's child's enemy's friend's friend? Please answer the question in the same format as the example. End with 'So the answer is [answer]'.,Bryan's friend's child's enemy's friend's friend,Felicia,Amber;;Bryan;;Christina;;Dana;;Elizabeth;;Felicia,Amber's enemy = Elizabeth  Amber's friend = Christina  Amber's parent = Bryan          Bryan's child = Amber          ;;Bryan's enemy = Christina  Bryan's friend = Felicia    Dana's parent = Felicia         Christina's child = Elizabeth  ;;Christina's enemy = Bryan  Christina's friend = Amber  Elizabeth's parent = Christina  Felicia's child = Dana         ;;Dana's enemy = Felicia     Dana's friend = Elizabeth   ;;Elizabeth's enemy = Amber  Elizabeth's friend = Dana   ;;Felicia's enemy = Dana     Felicia's friend = Bryan    
6,L,SemanticApproach.EXTENSIONAL,Representation.ENGLISH,0_L_pfcfc3,"Imagine there are six people: Amber, Bryan, Christina, Dana, Elizabeth and Felicia. They have the following relationships to each other:;;;;",;;Here is how to figure out the answer to the following question:;;Who is Amber's parent's enemy?;;;;Here are the steps to arrive at the answer:;;1. Amber's parent = Bryan;;2. Bryan's enemy = Christina;;;;So the answer is Christina;;;;Now answer the following question:;;Who is Bryan's child's friend's child's friend's parent? Please answer the question in the same format as the example. End with 'So the answer is [answer]'.,Bryan's child's friend's child's friend's parent,Felicia,Amber;;Bryan;;Christina;;Dana;;Elizabeth;;Felicia,Amber's enemy = Elizabeth  Amber's friend = Christina  Amber's parent = Bryan          Bryan's child = Amber          ;;Bryan's enemy = Christina  Bryan's friend = Felicia    Dana's parent = Felicia         Christina's child = Elizabeth  ;;Christina's enemy = Bryan  Christina's friend = Amber  Elizabeth's parent = Christina  Felicia's child = Dana         ;;Dana's enemy = Felicia     Dana's friend = Elizabeth   ;;Elizabeth's enemy = Amber  Elizabeth's friend = Dana   ;;Felicia's enemy = Dana     Felicia's friend = Bryan    
6,L,SemanticApproach.EXTENSIONAL,Representation.ENGLISH,0_L_peeff4,"Imagine there are six people: Amber, Bryan, Christina, Dana, Elizabeth and Felicia. They have the following relationships to each other:;;;;",;;Here is how to figure out the answer to the following question:;;Who is Amber's parent's enemy?;;;;Here are the steps to arrive at the answer:;;1. Amber's parent = Bryan;;2. Bryan's enemy = Christina;;;;So the answer is Christina;;;;Now answer the following question:;;Who is Elizabeth's friend's friend's enemy's enemy's parent? Please answer the question in the same format as the example. End with 'So the answer is [answer]'.,Elizabeth's friend's friend's enemy's enemy's parent,Christina,Amber;;Bryan;;Christina;;Dana;;Elizabeth;;Felicia,Amber's enemy = Elizabeth  Amber's friend = Christina  Amber's parent = Bryan          Bryan's child = Amber          ;;Bryan's enemy = Christina  Bryan's friend = Felicia    Dana's parent = Felicia         Christina's child = Elizabeth  ;;Christina's enemy = Bryan  Christina's friend = Amber  Elizabeth's parent = Christina  Felicia's child = Dana         ;;Dana's enemy = Felicia     Dana's friend = Elizabeth   ;;Elizabeth's enemy = Amber  Elizabeth's friend = Dana   ;;Felicia's enemy = Dana     Felicia's friend = Bryan    
6,L,SemanticApproach.EXTENSIONAL,Representation.ENGLISH,0_L_eecef4,"Imagine there are six people: Amber, Bryan, Christina, Dana, Elizabeth and Felicia. They have the following relationships to each other:;;;;",;;Here is how to figure out the answer to the following question:;;Who is Amber's parent's enemy?;;;;Here are the steps to arrive at the answer:;;1. Amber's parent = Bryan;;2. Bryan's enemy = Christina;;;;So the answer is Christina;;;;Now answer the following question:;;Who is Elizabeth's friend's enemy's child's enemy's enemy? Please answer the question in the same format as the example. End with 'So the answer is [answer]'.,Elizabeth's friend's enemy's child's enemy's enemy,Dana,Amber;;Bryan;;Christina;;Dana;;Elizabeth;;Felicia,Amber's enemy = Elizabeth  Amber's friend = Christina  Amber's parent = Bryan          Bryan's child = Amber          ;;Bryan's enemy = Christina  Bryan's friend = Felicia    Dana's parent = Felicia         Christina's child = Elizabeth  ;;Christina's enemy = Bryan  Christina's friend = Amber  Elizabeth's parent = Christina  Felicia's child = Dana         ;;Dana's enemy = Felicia     Dana's friend = Elizabeth   ;;Elizabeth's enemy = Amber  Elizabeth's friend = Dana   ;;Felicia's enemy = Dana     Felicia's friend = Bryan    
6,L,SemanticApproach.EXTENSIONAL,Representation.ENGLISH,0_L_fffpf4,"Imagine there are six people: Amber, Bryan, Christina, Dana, Elizabeth and Felicia. They have the following relationships to each other:;;;;",;;Here is how to figure out the answer to the following question:;;Who is Amber's parent's enemy?;;;;Here are the steps to arrive at the answer:;;1. Amber's parent = Bryan;;2. Bryan's enemy = Christina;;;;So the answer is Christina;;;;Now answer the following question:;;Who is Elizabeth's friend's parent's friend's friend's friend? Please answer the question in the same format as the example. End with 'So the answer is [answer]'.,Elizabeth's friend's parent's friend's friend's friend,Bryan,Amber;;Bryan;;Christina;;Dana;;Elizabeth;;Felicia,Amber's enemy = Elizabeth  Amber's friend = Christina  Amber's parent = Bryan          Bryan's child = Amber          ;;Bryan's enemy = Christina  Bryan's friend = Felicia    Dana's parent = Felicia         Christina's child = Elizabeth  ;;Christina's enemy = Bryan  Christina's friend = Amber  Elizabeth's parent = Christina  Felicia's child = Dana         ;;Dana's enemy = Felicia     Dana's friend = Elizabeth   ;;Elizabeth's enemy = Amber  Elizabeth's friend = Dana   ;;Felicia's enemy = Dana     Felicia's friend = Bryan    
6,L,SemanticApproach.EXTENSIONAL,Representation.ENGLISH,0_L_effcp4,"Imagine there are six people: Amber, Bryan, Christina, Dana, Elizabeth and Felicia. They have the following relationships to each other:;;;;",;;Here is how to figure out the answer to the following question:;;Who is Amber's parent's enemy?;;;;Here are the steps to arrive at the answer:;;1. Amber's parent = Bryan;;2. Bryan's enemy = Christina;;;;So the answer is Christina;;;;Now answer the following question:;;Who is Elizabeth's parent's child's friend's friend's enemy? Please answer the question in the same format as the example. End with 'So the answer is [answer]'.,Elizabeth's parent's child's friend's friend's enemy,Amber,Amber;;Bryan;;Christina;;Dana;;Elizabeth;;Felicia,Amber's enemy = Elizabeth  Amber's friend = Christina  Amber's parent = Bryan          Bryan's child = Amber          ;;Bryan's enemy = Christina  Bryan's friend = Felicia    Dana's parent = Felicia         Christina's child = Elizabeth  ;;Christina's enemy = Bryan  Christina's friend = Amber  Elizabeth's parent = Christina  Felicia's child = Dana         ;;Dana's enemy = Felicia     Dana's friend = Elizabeth   ;;Elizabeth's enemy = Amber  Elizabeth's friend = Dana   ;;Felicia's enemy = Dana     Felicia's friend = Bryan    
6,L,SemanticApproach.EXTENSIONAL,Representation.ENGLISH,0_L_efecp4,"Imagine there are six people: Amber, Bryan, Christina, Dana, Elizabeth and Felicia. They have the following relationships to each other:;;;;",;;Here is how to figure out the answer to the following question:;;Who is Amber's parent's enemy?;;;;Here are the steps to arrive at the answer:;;1. Amber's parent = Bryan;;2. Bryan's enemy = Christina;;;;So the answer is Christina;;;;Now answer the following question:;;Who is Elizabeth's parent's child's enemy's friend's enemy? Please answer the question in the same format as the example. End with 'So the answer is [answer]'.,Elizabeth's parent's child's enemy's friend's enemy,Bryan,Amber;;Bryan;;Christina;;Dana;;Elizabeth;;Felicia,Amber's enemy = Elizabeth  Amber's friend = Christina  Amber's parent = Bryan          Bryan's child = Amber          ;;Bryan's enemy = Christina  Bryan's friend = Felicia    Dana's parent = Felicia         Christina's child = Elizabeth  ;;Christina's enemy = Bryan  Christina's friend = Amber  Elizabeth's parent = Christina  Felicia's child = Dana         ;;Dana's enemy = Felicia     Dana's friend = Elizabeth   ;;Elizabeth's enemy = Amber  Elizabeth's friend = Dana   ;;Felicia's enemy = Dana     Felicia's friend = Bryan    
6,L,SemanticApproach.EXTENSIONAL,Representation.ENGLISH,0_L_efcff5,"Imagine there are six people: Amber, Bryan, Christina, Dana, Elizabeth and Felicia. They have the following relationships to each other:;;;;",;;Here is how to figure out the answer to the following question:;;Who is Amber's parent's enemy?;;;;Here are the steps to arrive at the answer:;;1. Amber's parent = Bryan;;2. Bryan's enemy = Christina;;;;So the answer is Christina;;;;Now answer the following question:;;Who is Felicia's friend's friend's child's friend's enemy? Please answer the question in the same format as the example. End with 'So the answer is [answer]'.,Felicia's friend's friend's child's friend's enemy,Amber,Amber;;Bryan;;Christina;;Dana;;Elizabeth;;Felicia,Amber's enemy = Elizabeth  Amber's friend = Christina  Amber's parent = Bryan          Bryan's child = Amber          ;;Bryan's enemy = Christina  Bryan's friend = Felicia    Dana's parent = Felicia         Christina's child = Elizabeth  ;;Christina's enemy = Bryan  Christina's friend = Amber  Elizabeth's parent = Christina  Felicia's child = Dana         ;;Dana's enemy = Felicia     Dana's friend = Elizabeth   ;;Elizabeth's enemy = Amber  Elizabeth's friend = Dana   ;;Felicia's enemy = Dana     Felicia's friend = Bryan    
6,L,SemanticApproach.EXTENSIONAL,Representation.ENGLISH,0_L_fpcff5,"Imagine there are six people: Amber, Bryan, Christina, Dana, Elizabeth and Felicia. They have the following relationships to each other:;;;;",;;Here is how to figure out the answer to the following question:;;Who is Amber's parent's enemy?;;;;Here are the steps to arrive at the answer:;;1. Amber's parent = Bryan;;2. Bryan's enemy = Christina;;;;So the answer is Christina;;;;Now answer the following question:;;Who is Felicia's friend's friend's child's parent's friend? Please answer the question in the same format as the example. End with 'So the answer is [answer]'.,Felicia's friend's friend's child's parent's friend,Bryan,Amber;;Bryan;;Christina;;Dana;;Elizabeth;;Felicia,Amber's enemy = Elizabeth  Amber's friend = Christina  Amber's parent = Bryan          Bryan's child = Amber          ;;Bryan's enemy = Christina  Bryan's friend = Felicia    Dana's parent = Felicia         Christina's child = Elizabeth  ;;Christina's enemy = Bryan  Christina's friend = Amber  Elizabeth's parent = Christina  Felicia's child = Dana         ;;Dana's enemy = Felicia     Dana's friend = Elizabeth   ;;Elizabeth's enemy = Amber  Elizabeth's friend = Dana   ;;Felicia's enemy = Dana     Felicia's friend = Bryan    
6,L,SemanticApproach.EXTENSIONAL,Representation.ENGLISH,0_L_efffe5,"Imagine there are six people: Amber, Bryan, Christina, Dana, Elizabeth and Felicia. They have the following relationships to each other:;;;;",;;Here is how to figure out the answer to the following question:;;Who is Amber's parent's enemy?;;;;Here are the steps to arrive at the answer:;;1. Amber's parent = Bryan;;2. Bryan's enemy = Christina;;;;So the answer is Christina;;;;Now answer the following question:;;Who is Felicia's enemy's friend's friend's friend's enemy? Please answer the question in the same format as the example. End with 'So the answer is [answer]'.,Felicia's enemy's friend's friend's friend's enemy,Amber,Amber;;Bryan;;Christina;;Dana;;Elizabeth;;Felicia,Amber's enemy = Elizabeth  Amber's friend = Christina  Amber's parent = Bryan          Bryan's child = Amber          ;;Bryan's enemy = Christina  Bryan's friend = Felicia    Dana's parent = Felicia         Christina's child = Elizabeth  ;;Christina's enemy = Bryan  Christina's friend = Amber  Elizabeth's parent = Christina  Felicia's child = Dana         ;;Dana's enemy = Felicia     Dana's friend = Elizabeth   ;;Elizabeth's enemy = Amber  Elizabeth's friend = Dana   ;;Felicia's enemy = Dana     Felicia's friend = Bryan    
6,L,SemanticApproach.EXTENSIONAL,Representation.ENGLISH,0_L_ffpfe5,"Imagine there are six people: Amber, Bryan, Christina, Dana, Elizabeth and Felicia. They have the following relationships to each other:;;;;",;;Here is how to figure out the answer to the following question:;;Who is Amber's parent's enemy?;;;;Here are the steps to arrive at the answer:;;1. Amber's parent = Bryan;;2. Bryan's enemy = Christina;;;;So the answer is Christina;;;;Now answer the following question:;;Who is Felicia's enemy's friend's parent's friend's friend? Please answer the question in the same format as the example. End with 'So the answer is [answer]'.,Felicia's enemy's friend's parent's friend's friend,Christina,Amber;;Bryan;;Christina;;Dana;;Elizabeth;;Felicia,Amber's enemy = Elizabeth  Amber's friend = Christina  Amber's parent = Bryan          Bryan's child = Amber          ;;Bryan's enemy = Christina  Bryan's friend = Felicia    Dana's parent = Felicia         Christina's child = Elizabeth  ;;Christina's enemy = Bryan  Christina's friend = Amber  Elizabeth's parent = Christina  Felicia's child = Dana         ;;Dana's enemy = Felicia     Dana's friend = Elizabeth   ;;Elizabeth's enemy = Amber  Elizabeth's friend = Dana   ;;Felicia's enemy = Dana     Felicia's friend = Bryan    
6,L,SemanticApproach.EXTENSIONAL,Representation.ENGLISH,0_L_cpcee5,"Imagine there are six people: Amber, Bryan, Christina, Dana, Elizabeth and Felicia. They have the following relationships to each other:;;;;",;;Here is how to figure out the answer to the following question:;;Who is Amber's parent's enemy?;;;;Here are the steps to arrive at the answer:;;1. Amber's parent = Bryan;;2. Bryan's enemy = Christina;;;;So the answer is Christina;;;;Now answer the following question:;;Who is Felicia's enemy's enemy's child's parent's child? Please answer the question in the same format as the example. End with 'So the answer is [answer]'.,Felicia's enemy's enemy's child's parent's child,Dana,Amber;;Bryan;;Christina;;Dana;;Elizabeth;;Felicia,Amber's enemy = Elizabeth  Amber's friend = Christina  Amber's parent = Bryan          Bryan's child = Amber          ;;Bryan's enemy = Christina  Bryan's friend = Felicia    Dana's parent = Felicia         Christina's child = Elizabeth  ;;Christina's enemy = Bryan  Christina's friend = Amber  Elizabeth's parent = Christina  Felicia's child = Dana         ;;Dana's enemy = Felicia     Dana's friend = Elizabeth   ;;Elizabeth's enemy = Amber  Elizabeth's friend = Dana   ;;Felicia's enemy = Dana     Felicia's friend = Bryan    
6,L,SemanticApproach.EXTENSIONAL,Representation.ENGLISH,0_L_ffpfc5,"Imagine there are six people: Amber, Bryan, Christina, Dana, Elizabeth and Felicia. They have the following relationships to each other:;;;;",;;Here is how to figure out the answer to the following question:;;Who is Amber's parent's enemy?;;;;Here are the steps to arrive at the answer:;;1. Amber's parent = Bryan;;2. Bryan's enemy = Christina;;;;So the answer is Christina;;;;Now answer the following question:;;Who is Felicia's child's friend's parent's friend's friend? Please answer the question in the same format as the example. End with 'So the answer is [answer]'.,Felicia's child's friend's parent's friend's friend,Christina,Amber;;Bryan;;Christina;;Dana;;Elizabeth;;Felicia,Amber's enemy = Elizabeth  Amber's friend = Christina  Amber's parent = Bryan          Bryan's child = Amber          ;;Bryan's enemy = Christina  Bryan's friend = Felicia    Dana's parent = Felicia         Christina's child = Elizabeth  ;;Christina's enemy = Bryan  Christina's friend = Amber  Elizabeth's parent = Christina  Felicia's child = Dana         ;;Dana's enemy = Felicia     Dana's friend = Elizabeth   ;;Elizabeth's enemy = Amber  Elizabeth's friend = Dana   ;;Felicia's enemy = Dana     Felicia's friend = Bryan    
6,L,SemanticApproach.EXTENSIONAL,Representation.ENGLISH,0_L_pcpfc5,"Imagine there are six people: Amber, Bryan, Christina, Dana, Elizabeth and Felicia. They have the following relationships to each other:;;;;",;;Here is how to figure out the answer to the following question:;;Who is Amber's parent's enemy?;;;;Here are the steps to arrive at the answer:;;1. Amber's parent = Bryan;;2. Bryan's enemy = Christina;;;;So the answer is Christina;;;;Now answer the following question:;;Who is Felicia's child's friend's parent's child's parent? Please answer the question in the same format as the example. End with 'So the answer is [answer]'.,Felicia's child's friend's parent's child's parent,Christina,Amber;;Bryan;;Christina;;Dana;;Elizabeth;;Felicia,Amber's enemy = Elizabeth  Amber's friend = Christina  Amber's parent = Bryan          Bryan's child = Amber          ;;Bryan's enemy = Christina  Bryan's friend = Felicia    Dana's parent = Felicia         Christina's child = Elizabeth  ;;Christina's enemy = Bryan  Christina's friend = Amber  Elizabeth's parent = Christina  Felicia's child = Dana         ;;Dana's enemy = Felicia     Dana's friend = Elizabeth   ;;Elizabeth's enemy = Amber  Elizabeth's friend = Dana   ;;Felicia's enemy = Dana     Felicia's friend = Bryan    
6,L,SemanticApproach.EXTENSIONAL,Representation.ENGLISH,0_L_eecpc5,"Imagine there are six people: Amber, Bryan, Christina, Dana, Elizabeth and Felicia. They have the following relationships to each other:;;;;",;;Here is how to figure out the answer to the following question:;;Who is Amber's parent's enemy?;;;;Here are the steps to arrive at the answer:;;1. Amber's parent = Bryan;;2. Bryan's enemy = Christina;;;;So the answer is Christina;;;;Now answer the following question:;;Who is Felicia's child's parent's child's enemy's enemy? Please answer the question in the same format as the example. End with 'So the answer is [answer]'.,Felicia's child's parent's child's enemy's enemy,Dana,Amber;;Bryan;;Christina;;Dana;;Elizabeth;;Felicia,Amber's enemy = Elizabeth  Amber's friend = Christina  Amber's parent = Bryan          Bryan's child = Amber          ;;Bryan's enemy = Christina  Bryan's friend = Felicia    Dana's parent = Felicia         Christina's child = Elizabeth  ;;Christina's enemy = Bryan  Christina's friend = Amber  Elizabeth's parent = Christina  Felicia's child = Dana         ;;Dana's enemy = Felicia     Dana's friend = Elizabeth   ;;Elizabeth's enemy = Amber  Elizabeth's friend = Dana   ;;Felicia's enemy = Dana     Felicia's friend = Bryan    
