Results_RT,MD5_hash_of_IP_address,Controller_name,Order_number_of_item,Inner_element_number,Label,Latin_Square_Group,PennElementType,PennElementName,Parameter,ParticipantAnswer,Eventtime,item,Complexity,Branching,Approach,Representation,Question,RT,Group,questionId,Comment,V2,consent,country,country_specified,education,gender,representation,representation_specified,study,Relation_Count,Answer,Experiment,education_specified,study_specified,Correct,Correct_forgiving,Model_variant,Reasoning
1749028253,edb0c5b54fbc496e2415c37bda4d4b49,PennController,12,0,experiment,NULL,DropDown,answer,Selected,Elizabeth,1749027609113.0,125,4,L,Extensional,English,Amber's friend's friend's enemy,1749027495855,13,0_L_eff1,4,edb0c5b54fbc496e2415c37bda4d4b49,yes,netherlands,,other,Male,other,Turkish,ai,4,Elizabeth,exp1,,,True,True,human,False
1749028253,edb0c5b54fbc496e2415c37bda4d4b49,PennController,16,0,experiment,NULL,DropDown,answer,Selected,Felicia,1749027658307.0,50,4,R,Extensional,English,the enemy of the enemy of the enemy of Dana,1749027609720,13,0_R_eee2,5,edb0c5b54fbc496e2415c37bda4d4b49,yes,netherlands,,other,Male,other,Turkish,ai,4,Felicia,exp1,,,True,True,human,False
1749028253,edb0c5b54fbc496e2415c37bda4d4b49,PennController,4,0,experiment,NULL,DropDown,answer,Selected,Amber,1749027673686.0,87,3,L,Extensional,English,Amber's friend's friend,1749027659168,13,0_L_ff1,0,edb0c5b54fbc496e2415c37bda4d4b49,yes,netherlands,,other,Male,other,Turkish,ai,3,Amber,exp1,,,True,True,human,False
1749028253,edb0c5b54fbc496e2415c37bda4d4b49,PennController,11,0,experiment,NULL,DropDown,answer,Selected,s,1749027725946.0,122,4,L,Extensional,Abstract,Christina's enemy's friend's child,1749027674039,13,0_L_cfe0,2,edb0c5b54fbc496e2415c37bda4d4b49,yes,netherlands,,other,Male,other,Turkish,ai,4,s,exp1,,,True,True,human,False
1749028253,edb0c5b54fbc496e2415c37bda4d4b49,PennController,18,0,experiment,NULL,TextInput,answer,Final,enemy(friend(enemy(christine))),1749027780770.0,41,4,R,Intensional,English,the enemy of the friend of the enemy of Christina,1749027726762,13,0_R_efe0,NULL,edb0c5b54fbc496e2415c37bda4d4b49,yes,netherlands,,other,Male,other,Turkish,ai,4,enemy(friend(enemy(christina))),exp1,,,False,False,human,False
1749028253,edb0c5b54fbc496e2415c37bda4d4b49,PennController,9,0,experiment,NULL,TextInput,answer,Final,w(s(t)),1749027908783.0,22,3,R,Intensional,Abstract,the enemy of the friend of Bryan,1749027780772,13,0_R_ef3,NULL,edb0c5b54fbc496e2415c37bda4d4b49,yes,netherlands,,other,Male,other,Turkish,ai,3,w(s(t)),exp1,,,True,True,human,False
1749028253,edb0c5b54fbc496e2415c37bda4d4b49,PennController,13,0,experiment,NULL,TextInput,answer,Final,w(t(s(q))),1749027958398.0,152,4,L,Intensional,Abstract,Felicia's friend's child's enemy,1749027908785,13,0_L_ecf5,NULL,edb0c5b54fbc496e2415c37bda4d4b49,yes,netherlands,,other,Male,other,Turkish,ai,4,w(t(s(q))),exp1,,,True,True,human,False
1749028253,edb0c5b54fbc496e2415c37bda4d4b49,PennController,8,0,experiment,NULL,DropDown,answer,Selected,Christina,1749027981947.0,11,3,R,Extensional,English,the parent of the enemy of Amber,1749027958400,13,0_R_pe1,2,edb0c5b54fbc496e2415c37bda4d4b49,yes,netherlands,,other,Male,other,Turkish,ai,3,Christina,exp1,,,True,True,human,False
1749028253,edb0c5b54fbc496e2415c37bda4d4b49,PennController,15,0,experiment,NULL,DropDown,answer,Selected,h,1749028016161.0,65,4,R,Extensional,Abstract,the friend of the friend of the enemy of Elizabeth,1749027982515,13,0_R_ffe4,0,edb0c5b54fbc496e2415c37bda4d4b49,yes,netherlands,,other,Male,other,Turkish,ai,4,h,exp1,,,True,True,human,False
1749028253,edb0c5b54fbc496e2415c37bda4d4b49,PennController,14,0,experiment,NULL,TextInput,answer,Final,child(parent(child(felicia))),1749028064894.0,160,4,L,Intensional,English,Felicia's child's parent's child,1749028016651,13,0_L_cpc5,NULL,edb0c5b54fbc496e2415c37bda4d4b49,yes,netherlands,,other,Male,other,Turkish,ai,4,child(parent(child(felicia))),exp1,,,True,True,human,False
1749028253,edb0c5b54fbc496e2415c37bda4d4b49,PennController,5,0,experiment,NULL,TextInput,answer,Final,w(w(q)),1749028108823.0,116,3,L,Intensional,Abstract,Felicia's enemy's enemy,1749028064896,13,0_L_ee5,NULL,edb0c5b54fbc496e2415c37bda4d4b49,yes,netherlands,,other,Male,other,Turkish,ai,3,w(w(q)),exp1,,,True,True,human,False
1749028253,edb0c5b54fbc496e2415c37bda4d4b49,PennController,7,0,experiment,NULL,DropDown,answer,Selected,q,1749028158507.0,5,3,R,Extensional,Abstract,the enemy of the child of Christina,1749028126331,13,0_R_ec0,1,edb0c5b54fbc496e2415c37bda4d4b49,yes,netherlands,,other,Male,other,Turkish,ai,3,h,exp1,,,False,False,human,False
1749028253,edb0c5b54fbc496e2415c37bda4d4b49,PennController,6,0,experiment,NULL,TextInput,answer,Final,enemy(friend(dana)),1749028191068.0,93,3,L,Intensional,English,Dana's friend's enemy,1749028159024,13,0_L_ef2,NULL,edb0c5b54fbc496e2415c37bda4d4b49,yes,netherlands,,other,Male,other,Turkish,ai,3,enemy(friend(dana)),exp1,,,True,True,human,False
1749028253,edb0c5b54fbc496e2415c37bda4d4b49,PennController,10,0,experiment,NULL,TextInput,answer,Final,child(enemy(christina)),1749028220450.0,3,3,R,Intensional,English,the child of the enemy of Christina,1749028191070,13,0_R_ce0,NULL,edb0c5b54fbc496e2415c37bda4d4b49,yes,netherlands,,other,Male,other,Turkish,ai,3,child(enemy(christina)),exp1,,,True,True,human,False
1749028253,edb0c5b54fbc496e2415c37bda4d4b49,PennController,17,0,experiment,NULL,TextInput,answer,Final,t(s(k(s))),1749028253086.0,53,4,R,Intensional,Abstract,the child of the friend of the parent of Dana,1749028220453,13,0_R_cfp2,NULL,edb0c5b54fbc496e2415c37bda4d4b49,yes,netherlands,,other,Male,other,Turkish,ai,4,t(s(k(s))),exp1,,,True,True,human,False
1749028253,edb0c5b54fbc496e2415c37bda4d4b49,PennController,3,0,experiment,NULL,DropDown,answer,Selected,answer,,81,3,L,Extensional,Abstract,Christina's friend's enemy,1749028108826,13,0_L_ef0,Default,edb0c5b54fbc496e2415c37bda4d4b49,yes,netherlands,,other,Male,other,Turkish,ai,3,v,exp1,,,False,False,human,False
1749028578,d4d0400864911f9bc3e343cc1707edf2,PennController,15,0,experiment,NULL,DropDown,answer,Selected,q,1749028013193.0,65,4,R,Extensional,Abstract,the friend of the friend of the enemy of Elizabeth,1749027920863,13,0_R_ffe4,1,d4d0400864911f9bc3e343cc1707edf2,yes,other,Germany,master,Female,other,German,ai,4,h,exp1,,,False,False,human,False
1749028578,d4d0400864911f9bc3e343cc1707edf2,PennController,12,0,experiment,NULL,DropDown,answer,Selected,Elizabeth,1749028062993.0,125,4,L,Extensional,English,Amber's friend's friend's enemy,1749028014420,13,0_L_eff1,4,d4d0400864911f9bc3e343cc1707edf2,yes,other,Germany,master,Female,other,German,ai,4,Elizabeth,exp1,,,True,True,human,False
1749028578,d4d0400864911f9bc3e343cc1707edf2,PennController,17,0,experiment,NULL,TextInput,answer,Final,t(s(k(s))),1749028279114.0,53,4,R,Intensional,Abstract,the child of the friend of the parent of Dana,1749028064241,13,0_R_cfp2,NULL,d4d0400864911f9bc3e343cc1707edf2,yes,other,Germany,master,Female,other,German,ai,4,t(s(k(s))),exp1,,,True,True,human,False
1749028578,d4d0400864911f9bc3e343cc1707edf2,PennController,4,0,experiment,NULL,DropDown,answer,Selected,Amber,1749028292252.0,87,3,L,Extensional,English,Amber's friend's friend,1749028279115,13,0_L_ff1,0,d4d0400864911f9bc3e343cc1707edf2,yes,other,Germany,master,Female,other,German,ai,3,Amber,exp1,,,True,True,human,False
1749028578,d4d0400864911f9bc3e343cc1707edf2,PennController,5,0,experiment,NULL,TextInput,answer,Final,w(w(q)),1749028315358.0,116,3,L,Intensional,Abstract,Felicia's enemy's enemy,1749028292942,13,0_L_ee5,NULL,d4d0400864911f9bc3e343cc1707edf2,yes,other,Germany,master,Female,other,German,ai,3,w(w(q)),exp1,,,True,True,human,False
1749028578,d4d0400864911f9bc3e343cc1707edf2,PennController,8,0,experiment,NULL,DropDown,answer,Selected,Christina,1749028328014.0,11,3,R,Extensional,English,the parent of the enemy of Amber,1749028315359,13,0_R_pe1,2,d4d0400864911f9bc3e343cc1707edf2,yes,other,Germany,master,Female,other,German,ai,3,Christina,exp1,,,True,True,human,False
1749028578,d4d0400864911f9bc3e343cc1707edf2,PennController,14,0,experiment,NULL,TextInput,answer,Final,child(parent(child(felicia))),1749028379722.0,160,4,L,Intensional,English,Felicia's child's parent's child,1749028328957,13,0_L_cpc5,NULL,d4d0400864911f9bc3e343cc1707edf2,yes,other,Germany,master,Female,other,German,ai,4,child(parent(child(felicia))),exp1,,,True,True,human,False
1749028578,d4d0400864911f9bc3e343cc1707edf2,PennController,3,0,experiment,NULL,DropDown,answer,Selected,v,1749028395051.0,81,3,L,Extensional,Abstract,Christina's friend's enemy,1749028379723,13,0_L_ef0,4,d4d0400864911f9bc3e343cc1707edf2,yes,other,Germany,master,Female,other,German,ai,3,v,exp1,,,True,True,human,False
1749028578,d4d0400864911f9bc3e343cc1707edf2,PennController,13,0,experiment,NULL,TextInput,answer,Final,w(t(s(q))),1749028437043.0,152,4,L,Intensional,Abstract,Felicia's friend's child's enemy,1749028396105,13,0_L_ecf5,NULL,d4d0400864911f9bc3e343cc1707edf2,yes,other,Germany,master,Female,other,German,ai,4,w(t(s(q))),exp1,,,True,True,human,False
1749028578,d4d0400864911f9bc3e343cc1707edf2,PennController,18,0,experiment,NULL,TextInput,answer,Final,enemy(friend(enemy(christina))),1749028467888.0,41,4,R,Intensional,English,the enemy of the friend of the enemy of Christina,1749028437045,13,0_R_efe0,NULL,d4d0400864911f9bc3e343cc1707edf2,yes,other,Germany,master,Female,other,German,ai,4,enemy(friend(enemy(christina))),exp1,,,True,True,human,False
1749028578,d4d0400864911f9bc3e343cc1707edf2,PennController,11,0,experiment,NULL,DropDown,answer,Selected,s,1749028489330.0,122,4,L,Extensional,Abstract,Christina's enemy's friend's child,1749028467889,13,0_L_cfe0,2,d4d0400864911f9bc3e343cc1707edf2,yes,other,Germany,master,Female,other,German,ai,4,s,exp1,,,True,True,human,False
1749028578,d4d0400864911f9bc3e343cc1707edf2,PennController,9,0,experiment,NULL,TextInput,answer,Final,w(s(t)),1749028506321.0,22,3,R,Intensional,Abstract,the enemy of the friend of Bryan,1749028490384,13,0_R_ef3,NULL,d4d0400864911f9bc3e343cc1707edf2,yes,other,Germany,master,Female,other,German,ai,3,w(s(t)),exp1,,,True,True,human,False
1749028578,d4d0400864911f9bc3e343cc1707edf2,PennController,10,0,experiment,NULL,TextInput,answer,Final,child(enemy(christina)),1749028523054.0,3,3,R,Intensional,English,the child of the enemy of Christina,1749028506322,13,0_R_ce0,NULL,d4d0400864911f9bc3e343cc1707edf2,yes,other,Germany,master,Female,other,German,ai,3,child(enemy(christina)),exp1,,,True,True,human,False
1749028578,d4d0400864911f9bc3e343cc1707edf2,PennController,16,0,experiment,NULL,DropDown,answer,Selected,Felicia,1749028541409.0,50,4,R,Extensional,English,the enemy of the enemy of the enemy of Dana,1749028523055,13,0_R_eee2,5,d4d0400864911f9bc3e343cc1707edf2,yes,other,Germany,master,Female,other,German,ai,4,Felicia,exp1,,,True,True,human,False
1749028578,d4d0400864911f9bc3e343cc1707edf2,PennController,7,0,experiment,NULL,DropDown,answer,Selected,h,1749028563323.0,5,3,R,Extensional,Abstract,the enemy of the child of Christina,1749028542762,13,0_R_ec0,0,d4d0400864911f9bc3e343cc1707edf2,yes,other,Germany,master,Female,other,German,ai,3,h,exp1,,,True,True,human,False
1749028578,d4d0400864911f9bc3e343cc1707edf2,PennController,6,0,experiment,NULL,TextInput,answer,Final,enemy(friend(dana)),1749028578063.0,93,3,L,Intensional,English,Dana's friend's enemy,1749028564055,13,0_L_ef2,NULL,d4d0400864911f9bc3e343cc1707edf2,yes,other,Germany,master,Female,other,German,ai,3,enemy(friend(dana)),exp1,,,True,True,human,False
1749028694,ac907c4287185baffa4ef07a20c76e2b,PennController,4,0,experiment,NULL,DropDown,answer,Selected,Amber,1749027463451.0,87,3,L,Extensional,English,Amber's friend's friend,1749027405434,13,0_L_ff1,0,ac907c4287185baffa4ef07a20c76e2b,yes,other,England,bachelor,Female,english,,ai,3,Amber,exp1,,,True,True,human,False
1749028694,ac907c4287185baffa4ef07a20c76e2b,PennController,6,0,experiment,NULL,TextInput,answer,Final,enemy(friend(Dana)),1749027597090.0,93,3,L,Intensional,English,Dana's friend's enemy,1749027463860,13,0_L_ef2,NULL,ac907c4287185baffa4ef07a20c76e2b,yes,other,England,bachelor,Female,english,,ai,3,enemy(friend(dana)),exp1,,,False,True,human,False
1749028694,ac907c4287185baffa4ef07a20c76e2b,PennController,17,0,experiment,NULL,TextInput,answer,Final,t(s(k(s))),1749027819354.0,53,4,R,Intensional,Abstract,the child of the friend of the parent of Dana,1749027597092,13,0_R_cfp2,NULL,ac907c4287185baffa4ef07a20c76e2b,yes,other,England,bachelor,Female,english,,ai,4,t(s(k(s))),exp1,,,True,True,human,False
1749028694,ac907c4287185baffa4ef07a20c76e2b,PennController,18,0,experiment,NULL,TextInput,answer,Final,enemy(friend(enemy(Christina))),1749027883595.0,41,4,R,Intensional,English,the enemy of the friend of the enemy of Christina,1749027819356,13,0_R_efe0,NULL,ac907c4287185baffa4ef07a20c76e2b,yes,other,England,bachelor,Female,english,,ai,4,enemy(friend(enemy(christina))),exp1,,,False,True,human,False
1749028694,ac907c4287185baffa4ef07a20c76e2b,PennController,10,0,experiment,NULL,TextInput,answer,Final,child(enemy(Christina))),1749027914603.0,3,3,R,Intensional,English,the child of the enemy of Christina,1749027883596,13,0_R_ce0,NULL,ac907c4287185baffa4ef07a20c76e2b,yes,other,England,bachelor,Female,english,,ai,3,child(enemy(christina)),exp1,,,False,True,human,False
1749028694,ac907c4287185baffa4ef07a20c76e2b,PennController,7,0,experiment,NULL,DropDown,answer,Selected,h,1749027957876.0,5,3,R,Extensional,Abstract,the enemy of the child of Christina,1749027914604,13,0_R_ec0,0,ac907c4287185baffa4ef07a20c76e2b,yes,other,England,bachelor,Female,english,,ai,3,h,exp1,,,True,True,human,False
1749028694,ac907c4287185baffa4ef07a20c76e2b,PennController,5,0,experiment,NULL,TextInput,answer,Final,w(w(q)),1749028028523.0,116,3,L,Intensional,Abstract,Felicia's enemy's enemy,1749027958220,13,0_L_ee5,NULL,ac907c4287185baffa4ef07a20c76e2b,yes,other,England,bachelor,Female,english,,ai,3,w(w(q)),exp1,,,True,True,human,False
1749028694,ac907c4287185baffa4ef07a20c76e2b,PennController,3,0,experiment,NULL,DropDown,answer,Selected,v,1749028062147.0,81,3,L,Extensional,Abstract,Christina's friend's enemy,1749028028524,13,0_L_ef0,4,ac907c4287185baffa4ef07a20c76e2b,yes,other,England,bachelor,Female,english,,ai,3,v,exp1,,,True,True,human,False
1749028694,ac907c4287185baffa4ef07a20c76e2b,PennController,8,0,experiment,NULL,DropDown,answer,Selected,Christina,1749028090899.0,11,3,R,Extensional,English,the parent of the enemy of Amber,1749028062757,13,0_R_pe1,2,ac907c4287185baffa4ef07a20c76e2b,yes,other,England,bachelor,Female,english,,ai,3,Christina,exp1,,,True,True,human,False
1749028694,ac907c4287185baffa4ef07a20c76e2b,PennController,15,0,experiment,NULL,DropDown,answer,Selected,h,1749028133668.0,65,4,R,Extensional,Abstract,the friend of the friend of the enemy of Elizabeth,1749028091420,13,0_R_ffe4,0,ac907c4287185baffa4ef07a20c76e2b,yes,other,England,bachelor,Female,english,,ai,4,h,exp1,,,True,True,human,False
1749028694,ac907c4287185baffa4ef07a20c76e2b,PennController,9,0,experiment,NULL,TextInput,answer,Final,w(s(t),1749028210076.0,22,3,R,Intensional,Abstract,the enemy of the friend of Bryan,1749028155829,13,0_R_ef3,NULL,ac907c4287185baffa4ef07a20c76e2b,yes,other,England,bachelor,Female,english,,ai,3,w(s(t)),exp1,,,False,True,human,False
1749028694,ac907c4287185baffa4ef07a20c76e2b,PennController,13,0,experiment,NULL,TextInput,answer,Final,w(t(s(q))),1749028507796.0,152,4,L,Intensional,Abstract,Felicia's friend's child's enemy,1749028210077,13,0_L_ecf5,NULL,ac907c4287185baffa4ef07a20c76e2b,yes,other,England,bachelor,Female,english,,ai,4,w(t(s(q))),exp1,,,True,True,human,False
1749028694,ac907c4287185baffa4ef07a20c76e2b,PennController,14,0,experiment,NULL,TextInput,answer,Final,child(parent(child(Felicia))),1749028614308.0,160,4,L,Intensional,English,Felicia's child's parent's child,1749028507797,13,0_L_cpc5,NULL,ac907c4287185baffa4ef07a20c76e2b,yes,other,England,bachelor,Female,english,,ai,4,child(parent(child(felicia))),exp1,,,False,True,human,False
1749028694,ac907c4287185baffa4ef07a20c76e2b,PennController,12,0,experiment,NULL,DropDown,answer,Selected,Elizabeth,1749028641773.0,125,4,L,Extensional,English,Amber's friend's friend's enemy,1749028614310,13,0_L_eff1,4,ac907c4287185baffa4ef07a20c76e2b,yes,other,England,bachelor,Female,english,,ai,4,Elizabeth,exp1,,,True,True,human,False
1749028694,ac907c4287185baffa4ef07a20c76e2b,PennController,11,0,experiment,NULL,DropDown,answer,Selected,s,1749028671677.0,122,4,L,Extensional,Abstract,Christina's enemy's friend's child,1749028643278,13,0_L_cfe0,2,ac907c4287185baffa4ef07a20c76e2b,yes,other,England,bachelor,Female,english,,ai,4,s,exp1,,,True,True,human,False
1749028694,ac907c4287185baffa4ef07a20c76e2b,PennController,16,0,experiment,NULL,DropDown,answer,Selected,Felicia,1749028695429.0,50,4,R,Extensional,English,the enemy of the enemy of the enemy of Dana,1749028672488,13,0_R_eee2,5,ac907c4287185baffa4ef07a20c76e2b,yes,other,England,bachelor,Female,english,,ai,4,Felicia,exp1,,,True,True,human,False
1749028869,de44c1d8ea97e51c9c491a76d05e5c21,PennController,9,0,experiment,NULL,TextInput,answer,Final,w(s(t),1749027995215.0,22,3,R,Intensional,Abstract,the enemy of the friend of Bryan,1749027894124,13,0_R_ef3,NULL,de44c1d8ea97e51c9c491a76d05e5c21,yes,other,South Africa,high_school,Male,other,Siswati and English,other,3,w(s(t)),exp1,,,False,True,human,False
1749028869,de44c1d8ea97e51c9c491a76d05e5c21,PennController,15,0,experiment,NULL,DropDown,answer,Selected,s,1749028117810.0,65,4,R,Extensional,Abstract,the friend of the friend of the enemy of Elizabeth,1749027995217,13,0_R_ffe4,2,de44c1d8ea97e51c9c491a76d05e5c21,yes,other,South Africa,high_school,Male,other,Siswati and English,other,4,h,exp1,,,False,False,human,False
1749028869,de44c1d8ea97e51c9c491a76d05e5c21,PennController,6,0,experiment,NULL,TextInput,answer,Final,enemy(friend(Dana),1749028189707.0,93,3,L,Intensional,English,Dana's friend's enemy,1749028120648,13,0_L_ef2,NULL,de44c1d8ea97e51c9c491a76d05e5c21,yes,other,South Africa,high_school,Male,other,Siswati and English,other,3,enemy(friend(dana)),exp1,,,False,True,human,False
1749028869,de44c1d8ea97e51c9c491a76d05e5c21,PennController,10,0,experiment,NULL,TextInput,answer,Final,child(enemy(Christina),1749028259601.0,3,3,R,Intensional,English,the child of the enemy of Christina,1749028189708,13,0_R_ce0,NULL,de44c1d8ea97e51c9c491a76d05e5c21,yes,other,South Africa,high_school,Male,other,Siswati and English,other,3,child(enemy(christina)),exp1,,,False,True,human,False
1749028869,de44c1d8ea97e51c9c491a76d05e5c21,PennController,13,0,experiment,NULL,TextInput,answer,Final,t(s(w(q),1749028400201.0,152,4,L,Intensional,Abstract,Felicia's friend's child's enemy,1749028259602,13,0_L_ecf5,NULL,de44c1d8ea97e51c9c491a76d05e5c21,yes,other,South Africa,high_school,Male,other,Siswati and English,other,4,w(t(s(q))),exp1,,,False,False,human,False
1749028869,de44c1d8ea97e51c9c491a76d05e5c21,PennController,17,0,experiment,NULL,TextInput,answer,Final,t(s(k(s),1749028453741.0,53,4,R,Intensional,Abstract,the child of the friend of the parent of Dana,1749028400203,13,0_R_cfp2,NULL,de44c1d8ea97e51c9c491a76d05e5c21,yes,other,South Africa,high_school,Male,other,Siswati and English,other,4,t(s(k(s))),exp1,,,False,True,human,False
1749028869,de44c1d8ea97e51c9c491a76d05e5c21,PennController,14,0,experiment,NULL,TextInput,answer,Final,chile(parent(child(Felicia),1749028532210.0,160,4,L,Intensional,English,Felicia's child's parent's child,1749028453742,13,0_L_cpc5,NULL,de44c1d8ea97e51c9c491a76d05e5c21,yes,other,South Africa,high_school,Male,other,Siswati and English,other,4,child(parent(child(felicia))),exp1,,,False,False,human,False
1749028869,de44c1d8ea97e51c9c491a76d05e5c21,PennController,8,0,experiment,NULL,DropDown,answer,Selected,Elizabeth,1749028604076.0,11,3,R,Extensional,English,the parent of the enemy of Amber,1749028532211,13,0_R_pe1,4,de44c1d8ea97e51c9c491a76d05e5c21,yes,other,South Africa,high_school,Male,other,Siswati and English,other,3,Christina,exp1,,,False,False,human,False
1749028869,de44c1d8ea97e51c9c491a76d05e5c21,PennController,5,0,experiment,NULL,TextInput,answer,Final,w(w(q),1749028656765.0,116,3,L,Intensional,Abstract,Felicia's enemy's enemy,1749028605662,13,0_L_ee5,NULL,de44c1d8ea97e51c9c491a76d05e5c21,yes,other,South Africa,high_school,Male,other,Siswati and English,other,3,w(w(q)),exp1,,,False,True,human,False
1749028869,de44c1d8ea97e51c9c491a76d05e5c21,PennController,4,0,experiment,NULL,DropDown,answer,Selected,Amber,1749028679255.0,87,3,L,Extensional,English,Amber's friend's friend,1749028659591,13,0_L_ff1,0,de44c1d8ea97e51c9c491a76d05e5c21,yes,other,South Africa,high_school,Male,other,Siswati and English,other,3,Amber,exp1,,,True,True,human,False
1749028869,de44c1d8ea97e51c9c491a76d05e5c21,PennController,11,0,experiment,NULL,DropDown,answer,Selected,h,1749028756715.0,122,4,L,Extensional,Abstract,Christina's enemy's friend's child,1749028680642,13,0_L_cfe0,0,de44c1d8ea97e51c9c491a76d05e5c21,yes,other,South Africa,high_school,Male,other,Siswati and English,other,4,s,exp1,,,False,False,human,False
1749028869,de44c1d8ea97e51c9c491a76d05e5c21,PennController,7,0,experiment,NULL,DropDown,answer,Selected,t,1749028791133.0,5,3,R,Extensional,Abstract,the enemy of the child of Christina,1749028756899,13,0_R_ec0,3,de44c1d8ea97e51c9c491a76d05e5c21,yes,other,South Africa,high_school,Male,other,Siswati and English,other,3,h,exp1,,,False,False,human,False
1749028869,de44c1d8ea97e51c9c491a76d05e5c21,PennController,18,0,experiment,NULL,TextInput,answer,Final,enemy(friend(Christina),1749028845705.0,41,4,R,Intensional,English,the enemy of the friend of the enemy of Christina,1749028792057,13,0_R_efe0,NULL,de44c1d8ea97e51c9c491a76d05e5c21,yes,other,South Africa,high_school,Male,other,Siswati and English,other,4,enemy(friend(enemy(christina))),exp1,,,False,False,human,False
1749028869,de44c1d8ea97e51c9c491a76d05e5c21,PennController,3,0,experiment,NULL,DropDown,answer,Selected,v,1749028865714.0,81,3,L,Extensional,Abstract,Christina's friend's enemy,1749028845706,13,0_L_ef0,4,de44c1d8ea97e51c9c491a76d05e5c21,yes,other,South Africa,high_school,Male,other,Siswati and English,other,3,v,exp1,,,True,True,human,False
1749028869,de44c1d8ea97e51c9c491a76d05e5c21,PennController,12,0,experiment,NULL,DropDown,answer,Selected,answer,,125,4,L,Extensional,English,Amber's friend's friend's enemy,1749028656766,13,0_L_eff1,Default,de44c1d8ea97e51c9c491a76d05e5c21,yes,other,South Africa,high_school,Male,other,Siswati and English,other,4,Elizabeth,exp1,,,False,False,human,False
1749028869,de44c1d8ea97e51c9c491a76d05e5c21,PennController,16,0,experiment,NULL,DropDown,answer,Selected,answer,,50,4,R,Extensional,English,the enemy of the enemy of the enemy of Dana,1749028659406,13,0_R_eee2,Default,de44c1d8ea97e51c9c491a76d05e5c21,yes,other,South Africa,high_school,Male,other,Siswati and English,other,4,Felicia,exp1,,,False,False,human,False
1749029110,e8ab4b95ad5e653002743dcea67f4b74,PennController,17,0,experiment,NULL,TextInput,answer,Final,t(s(k(s),1749027964631.0,53,4,R,Intensional,Abstract,the child of the friend of the parent of Dana,1749027846129,13,0_R_cfp2,NULL,e8ab4b95ad5e653002743dcea67f4b74,yes,other,South aFRICA,other,Male,english,,math,4,t(s(k(s))),exp1,,,False,True,human,False
1749029110,e8ab4b95ad5e653002743dcea67f4b74,PennController,7,0,experiment,NULL,DropDown,answer,Selected,s,1749028030843.0,5,3,R,Extensional,Abstract,the enemy of the child of Christina,1749027964636,13,0_R_ec0,2,e8ab4b95ad5e653002743dcea67f4b74,yes,other,South aFRICA,other,Male,english,,math,3,h,exp1,,,False,False,human,False
1749029110,e8ab4b95ad5e653002743dcea67f4b74,PennController,15,0,experiment,NULL,DropDown,answer,Selected,h,1749028114017.0,65,4,R,Extensional,Abstract,the friend of the friend of the enemy of Elizabeth,1749028033086,13,0_R_ffe4,0,e8ab4b95ad5e653002743dcea67f4b74,yes,other,South aFRICA,other,Male,english,,math,4,h,exp1,,,True,True,human,False
1749029110,e8ab4b95ad5e653002743dcea67f4b74,PennController,13,0,experiment,NULL,TextInput,answer,Final,w(t(s(q)),1749028232433.0,152,4,L,Intensional,Abstract,Felicia's friend's child's enemy,1749028116040,13,0_L_ecf5,NULL,e8ab4b95ad5e653002743dcea67f4b74,yes,other,South aFRICA,other,Male,english,,math,4,w(t(s(q))),exp1,,,False,True,human,False
1749029110,e8ab4b95ad5e653002743dcea67f4b74,PennController,12,0,experiment,NULL,DropDown,answer,Selected,Elizabeth,1749028336531.0,125,4,L,Extensional,English,Amber's friend's friend's enemy,1749028232435,13,0_L_eff1,4,e8ab4b95ad5e653002743dcea67f4b74,yes,other,South aFRICA,other,Male,english,,math,4,Elizabeth,exp1,,,True,True,human,False
1749029110,e8ab4b95ad5e653002743dcea67f4b74,PennController,9,0,experiment,NULL,TextInput,answer,Final,w(s(t)),1749028462742.0,22,3,R,Intensional,Abstract,the enemy of the friend of Bryan,1749028338269,13,0_R_ef3,NULL,e8ab4b95ad5e653002743dcea67f4b74,yes,other,South aFRICA,other,Male,english,,math,3,w(s(t)),exp1,,,True,True,human,False
1749029110,e8ab4b95ad5e653002743dcea67f4b74,PennController,5,0,experiment,NULL,TextInput,answer,Final,w(w(q)),1749028595447.0,116,3,L,Intensional,Abstract,Felicia's enemy's enemy,1749028462746,13,0_L_ee5,NULL,e8ab4b95ad5e653002743dcea67f4b74,yes,other,South aFRICA,other,Male,english,,math,3,w(w(q)),exp1,,,True,True,human,False
1749029110,e8ab4b95ad5e653002743dcea67f4b74,PennController,3,0,experiment,NULL,DropDown,answer,Selected,v,1749028704014.0,81,3,L,Extensional,Abstract,Christina's friend's enemy,1749028595449,13,0_L_ef0,4,e8ab4b95ad5e653002743dcea67f4b74,yes,other,South aFRICA,other,Male,english,,math,3,v,exp1,,,True,True,human,False
1749029110,e8ab4b95ad5e653002743dcea67f4b74,PennController,18,0,experiment,NULL,TextInput,answer,Final,w(s(t)),1749029011017.0,41,4,R,Intensional,English,the enemy of the friend of the enemy of Christina,1749028705855,13,0_R_efe0,NULL,e8ab4b95ad5e653002743dcea67f4b74,yes,other,South aFRICA,other,Male,english,,math,4,enemy(friend(enemy(christina))),exp1,,,False,False,human,False
1749029110,e8ab4b95ad5e653002743dcea67f4b74,PennController,16,0,experiment,NULL,DropDown,answer,Selected,Amber,1749029021853.0,50,4,R,Extensional,English,the enemy of the enemy of the enemy of Dana,1749029011026,13,0_R_eee2,0,e8ab4b95ad5e653002743dcea67f4b74,yes,other,South aFRICA,other,Male,english,,math,4,Felicia,exp1,,,False,False,human,False
1749029110,e8ab4b95ad5e653002743dcea67f4b74,PennController,11,0,experiment,NULL,DropDown,answer,Selected,t,1749029027971.0,122,4,L,Extensional,Abstract,Christina's enemy's friend's child,1749029023551,13,0_L_cfe0,3,e8ab4b95ad5e653002743dcea67f4b74,yes,other,South aFRICA,other,Male,english,,math,4,s,exp1,,,False,False,human,False
1749029110,e8ab4b95ad5e653002743dcea67f4b74,PennController,4,0,experiment,NULL,DropDown,answer,Selected,Dana,1749029033843.0,87,3,L,Extensional,English,Amber's friend's friend,1749029029545,13,0_L_ff1,3,e8ab4b95ad5e653002743dcea67f4b74,yes,other,South aFRICA,other,Male,english,,math,3,Amber,exp1,,,False,False,human,False
1749029110,e8ab4b95ad5e653002743dcea67f4b74,PennController,10,0,experiment,NULL,TextInput,answer,Final,w(s(t(q)),1749029059364.0,3,3,R,Intensional,English,the child of the enemy of Christina,1749029035830,13,0_R_ce0,NULL,e8ab4b95ad5e653002743dcea67f4b74,yes,other,South aFRICA,other,Male,english,,math,3,child(enemy(christina)),exp1,,,False,False,human,False
1749029110,e8ab4b95ad5e653002743dcea67f4b74,PennController,6,0,experiment,NULL,TextInput,answer,Final,W(t(S)),1749029082085.0,93,3,L,Intensional,English,Dana's friend's enemy,1749029059366,13,0_L_ef2,NULL,e8ab4b95ad5e653002743dcea67f4b74,yes,other,South aFRICA,other,Male,english,,math,3,enemy(friend(dana)),exp1,,,False,False,human,False
1749029110,e8ab4b95ad5e653002743dcea67f4b74,PennController,8,0,experiment,NULL,DropDown,answer,Selected,Dana,1749029086779.0,11,3,R,Extensional,English,the parent of the enemy of Amber,1749029082311,13,0_R_pe1,3,e8ab4b95ad5e653002743dcea67f4b74,yes,other,South aFRICA,other,Male,english,,math,3,Christina,exp1,,,False,False,human,False
1749029110,e8ab4b95ad5e653002743dcea67f4b74,PennController,14,0,experiment,NULL,TextInput,answer,Final,w(s(T()),1749029110196.0,160,4,L,Intensional,English,Felicia's child's parent's child,1749029088601,13,0_L_cpc5,NULL,e8ab4b95ad5e653002743dcea67f4b74,yes,other,South aFRICA,other,Male,english,,math,4,child(parent(child(felicia))),exp1,,,False,False,human,False
1749029446,0a647024aad4f8d9a508ad3d7be0f8ac,PennController,15,0,experiment,NULL,DropDown,answer,Selected,y,1749028908955.0,70,4,R,Extensional,Abstract,the friend of the friend of the friend of Felicia,1749028880660,16,0_R_fff5,5,0a647024aad4f8d9a508ad3d7be0f8ac,yes,other,United Kingdom,other,Female,other,Bulgarian,other,4,t,exp1,,,False,False,human,False
1749029446,0a647024aad4f8d9a508ad3d7be0f8ac,PennController,17,0,experiment,NULL,TextInput,answer,Final,s(w(t(q))),1749029017682.0,79,4,R,Intensional,Abstract,the friend of the enemy of the child of Felicia,1749028910838,16,0_R_fec5,NULL,0a647024aad4f8d9a508ad3d7be0f8ac,yes,other,United Kingdom,other,Female,other,Bulgarian,other,4,s(w(t(q))),exp1,,,True,True,human,False
1749029446,0a647024aad4f8d9a508ad3d7be0f8ac,PennController,11,0,experiment,NULL,DropDown,answer,Selected,s,1749029056428.0,154,4,L,Extensional,Abstract,Felicia's enemy's enemy's friend,1749029017685,16,0_L_fee5,2,0a647024aad4f8d9a508ad3d7be0f8ac,yes,other,United Kingdom,other,Female,other,Bulgarian,other,4,t,exp1,,,False,False,human,False
1749029446,0a647024aad4f8d9a508ad3d7be0f8ac,PennController,10,0,experiment,NULL,TextInput,answer,Final,friend(enemy(elizabeth)),1749029101009.0,28,3,R,Intensional,English,the friend of the enemy of Elizabeth,1749029057596,16,0_R_fe4,NULL,0a647024aad4f8d9a508ad3d7be0f8ac,yes,other,United Kingdom,other,Female,other,Bulgarian,other,3,friend(enemy(elizabeth)),exp1,,,True,True,human,False
1749029446,0a647024aad4f8d9a508ad3d7be0f8ac,PennController,7,0,experiment,NULL,DropDown,answer,Selected,v,1749029118987.0,26,3,R,Extensional,Abstract,the enemy of the friend of Elizabeth,1749029101012,16,0_R_ef4,4,0a647024aad4f8d9a508ad3d7be0f8ac,yes,other,United Kingdom,other,Female,other,Bulgarian,other,3,q,exp1,,,False,False,human,False
1749029446,0a647024aad4f8d9a508ad3d7be0f8ac,PennController,9,0,experiment,NULL,TextInput,answer,Final,w(t(y)),1749029154706.0,5,3,R,Intensional,Abstract,the enemy of the child of Christina,1749029119995,16,0_R_ec0,NULL,0a647024aad4f8d9a508ad3d7be0f8ac,yes,other,United Kingdom,other,Female,other,Bulgarian,other,3,w(t(y)),exp1,,,True,True,human,False
1749029446,0a647024aad4f8d9a508ad3d7be0f8ac,PennController,4,0,experiment,NULL,DropDown,answer,Selected,Elizabeth,1749029169856.0,110,3,L,Extensional,English,Elizabeth's parent's friend,1749029154709,16,0_L_fp4,4,0a647024aad4f8d9a508ad3d7be0f8ac,yes,other,United Kingdom,other,Female,other,Bulgarian,other,3,Amber,exp1,,,False,False,human,False
1749029446,0a647024aad4f8d9a508ad3d7be0f8ac,PennController,18,0,experiment,NULL,TextInput,answer,Final,child(friend(enemy(christina))),1749029217861.0,42,4,R,Intensional,English,the child of the friend of the enemy of Christina,1749029170951,16,0_R_cfe0,NULL,0a647024aad4f8d9a508ad3d7be0f8ac,yes,other,United Kingdom,other,Female,other,Bulgarian,other,4,child(friend(enemy(christina))),exp1,,,True,True,human,False
1749029446,0a647024aad4f8d9a508ad3d7be0f8ac,PennController,12,0,experiment,NULL,DropDown,answer,Selected,Bryan,1749029232615.0,159,4,L,Extensional,English,Felicia's child's enemy's friend,1749029217864,16,0_L_fec5,1,0a647024aad4f8d9a508ad3d7be0f8ac,yes,other,United Kingdom,other,Female,other,Bulgarian,other,4,Bryan,exp1,,,True,True,human,False
1749029446,0a647024aad4f8d9a508ad3d7be0f8ac,PennController,8,0,experiment,NULL,DropDown,answer,Selected,Bryan,1749029248234.0,31,3,R,Extensional,English,the enemy of the parent of Elizabeth,1749029233479,16,0_R_ep4,1,0a647024aad4f8d9a508ad3d7be0f8ac,yes,other,United Kingdom,other,Female,other,Bulgarian,other,3,Bryan,exp1,,,True,True,human,False
1749029446,0a647024aad4f8d9a508ad3d7be0f8ac,PennController,13,0,experiment,NULL,TextInput,answer,Final,s(s(t(q))),1749029279473.0,158,4,L,Intensional,Abstract,Felicia's child's friend's friend,1749029249531,16,0_L_ffc5,NULL,0a647024aad4f8d9a508ad3d7be0f8ac,yes,other,United Kingdom,other,Female,other,Bulgarian,other,4,s(s(t(q))),exp1,,,True,True,human,False
1749029446,0a647024aad4f8d9a508ad3d7be0f8ac,PennController,3,0,experiment,NULL,DropDown,answer,Selected,y,1749029315795.0,91,3,L,Extensional,Abstract,Amber's enemy's parent,1749029279476,16,0_L_pe1,5,0a647024aad4f8d9a508ad3d7be0f8ac,yes,other,United Kingdom,other,Female,other,Bulgarian,other,3,y,exp1,,,True,True,human,False
1749029446,0a647024aad4f8d9a508ad3d7be0f8ac,PennController,5,0,experiment,NULL,TextInput,answer,Final,s(w(k(v))),1749029355681.0,108,3,L,Intensional,Abstract,Elizabeth's enemy's friend,1749029316867,16,0_L_fe4,NULL,0a647024aad4f8d9a508ad3d7be0f8ac,yes,other,United Kingdom,other,Female,other,Bulgarian,other,3,s(w(v)),exp1,,,False,False,human,False
1749029446,0a647024aad4f8d9a508ad3d7be0f8ac,PennController,14,0,experiment,NULL,TextInput,answer,Final,enemy(child(parent(elizabeth))),1749029392249.0,148,4,L,Intensional,English,Elizabeth's parent's child's enemy,1749029355683,16,0_L_ecp4,NULL,0a647024aad4f8d9a508ad3d7be0f8ac,yes,other,United Kingdom,other,Female,other,Bulgarian,other,4,enemy(child(parent(elizabeth))),exp1,,,True,True,human,False
1749029446,0a647024aad4f8d9a508ad3d7be0f8ac,PennController,6,0,experiment,NULL,TextInput,answer,Final,parent(child(christina)),1749029427289.0,86,3,L,Intensional,English,Christina's child's parent,1749029392251,16,0_L_pc0,NULL,0a647024aad4f8d9a508ad3d7be0f8ac,yes,other,United Kingdom,other,Female,other,Bulgarian,other,3,parent(child(christina)),exp1,,,True,True,human,False
1749029446,0a647024aad4f8d9a508ad3d7be0f8ac,PennController,16,0,experiment,NULL,DropDown,answer,Selected,Elizabeth,1749029445651.0,72,4,R,Extensional,English,the enemy of the child of the friend of Felicia,1749029427291,16,0_R_ecf5,4,0a647024aad4f8d9a508ad3d7be0f8ac,yes,other,United Kingdom,other,Female,other,Bulgarian,other,4,Elizabeth,exp1,,,True,True,human,False
1749029464,c24440c031f82584ed41ae3cb1f65ada,PennController,3,0,experiment,NULL,DropDown,answer,Selected,v,1749028209511.0,81,3,L,Extensional,Abstract,Christina's friend's enemy,1749028055640,13,0_L_ef0,4,c24440c031f82584ed41ae3cb1f65ada,yes,other,South Africa,bachelor,Female,english,,ai,3,v,exp1,,,True,True,human,False
1749029464,c24440c031f82584ed41ae3cb1f65ada,PennController,17,0,experiment,NULL,TextInput,answer,Final,t(k(s)),1749028402040.0,53,4,R,Intensional,Abstract,the child of the friend of the parent of Dana,1749028216460,13,0_R_cfp2,NULL,c24440c031f82584ed41ae3cb1f65ada,yes,other,South Africa,bachelor,Female,english,,ai,4,t(s(k(s))),exp1,,,False,False,human,False
1749029464,c24440c031f82584ed41ae3cb1f65ada,PennController,5,0,experiment,NULL,TextInput,answer,Final,w(w(q)),1749028510440.0,116,3,L,Intensional,Abstract,Felicia's enemy's enemy,1749028402083,13,0_L_ee5,NULL,c24440c031f82584ed41ae3cb1f65ada,yes,other,South Africa,bachelor,Female,english,,ai,3,w(w(q)),exp1,,,True,True,human,False
1749029464,c24440c031f82584ed41ae3cb1f65ada,PennController,10,0,experiment,NULL,TextInput,answer,Final,child(enemy(christina)),1749028648849.0,3,3,R,Intensional,English,the child of the enemy of Christina,1749028510474,13,0_R_ce0,NULL,c24440c031f82584ed41ae3cb1f65ada,yes,other,South Africa,bachelor,Female,english,,ai,3,child(enemy(christina)),exp1,,,True,True,human,False
1749029464,c24440c031f82584ed41ae3cb1f65ada,PennController,7,0,experiment,NULL,DropDown,answer,Selected,h,1749028722715.0,5,3,R,Extensional,Abstract,the enemy of the child of Christina,1749028648874,13,0_R_ec0,0,c24440c031f82584ed41ae3cb1f65ada,yes,other,South Africa,bachelor,Female,english,,ai,3,h,exp1,,,True,True,human,False
1749029464,c24440c031f82584ed41ae3cb1f65ada,PennController,15,0,experiment,NULL,DropDown,answer,Selected,h,1749028794953.0,65,4,R,Extensional,Abstract,the friend of the friend of the enemy of Elizabeth,1749028724285,13,0_R_ffe4,0,c24440c031f82584ed41ae3cb1f65ada,yes,other,South Africa,bachelor,Female,english,,ai,4,h,exp1,,,True,True,human,False
1749029464,c24440c031f82584ed41ae3cb1f65ada,PennController,16,0,experiment,NULL,DropDown,answer,Selected,Felicia,1749028846853.0,50,4,R,Extensional,English,the enemy of the enemy of the enemy of Dana,1749028796409,13,0_R_eee2,5,c24440c031f82584ed41ae3cb1f65ada,yes,other,South Africa,bachelor,Female,english,,ai,4,Felicia,exp1,,,True,True,human,False
1749029464,c24440c031f82584ed41ae3cb1f65ada,PennController,4,0,experiment,NULL,DropDown,answer,Selected,Christina,1749028883000.0,87,3,L,Extensional,English,Amber's friend's friend,1749028849179,13,0_L_ff1,2,c24440c031f82584ed41ae3cb1f65ada,yes,other,South Africa,bachelor,Female,english,,ai,3,Amber,exp1,,,False,False,human,False
1749029464,c24440c031f82584ed41ae3cb1f65ada,PennController,8,0,experiment,NULL,DropDown,answer,Selected,Christina,1749028929595.0,11,3,R,Extensional,English,the parent of the enemy of Amber,1749028884497,13,0_R_pe1,2,c24440c031f82584ed41ae3cb1f65ada,yes,other,South Africa,bachelor,Female,english,,ai,3,Christina,exp1,,,True,True,human,False
1749029464,c24440c031f82584ed41ae3cb1f65ada,PennController,12,0,experiment,NULL,DropDown,answer,Selected,Elizabeth,1749028960074.0,125,4,L,Extensional,English,Amber's friend's friend's enemy,1749028930843,13,0_L_eff1,4,c24440c031f82584ed41ae3cb1f65ada,yes,other,South Africa,bachelor,Female,english,,ai,4,Elizabeth,exp1,,,True,True,human,False
1749029464,c24440c031f82584ed41ae3cb1f65ada,PennController,11,0,experiment,NULL,DropDown,answer,Selected,s,1749028996359.0,122,4,L,Extensional,Abstract,Christina's enemy's friend's child,1749028961451,13,0_L_cfe0,2,c24440c031f82584ed41ae3cb1f65ada,yes,other,South Africa,bachelor,Female,english,,ai,4,s,exp1,,,True,True,human,False
1749029464,c24440c031f82584ed41ae3cb1f65ada,PennController,18,0,experiment,NULL,TextInput,answer,Final,enemy(friend(enemy(christina))),1749029141788.0,41,4,R,Intensional,English,the enemy of the friend of the enemy of Christina,1749028997896,13,0_R_efe0,NULL,c24440c031f82584ed41ae3cb1f65ada,yes,other,South Africa,bachelor,Female,english,,ai,4,enemy(friend(enemy(christina))),exp1,,,True,True,human,False
1749029464,c24440c031f82584ed41ae3cb1f65ada,PennController,6,0,experiment,NULL,TextInput,answer,Final,enemy(friend(dana)),1749029177907.0,93,3,L,Intensional,English,Dana's friend's enemy,1749029141813,13,0_L_ef2,NULL,c24440c031f82584ed41ae3cb1f65ada,yes,other,South Africa,bachelor,Female,english,,ai,3,enemy(friend(dana)),exp1,,,True,True,human,False
1749029464,c24440c031f82584ed41ae3cb1f65ada,PennController,13,0,experiment,NULL,TextInput,answer,Final,w(s(q)),1749029333317.0,152,4,L,Intensional,Abstract,Felicia's friend's child's enemy,1749029177932,13,0_L_ecf5,NULL,c24440c031f82584ed41ae3cb1f65ada,yes,other,South Africa,bachelor,Female,english,,ai,4,w(t(s(q))),exp1,,,False,False,human,False
1749029464,c24440c031f82584ed41ae3cb1f65ada,PennController,9,0,experiment,NULL,TextInput,answer,Final,w(s(t)),1749029412039.0,22,3,R,Intensional,Abstract,the enemy of the friend of Bryan,1749029333344,13,0_R_ef3,NULL,c24440c031f82584ed41ae3cb1f65ada,yes,other,South Africa,bachelor,Female,english,,ai,3,w(s(t)),exp1,,,True,True,human,False
1749029464,c24440c031f82584ed41ae3cb1f65ada,PennController,14,0,experiment,NULL,TextInput,answer,Final,parent(child(felicia)),1749029462249.0,160,4,L,Intensional,English,Felicia's child's parent's child,1749029412067,13,0_L_cpc5,NULL,c24440c031f82584ed41ae3cb1f65ada,yes,other,South Africa,bachelor,Female,english,,ai,4,child(parent(child(felicia))),exp1,,,False,False,human,False
1749029543,aea13a3d4bd91330dea6362777cba680,PennController,3,0,experiment,NULL,DropDown,answer,Selected,v,1749028493466.0,81,3,L,Extensional,Abstract,Christina's friend's enemy,1749028338649,13,0_L_ef0,4,aea13a3d4bd91330dea6362777cba680,yes,other,South Africa,bachelor,Male,english,,ai,3,v,exp1,,,True,True,human,False
1749029543,aea13a3d4bd91330dea6362777cba680,PennController,4,0,experiment,NULL,DropDown,answer,Selected,Amber,1749028551606.0,87,3,L,Extensional,English,Amber's friend's friend,1749028494712,13,0_L_ff1,0,aea13a3d4bd91330dea6362777cba680,yes,other,South Africa,bachelor,Male,english,,ai,3,Amber,exp1,,,True,True,human,False
1749029543,aea13a3d4bd91330dea6362777cba680,PennController,15,0,experiment,NULL,DropDown,answer,Selected,h,1749028633938.0,65,4,R,Extensional,Abstract,the friend of the friend of the enemy of Elizabeth,1749028552451,13,0_R_ffe4,0,aea13a3d4bd91330dea6362777cba680,yes,other,South Africa,bachelor,Male,english,,ai,4,h,exp1,,,True,True,human,False
1749029543,aea13a3d4bd91330dea6362777cba680,PennController,10,0,experiment,NULL,TextInput,answer,Final,child(enemy(christina)),1749028786522.0,3,3,R,Intensional,English,the child of the enemy of Christina,1749028634888,13,0_R_ce0,NULL,aea13a3d4bd91330dea6362777cba680,yes,other,South Africa,bachelor,Male,english,,ai,3,child(enemy(christina)),exp1,,,True,True,human,False
1749029543,aea13a3d4bd91330dea6362777cba680,PennController,14,0,experiment,NULL,TextInput,answer,Final,child(parent(child(felicia))),1749028885604.0,160,4,L,Intensional,English,Felicia's child's parent's child,1749028786525,13,0_L_cpc5,NULL,aea13a3d4bd91330dea6362777cba680,yes,other,South Africa,bachelor,Male,english,,ai,4,child(parent(child(felicia))),exp1,,,True,True,human,False
1749029543,aea13a3d4bd91330dea6362777cba680,PennController,17,0,experiment,NULL,TextInput,answer,Final,t(s(k(s))),1749028992015.0,53,4,R,Intensional,Abstract,the child of the friend of the parent of Dana,1749028885607,13,0_R_cfp2,NULL,aea13a3d4bd91330dea6362777cba680,yes,other,South Africa,bachelor,Male,english,,ai,4,t(s(k(s))),exp1,,,True,True,human,False
1749029543,aea13a3d4bd91330dea6362777cba680,PennController,5,0,experiment,NULL,TextInput,answer,Final,w(w(q)),1749029036714.0,116,3,L,Intensional,Abstract,Felicia's enemy's enemy,1749028992018,13,0_L_ee5,NULL,aea13a3d4bd91330dea6362777cba680,yes,other,South Africa,bachelor,Male,english,,ai,3,w(w(q)),exp1,,,True,True,human,False
1749029543,aea13a3d4bd91330dea6362777cba680,PennController,7,0,experiment,NULL,DropDown,answer,Selected,q,1749029099942.0,5,3,R,Extensional,Abstract,the enemy of the child of Christina,1749029036719,13,0_R_ec0,1,aea13a3d4bd91330dea6362777cba680,yes,other,South Africa,bachelor,Male,english,,ai,3,h,exp1,,,False,False,human,False
1749029543,aea13a3d4bd91330dea6362777cba680,PennController,9,0,experiment,NULL,TextInput,answer,Final,w(s(t)),1749029139207.0,22,3,R,Intensional,Abstract,the enemy of the friend of Bryan,1749029101260,13,0_R_ef3,NULL,aea13a3d4bd91330dea6362777cba680,yes,other,South Africa,bachelor,Male,english,,ai,3,w(s(t)),exp1,,,True,True,human,False
1749029543,aea13a3d4bd91330dea6362777cba680,PennController,16,0,experiment,NULL,DropDown,answer,Selected,Felicia,1749029243715.0,50,4,R,Extensional,English,the enemy of the enemy of the enemy of Dana,1749029139211,13,0_R_eee2,5,aea13a3d4bd91330dea6362777cba680,yes,other,South Africa,bachelor,Male,english,,ai,4,Felicia,exp1,,,True,True,human,False
1749029543,aea13a3d4bd91330dea6362777cba680,PennController,18,0,experiment,NULL,TextInput,answer,Final,enemy(friend(enemy(christina))),1749029311927.0,41,4,R,Intensional,English,the enemy of the friend of the enemy of Christina,1749029244942,13,0_R_efe0,NULL,aea13a3d4bd91330dea6362777cba680,yes,other,South Africa,bachelor,Male,english,,ai,4,enemy(friend(enemy(christina))),exp1,,,True,True,human,False
1749029543,aea13a3d4bd91330dea6362777cba680,PennController,12,0,experiment,NULL,DropDown,answer,Selected,Elizabeth,1749029354186.0,125,4,L,Extensional,English,Amber's friend's friend's enemy,1749029311930,13,0_L_eff1,4,aea13a3d4bd91330dea6362777cba680,yes,other,South Africa,bachelor,Male,english,,ai,4,Elizabeth,exp1,,,True,True,human,False
1749029543,aea13a3d4bd91330dea6362777cba680,PennController,11,0,experiment,NULL,DropDown,answer,Selected,s,1749029415598.0,122,4,L,Extensional,Abstract,Christina's enemy's friend's child,1749029355274,13,0_L_cfe0,2,aea13a3d4bd91330dea6362777cba680,yes,other,South Africa,bachelor,Male,english,,ai,4,s,exp1,,,True,True,human,False
1749029543,aea13a3d4bd91330dea6362777cba680,PennController,13,0,experiment,NULL,TextInput,answer,Final,w(t(s(q))),1749029473591.0,152,4,L,Intensional,Abstract,Felicia's friend's child's enemy,1749029417209,13,0_L_ecf5,NULL,aea13a3d4bd91330dea6362777cba680,yes,other,South Africa,bachelor,Male,english,,ai,4,w(t(s(q))),exp1,,,True,True,human,False
1749029543,aea13a3d4bd91330dea6362777cba680,PennController,6,0,experiment,NULL,TextInput,answer,Final,enemy(friend(dana)),1749029503920.0,93,3,L,Intensional,English,Dana's friend's enemy,1749029473595,13,0_L_ef2,NULL,aea13a3d4bd91330dea6362777cba680,yes,other,South Africa,bachelor,Male,english,,ai,3,enemy(friend(dana)),exp1,,,True,True,human,False
1749029543,aea13a3d4bd91330dea6362777cba680,PennController,8,0,experiment,NULL,DropDown,answer,Selected,Christina,1749029539692.0,11,3,R,Extensional,English,the parent of the enemy of Amber,1749029503925,13,0_R_pe1,2,aea13a3d4bd91330dea6362777cba680,yes,other,South Africa,bachelor,Male,english,,ai,3,Christina,exp1,,,True,True,human,False
1749029663,ded0b9488d109ce97b7cd6a983fc4aab,PennController,18,0,experiment,NULL,TextInput,answer,Final,enemy(friend(enemy(christina))),1749027992957.0,41,4,R,Intensional,English,the enemy of the friend of the enemy of Christina,1749027728127,13,0_R_efe0,NULL,ded0b9488d109ce97b7cd6a983fc4aab,yes,other,UNITED STATES OF AMERICA,other,Non-binary,english,,linguistics,4,enemy(friend(enemy(christina))),exp1,,,True,True,human,False
1749029663,ded0b9488d109ce97b7cd6a983fc4aab,PennController,17,0,experiment,NULL,TextInput,answer,Final,t(t(k(I))),1749028092108.0,53,4,R,Intensional,Abstract,the child of the friend of the parent of Dana,1749027992962,13,0_R_cfp2,NULL,ded0b9488d109ce97b7cd6a983fc4aab,yes,other,UNITED STATES OF AMERICA,other,Non-binary,english,,linguistics,4,t(s(k(s))),exp1,,,False,False,human,False
1749029663,ded0b9488d109ce97b7cd6a983fc4aab,PennController,8,0,experiment,NULL,DropDown,answer,Selected,Christina,1749028162005.0,11,3,R,Extensional,English,the parent of the enemy of Amber,1749028092114,13,0_R_pe1,2,ded0b9488d109ce97b7cd6a983fc4aab,yes,other,UNITED STATES OF AMERICA,other,Non-binary,english,,linguistics,3,Christina,exp1,,,True,True,human,False
1749029663,ded0b9488d109ce97b7cd6a983fc4aab,PennController,11,0,experiment,NULL,DropDown,answer,Selected,s,1749028312051.0,122,4,L,Extensional,Abstract,Christina's enemy's friend's child,1749028163314,13,0_L_cfe0,2,ded0b9488d109ce97b7cd6a983fc4aab,yes,other,UNITED STATES OF AMERICA,other,Non-binary,english,,linguistics,4,s,exp1,,,True,True,human,False
1749029663,ded0b9488d109ce97b7cd6a983fc4aab,PennController,6,0,experiment,NULL,TextInput,answer,Final,enemy(friend(dana)),1749028381169.0,93,3,L,Intensional,English,Dana's friend's enemy,1749028314108,13,0_L_ef2,NULL,ded0b9488d109ce97b7cd6a983fc4aab,yes,other,UNITED STATES OF AMERICA,other,Non-binary,english,,linguistics,3,enemy(friend(dana)),exp1,,,True,True,human,False
1749029663,ded0b9488d109ce97b7cd6a983fc4aab,PennController,15,0,experiment,NULL,DropDown,answer,Selected,h,1749028551447.0,65,4,R,Extensional,Abstract,the friend of the friend of the enemy of Elizabeth,1749028381172,13,0_R_ffe4,0,ded0b9488d109ce97b7cd6a983fc4aab,yes,other,UNITED STATES OF AMERICA,other,Non-binary,english,,linguistics,4,h,exp1,,,True,True,human,False
1749029663,ded0b9488d109ce97b7cd6a983fc4aab,PennController,13,0,experiment,NULL,TextInput,answer,Final,w(t(s(q))),1749028671370.0,152,4,L,Intensional,Abstract,Felicia's friend's child's enemy,1749028552578,13,0_L_ecf5,NULL,ded0b9488d109ce97b7cd6a983fc4aab,yes,other,UNITED STATES OF AMERICA,other,Non-binary,english,,linguistics,4,w(t(s(q))),exp1,,,True,True,human,False
1749029663,ded0b9488d109ce97b7cd6a983fc4aab,PennController,3,0,experiment,NULL,DropDown,answer,Selected,s,1749028885517.0,81,3,L,Extensional,Abstract,Christina's friend's enemy,1749028671373,13,0_L_ef0,2,ded0b9488d109ce97b7cd6a983fc4aab,yes,other,UNITED STATES OF AMERICA,other,Non-binary,english,,linguistics,3,v,exp1,,,False,False,human,False
1749029663,ded0b9488d109ce97b7cd6a983fc4aab,PennController,16,0,experiment,NULL,DropDown,answer,Selected,Felicia,1749028993215.0,50,4,R,Extensional,English,the enemy of the enemy of the enemy of Dana,1749028887031,13,0_R_eee2,5,ded0b9488d109ce97b7cd6a983fc4aab,yes,other,UNITED STATES OF AMERICA,other,Non-binary,english,,linguistics,4,Felicia,exp1,,,True,True,human,False
1749029663,ded0b9488d109ce97b7cd6a983fc4aab,PennController,10,0,experiment,NULL,TextInput,answer,Final,child(enemy(christina)),1749029105655.0,3,3,R,Intensional,English,the child of the enemy of Christina,1749028994127,13,0_R_ce0,NULL,ded0b9488d109ce97b7cd6a983fc4aab,yes,other,UNITED STATES OF AMERICA,other,Non-binary,english,,linguistics,3,child(enemy(christina)),exp1,,,True,True,human,False
1749029663,ded0b9488d109ce97b7cd6a983fc4aab,PennController,7,0,experiment,NULL,DropDown,answer,Selected,q,1749029183243.0,5,3,R,Extensional,Abstract,the enemy of the child of Christina,1749029105658,13,0_R_ec0,1,ded0b9488d109ce97b7cd6a983fc4aab,yes,other,UNITED STATES OF AMERICA,other,Non-binary,english,,linguistics,3,h,exp1,,,False,False,human,False
1749029663,ded0b9488d109ce97b7cd6a983fc4aab,PennController,5,0,experiment,NULL,TextInput,answer,Final,w(w(q)),1749029314913.0,116,3,L,Intensional,Abstract,Felicia's enemy's enemy,1749029184976,13,0_L_ee5,NULL,ded0b9488d109ce97b7cd6a983fc4aab,yes,other,UNITED STATES OF AMERICA,other,Non-binary,english,,linguistics,3,w(w(q)),exp1,,,True,True,human,False
1749029663,ded0b9488d109ce97b7cd6a983fc4aab,PennController,14,0,experiment,NULL,TextInput,answer,Final,child(parent(child(felicia))),1749029464863.0,160,4,L,Intensional,English,Felicia's child's parent's child,1749029314915,13,0_L_cpc5,NULL,ded0b9488d109ce97b7cd6a983fc4aab,yes,other,UNITED STATES OF AMERICA,other,Non-binary,english,,linguistics,4,child(parent(child(felicia))),exp1,,,True,True,human,False
1749029663,ded0b9488d109ce97b7cd6a983fc4aab,PennController,4,0,experiment,NULL,DropDown,answer,Selected,Amber,1749029508926.0,87,3,L,Extensional,English,Amber's friend's friend,1749029464866,13,0_L_ff1,0,ded0b9488d109ce97b7cd6a983fc4aab,yes,other,UNITED STATES OF AMERICA,other,Non-binary,english,,linguistics,3,Amber,exp1,,,True,True,human,False
1749029663,ded0b9488d109ce97b7cd6a983fc4aab,PennController,9,0,experiment,NULL,TextInput,answer,Final,w(s(t)),1749029592509.0,22,3,R,Intensional,Abstract,the enemy of the friend of Bryan,1749029509789,13,0_R_ef3,NULL,ded0b9488d109ce97b7cd6a983fc4aab,yes,other,UNITED STATES OF AMERICA,other,Non-binary,english,,linguistics,3,w(s(t)),exp1,,,True,True,human,False
1749029663,ded0b9488d109ce97b7cd6a983fc4aab,PennController,12,0,experiment,NULL,DropDown,answer,Selected,Elizabeth,1749029660020.0,125,4,L,Extensional,English,Amber's friend's friend's enemy,1749029592512,13,0_L_eff1,4,ded0b9488d109ce97b7cd6a983fc4aab,yes,other,UNITED STATES OF AMERICA,other,Non-binary,english,,linguistics,4,Elizabeth,exp1,,,True,True,human,False
1749029809,9f8b66e1677df797e28c478b553a10ec,PennController,8,0,experiment,NULL,DropDown,answer,Selected,Christina,1749027766578.0,11,3,R,Extensional,English,the parent of the enemy of Amber,1749027418874,13,0_R_pe1,2,9f8b66e1677df797e28c478b553a10ec,yes,other,United States of America,master,Male,english,,ai,3,Christina,exp1,,,True,True,human,False
1749029809,9f8b66e1677df797e28c478b553a10ec,PennController,9,0,experiment,NULL,TextInput,answer,Final,e(f(k)),1749028418240.0,22,3,R,Intensional,Abstract,the enemy of the friend of Bryan,1749027798528,13,0_R_ef3,NULL,9f8b66e1677df797e28c478b553a10ec,yes,other,United States of America,master,Male,english,,ai,3,w(s(t)),exp1,,,False,False,human,False
1749029809,9f8b66e1677df797e28c478b553a10ec,PennController,17,0,experiment,NULL,TextInput,answer,Final,t(s(k(x)),1749028573495.0,53,4,R,Intensional,Abstract,the child of the friend of the parent of Dana,1749028418247,13,0_R_cfp2,NULL,9f8b66e1677df797e28c478b553a10ec,yes,other,United States of America,master,Male,english,,ai,4,t(s(k(s))),exp1,,,False,False,human,False
1749029809,9f8b66e1677df797e28c478b553a10ec,PennController,16,0,experiment,NULL,DropDown,answer,Selected,Dana,1749028650285.0,50,4,R,Extensional,English,the enemy of the enemy of the enemy of Dana,1749028573498,13,0_R_eee2,3,9f8b66e1677df797e28c478b553a10ec,yes,other,United States of America,master,Male,english,,ai,4,Felicia,exp1,,,False,False,human,False
1749029809,9f8b66e1677df797e28c478b553a10ec,PennController,7,0,experiment,NULL,DropDown,answer,Selected,h,1749028879319.0,5,3,R,Extensional,Abstract,the enemy of the child of Christina,1749028651529,13,0_R_ec0,0,9f8b66e1677df797e28c478b553a10ec,yes,other,United States of America,master,Male,english,,ai,3,h,exp1,,,True,True,human,False
1749029809,9f8b66e1677df797e28c478b553a10ec,PennController,11,0,experiment,NULL,DropDown,answer,Selected,h,1749028991591.0,122,4,L,Extensional,Abstract,Christina's enemy's friend's child,1749028917209,13,0_L_cfe0,0,9f8b66e1677df797e28c478b553a10ec,yes,other,United States of America,master,Male,english,,ai,4,s,exp1,,,False,False,human,False
1749029809,9f8b66e1677df797e28c478b553a10ec,PennController,13,0,experiment,NULL,TextInput,answer,Final,w(t(s(q)),1749029106934.0,152,4,L,Intensional,Abstract,Felicia's friend's child's enemy,1749028992561,13,0_L_ecf5,NULL,9f8b66e1677df797e28c478b553a10ec,yes,other,United States of America,master,Male,english,,ai,4,w(t(s(q))),exp1,,,False,True,human,False
1749029809,9f8b66e1677df797e28c478b553a10ec,PennController,6,0,experiment,NULL,TextInput,answer,Final,enemy(friend(Dana)),1749029241120.0,93,3,L,Intensional,English,Dana's friend's enemy,1749029106937,13,0_L_ef2,NULL,9f8b66e1677df797e28c478b553a10ec,yes,other,United States of America,master,Male,english,,ai,3,enemy(friend(dana)),exp1,,,False,True,human,False
1749029809,9f8b66e1677df797e28c478b553a10ec,PennController,5,0,experiment,NULL,TextInput,answer,Final,w(w(q)),1749029360481.0,116,3,L,Intensional,Abstract,Felicia's enemy's enemy,1749029241123,13,0_L_ee5,NULL,9f8b66e1677df797e28c478b553a10ec,yes,other,United States of America,master,Male,english,,ai,3,w(w(q)),exp1,,,True,True,human,False
1749029809,9f8b66e1677df797e28c478b553a10ec,PennController,14,0,experiment,NULL,TextInput,answer,Final,parent(child(felicia)),1749029476198.0,160,4,L,Intensional,English,Felicia's child's parent's child,1749029360484,13,0_L_cpc5,NULL,9f8b66e1677df797e28c478b553a10ec,yes,other,United States of America,master,Male,english,,ai,4,child(parent(child(felicia))),exp1,,,False,False,human,False
1749029809,9f8b66e1677df797e28c478b553a10ec,PennController,15,0,experiment,NULL,DropDown,answer,Selected,h,1749029573912.0,65,4,R,Extensional,Abstract,the friend of the friend of the enemy of Elizabeth,1749029476201,13,0_R_ffe4,0,9f8b66e1677df797e28c478b553a10ec,yes,other,United States of America,master,Male,english,,ai,4,h,exp1,,,True,True,human,False
1749029809,9f8b66e1677df797e28c478b553a10ec,PennController,4,0,experiment,NULL,DropDown,answer,Selected,Amber,1749029595395.0,87,3,L,Extensional,English,Amber's friend's friend,1749029574664,13,0_L_ff1,0,9f8b66e1677df797e28c478b553a10ec,yes,other,United States of America,master,Male,english,,ai,3,Amber,exp1,,,True,True,human,False
1749029809,9f8b66e1677df797e28c478b553a10ec,PennController,18,0,experiment,NULL,TextInput,answer,Final,enemy(christina(friend(christina)),1749029683872.0,41,4,R,Intensional,English,the enemy of the friend of the enemy of Christina,1749029598441,13,0_R_efe0,NULL,9f8b66e1677df797e28c478b553a10ec,yes,other,United States of America,master,Male,english,,ai,4,enemy(friend(enemy(christina))),exp1,,,False,False,human,False
1749029809,9f8b66e1677df797e28c478b553a10ec,PennController,10,0,experiment,NULL,TextInput,answer,Final,child(enemy(christina)),1749029722022.0,3,3,R,Intensional,English,the child of the enemy of Christina,1749029683875,13,0_R_ce0,NULL,9f8b66e1677df797e28c478b553a10ec,yes,other,United States of America,master,Male,english,,ai,3,child(enemy(christina)),exp1,,,True,True,human,False
1749029809,9f8b66e1677df797e28c478b553a10ec,PennController,12,0,experiment,NULL,DropDown,answer,Selected,Felicia,1749029758548.0,125,4,L,Extensional,English,Amber's friend's friend's enemy,1749029722025,13,0_L_eff1,5,9f8b66e1677df797e28c478b553a10ec,yes,other,United States of America,master,Male,english,,ai,4,Elizabeth,exp1,,,False,False,human,False
1749029809,9f8b66e1677df797e28c478b553a10ec,PennController,3,0,experiment,NULL,DropDown,answer,Selected,v,1749029805969.0,81,3,L,Extensional,Abstract,Christina's friend's enemy,1749029759491,13,0_L_ef0,4,9f8b66e1677df797e28c478b553a10ec,yes,other,United States of America,master,Male,english,,ai,3,v,exp1,,,True,True,human,False
1749066360,0d13e5891231a1133aad41612a94c6fb,PennController,11,0,experiment,NULL,DropDown,answer,Selected,Christina,1749065807256.0,148,3,L,Extensional,English,Elizabeth's enemy's friend,1749065753798,22,0_L_fe4,2,0d13e5891231a1133aad41612a94c6fb,yes,other,US,other,Male,english,,ai,3,Christina,exp1,,,True,True,human,False
1749066360,0d13e5891231a1133aad41612a94c6fb,PennController,21,0,experiment,NULL,TextInput,answer,Final,parent(child(friend(bryan))),1749065844822.0,177,4,L,Intensional,English,Bryan's friend's child's parent,1749065808162,22,0_L_pcf3,NULL,0d13e5891231a1133aad41612a94c6fb,yes,other,US,other,Male,english,,ai,4,parent(child(friend(bryan))),exp1,,,True,True,human,False
1749066360,0d13e5891231a1133aad41612a94c6fb,PennController,19,0,experiment,NULL,DropDown,answer,Selected,Dana,1749065867147.0,162,4,L,Extensional,English,Christina's enemy's friend's child,1749065844842,22,0_L_cfe0,3,0d13e5891231a1133aad41612a94c6fb,yes,other,US,other,Male,english,,ai,4,Dana,exp1,,,True,True,human,False
1749066360,0d13e5891231a1133aad41612a94c6fb,PennController,22,0,experiment,NULL,TextInput,answer,Final,friend(enemy(enemy(felicia))),1749065898154.0,94,4,R,Intensional,English,the friend of the enemy of the enemy of Felicia,1749065873606,22,0_R_fee5,NULL,0d13e5891231a1133aad41612a94c6fb,yes,other,US,other,Male,english,,ai,4,friend(enemy(enemy(felicia))),exp1,,,True,True,human,False
1749066360,0d13e5891231a1133aad41612a94c6fb,PennController,13,0,experiment,NULL,TextInput,answer,Final,parent(enemy(amber)),1749065951760.0,131,3,L,Intensional,English,Amber's enemy's parent,1749065898156,22,0_L_pe1,NULL,0d13e5891231a1133aad41612a94c6fb,yes,other,US,other,Male,english,,ai,3,parent(enemy(amber)),exp1,,,True,True,human,False
1749066360,0d13e5891231a1133aad41612a94c6fb,PennController,10,0,experiment,NULL,TextInput,answer,Final,s(t(t)),1749065982087.0,43,3,R,Intensional,Abstract,the friend of the child of Bryan,1749065951762,22,0_R_fc3,NULL,0d13e5891231a1133aad41612a94c6fb,yes,other,US,other,Male,english,,ai,3,s(t(t)),exp1,,,True,True,human,False
1749066360,0d13e5891231a1133aad41612a94c6fb,PennController,6,0,experiment,NULL,TextInput,answer,Final,child(felicia),1749066031910.0,1,2,R,Intensional,English,the child of Felicia,1749065982089,22,0_R_c5,NULL,0d13e5891231a1133aad41612a94c6fb,yes,other,US,other,Male,english,,ai,2,child(felicia),exp1,,,True,True,human,False
1749066360,0d13e5891231a1133aad41612a94c6fb,PennController,7,0,experiment,NULL,DropDown,answer,Selected,y,1749066047302.0,131,3,L,Extensional,Abstract,Amber's enemy's parent,1749066031912,22,0_L_pe1,5,0d13e5891231a1133aad41612a94c6fb,yes,other,US,other,Male,english,,ai,3,y,exp1,,,True,True,human,False
1749066360,0d13e5891231a1133aad41612a94c6fb,PennController,17,0,experiment,NULL,TextInput,answer,Final,t(k(t(q)),1749066089423.0,200,4,L,Intensional,Abstract,Felicia's child's parent's child,1749066049616,22,0_L_cpc5,NULL,0d13e5891231a1133aad41612a94c6fb,yes,other,US,other,Male,english,,ai,4,t(k(t(q))),exp1,,,False,True,human,False
1749066360,0d13e5891231a1133aad41612a94c6fb,PennController,4,0,experiment,NULL,TextInput,answer,Final,s(y),1749066107277.0,14,2,R,Intensional,Abstract,the friend of Christina,1749066089425,22,0_R_f0,NULL,0d13e5891231a1133aad41612a94c6fb,yes,other,US,other,Male,english,,ai,2,s(y),exp1,,,True,True,human,False
1749066360,0d13e5891231a1133aad41612a94c6fb,PennController,5,0,experiment,NULL,DropDown,answer,Selected,Dana,1749066123274.0,18,2,R,Extensional,English,the child of Felicia,1749066107279,22,0_R_c5,3,0d13e5891231a1133aad41612a94c6fb,yes,other,US,other,Male,english,,ai,2,Dana,exp1,,,True,True,human,False
1749066360,0d13e5891231a1133aad41612a94c6fb,PennController,18,0,experiment,NULL,TextInput,answer,Final,k(t(v(s)),1749066153296.0,72,4,R,Intensional,Abstract,the parent of the child of the enemy of Dana,1749066124070,22,0_R_pce2,NULL,0d13e5891231a1133aad41612a94c6fb,yes,other,US,other,Male,english,,ai,4,k(t(w(s))),exp1,,,False,False,human,False
1749066360,0d13e5891231a1133aad41612a94c6fb,PennController,8,0,experiment,NULL,DropDown,answer,Selected,s,1749066157938.0,40,3,R,Extensional,Abstract,the child of the parent of Dana,1749066153299,22,0_R_cp2,2,0d13e5891231a1133aad41612a94c6fb,yes,other,US,other,Male,english,,ai,3,s,exp1,,,True,True,human,False
1749066360,0d13e5891231a1133aad41612a94c6fb,PennController,3,0,experiment,NULL,DropDown,answer,Selected,s,1749066175036.0,6,2,R,Extensional,Abstract,the child of Felicia,1749066170051,22,0_R_c5,2,0d13e5891231a1133aad41612a94c6fb,yes,other,US,other,Male,english,,ai,2,s,exp1,,,True,True,human,False
1749066360,0d13e5891231a1133aad41612a94c6fb,PennController,12,0,experiment,NULL,DropDown,answer,Selected,Bryan,1749066181656.0,25,3,R,Extensional,English,the enemy of the child of Christina,1749066176125,22,0_R_ec0,1,0d13e5891231a1133aad41612a94c6fb,yes,other,US,other,Male,english,,ai,3,Amber,exp1,,,False,False,human,False
1749066360,0d13e5891231a1133aad41612a94c6fb,PennController,16,0,experiment,NULL,DropDown,answer,Selected,q,1749066213620.0,91,4,R,Extensional,Abstract,the friend of the child of the friend of Felicia,1749066182758,22,0_R_fcf5,1,0d13e5891231a1133aad41612a94c6fb,yes,other,US,other,Male,english,,ai,4,y,exp1,,,False,False,human,False
1749066360,0d13e5891231a1133aad41612a94c6fb,PennController,15,0,experiment,NULL,DropDown,answer,Selected,v,1749066227274.0,186,4,L,Extensional,Abstract,Elizabeth's parent's friend's friend,1749066214312,22,0_L_ffp4,4,0d13e5891231a1133aad41612a94c6fb,yes,other,US,other,Male,english,,ai,4,y,exp1,,,False,False,human,False
1749066360,0d13e5891231a1133aad41612a94c6fb,PennController,14,0,experiment,NULL,TextInput,answer,Final,enemy(child(felicia)),1749066264875.0,59,3,R,Intensional,English,the enemy of the child of Felicia,1749066228105,22,0_R_ec5,NULL,0d13e5891231a1133aad41612a94c6fb,yes,other,US,other,Male,english,,ai,3,enemy(child(felicia)),exp1,,,True,True,human,False
1749066360,0d13e5891231a1133aad41612a94c6fb,PennController,9,0,experiment,NULL,TextInput,answer,Final,w(w)s,1749066343302.0,136,3,L,Intensional,Abstract,Dana's enemy's enemy,1749066264878,22,0_L_ee2,NULL,0d13e5891231a1133aad41612a94c6fb,yes,other,US,other,Male,english,,ai,3,w(w(s)),exp1,,,False,False,human,False
1749066360,0d13e5891231a1133aad41612a94c6fb,PennController,20,0,experiment,NULL,DropDown,answer,Selected,Christina,1749066357778.0,80,4,R,Extensional,English,the parent of the enemy of the child of Bryan,1749066343305,22,0_R_pec3,2,0d13e5891231a1133aad41612a94c6fb,yes,other,US,other,Male,english,,ai,4,Christina,exp1,,,True,True,human,False
1749066491,f28e5b735ecbaea0ab62bae993b90ae7,PennController,16,0,experiment,NULL,DropDown,answer,Selected,y,1749065743186.0,91,4,R,Extensional,Abstract,the friend of the child of the friend of Felicia,1749065661461,22,0_R_fcf5,5,f28e5b735ecbaea0ab62bae993b90ae7,yes,other,USA,high_school,Male,english,,other,4,y,exp1,,,True,True,human,False
1749066491,f28e5b735ecbaea0ab62bae993b90ae7,PennController,20,0,experiment,NULL,DropDown,answer,Selected,Christina,1749065809371.0,80,4,R,Extensional,English,the parent of the enemy of the child of Bryan,1749065744427,22,0_R_pec3,2,f28e5b735ecbaea0ab62bae993b90ae7,yes,other,USA,high_school,Male,english,,other,4,Christina,exp1,,,True,True,human,False
1749066491,f28e5b735ecbaea0ab62bae993b90ae7,PennController,5,0,experiment,NULL,DropDown,answer,Selected,Dana,1749065823290.0,18,2,R,Extensional,English,the child of Felicia,1749065810528,22,0_R_c5,3,f28e5b735ecbaea0ab62bae993b90ae7,yes,other,USA,high_school,Male,english,,other,2,Dana,exp1,,,True,True,human,False
1749066491,f28e5b735ecbaea0ab62bae993b90ae7,PennController,3,0,experiment,NULL,DropDown,answer,Selected,s,1749065832913.0,6,2,R,Extensional,Abstract,the child of Felicia,1749065824326,22,0_R_c5,2,f28e5b735ecbaea0ab62bae993b90ae7,yes,other,USA,high_school,Male,english,,other,2,s,exp1,,,True,True,human,False
1749066491,f28e5b735ecbaea0ab62bae993b90ae7,PennController,13,0,experiment,NULL,TextInput,answer,Final,parent((enemy(Amber))),1749065904348.0,131,3,L,Intensional,English,Amber's enemy's parent,1749065833999,22,0_L_pe1,NULL,f28e5b735ecbaea0ab62bae993b90ae7,yes,other,USA,high_school,Male,english,,other,3,parent(enemy(amber)),exp1,,,False,False,human,False
1749066491,f28e5b735ecbaea0ab62bae993b90ae7,PennController,4,0,experiment,NULL,TextInput,answer,Final,s(y),1749065933927.0,14,2,R,Intensional,Abstract,the friend of Christina,1749065904351,22,0_R_f0,NULL,f28e5b735ecbaea0ab62bae993b90ae7,yes,other,USA,high_school,Male,english,,other,2,s(y),exp1,,,True,True,human,False
1749066491,f28e5b735ecbaea0ab62bae993b90ae7,PennController,11,0,experiment,NULL,DropDown,answer,Selected,Christina,1749065953037.0,148,3,L,Extensional,English,Elizabeth's enemy's friend,1749065933930,22,0_L_fe4,2,f28e5b735ecbaea0ab62bae993b90ae7,yes,other,USA,high_school,Male,english,,other,3,Christina,exp1,,,True,True,human,False
1749066491,f28e5b735ecbaea0ab62bae993b90ae7,PennController,17,0,experiment,NULL,TextInput,answer,Final,t(k(t(q))),1749066128840.0,200,4,L,Intensional,Abstract,Felicia's child's parent's child,1749065953859,22,0_L_cpc5,NULL,f28e5b735ecbaea0ab62bae993b90ae7,yes,other,USA,high_school,Male,english,,other,4,t(k(t(q))),exp1,,,True,True,human,False
1749066491,f28e5b735ecbaea0ab62bae993b90ae7,PennController,12,0,experiment,NULL,DropDown,answer,Selected,Amber,1749066177218.0,25,3,R,Extensional,English,the enemy of the child of Christina,1749066128843,22,0_R_ec0,0,f28e5b735ecbaea0ab62bae993b90ae7,yes,other,USA,high_school,Male,english,,other,3,Amber,exp1,,,True,True,human,False
1749066491,f28e5b735ecbaea0ab62bae993b90ae7,PennController,8,0,experiment,NULL,DropDown,answer,Selected,s,1749066216216.0,40,3,R,Extensional,Abstract,the child of the parent of Dana,1749066178044,22,0_R_cp2,2,f28e5b735ecbaea0ab62bae993b90ae7,yes,other,USA,high_school,Male,english,,other,3,s,exp1,,,True,True,human,False
1749066491,f28e5b735ecbaea0ab62bae993b90ae7,PennController,7,0,experiment,NULL,DropDown,answer,Selected,y,1749066236850.0,131,3,L,Extensional,Abstract,Amber's enemy's parent,1749066220219,22,0_L_pe1,5,f28e5b735ecbaea0ab62bae993b90ae7,yes,other,USA,high_school,Male,english,,other,3,y,exp1,,,True,True,human,False
1749066491,f28e5b735ecbaea0ab62bae993b90ae7,PennController,10,0,experiment,NULL,TextInput,answer,Final,s(t(t)),1749066260704.0,43,3,R,Intensional,Abstract,the friend of the child of Bryan,1749066237967,22,0_R_fc3,NULL,f28e5b735ecbaea0ab62bae993b90ae7,yes,other,USA,high_school,Male,english,,other,3,s(t(t)),exp1,,,True,True,human,False
1749066491,f28e5b735ecbaea0ab62bae993b90ae7,PennController,18,0,experiment,NULL,TextInput,answer,Final,k(t(w(s))),1749066291745.0,72,4,R,Intensional,Abstract,the parent of the child of the enemy of Dana,1749066260708,22,0_R_pce2,NULL,f28e5b735ecbaea0ab62bae993b90ae7,yes,other,USA,high_school,Male,english,,other,4,k(t(w(s))),exp1,,,True,True,human,False
1749066491,f28e5b735ecbaea0ab62bae993b90ae7,PennController,15,0,experiment,NULL,DropDown,answer,Selected,v,1749066332028.0,186,4,L,Extensional,Abstract,Elizabeth's parent's friend's friend,1749066291748,22,0_L_ffp4,4,f28e5b735ecbaea0ab62bae993b90ae7,yes,other,USA,high_school,Male,english,,other,4,y,exp1,,,False,False,human,False
1749066491,f28e5b735ecbaea0ab62bae993b90ae7,PennController,9,0,experiment,NULL,TextInput,answer,Final,w(w(s)),1749066381710.0,136,3,L,Intensional,Abstract,Dana's enemy's enemy,1749066334168,22,0_L_ee2,NULL,f28e5b735ecbaea0ab62bae993b90ae7,yes,other,USA,high_school,Male,english,,other,3,w(w(s)),exp1,,,True,True,human,False
1749066491,f28e5b735ecbaea0ab62bae993b90ae7,PennController,19,0,experiment,NULL,DropDown,answer,Selected,Dana,1749066431560.0,162,4,L,Extensional,English,Christina's enemy's friend's child,1749066381712,22,0_L_cfe0,3,f28e5b735ecbaea0ab62bae993b90ae7,yes,other,USA,high_school,Male,english,,other,4,Dana,exp1,,,True,True,human,False
1749066491,f28e5b735ecbaea0ab62bae993b90ae7,PennController,22,0,experiment,NULL,TextInput,answer,Final,friend(enemy(enemy(Felicia))),1749066456813.0,94,4,R,Intensional,English,the friend of the enemy of the enemy of Felicia,1749066432695,22,0_R_fee5,NULL,f28e5b735ecbaea0ab62bae993b90ae7,yes,other,USA,high_school,Male,english,,other,4,friend(enemy(enemy(felicia))),exp1,,,False,True,human,False
1749066491,f28e5b735ecbaea0ab62bae993b90ae7,PennController,21,0,experiment,NULL,TextInput,answer,Final,parent(child(friend(Bryan))),1749066473893.0,177,4,L,Intensional,English,Bryan's friend's child's parent,1749066456816,22,0_L_pcf3,NULL,f28e5b735ecbaea0ab62bae993b90ae7,yes,other,USA,high_school,Male,english,,other,4,parent(child(friend(bryan))),exp1,,,False,True,human,False
1749066491,f28e5b735ecbaea0ab62bae993b90ae7,PennController,14,0,experiment,NULL,TextInput,answer,Final,enemy(child(Felicia)),1749066484614.0,59,3,R,Intensional,English,the enemy of the child of Felicia,1749066473896,22,0_R_ec5,NULL,f28e5b735ecbaea0ab62bae993b90ae7,yes,other,USA,high_school,Male,english,,other,3,enemy(child(felicia)),exp1,,,False,True,human,False
1749066491,f28e5b735ecbaea0ab62bae993b90ae7,PennController,6,0,experiment,NULL,TextInput,answer,Final,child(Felicia),1749066490889.0,1,2,R,Intensional,English,the child of Felicia,1749066484617,22,0_R_c5,NULL,f28e5b735ecbaea0ab62bae993b90ae7,yes,other,USA,high_school,Male,english,,other,2,child(felicia),exp1,,,False,True,human,False
1749066520,db923e2ad879535b4bb90a56cd5b548e,PennController,19,0,experiment,NULL,DropDown,answer,Selected,Dana,1749065756517.0,162,4,L,Extensional,English,Christina's enemy's friend's child,1749065683552,22,0_L_cfe0,3,db923e2ad879535b4bb90a56cd5b548e,yes,other,United States of America,bachelor,Non-binary,english,,other,4,Dana,exp1,,,True,True,human,False
1749066520,db923e2ad879535b4bb90a56cd5b548e,PennController,9,0,experiment,NULL,TextInput,answer,Final,w(w(s)),1749065823040.0,136,3,L,Intensional,Abstract,Dana's enemy's enemy,1749065761659,22,0_L_ee2,NULL,db923e2ad879535b4bb90a56cd5b548e,yes,other,United States of America,bachelor,Non-binary,english,,other,3,w(w(s)),exp1,,,True,True,human,False
1749066520,db923e2ad879535b4bb90a56cd5b548e,PennController,3,0,experiment,NULL,DropDown,answer,Selected,s,1749065858256.0,6,2,R,Extensional,Abstract,the child of Felicia,1749065823042,22,0_R_c5,2,db923e2ad879535b4bb90a56cd5b548e,yes,other,United States of America,bachelor,Non-binary,english,,other,2,s,exp1,,,True,True,human,False
1749066520,db923e2ad879535b4bb90a56cd5b548e,PennController,14,0,experiment,NULL,TextInput,answer,Final,enemy(child(felicia)),1749065917656.0,59,3,R,Intensional,English,the enemy of the child of Felicia,1749065861169,22,0_R_ec5,NULL,db923e2ad879535b4bb90a56cd5b548e,yes,other,United States of America,bachelor,Non-binary,english,,other,3,enemy(child(felicia)),exp1,,,True,True,human,False
1749066520,db923e2ad879535b4bb90a56cd5b548e,PennController,11,0,experiment,NULL,DropDown,answer,Selected,Christina,1749065953192.0,148,3,L,Extensional,English,Elizabeth's enemy's friend,1749065917658,22,0_L_fe4,2,db923e2ad879535b4bb90a56cd5b548e,yes,other,United States of America,bachelor,Non-binary,english,,other,3,Christina,exp1,,,True,True,human,False
1749066520,db923e2ad879535b4bb90a56cd5b548e,PennController,22,0,experiment,NULL,TextInput,answer,Final,(enemy(enemy(felicia))),1749066013023.0,94,4,R,Intensional,English,the friend of the enemy of the enemy of Felicia,1749065963841,22,0_R_fee5,NULL,db923e2ad879535b4bb90a56cd5b548e,yes,other,United States of America,bachelor,Non-binary,english,,other,4,friend(enemy(enemy(felicia))),exp1,,,False,False,human,False
1749066520,db923e2ad879535b4bb90a56cd5b548e,PennController,20,0,experiment,NULL,DropDown,answer,Selected,Christina,1749066074416.0,80,4,R,Extensional,English,the parent of the enemy of the child of Bryan,1749066013025,22,0_R_pec3,2,db923e2ad879535b4bb90a56cd5b548e,yes,other,United States of America,bachelor,Non-binary,english,,other,4,Christina,exp1,,,True,True,human,False
1749066520,db923e2ad879535b4bb90a56cd5b548e,PennController,17,0,experiment,NULL,TextInput,answer,Final,t(k(t(q))),1749066127383.0,200,4,L,Intensional,Abstract,Felicia's child's parent's child,1749066075761,22,0_L_cpc5,NULL,db923e2ad879535b4bb90a56cd5b548e,yes,other,United States of America,bachelor,Non-binary,english,,other,4,t(k(t(q))),exp1,,,True,True,human,False
1749066520,db923e2ad879535b4bb90a56cd5b548e,PennController,8,0,experiment,NULL,DropDown,answer,Selected,s,1749066147199.0,40,3,R,Extensional,Abstract,the child of the parent of Dana,1749066127385,22,0_R_cp2,2,db923e2ad879535b4bb90a56cd5b548e,yes,other,United States of America,bachelor,Non-binary,english,,other,3,s,exp1,,,True,True,human,False
1749066520,db923e2ad879535b4bb90a56cd5b548e,PennController,18,0,experiment,NULL,TextInput,answer,Final,k(t(w(s))),1749066193775.0,72,4,R,Intensional,Abstract,the parent of the child of the enemy of Dana,1749066148705,22,0_R_pce2,NULL,db923e2ad879535b4bb90a56cd5b548e,yes,other,United States of America,bachelor,Non-binary,english,,other,4,k(t(w(s))),exp1,,,True,True,human,False
1749066520,db923e2ad879535b4bb90a56cd5b548e,PennController,16,0,experiment,NULL,DropDown,answer,Selected,y,1749066224888.0,91,4,R,Extensional,Abstract,the friend of the child of the friend of Felicia,1749066193777,22,0_R_fcf5,5,db923e2ad879535b4bb90a56cd5b548e,yes,other,United States of America,bachelor,Non-binary,english,,other,4,y,exp1,,,True,True,human,False
1749066520,db923e2ad879535b4bb90a56cd5b548e,PennController,21,0,experiment,NULL,TextInput,answer,Final,(child(friend(bryan))),1749066288895.0,177,4,L,Intensional,English,Bryan's friend's child's parent,1749066238801,22,0_L_pcf3,NULL,db923e2ad879535b4bb90a56cd5b548e,yes,other,United States of America,bachelor,Non-binary,english,,other,4,parent(child(friend(bryan))),exp1,,,False,False,human,False
1749066520,db923e2ad879535b4bb90a56cd5b548e,PennController,10,0,experiment,NULL,TextInput,answer,Final,s(t(t)),1749066326199.0,43,3,R,Intensional,Abstract,the friend of the child of Bryan,1749066288896,22,0_R_fc3,NULL,db923e2ad879535b4bb90a56cd5b548e,yes,other,United States of America,bachelor,Non-binary,english,,other,3,s(t(t)),exp1,,,True,True,human,False
1749066520,db923e2ad879535b4bb90a56cd5b548e,PennController,4,0,experiment,NULL,TextInput,answer,Final,s(y),1749066351359.0,14,2,R,Intensional,Abstract,the friend of Christina,1749066326200,22,0_R_f0,NULL,db923e2ad879535b4bb90a56cd5b548e,yes,other,United States of America,bachelor,Non-binary,english,,other,2,s(y),exp1,,,True,True,human,False
1749066520,db923e2ad879535b4bb90a56cd5b548e,PennController,5,0,experiment,NULL,DropDown,answer,Selected,Dana,1749066367015.0,18,2,R,Extensional,English,the child of Felicia,1749066351361,22,0_R_c5,3,db923e2ad879535b4bb90a56cd5b548e,yes,other,United States of America,bachelor,Non-binary,english,,other,2,Dana,exp1,,,True,True,human,False
1749066520,db923e2ad879535b4bb90a56cd5b548e,PennController,7,0,experiment,NULL,DropDown,answer,Selected,v,1749066388271.0,131,3,L,Extensional,Abstract,Amber's enemy's parent,1749066368153,22,0_L_pe1,4,db923e2ad879535b4bb90a56cd5b548e,yes,other,United States of America,bachelor,Non-binary,english,,other,3,y,exp1,,,False,False,human,False
1749066520,db923e2ad879535b4bb90a56cd5b548e,PennController,12,0,experiment,NULL,DropDown,answer,Selected,Bryan,1749066413215.0,25,3,R,Extensional,English,the enemy of the child of Christina,1749066396184,22,0_R_ec0,1,db923e2ad879535b4bb90a56cd5b548e,yes,other,United States of America,bachelor,Non-binary,english,,other,3,Amber,exp1,,,False,False,human,False
1749066520,db923e2ad879535b4bb90a56cd5b548e,PennController,6,0,experiment,NULL,TextInput,answer,Final,child(felicia),1749066448278.0,1,2,R,Intensional,English,the child of Felicia,1749066416833,22,0_R_c5,NULL,db923e2ad879535b4bb90a56cd5b548e,yes,other,United States of America,bachelor,Non-binary,english,,other,2,child(felicia),exp1,,,True,True,human,False
1749066520,db923e2ad879535b4bb90a56cd5b548e,PennController,13,0,experiment,NULL,TextInput,answer,Final,parent(enemy(amber)),1749066486038.0,131,3,L,Intensional,English,Amber's enemy's parent,1749066448280,22,0_L_pe1,NULL,db923e2ad879535b4bb90a56cd5b548e,yes,other,United States of America,bachelor,Non-binary,english,,other,3,parent(enemy(amber)),exp1,,,True,True,human,False
1749066520,db923e2ad879535b4bb90a56cd5b548e,PennController,15,0,experiment,NULL,DropDown,answer,Selected,y,1749066502512.0,186,4,L,Extensional,Abstract,Elizabeth's parent's friend's friend,1749066486040,22,0_L_ffp4,5,db923e2ad879535b4bb90a56cd5b548e,yes,other,United States of America,bachelor,Non-binary,english,,other,4,y,exp1,,,True,True,human,False
1749066532,6e95c0dceea8e2c6a310289e703d4bbd,PennController,8,0,experiment,NULL,DropDown,answer,Selected,s,1749065976303.0,40,3,R,Extensional,Abstract,the child of the parent of Dana,1749065893335,22,0_R_cp2,2,6e95c0dceea8e2c6a310289e703d4bbd,yes,other,America,bachelor,Male,english,,ai,3,s,exp1,,,True,True,human,False
1749066532,6e95c0dceea8e2c6a310289e703d4bbd,PennController,12,0,experiment,NULL,DropDown,answer,Selected,Amber,1749066035199.0,25,3,R,Extensional,English,the enemy of the child of Christina,1749066009775,22,0_R_ec0,0,6e95c0dceea8e2c6a310289e703d4bbd,yes,other,America,bachelor,Male,english,,ai,3,Amber,exp1,,,True,True,human,False
1749066532,6e95c0dceea8e2c6a310289e703d4bbd,PennController,7,0,experiment,NULL,DropDown,answer,Selected,y,1749066061296.0,131,3,L,Extensional,Abstract,Amber's enemy's parent,1749066036228,22,0_L_pe1,5,6e95c0dceea8e2c6a310289e703d4bbd,yes,other,America,bachelor,Male,english,,ai,3,y,exp1,,,True,True,human,False
1749066532,6e95c0dceea8e2c6a310289e703d4bbd,PennController,10,0,experiment,NULL,TextInput,answer,Final,s(t(t)),1749066146345.0,43,3,R,Intensional,Abstract,the friend of the child of Bryan,1749066065630,22,0_R_fc3,NULL,6e95c0dceea8e2c6a310289e703d4bbd,yes,other,America,bachelor,Male,english,,ai,3,s(t(t)),exp1,,,True,True,human,False
1749066532,6e95c0dceea8e2c6a310289e703d4bbd,PennController,14,0,experiment,NULL,TextInput,answer,Final,enemy(child(felicia)),1749066188031.0,59,3,R,Intensional,English,the enemy of the child of Felicia,1749066146350,22,0_R_ec5,NULL,6e95c0dceea8e2c6a310289e703d4bbd,yes,other,America,bachelor,Male,english,,ai,3,enemy(child(felicia)),exp1,,,True,True,human,False
1749066532,6e95c0dceea8e2c6a310289e703d4bbd,PennController,11,0,experiment,NULL,DropDown,answer,Selected,Christina,1749066206279.0,148,3,L,Extensional,English,Elizabeth's enemy's friend,1749066188033,22,0_L_fe4,2,6e95c0dceea8e2c6a310289e703d4bbd,yes,other,America,bachelor,Male,english,,ai,3,Christina,exp1,,,True,True,human,False
1749066532,6e95c0dceea8e2c6a310289e703d4bbd,PennController,13,0,experiment,NULL,TextInput,answer,Final,parent(enemy(amber)),1749066233433.0,131,3,L,Intensional,English,Amber's enemy's parent,1749066207000,22,0_L_pe1,NULL,6e95c0dceea8e2c6a310289e703d4bbd,yes,other,America,bachelor,Male,english,,ai,3,parent(enemy(amber)),exp1,,,True,True,human,False
1749066532,6e95c0dceea8e2c6a310289e703d4bbd,PennController,19,0,experiment,NULL,DropDown,answer,Selected,Dana,1749066251702.0,162,4,L,Extensional,English,Christina's enemy's friend's child,1749066233435,22,0_L_cfe0,3,6e95c0dceea8e2c6a310289e703d4bbd,yes,other,America,bachelor,Male,english,,ai,4,Dana,exp1,,,True,True,human,False
1749066532,6e95c0dceea8e2c6a310289e703d4bbd,PennController,18,0,experiment,NULL,TextInput,answer,Final,k(t(w(s))),1749066276375.0,72,4,R,Intensional,Abstract,the parent of the child of the enemy of Dana,1749066252529,22,0_R_pce2,NULL,6e95c0dceea8e2c6a310289e703d4bbd,yes,other,America,bachelor,Male,english,,ai,4,k(t(w(s))),exp1,,,True,True,human,False
1749066532,6e95c0dceea8e2c6a310289e703d4bbd,PennController,3,0,experiment,NULL,DropDown,answer,Selected,s,1749066300230.0,6,2,R,Extensional,Abstract,the child of Felicia,1749066276377,22,0_R_c5,2,6e95c0dceea8e2c6a310289e703d4bbd,yes,other,America,bachelor,Male,english,,ai,2,s,exp1,,,True,True,human,False
1749066532,6e95c0dceea8e2c6a310289e703d4bbd,PennController,22,0,experiment,NULL,TextInput,answer,Final,friend(enemy(enemy(felicia))),1749066325887.0,94,4,R,Intensional,English,the friend of the enemy of the enemy of Felicia,1749066301064,22,0_R_fee5,NULL,6e95c0dceea8e2c6a310289e703d4bbd,yes,other,America,bachelor,Male,english,,ai,4,friend(enemy(enemy(felicia))),exp1,,,True,True,human,False
1749066532,6e95c0dceea8e2c6a310289e703d4bbd,PennController,6,0,experiment,NULL,TextInput,answer,Final,child(felicia),1749066348335.0,1,2,R,Intensional,English,the child of Felicia,1749066325888,22,0_R_c5,NULL,6e95c0dceea8e2c6a310289e703d4bbd,yes,other,America,bachelor,Male,english,,ai,2,child(felicia),exp1,,,True,True,human,False
1749066532,6e95c0dceea8e2c6a310289e703d4bbd,PennController,9,0,experiment,NULL,TextInput,answer,Final,w(w(s)),1749066373960.0,136,3,L,Intensional,Abstract,Dana's enemy's enemy,1749066348337,22,0_L_ee2,NULL,6e95c0dceea8e2c6a310289e703d4bbd,yes,other,America,bachelor,Male,english,,ai,3,w(w(s)),exp1,,,True,True,human,False
1749066532,6e95c0dceea8e2c6a310289e703d4bbd,PennController,4,0,experiment,NULL,TextInput,answer,Final,s(y),1749066396175.0,14,2,R,Intensional,Abstract,the friend of Christina,1749066373961,22,0_R_f0,NULL,6e95c0dceea8e2c6a310289e703d4bbd,yes,other,America,bachelor,Male,english,,ai,2,s(y),exp1,,,True,True,human,False
1749066532,6e95c0dceea8e2c6a310289e703d4bbd,PennController,15,0,experiment,NULL,DropDown,answer,Selected,h,1749066416295.0,186,4,L,Extensional,Abstract,Elizabeth's parent's friend's friend,1749066396177,22,0_L_ffp4,0,6e95c0dceea8e2c6a310289e703d4bbd,yes,other,America,bachelor,Male,english,,ai,4,y,exp1,,,False,False,human,False
1749066532,6e95c0dceea8e2c6a310289e703d4bbd,PennController,17,0,experiment,NULL,TextInput,answer,Final,t(k(t(q)),1749066441560.0,200,4,L,Intensional,Abstract,Felicia's child's parent's child,1749066417567,22,0_L_cpc5,NULL,6e95c0dceea8e2c6a310289e703d4bbd,yes,other,America,bachelor,Male,english,,ai,4,t(k(t(q))),exp1,,,False,True,human,False
1749066532,6e95c0dceea8e2c6a310289e703d4bbd,PennController,5,0,experiment,NULL,DropDown,answer,Selected,Dana,1749066460910.0,18,2,R,Extensional,English,the child of Felicia,1749066441561,22,0_R_c5,3,6e95c0dceea8e2c6a310289e703d4bbd,yes,other,America,bachelor,Male,english,,ai,2,Dana,exp1,,,True,True,human,False
1749066532,6e95c0dceea8e2c6a310289e703d4bbd,PennController,20,0,experiment,NULL,DropDown,answer,Selected,Christina,1749066483478.0,80,4,R,Extensional,English,the parent of the enemy of the child of Bryan,1749066462472,22,0_R_pec3,2,6e95c0dceea8e2c6a310289e703d4bbd,yes,other,America,bachelor,Male,english,,ai,4,Christina,exp1,,,True,True,human,False
1749066532,6e95c0dceea8e2c6a310289e703d4bbd,PennController,21,0,experiment,NULL,TextInput,answer,Final,parent(child(friend(bryan))),1749066509055.0,177,4,L,Intensional,English,Bryan's friend's child's parent,1749066484335,22,0_L_pcf3,NULL,6e95c0dceea8e2c6a310289e703d4bbd,yes,other,America,bachelor,Male,english,,ai,4,parent(child(friend(bryan))),exp1,,,True,True,human,False
1749066532,6e95c0dceea8e2c6a310289e703d4bbd,PennController,16,0,experiment,NULL,DropDown,answer,Selected,v,1749066530502.0,91,4,R,Extensional,Abstract,the friend of the child of the friend of Felicia,1749066509057,22,0_R_fcf5,4,6e95c0dceea8e2c6a310289e703d4bbd,yes,other,America,bachelor,Male,english,,ai,4,y,exp1,,,False,False,human,False
1749066745,36da84b71b7cf9c88634f3ac54143a9f,PennController,8,0,experiment,NULL,DropDown,answer,Selected,s,1749065905950.0,40,3,R,Extensional,Abstract,the child of the parent of Dana,1749065837852,22,0_R_cp2,2,36da84b71b7cf9c88634f3ac54143a9f,yes,other,USA,bachelor,Male,english,,other,3,s,exp1,,,True,True,human,False
1749066745,36da84b71b7cf9c88634f3ac54143a9f,PennController,13,0,experiment,NULL,TextInput,answer,Final,it is the parent of Amber's enemy ,1749066038059.0,131,3,L,Intensional,English,Amber's enemy's parent,1749065906888,22,0_L_pe1,NULL,36da84b71b7cf9c88634f3ac54143a9f,yes,other,USA,bachelor,Male,english,,other,3,parent(enemy(amber)),exp1,,,False,False,human,False
1749066745,36da84b71b7cf9c88634f3ac54143a9f,PennController,22,0,experiment,NULL,TextInput,answer,Final,the definitions are too vague to reliably answser,1749066148163.0,94,4,R,Intensional,English,the friend of the enemy of the enemy of Felicia,1749066038061,22,0_R_fee5,NULL,36da84b71b7cf9c88634f3ac54143a9f,yes,other,USA,bachelor,Male,english,,other,4,friend(enemy(enemy(felicia))),exp1,,,False,False,human,False
1749066745,36da84b71b7cf9c88634f3ac54143a9f,PennController,5,0,experiment,NULL,DropDown,answer,Selected,Dana,1749066170941.0,18,2,R,Extensional,English,the child of Felicia,1749066148164,22,0_R_c5,3,36da84b71b7cf9c88634f3ac54143a9f,yes,other,USA,bachelor,Male,english,,other,2,Dana,exp1,,,True,True,human,False
1749066745,36da84b71b7cf9c88634f3ac54143a9f,PennController,16,0,experiment,NULL,DropDown,answer,Selected,v,1749066191963.0,91,4,R,Extensional,Abstract,the friend of the child of the friend of Felicia,1749066174029,22,0_R_fcf5,4,36da84b71b7cf9c88634f3ac54143a9f,yes,other,USA,bachelor,Male,english,,other,4,y,exp1,,,False,False,human,False
1749066745,36da84b71b7cf9c88634f3ac54143a9f,PennController,9,0,experiment,NULL,TextInput,answer,Final,the terminology is unclear as it indicates Dana's enemy is herself so I cannot reliably answer,1749066255306.0,136,3,L,Intensional,Abstract,Dana's enemy's enemy,1749066193052,22,0_L_ee2,NULL,36da84b71b7cf9c88634f3ac54143a9f,yes,other,USA,bachelor,Male,english,,other,3,w(w(s)),exp1,,,False,False,human,False
1749066745,36da84b71b7cf9c88634f3ac54143a9f,PennController,18,0,experiment,NULL,TextInput,answer,Final,the enemy of Dana is not defined so a formula is not possible,1749066452107.0,72,4,R,Intensional,Abstract,the parent of the child of the enemy of Dana,1749066255309,22,0_R_pce2,NULL,36da84b71b7cf9c88634f3ac54143a9f,yes,other,USA,bachelor,Male,english,,other,4,k(t(w(s))),exp1,,,False,False,human,False
1749066745,36da84b71b7cf9c88634f3ac54143a9f,PennController,11,0,experiment,NULL,DropDown,answer,Selected,Christina,1749066467987.0,148,3,L,Extensional,English,Elizabeth's enemy's friend,1749066452109,22,0_L_fe4,2,36da84b71b7cf9c88634f3ac54143a9f,yes,other,USA,bachelor,Male,english,,other,3,Christina,exp1,,,True,True,human,False
1749066745,36da84b71b7cf9c88634f3ac54143a9f,PennController,17,0,experiment,NULL,TextInput,answer,Final,the formula cannot be reliably derived based on info provided,1749066506170.0,200,4,L,Intensional,Abstract,Felicia's child's parent's child,1749066468915,22,0_L_cpc5,NULL,36da84b71b7cf9c88634f3ac54143a9f,yes,other,USA,bachelor,Male,english,,other,4,t(k(t(q))),exp1,,,False,False,human,False
1749066745,36da84b71b7cf9c88634f3ac54143a9f,PennController,19,0,experiment,NULL,DropDown,answer,Selected,Dana,1749066520283.0,162,4,L,Extensional,English,Christina's enemy's friend's child,1749066506171,22,0_L_cfe0,3,36da84b71b7cf9c88634f3ac54143a9f,yes,other,USA,bachelor,Male,english,,other,4,Dana,exp1,,,True,True,human,False
1749066745,36da84b71b7cf9c88634f3ac54143a9f,PennController,3,0,experiment,NULL,DropDown,answer,Selected,s,1749066534668.0,6,2,R,Extensional,Abstract,the child of Felicia,1749066521156,22,0_R_c5,2,36da84b71b7cf9c88634f3ac54143a9f,yes,other,USA,bachelor,Male,english,,other,2,s,exp1,,,True,True,human,False
1749066745,36da84b71b7cf9c88634f3ac54143a9f,PennController,6,0,experiment,NULL,TextInput,answer,Final,I cannot derive a formula based on data provided,1749066554066.0,1,2,R,Intensional,English,the child of Felicia,1749066535532,22,0_R_c5,NULL,36da84b71b7cf9c88634f3ac54143a9f,yes,other,USA,bachelor,Male,english,,other,2,child(felicia),exp1,,,False,False,human,False
1749066745,36da84b71b7cf9c88634f3ac54143a9f,PennController,10,0,experiment,NULL,TextInput,answer,Final,I cannot derive a reliable formula based on data,1749066566962.0,43,3,R,Intensional,Abstract,the friend of the child of Bryan,1749066554067,22,0_R_fc3,NULL,36da84b71b7cf9c88634f3ac54143a9f,yes,other,USA,bachelor,Male,english,,other,3,s(t(t)),exp1,,,False,False,human,False
1749066745,36da84b71b7cf9c88634f3ac54143a9f,PennController,14,0,experiment,NULL,TextInput,answer,Final,I cannot derive a formula based on data provided,1749066582082.0,59,3,R,Intensional,English,the enemy of the child of Felicia,1749066566963,22,0_R_ec5,NULL,36da84b71b7cf9c88634f3ac54143a9f,yes,other,USA,bachelor,Male,english,,other,3,enemy(child(felicia)),exp1,,,False,False,human,False
1749066745,36da84b71b7cf9c88634f3ac54143a9f,PennController,21,0,experiment,NULL,TextInput,answer,Final,I cannot derive a formula based on data provided,1749066597514.0,177,4,L,Intensional,English,Bryan's friend's child's parent,1749066582084,22,0_L_pcf3,NULL,36da84b71b7cf9c88634f3ac54143a9f,yes,other,USA,bachelor,Male,english,,other,4,parent(child(friend(bryan))),exp1,,,False,False,human,False
1749066745,36da84b71b7cf9c88634f3ac54143a9f,PennController,7,0,experiment,NULL,DropDown,answer,Selected,y,1749066633331.0,131,3,L,Extensional,Abstract,Amber's enemy's parent,1749066597516,22,0_L_pe1,5,36da84b71b7cf9c88634f3ac54143a9f,yes,other,USA,bachelor,Male,english,,other,3,y,exp1,,,True,True,human,False
1749066745,36da84b71b7cf9c88634f3ac54143a9f,PennController,20,0,experiment,NULL,DropDown,answer,Selected,Christina,1749066656906.0,80,4,R,Extensional,English,the parent of the enemy of the child of Bryan,1749066634443,22,0_R_pec3,2,36da84b71b7cf9c88634f3ac54143a9f,yes,other,USA,bachelor,Male,english,,other,4,Christina,exp1,,,True,True,human,False
1749066745,36da84b71b7cf9c88634f3ac54143a9f,PennController,12,0,experiment,NULL,DropDown,answer,Selected,Amber,1749066670019.0,25,3,R,Extensional,English,the enemy of the child of Christina,1749066657747,22,0_R_ec0,0,36da84b71b7cf9c88634f3ac54143a9f,yes,other,USA,bachelor,Male,english,,other,3,Amber,exp1,,,True,True,human,False
1749066745,36da84b71b7cf9c88634f3ac54143a9f,PennController,15,0,experiment,NULL,DropDown,answer,Selected,y,1749066728659.0,186,4,L,Extensional,Abstract,Elizabeth's parent's friend's friend,1749066671060,22,0_L_ffp4,5,36da84b71b7cf9c88634f3ac54143a9f,yes,other,USA,bachelor,Male,english,,other,4,y,exp1,,,True,True,human,False
1749066745,36da84b71b7cf9c88634f3ac54143a9f,PennController,4,0,experiment,NULL,TextInput,answer,Final,I cannot reliably derive formula based on data,1749066744362.0,14,2,R,Intensional,Abstract,the friend of Christina,1749066729563,22,0_R_f0,NULL,36da84b71b7cf9c88634f3ac54143a9f,yes,other,USA,bachelor,Male,english,,other,2,s(y),exp1,,,False,False,human,False
1749066754,c5f781fd8d52d05a8d0a3c175ae2aa0d,PennController,9,0,experiment,NULL,TextInput,answer,Final,w(w(s)),1749065978622.0,136,3,L,Intensional,Abstract,Dana's enemy's enemy,1749065811007,22,0_L_ee2,NULL,c5f781fd8d52d05a8d0a3c175ae2aa0d,yes,other,United States,master,Female,english,,other,3,w(w(s)),exp1,,,True,True,human,False
1749066754,c5f781fd8d52d05a8d0a3c175ae2aa0d,PennController,3,0,experiment,NULL,DropDown,answer,Selected,v,1749066082861.0,6,2,R,Extensional,Abstract,the child of Felicia,1749065978626,22,0_R_c5,4,c5f781fd8d52d05a8d0a3c175ae2aa0d,yes,other,United States,master,Female,english,,other,2,s,exp1,,,False,False,human,False
1749066754,c5f781fd8d52d05a8d0a3c175ae2aa0d,PennController,11,0,experiment,NULL,DropDown,answer,Selected,Christina,1749066138381.0,148,3,L,Extensional,English,Elizabeth's enemy's friend,1749066083816,22,0_L_fe4,2,c5f781fd8d52d05a8d0a3c175ae2aa0d,yes,other,United States,master,Female,english,,other,3,Christina,exp1,,,True,True,human,False
1749066754,c5f781fd8d52d05a8d0a3c175ae2aa0d,PennController,19,0,experiment,NULL,DropDown,answer,Selected,Dana,1749066173045.0,162,4,L,Extensional,English,Christina's enemy's friend's child,1749066141431,22,0_L_cfe0,3,c5f781fd8d52d05a8d0a3c175ae2aa0d,yes,other,United States,master,Female,english,,other,4,Dana,exp1,,,True,True,human,False
1749066754,c5f781fd8d52d05a8d0a3c175ae2aa0d,PennController,4,0,experiment,NULL,TextInput,answer,Final,s(y),1749066241662.0,14,2,R,Intensional,Abstract,the friend of Christina,1749066174759,22,0_R_f0,NULL,c5f781fd8d52d05a8d0a3c175ae2aa0d,yes,other,United States,master,Female,english,,other,2,s(y),exp1,,,True,True,human,False
1749066754,c5f781fd8d52d05a8d0a3c175ae2aa0d,PennController,8,0,experiment,NULL,DropDown,answer,Selected,s,1749066267133.0,40,3,R,Extensional,Abstract,the child of the parent of Dana,1749066241665,22,0_R_cp2,2,c5f781fd8d52d05a8d0a3c175ae2aa0d,yes,other,United States,master,Female,english,,other,3,s,exp1,,,True,True,human,False
1749066754,c5f781fd8d52d05a8d0a3c175ae2aa0d,PennController,12,0,experiment,NULL,DropDown,answer,Selected,Amber,1749066284325.0,25,3,R,Extensional,English,the enemy of the child of Christina,1749066268360,22,0_R_ec0,0,c5f781fd8d52d05a8d0a3c175ae2aa0d,yes,other,United States,master,Female,english,,other,3,Amber,exp1,,,True,True,human,False
1749066754,c5f781fd8d52d05a8d0a3c175ae2aa0d,PennController,13,0,experiment,NULL,TextInput,answer,Final,parent(enemy(amber)),1749066327502.0,131,3,L,Intensional,English,Amber's enemy's parent,1749066286223,22,0_L_pe1,NULL,c5f781fd8d52d05a8d0a3c175ae2aa0d,yes,other,United States,master,Female,english,,other,3,parent(enemy(amber)),exp1,,,True,True,human,False
1749066754,c5f781fd8d52d05a8d0a3c175ae2aa0d,PennController,5,0,experiment,NULL,DropDown,answer,Selected,Dana,1749066346141.0,18,2,R,Extensional,English,the child of Felicia,1749066327504,22,0_R_c5,3,c5f781fd8d52d05a8d0a3c175ae2aa0d,yes,other,United States,master,Female,english,,other,2,Dana,exp1,,,True,True,human,False
1749066754,c5f781fd8d52d05a8d0a3c175ae2aa0d,PennController,7,0,experiment,NULL,DropDown,answer,Selected,y,1749066366741.0,131,3,L,Extensional,Abstract,Amber's enemy's parent,1749066347478,22,0_L_pe1,5,c5f781fd8d52d05a8d0a3c175ae2aa0d,yes,other,United States,master,Female,english,,other,3,y,exp1,,,True,True,human,False
1749066754,c5f781fd8d52d05a8d0a3c175ae2aa0d,PennController,6,0,experiment,NULL,TextInput,answer,Final,child(felicia),1749066405757.0,1,2,R,Intensional,English,the child of Felicia,1749066369255,22,0_R_c5,NULL,c5f781fd8d52d05a8d0a3c175ae2aa0d,yes,other,United States,master,Female,english,,other,2,child(felicia),exp1,,,True,True,human,False
1749066754,c5f781fd8d52d05a8d0a3c175ae2aa0d,PennController,17,0,experiment,NULL,TextInput,answer,Final,t(q),1749066433671.0,200,4,L,Intensional,Abstract,Felicia's child's parent's child,1749066405759,22,0_L_cpc5,NULL,c5f781fd8d52d05a8d0a3c175ae2aa0d,yes,other,United States,master,Female,english,,other,4,t(k(t(q))),exp1,,,False,False,human,False
1749066754,c5f781fd8d52d05a8d0a3c175ae2aa0d,PennController,15,0,experiment,NULL,DropDown,answer,Selected,q,1749066466869.0,186,4,L,Extensional,Abstract,Elizabeth's parent's friend's friend,1749066433673,22,0_L_ffp4,1,c5f781fd8d52d05a8d0a3c175ae2aa0d,yes,other,United States,master,Female,english,,other,4,y,exp1,,,False,False,human,False
1749066754,c5f781fd8d52d05a8d0a3c175ae2aa0d,PennController,18,0,experiment,NULL,TextInput,answer,Final,k(t(w(s))),1749066505789.0,72,4,R,Intensional,Abstract,the parent of the child of the enemy of Dana,1749066467614,22,0_R_pce2,NULL,c5f781fd8d52d05a8d0a3c175ae2aa0d,yes,other,United States,master,Female,english,,other,4,k(t(w(s))),exp1,,,True,True,human,False
1749066754,c5f781fd8d52d05a8d0a3c175ae2aa0d,PennController,21,0,experiment,NULL,TextInput,answer,Final,parent(child(friend(Bryan))),1749066550165.0,177,4,L,Intensional,English,Bryan's friend's child's parent,1749066505791,22,0_L_pcf3,NULL,c5f781fd8d52d05a8d0a3c175ae2aa0d,yes,other,United States,master,Female,english,,other,4,parent(child(friend(bryan))),exp1,,,False,True,human,False
1749066754,c5f781fd8d52d05a8d0a3c175ae2aa0d,PennController,16,0,experiment,NULL,DropDown,answer,Selected,y,1749066577837.0,91,4,R,Extensional,Abstract,the friend of the child of the friend of Felicia,1749066550167,22,0_R_fcf5,5,c5f781fd8d52d05a8d0a3c175ae2aa0d,yes,other,United States,master,Female,english,,other,4,y,exp1,,,True,True,human,False
1749066754,c5f781fd8d52d05a8d0a3c175ae2aa0d,PennController,20,0,experiment,NULL,DropDown,answer,Selected,Christina,1749066614581.0,80,4,R,Extensional,English,the parent of the enemy of the child of Bryan,1749066587751,22,0_R_pec3,2,c5f781fd8d52d05a8d0a3c175ae2aa0d,yes,other,United States,master,Female,english,,other,4,Christina,exp1,,,True,True,human,False
1749066754,c5f781fd8d52d05a8d0a3c175ae2aa0d,PennController,14,0,experiment,NULL,TextInput,answer,Final,enemy(child(felicia)),1749066672821.0,59,3,R,Intensional,English,the enemy of the child of Felicia,1749066630281,22,0_R_ec5,NULL,c5f781fd8d52d05a8d0a3c175ae2aa0d,yes,other,United States,master,Female,english,,other,3,enemy(child(felicia)),exp1,,,True,True,human,False
1749066754,c5f781fd8d52d05a8d0a3c175ae2aa0d,PennController,10,0,experiment,NULL,TextInput,answer,Final,s(child(t)),1749066708509.0,43,3,R,Intensional,Abstract,the friend of the child of Bryan,1749066672824,22,0_R_fc3,NULL,c5f781fd8d52d05a8d0a3c175ae2aa0d,yes,other,United States,master,Female,english,,other,3,s(t(t)),exp1,,,False,False,human,False
1749066754,c5f781fd8d52d05a8d0a3c175ae2aa0d,PennController,22,0,experiment,NULL,TextInput,answer,Final,friend(enemy(enemy(felicia))),1749066753934.0,94,4,R,Intensional,English,the friend of the enemy of the enemy of Felicia,1749066708510,22,0_R_fee5,NULL,c5f781fd8d52d05a8d0a3c175ae2aa0d,yes,other,United States,master,Female,english,,other,4,friend(enemy(enemy(felicia))),exp1,,,True,True,human,False
1749066807,b74b74e607e2ab1a1fc825fff4d7df21,PennController,7,0,experiment,NULL,DropDown,answer,Selected,y,1749065966368.0,131,3,L,Extensional,Abstract,Amber's enemy's parent,1749065745620,22,0_L_pe1,5,b74b74e607e2ab1a1fc825fff4d7df21,yes,other,United States of America,master,Male,english,,other,3,y,exp1,,,True,True,human,False
1749066807,b74b74e607e2ab1a1fc825fff4d7df21,PennController,13,0,experiment,NULL,TextInput,answer,Final,parent(enemy(amber)),1749066026857.0,131,3,L,Intensional,English,Amber's enemy's parent,1749065967962,22,0_L_pe1,NULL,b74b74e607e2ab1a1fc825fff4d7df21,yes,other,United States of America,master,Male,english,,other,3,parent(enemy(amber)),exp1,,,True,True,human,False
1749066807,b74b74e607e2ab1a1fc825fff4d7df21,PennController,17,0,experiment,NULL,TextInput,answer,Final,(k(t(q)),1749066092378.0,200,4,L,Intensional,Abstract,Felicia's child's parent's child,1749066026888,22,0_L_cpc5,NULL,b74b74e607e2ab1a1fc825fff4d7df21,yes,other,United States of America,master,Male,english,,other,4,t(k(t(q))),exp1,,,False,False,human,False
1749066807,b74b74e607e2ab1a1fc825fff4d7df21,PennController,16,0,experiment,NULL,DropDown,answer,Selected,y,1749066130984.0,91,4,R,Extensional,Abstract,the friend of the child of the friend of Felicia,1749066092408,22,0_R_fcf5,5,b74b74e607e2ab1a1fc825fff4d7df21,yes,other,United States of America,master,Male,english,,other,4,y,exp1,,,True,True,human,False
1749066807,b74b74e607e2ab1a1fc825fff4d7df21,PennController,11,0,experiment,NULL,DropDown,answer,Selected,Christina,1749066186662.0,148,3,L,Extensional,English,Elizabeth's enemy's friend,1749066132779,22,0_L_fe4,2,b74b74e607e2ab1a1fc825fff4d7df21,yes,other,United States of America,master,Male,english,,other,3,Christina,exp1,,,True,True,human,False
1749066807,b74b74e607e2ab1a1fc825fff4d7df21,PennController,15,0,experiment,NULL,DropDown,answer,Selected,v,1749066233627.0,186,4,L,Extensional,Abstract,Elizabeth's parent's friend's friend,1749066187855,22,0_L_ffp4,4,b74b74e607e2ab1a1fc825fff4d7df21,yes,other,United States of America,master,Male,english,,other,4,y,exp1,,,False,False,human,False
1749066807,b74b74e607e2ab1a1fc825fff4d7df21,PennController,10,0,experiment,NULL,TextInput,answer,Final,s(t(t)),1749066287507.0,43,3,R,Intensional,Abstract,the friend of the child of Bryan,1749066234842,22,0_R_fc3,NULL,b74b74e607e2ab1a1fc825fff4d7df21,yes,other,United States of America,master,Male,english,,other,3,s(t(t)),exp1,,,True,True,human,False
1749066807,b74b74e607e2ab1a1fc825fff4d7df21,PennController,12,0,experiment,NULL,DropDown,answer,Selected,Amber,1749066326869.0,25,3,R,Extensional,English,the enemy of the child of Christina,1749066287539,22,0_R_ec0,0,b74b74e607e2ab1a1fc825fff4d7df21,yes,other,United States of America,master,Male,english,,other,3,Amber,exp1,,,True,True,human,False
1749066807,b74b74e607e2ab1a1fc825fff4d7df21,PennController,5,0,experiment,NULL,DropDown,answer,Selected,Dana,1749066365555.0,18,2,R,Extensional,English,the child of Felicia,1749066327824,22,0_R_c5,3,b74b74e607e2ab1a1fc825fff4d7df21,yes,other,United States of America,master,Male,english,,other,2,Dana,exp1,,,True,True,human,False
1749066807,b74b74e607e2ab1a1fc825fff4d7df21,PennController,18,0,experiment,NULL,TextInput,answer,Final,t(w(s)),1749066419320.0,72,4,R,Intensional,Abstract,the parent of the child of the enemy of Dana,1749066367017,22,0_R_pce2,NULL,b74b74e607e2ab1a1fc825fff4d7df21,yes,other,United States of America,master,Male,english,,other,4,k(t(w(s))),exp1,,,False,False,human,False
1749066807,b74b74e607e2ab1a1fc825fff4d7df21,PennController,20,0,experiment,NULL,DropDown,answer,Selected,Christina,1749066457279.0,80,4,R,Extensional,English,the parent of the enemy of the child of Bryan,1749066419352,22,0_R_pec3,2,b74b74e607e2ab1a1fc825fff4d7df21,yes,other,United States of America,master,Male,english,,other,4,Christina,exp1,,,True,True,human,False
1749066807,b74b74e607e2ab1a1fc825fff4d7df21,PennController,9,0,experiment,NULL,TextInput,answer,Final,w(w(s)),1749066511134.0,136,3,L,Intensional,Abstract,Dana's enemy's enemy,1749066458566,22,0_L_ee2,NULL,b74b74e607e2ab1a1fc825fff4d7df21,yes,other,United States of America,master,Male,english,,other,3,w(w(s)),exp1,,,True,True,human,False
1749066807,b74b74e607e2ab1a1fc825fff4d7df21,PennController,3,0,experiment,NULL,DropDown,answer,Selected,s,1749066548412.0,6,2,R,Extensional,Abstract,the child of Felicia,1749066511166,22,0_R_c5,2,b74b74e607e2ab1a1fc825fff4d7df21,yes,other,United States of America,master,Male,english,,other,2,s,exp1,,,True,True,human,False
1749066807,b74b74e607e2ab1a1fc825fff4d7df21,PennController,19,0,experiment,NULL,DropDown,answer,Selected,Dana,1749066587505.0,162,4,L,Extensional,English,Christina's enemy's friend's child,1749066550107,22,0_L_cfe0,3,b74b74e607e2ab1a1fc825fff4d7df21,yes,other,United States of America,master,Male,english,,other,4,Dana,exp1,,,True,True,human,False
1749066807,b74b74e607e2ab1a1fc825fff4d7df21,PennController,6,0,experiment,NULL,TextInput,answer,Final,child(Felicia),1749066637224.0,1,2,R,Intensional,English,the child of Felicia,1749066588895,22,0_R_c5,NULL,b74b74e607e2ab1a1fc825fff4d7df21,yes,other,United States of America,master,Male,english,,other,2,child(felicia),exp1,,,False,True,human,False
1749066807,b74b74e607e2ab1a1fc825fff4d7df21,PennController,8,0,experiment,NULL,DropDown,answer,Selected,t,1749066640309.0,40,3,R,Extensional,Abstract,the child of the parent of Dana,1749066637254,22,0_R_cp2,3,b74b74e607e2ab1a1fc825fff4d7df21,yes,other,United States of America,master,Male,english,,other,3,s,exp1,,,False,False,human,False
1749066807,b74b74e607e2ab1a1fc825fff4d7df21,PennController,14,0,experiment,NULL,TextInput,answer,Final,enemy(child(Felicia)),1749066697206.0,59,3,R,Intensional,English,the enemy of the child of Felicia,1749066641645,22,0_R_ec5,NULL,b74b74e607e2ab1a1fc825fff4d7df21,yes,other,United States of America,master,Male,english,,other,3,enemy(child(felicia)),exp1,,,False,True,human,False
1749066807,b74b74e607e2ab1a1fc825fff4d7df21,PennController,22,0,experiment,NULL,TextInput,answer,Final,friend(Felicia),1749066724132.0,94,4,R,Intensional,English,the friend of the enemy of the enemy of Felicia,1749066697236,22,0_R_fee5,NULL,b74b74e607e2ab1a1fc825fff4d7df21,yes,other,United States of America,master,Male,english,,other,4,friend(enemy(enemy(felicia))),exp1,,,False,False,human,False
1749066807,b74b74e607e2ab1a1fc825fff4d7df21,PennController,21,0,experiment,NULL,TextInput,answer,Final,child(friend(bryan)),1749066773135.0,177,4,L,Intensional,English,Bryan's friend's child's parent,1749066724134,22,0_L_pcf3,NULL,b74b74e607e2ab1a1fc825fff4d7df21,yes,other,United States of America,master,Male,english,,other,4,parent(child(friend(bryan))),exp1,,,False,False,human,False
1749066807,b74b74e607e2ab1a1fc825fff4d7df21,PennController,4,0,experiment,NULL,TextInput,answer,Final,friend(christina),1749066804664.0,14,2,R,Intensional,Abstract,the friend of Christina,1749066773164,22,0_R_f0,NULL,b74b74e607e2ab1a1fc825fff4d7df21,yes,other,United States of America,master,Male,english,,other,2,s(y),exp1,,,False,False,human,False
1749066841,a00559d6e6f4da03f0ab6c5fe75994ca,PennController,20,0,experiment,NULL,DropDown,answer,Selected,Christina,1749065905481.0,80,4,R,Extensional,English,the parent of the enemy of the child of Bryan,1749065753598,22,0_R_pec3,2,a00559d6e6f4da03f0ab6c5fe75994ca,yes,other,UNITED STATES,bachelor,Male,english,,other,4,Christina,exp1,,,True,True,human,False
1749066841,a00559d6e6f4da03f0ab6c5fe75994ca,PennController,18,0,experiment,NULL,TextInput,answer,Final,k(t(w(s))),1749065981460.0,72,4,R,Intensional,Abstract,the parent of the child of the enemy of Dana,1749065906597,22,0_R_pce2,NULL,a00559d6e6f4da03f0ab6c5fe75994ca,yes,other,UNITED STATES,bachelor,Male,english,,other,4,k(t(w(s))),exp1,,,True,True,human,False
1749066841,a00559d6e6f4da03f0ab6c5fe75994ca,PennController,15,0,experiment,NULL,DropDown,answer,Selected,y,1749066051195.0,186,4,L,Extensional,Abstract,Elizabeth's parent's friend's friend,1749065981462,22,0_L_ffp4,5,a00559d6e6f4da03f0ab6c5fe75994ca,yes,other,UNITED STATES,bachelor,Male,english,,other,4,y,exp1,,,True,True,human,False
1749066841,a00559d6e6f4da03f0ab6c5fe75994ca,PennController,14,0,experiment,NULL,TextInput,answer,Final,enemy(child(felicia)),1749066122307.0,59,3,R,Intensional,English,the enemy of the child of Felicia,1749066052571,22,0_R_ec5,NULL,a00559d6e6f4da03f0ab6c5fe75994ca,yes,other,UNITED STATES,bachelor,Male,english,,other,3,enemy(child(felicia)),exp1,,,True,True,human,False
1749066841,a00559d6e6f4da03f0ab6c5fe75994ca,PennController,21,0,experiment,NULL,TextInput,answer,Final,parent(child(friend(bryan)),1749066215042.0,177,4,L,Intensional,English,Bryan's friend's child's parent,1749066122308,22,0_L_pcf3,NULL,a00559d6e6f4da03f0ab6c5fe75994ca,yes,other,UNITED STATES,bachelor,Male,english,,other,4,parent(child(friend(bryan))),exp1,,,False,True,human,False
1749066841,a00559d6e6f4da03f0ab6c5fe75994ca,PennController,4,0,experiment,NULL,TextInput,answer,Final,s(y),1749066245582.0,14,2,R,Intensional,Abstract,the friend of Christina,1749066215043,22,0_R_f0,NULL,a00559d6e6f4da03f0ab6c5fe75994ca,yes,other,UNITED STATES,bachelor,Male,english,,other,2,s(y),exp1,,,True,True,human,False
1749066841,a00559d6e6f4da03f0ab6c5fe75994ca,PennController,5,0,experiment,NULL,DropDown,answer,Selected,Dana,1749066306945.0,18,2,R,Extensional,English,the child of Felicia,1749066245583,22,0_R_c5,3,a00559d6e6f4da03f0ab6c5fe75994ca,yes,other,UNITED STATES,bachelor,Male,english,,other,2,Dana,exp1,,,True,True,human,False
1749066841,a00559d6e6f4da03f0ab6c5fe75994ca,PennController,10,0,experiment,NULL,TextInput,answer,Final,s(t(q)),1749066330589.0,43,3,R,Intensional,Abstract,the friend of the child of Bryan,1749066308085,22,0_R_fc3,NULL,a00559d6e6f4da03f0ab6c5fe75994ca,yes,other,UNITED STATES,bachelor,Male,english,,other,3,s(t(t)),exp1,,,False,False,human,False
1749066841,a00559d6e6f4da03f0ab6c5fe75994ca,PennController,9,0,experiment,NULL,TextInput,answer,Final,w(w(s)),1749066403043.0,136,3,L,Intensional,Abstract,Dana's enemy's enemy,1749066330590,22,0_L_ee2,NULL,a00559d6e6f4da03f0ab6c5fe75994ca,yes,other,UNITED STATES,bachelor,Male,english,,other,3,w(w(s)),exp1,,,True,True,human,False
1749066841,a00559d6e6f4da03f0ab6c5fe75994ca,PennController,16,0,experiment,NULL,DropDown,answer,Selected,y,1749066438942.0,91,4,R,Extensional,Abstract,the friend of the child of the friend of Felicia,1749066403045,22,0_R_fcf5,5,a00559d6e6f4da03f0ab6c5fe75994ca,yes,other,UNITED STATES,bachelor,Male,english,,other,4,y,exp1,,,True,True,human,False
1749066841,a00559d6e6f4da03f0ab6c5fe75994ca,PennController,7,0,experiment,NULL,DropDown,answer,Selected,v,1749066467980.0,131,3,L,Extensional,Abstract,Amber's enemy's parent,1749066439906,22,0_L_pe1,4,a00559d6e6f4da03f0ab6c5fe75994ca,yes,other,UNITED STATES,bachelor,Male,english,,other,3,y,exp1,,,False,False,human,False
1749066841,a00559d6e6f4da03f0ab6c5fe75994ca,PennController,22,0,experiment,NULL,TextInput,answer,Final,friend(enemy(enemy(felicia))),1749066537585.0,94,4,R,Intensional,English,the friend of the enemy of the enemy of Felicia,1749066473360,22,0_R_fee5,NULL,a00559d6e6f4da03f0ab6c5fe75994ca,yes,other,UNITED STATES,bachelor,Male,english,,other,4,friend(enemy(enemy(felicia))),exp1,,,True,True,human,False
1749066841,a00559d6e6f4da03f0ab6c5fe75994ca,PennController,8,0,experiment,NULL,DropDown,answer,Selected,v,1749066573965.0,40,3,R,Extensional,Abstract,the child of the parent of Dana,1749066537587,22,0_R_cp2,4,a00559d6e6f4da03f0ab6c5fe75994ca,yes,other,UNITED STATES,bachelor,Male,english,,other,3,s,exp1,,,False,False,human,False
1749066841,a00559d6e6f4da03f0ab6c5fe75994ca,PennController,13,0,experiment,NULL,TextInput,answer,Final,parent(enemy(amber),1749066669407.0,131,3,L,Intensional,English,Amber's enemy's parent,1749066574833,22,0_L_pe1,NULL,a00559d6e6f4da03f0ab6c5fe75994ca,yes,other,UNITED STATES,bachelor,Male,english,,other,3,parent(enemy(amber)),exp1,,,False,True,human,False
1749066841,a00559d6e6f4da03f0ab6c5fe75994ca,PennController,12,0,experiment,NULL,DropDown,answer,Selected,Bryan,1749066691109.0,25,3,R,Extensional,English,the enemy of the child of Christina,1749066669409,22,0_R_ec0,1,a00559d6e6f4da03f0ab6c5fe75994ca,yes,other,UNITED STATES,bachelor,Male,english,,other,3,Amber,exp1,,,False,False,human,False
1749066841,a00559d6e6f4da03f0ab6c5fe75994ca,PennController,17,0,experiment,NULL,TextInput,answer,Final,t(k(t(q))),1749066742234.0,200,4,L,Intensional,Abstract,Felicia's child's parent's child,1749066692066,22,0_L_cpc5,NULL,a00559d6e6f4da03f0ab6c5fe75994ca,yes,other,UNITED STATES,bachelor,Male,english,,other,4,t(k(t(q))),exp1,,,True,True,human,False
1749066841,a00559d6e6f4da03f0ab6c5fe75994ca,PennController,11,0,experiment,NULL,DropDown,answer,Selected,Elizabeth,1749066769255.0,148,3,L,Extensional,English,Elizabeth's enemy's friend,1749066742236,22,0_L_fe4,4,a00559d6e6f4da03f0ab6c5fe75994ca,yes,other,UNITED STATES,bachelor,Male,english,,other,3,Christina,exp1,,,False,False,human,False
1749066841,a00559d6e6f4da03f0ab6c5fe75994ca,PennController,19,0,experiment,NULL,DropDown,answer,Selected,Dana,1749066793522.0,162,4,L,Extensional,English,Christina's enemy's friend's child,1749066770217,22,0_L_cfe0,3,a00559d6e6f4da03f0ab6c5fe75994ca,yes,other,UNITED STATES,bachelor,Male,english,,other,4,Dana,exp1,,,True,True,human,False
1749066841,a00559d6e6f4da03f0ab6c5fe75994ca,PennController,3,0,experiment,NULL,DropDown,answer,Selected,s,1749066814372.0,6,2,R,Extensional,Abstract,the child of Felicia,1749066794326,22,0_R_c5,2,a00559d6e6f4da03f0ab6c5fe75994ca,yes,other,UNITED STATES,bachelor,Male,english,,other,2,s,exp1,,,True,True,human,False
1749066841,a00559d6e6f4da03f0ab6c5fe75994ca,PennController,6,0,experiment,NULL,TextInput,answer,Final,child(felicia),1749066838828.0,1,2,R,Intensional,English,the child of Felicia,1749066815231,22,0_R_c5,NULL,a00559d6e6f4da03f0ab6c5fe75994ca,yes,other,UNITED STATES,bachelor,Male,english,,other,2,child(felicia),exp1,,,True,True,human,False
1749066911,93fa7b200e38c4d204956527663ce934,PennController,11,0,experiment,NULL,DropDown,answer,Selected,Christina,1749065947917.0,148,3,L,Extensional,English,Elizabeth's enemy's friend,1749065902500,22,0_L_fe4,2,93fa7b200e38c4d204956527663ce934,yes,other,America,bachelor,Female,english,,other,3,Christina,exp1,,,True,True,human,False
1749066911,93fa7b200e38c4d204956527663ce934,PennController,9,0,experiment,NULL,TextInput,answer,Final,w(s(t)),1749066099983.0,136,3,L,Intensional,Abstract,Dana's enemy's enemy,1749065949003,22,0_L_ee2,NULL,93fa7b200e38c4d204956527663ce934,yes,other,America,bachelor,Female,english,,other,3,w(w(s)),exp1,,,False,False,human,False
1749066911,93fa7b200e38c4d204956527663ce934,PennController,17,0,experiment,NULL,TextInput,answer,Final,w(t(q)),1749066177008.0,200,4,L,Intensional,Abstract,Felicia's child's parent's child,1749066099986,22,0_L_cpc5,NULL,93fa7b200e38c4d204956527663ce934,yes,other,America,bachelor,Female,english,,other,4,t(k(t(q))),exp1,,,False,False,human,False
1749066911,93fa7b200e38c4d204956527663ce934,PennController,6,0,experiment,NULL,TextInput,answer,Final,child(parent(felicia)),1749066269000.0,1,2,R,Intensional,English,the child of Felicia,1749066177010,22,0_R_c5,NULL,93fa7b200e38c4d204956527663ce934,yes,other,America,bachelor,Female,english,,other,2,child(felicia),exp1,,,False,False,human,False
1749066911,93fa7b200e38c4d204956527663ce934,PennController,22,0,experiment,NULL,TextInput,answer,Final,friend(enemy(felicia)),1749066344448.0,94,4,R,Intensional,English,the friend of the enemy of the enemy of Felicia,1749066269002,22,0_R_fee5,NULL,93fa7b200e38c4d204956527663ce934,yes,other,America,bachelor,Female,english,,other,4,friend(enemy(enemy(felicia))),exp1,,,False,False,human,False
1749066911,93fa7b200e38c4d204956527663ce934,PennController,20,0,experiment,NULL,DropDown,answer,Selected,Christina,1749066385137.0,80,4,R,Extensional,English,the parent of the enemy of the child of Bryan,1749066344450,22,0_R_pec3,2,93fa7b200e38c4d204956527663ce934,yes,other,America,bachelor,Female,english,,other,4,Christina,exp1,,,True,True,human,False
1749066911,93fa7b200e38c4d204956527663ce934,PennController,12,0,experiment,NULL,DropDown,answer,Selected,Amber,1749066398683.0,25,3,R,Extensional,English,the enemy of the child of Christina,1749066386033,22,0_R_ec0,0,93fa7b200e38c4d204956527663ce934,yes,other,America,bachelor,Female,english,,other,3,Amber,exp1,,,True,True,human,False
1749066911,93fa7b200e38c4d204956527663ce934,PennController,3,0,experiment,NULL,DropDown,answer,Selected,s,1749066432130.0,6,2,R,Extensional,Abstract,the child of Felicia,1749066399392,22,0_R_c5,2,93fa7b200e38c4d204956527663ce934,yes,other,America,bachelor,Female,english,,other,2,s,exp1,,,True,True,human,False
1749066911,93fa7b200e38c4d204956527663ce934,PennController,16,0,experiment,NULL,DropDown,answer,Selected,y,1749066468216.0,91,4,R,Extensional,Abstract,the friend of the child of the friend of Felicia,1749066434737,22,0_R_fcf5,5,93fa7b200e38c4d204956527663ce934,yes,other,America,bachelor,Female,english,,other,4,y,exp1,,,True,True,human,False
1749066911,93fa7b200e38c4d204956527663ce934,PennController,18,0,experiment,NULL,TextInput,answer,Final,w(s(t)),1749066661240.0,72,4,R,Intensional,Abstract,the parent of the child of the enemy of Dana,1749066470055,22,0_R_pce2,NULL,93fa7b200e38c4d204956527663ce934,yes,other,America,bachelor,Female,english,,other,4,k(t(w(s))),exp1,,,False,False,human,False
1749066911,93fa7b200e38c4d204956527663ce934,PennController,13,0,experiment,NULL,TextInput,answer,Final,parent(enemy(amber)),1749066701015.0,131,3,L,Intensional,English,Amber's enemy's parent,1749066661242,22,0_L_pe1,NULL,93fa7b200e38c4d204956527663ce934,yes,other,America,bachelor,Female,english,,other,3,parent(enemy(amber)),exp1,,,True,True,human,False
1749066911,93fa7b200e38c4d204956527663ce934,PennController,15,0,experiment,NULL,DropDown,answer,Selected,y,1749066727945.0,186,4,L,Extensional,Abstract,Elizabeth's parent's friend's friend,1749066701017,22,0_L_ffp4,5,93fa7b200e38c4d204956527663ce934,yes,other,America,bachelor,Female,english,,other,4,y,exp1,,,True,True,human,False
1749066911,93fa7b200e38c4d204956527663ce934,PennController,5,0,experiment,NULL,DropDown,answer,Selected,Dana,1749066739978.0,18,2,R,Extensional,English,the child of Felicia,1749066728729,22,0_R_c5,3,93fa7b200e38c4d204956527663ce934,yes,other,America,bachelor,Female,english,,other,2,Dana,exp1,,,True,True,human,False
1749066911,93fa7b200e38c4d204956527663ce934,PennController,4,0,experiment,NULL,TextInput,answer,Final,w(s(y)),1749066760023.0,14,2,R,Intensional,Abstract,the friend of Christina,1749066740729,22,0_R_f0,NULL,93fa7b200e38c4d204956527663ce934,yes,other,America,bachelor,Female,english,,other,2,s(y),exp1,,,False,True,human,False
1749066911,93fa7b200e38c4d204956527663ce934,PennController,7,0,experiment,NULL,DropDown,answer,Selected,y,1749066782233.0,131,3,L,Extensional,Abstract,Amber's enemy's parent,1749066760025,22,0_L_pe1,5,93fa7b200e38c4d204956527663ce934,yes,other,America,bachelor,Female,english,,other,3,y,exp1,,,True,True,human,False
1749066911,93fa7b200e38c4d204956527663ce934,PennController,19,0,experiment,NULL,DropDown,answer,Selected,Dana,1749066800744.0,162,4,L,Extensional,English,Christina's enemy's friend's child,1749066782904,22,0_L_cfe0,3,93fa7b200e38c4d204956527663ce934,yes,other,America,bachelor,Female,english,,other,4,Dana,exp1,,,True,True,human,False
1749066911,93fa7b200e38c4d204956527663ce934,PennController,21,0,experiment,NULL,TextInput,answer,Final,parent(friend(bryan)),1749066841392.0,177,4,L,Intensional,English,Bryan's friend's child's parent,1749066801256,22,0_L_pcf3,NULL,93fa7b200e38c4d204956527663ce934,yes,other,America,bachelor,Female,english,,other,4,parent(child(friend(bryan))),exp1,,,False,False,human,False
1749066911,93fa7b200e38c4d204956527663ce934,PennController,8,0,experiment,NULL,DropDown,answer,Selected,s,1749066872416.0,40,3,R,Extensional,Abstract,the child of the parent of Dana,1749066841393,22,0_R_cp2,2,93fa7b200e38c4d204956527663ce934,yes,other,America,bachelor,Female,english,,other,3,s,exp1,,,True,True,human,False
1749066911,93fa7b200e38c4d204956527663ce934,PennController,14,0,experiment,NULL,TextInput,answer,Final,enemy(child(felicia)),1749066893600.0,59,3,R,Intensional,English,the enemy of the child of Felicia,1749066874056,22,0_R_ec5,NULL,93fa7b200e38c4d204956527663ce934,yes,other,America,bachelor,Female,english,,other,3,enemy(child(felicia)),exp1,,,True,True,human,False
1749066911,93fa7b200e38c4d204956527663ce934,PennController,10,0,experiment,NULL,TextInput,answer,Final,friend(child(bryan)),1749066911311.0,43,3,R,Intensional,Abstract,the friend of the child of Bryan,1749066893602,22,0_R_fc3,NULL,93fa7b200e38c4d204956527663ce934,yes,other,America,bachelor,Female,english,,other,3,s(t(t)),exp1,,,False,False,human,False
1749066990,60fb98c6a1f0be23f72ff98ab81e39b8,PennController,12,0,experiment,NULL,DropDown,answer,Selected,Amber,1749065987784.0,25,3,R,Extensional,English,the enemy of the child of Christina,1749065761986,22,0_R_ec0,0,60fb98c6a1f0be23f72ff98ab81e39b8,yes,other,USA,bachelor,Female,english,,ai,3,Amber,exp1,,,True,True,human,False
1749066990,60fb98c6a1f0be23f72ff98ab81e39b8,PennController,16,0,experiment,NULL,DropDown,answer,Selected,y,1749066067564.0,91,4,R,Extensional,Abstract,the friend of the child of the friend of Felicia,1749065989034,22,0_R_fcf5,5,60fb98c6a1f0be23f72ff98ab81e39b8,yes,other,USA,bachelor,Female,english,,ai,4,y,exp1,,,True,True,human,False
1749066990,60fb98c6a1f0be23f72ff98ab81e39b8,PennController,11,0,experiment,NULL,DropDown,answer,Selected,Christina,1749066110863.0,148,3,L,Extensional,English,Elizabeth's enemy's friend,1749066068409,22,0_L_fe4,2,60fb98c6a1f0be23f72ff98ab81e39b8,yes,other,USA,bachelor,Female,english,,ai,3,Christina,exp1,,,True,True,human,False
1749066990,60fb98c6a1f0be23f72ff98ab81e39b8,PennController,3,0,experiment,NULL,DropDown,answer,Selected,s,1749066219828.0,6,2,R,Extensional,Abstract,the child of Felicia,1749066111878,22,0_R_c5,2,60fb98c6a1f0be23f72ff98ab81e39b8,yes,other,USA,bachelor,Female,english,,ai,2,s,exp1,,,True,True,human,False
1749066990,60fb98c6a1f0be23f72ff98ab81e39b8,PennController,4,0,experiment,NULL,TextInput,answer,Final,s(y),1749066271959.0,14,2,R,Intensional,Abstract,the friend of Christina,1749066221077,22,0_R_f0,NULL,60fb98c6a1f0be23f72ff98ab81e39b8,yes,other,USA,bachelor,Female,english,,ai,2,s(y),exp1,,,True,True,human,False
1749066990,60fb98c6a1f0be23f72ff98ab81e39b8,PennController,10,0,experiment,NULL,TextInput,answer,Final,s(t(t)),1749066320204.0,43,3,R,Intensional,Abstract,the friend of the child of Bryan,1749066271963,22,0_R_fc3,NULL,60fb98c6a1f0be23f72ff98ab81e39b8,yes,other,USA,bachelor,Female,english,,ai,3,s(t(t)),exp1,,,True,True,human,False
1749066990,60fb98c6a1f0be23f72ff98ab81e39b8,PennController,8,0,experiment,NULL,DropDown,answer,Selected,s,1749066587165.0,40,3,R,Extensional,Abstract,the child of the parent of Dana,1749066320206,22,0_R_cp2,2,60fb98c6a1f0be23f72ff98ab81e39b8,yes,other,USA,bachelor,Female,english,,ai,3,s,exp1,,,True,True,human,False
1749066990,60fb98c6a1f0be23f72ff98ab81e39b8,PennController,14,0,experiment,NULL,TextInput,answer,Final,enemy(child(felicia)),1749066660584.0,59,3,R,Intensional,English,the enemy of the child of Felicia,1749066588187,22,0_R_ec5,NULL,60fb98c6a1f0be23f72ff98ab81e39b8,yes,other,USA,bachelor,Female,english,,ai,3,enemy(child(felicia)),exp1,,,True,True,human,False
1749066990,60fb98c6a1f0be23f72ff98ab81e39b8,PennController,7,0,experiment,NULL,DropDown,answer,Selected,q,1749066666206.0,131,3,L,Extensional,Abstract,Amber's enemy's parent,1749066660587,22,0_L_pe1,1,60fb98c6a1f0be23f72ff98ab81e39b8,yes,other,USA,bachelor,Female,english,,ai,3,y,exp1,,,False,False,human,False
1749066990,60fb98c6a1f0be23f72ff98ab81e39b8,PennController,5,0,experiment,NULL,DropDown,answer,Selected,Christina,1749066669174.0,18,2,R,Extensional,English,the child of Felicia,1749066667069,22,0_R_c5,2,60fb98c6a1f0be23f72ff98ab81e39b8,yes,other,USA,bachelor,Female,english,,ai,2,Dana,exp1,,,False,False,human,False
1749066990,60fb98c6a1f0be23f72ff98ab81e39b8,PennController,6,0,experiment,NULL,TextInput,answer,Final,child(felicia),1749066714350.0,1,2,R,Intensional,English,the child of Felicia,1749066670389,22,0_R_c5,NULL,60fb98c6a1f0be23f72ff98ab81e39b8,yes,other,USA,bachelor,Female,english,,ai,2,child(felicia),exp1,,,True,True,human,False
1749066990,60fb98c6a1f0be23f72ff98ab81e39b8,PennController,17,0,experiment,NULL,TextInput,answer,Final,t(p(p)),1749066793895.0,200,4,L,Intensional,Abstract,Felicia's child's parent's child,1749066714352,22,0_L_cpc5,NULL,60fb98c6a1f0be23f72ff98ab81e39b8,yes,other,USA,bachelor,Female,english,,ai,4,t(k(t(q))),exp1,,,False,False,human,False
1749066990,60fb98c6a1f0be23f72ff98ab81e39b8,PennController,19,0,experiment,NULL,DropDown,answer,Selected,Bryan,1749066798617.0,162,4,L,Extensional,English,Christina's enemy's friend's child,1749066793897,22,0_L_cfe0,1,60fb98c6a1f0be23f72ff98ab81e39b8,yes,other,USA,bachelor,Female,english,,ai,4,Dana,exp1,,,False,False,human,False
1749066990,60fb98c6a1f0be23f72ff98ab81e39b8,PennController,20,0,experiment,NULL,DropDown,answer,Selected,Dana,1749066803008.0,80,4,R,Extensional,English,the parent of the enemy of the child of Bryan,1749066799615,22,0_R_pec3,3,60fb98c6a1f0be23f72ff98ab81e39b8,yes,other,USA,bachelor,Female,english,,ai,4,Christina,exp1,,,False,False,human,False
1749066990,60fb98c6a1f0be23f72ff98ab81e39b8,PennController,15,0,experiment,NULL,DropDown,answer,Selected,s,1749066806022.0,186,4,L,Extensional,Abstract,Elizabeth's parent's friend's friend,1749066803899,22,0_L_ffp4,2,60fb98c6a1f0be23f72ff98ab81e39b8,yes,other,USA,bachelor,Female,english,,ai,4,y,exp1,,,False,False,human,False
1749066990,60fb98c6a1f0be23f72ff98ab81e39b8,PennController,21,0,experiment,NULL,TextInput,answer,Final,enemy(child(fried)),1749066850823.0,177,4,L,Intensional,English,Bryan's friend's child's parent,1749066806832,22,0_L_pcf3,NULL,60fb98c6a1f0be23f72ff98ab81e39b8,yes,other,USA,bachelor,Female,english,,ai,4,parent(child(friend(bryan))),exp1,,,False,False,human,False
1749066990,60fb98c6a1f0be23f72ff98ab81e39b8,PennController,13,0,experiment,NULL,TextInput,answer,Final,parent(enemy(child)),1749066879442.0,131,3,L,Intensional,English,Amber's enemy's parent,1749066850825,22,0_L_pe1,NULL,60fb98c6a1f0be23f72ff98ab81e39b8,yes,other,USA,bachelor,Female,english,,ai,3,parent(enemy(amber)),exp1,,,False,False,human,False
1749066990,60fb98c6a1f0be23f72ff98ab81e39b8,PennController,22,0,experiment,NULL,TextInput,answer,Final,felicia(child(enemy)),1749066910106.0,94,4,R,Intensional,English,the friend of the enemy of the enemy of Felicia,1749066879445,22,0_R_fee5,NULL,60fb98c6a1f0be23f72ff98ab81e39b8,yes,other,USA,bachelor,Female,english,,ai,4,friend(enemy(enemy(felicia))),exp1,,,False,False,human,False
1749066990,60fb98c6a1f0be23f72ff98ab81e39b8,PennController,18,0,experiment,NULL,TextInput,answer,Final,s(w(t)),1749066958294.0,72,4,R,Intensional,Abstract,the parent of the child of the enemy of Dana,1749066910108,22,0_R_pce2,NULL,60fb98c6a1f0be23f72ff98ab81e39b8,yes,other,USA,bachelor,Female,english,,ai,4,k(t(w(s))),exp1,,,False,False,human,False
1749066990,60fb98c6a1f0be23f72ff98ab81e39b8,PennController,9,0,experiment,NULL,TextInput,answer,Final,y(k(s)),1749066989099.0,136,3,L,Intensional,Abstract,Dana's enemy's enemy,1749066958296,22,0_L_ee2,NULL,60fb98c6a1f0be23f72ff98ab81e39b8,yes,other,USA,bachelor,Female,english,,ai,3,w(w(s)),exp1,,,False,False,human,False
1749067228,46e99fbf35c425fc1c4a33260b1ea22c,PennController,16,0,experiment,NULL,DropDown,answer,Selected,h,1749065943556.0,91,4,R,Extensional,Abstract,the friend of the child of the friend of Felicia,1749065788754,22,0_R_fcf5,0,46e99fbf35c425fc1c4a33260b1ea22c,yes,other,USA,bachelor,Female,english,,other,4,y,exp1,,,False,False,human,False
1749067228,46e99fbf35c425fc1c4a33260b1ea22c,PennController,19,0,experiment,NULL,DropDown,answer,Selected,Dana,1749066000425.0,162,4,L,Extensional,English,Christina's enemy's friend's child,1749065944446,22,0_L_cfe0,3,46e99fbf35c425fc1c4a33260b1ea22c,yes,other,USA,bachelor,Female,english,,other,4,Dana,exp1,,,True,True,human,False
1749067228,46e99fbf35c425fc1c4a33260b1ea22c,PennController,8,0,experiment,NULL,DropDown,answer,Selected,s,1749066062720.0,40,3,R,Extensional,Abstract,the child of the parent of Dana,1749066001795,22,0_R_cp2,2,46e99fbf35c425fc1c4a33260b1ea22c,yes,other,USA,bachelor,Female,english,,other,3,s,exp1,,,True,True,human,False
1749067228,46e99fbf35c425fc1c4a33260b1ea22c,PennController,5,0,experiment,NULL,DropDown,answer,Selected,Dana,1749066159852.0,18,2,R,Extensional,English,the child of Felicia,1749066065040,22,0_R_c5,3,46e99fbf35c425fc1c4a33260b1ea22c,yes,other,USA,bachelor,Female,english,,other,2,Dana,exp1,,,True,True,human,False
1749067228,46e99fbf35c425fc1c4a33260b1ea22c,PennController,18,0,experiment,NULL,TextInput,answer,Final,K(T(S)),1749066330813.0,72,4,R,Intensional,Abstract,the parent of the child of the enemy of Dana,1749066161156,22,0_R_pce2,NULL,46e99fbf35c425fc1c4a33260b1ea22c,yes,other,USA,bachelor,Female,english,,other,4,k(t(w(s))),exp1,,,False,False,human,False
1749067228,46e99fbf35c425fc1c4a33260b1ea22c,PennController,20,0,experiment,NULL,DropDown,answer,Selected,Christina,1749066375228.0,80,4,R,Extensional,English,the parent of the enemy of the child of Bryan,1749066330818,22,0_R_pec3,2,46e99fbf35c425fc1c4a33260b1ea22c,yes,other,USA,bachelor,Female,english,,other,4,Christina,exp1,,,True,True,human,False
1749067228,46e99fbf35c425fc1c4a33260b1ea22c,PennController,15,0,experiment,NULL,DropDown,answer,Selected,h,1749066445271.0,186,4,L,Extensional,Abstract,Elizabeth's parent's friend's friend,1749066376606,22,0_L_ffp4,0,46e99fbf35c425fc1c4a33260b1ea22c,yes,other,USA,bachelor,Female,english,,other,4,y,exp1,,,False,False,human,False
1749067228,46e99fbf35c425fc1c4a33260b1ea22c,PennController,7,0,experiment,NULL,DropDown,answer,Selected,y,1749066466602.0,131,3,L,Extensional,Abstract,Amber's enemy's parent,1749066446083,22,0_L_pe1,5,46e99fbf35c425fc1c4a33260b1ea22c,yes,other,USA,bachelor,Female,english,,other,3,y,exp1,,,True,True,human,False
1749067228,46e99fbf35c425fc1c4a33260b1ea22c,PennController,4,0,experiment,NULL,TextInput,answer,Final,S(y),1749066511096.0,14,2,R,Intensional,Abstract,the friend of Christina,1749066468341,22,0_R_f0,NULL,46e99fbf35c425fc1c4a33260b1ea22c,yes,other,USA,bachelor,Female,english,,other,2,s(y),exp1,,,False,True,human,False
1749067228,46e99fbf35c425fc1c4a33260b1ea22c,PennController,17,0,experiment,NULL,TextInput,answer,Final,t(K(t(q))),1749066659416.0,200,4,L,Intensional,Abstract,Felicia's child's parent's child,1749066511100,22,0_L_cpc5,NULL,46e99fbf35c425fc1c4a33260b1ea22c,yes,other,USA,bachelor,Female,english,,other,4,t(k(t(q))),exp1,,,False,True,human,False
1749067228,46e99fbf35c425fc1c4a33260b1ea22c,PennController,13,0,experiment,NULL,TextInput,answer,Final,parent(enemy(amber)),1749066725652.0,131,3,L,Intensional,English,Amber's enemy's parent,1749066659419,22,0_L_pe1,NULL,46e99fbf35c425fc1c4a33260b1ea22c,yes,other,USA,bachelor,Female,english,,other,3,parent(enemy(amber)),exp1,,,True,True,human,False
1749067228,46e99fbf35c425fc1c4a33260b1ea22c,PennController,11,0,experiment,NULL,DropDown,answer,Selected,Christina,1749066758182.0,148,3,L,Extensional,English,Elizabeth's enemy's friend,1749066725654,22,0_L_fe4,2,46e99fbf35c425fc1c4a33260b1ea22c,yes,other,USA,bachelor,Female,english,,other,3,Christina,exp1,,,True,True,human,False
1749067228,46e99fbf35c425fc1c4a33260b1ea22c,PennController,12,0,experiment,NULL,DropDown,answer,Selected,Amber,1749066797636.0,25,3,R,Extensional,English,the enemy of the child of Christina,1749066766412,22,0_R_ec0,0,46e99fbf35c425fc1c4a33260b1ea22c,yes,other,USA,bachelor,Female,english,,other,3,Amber,exp1,,,True,True,human,False
1749067228,46e99fbf35c425fc1c4a33260b1ea22c,PennController,21,0,experiment,NULL,TextInput,answer,Final,parent(child(friend(Bryan)),1749066868557.0,177,4,L,Intensional,English,Bryan's friend's child's parent,1749066798617,22,0_L_pcf3,NULL,46e99fbf35c425fc1c4a33260b1ea22c,yes,other,USA,bachelor,Female,english,,other,4,parent(child(friend(bryan))),exp1,,,False,True,human,False
1749067228,46e99fbf35c425fc1c4a33260b1ea22c,PennController,10,0,experiment,NULL,TextInput,answer,Final,s(t(t)),1749066935783.0,43,3,R,Intensional,Abstract,the friend of the child of Bryan,1749066868560,22,0_R_fc3,NULL,46e99fbf35c425fc1c4a33260b1ea22c,yes,other,USA,bachelor,Female,english,,other,3,s(t(t)),exp1,,,True,True,human,False
1749067228,46e99fbf35c425fc1c4a33260b1ea22c,PennController,22,0,experiment,NULL,TextInput,answer,Final,friend(enemy(enemy(Felicia)),1749067059912.0,94,4,R,Intensional,English,the friend of the enemy of the enemy of Felicia,1749066935785,22,0_R_fee5,NULL,46e99fbf35c425fc1c4a33260b1ea22c,yes,other,USA,bachelor,Female,english,,other,4,friend(enemy(enemy(felicia))),exp1,,,False,True,human,False
1749067228,46e99fbf35c425fc1c4a33260b1ea22c,PennController,14,0,experiment,NULL,TextInput,answer,Final,enemy(child(Felicia)),1749067099995.0,59,3,R,Intensional,English,the enemy of the child of Felicia,1749067059915,22,0_R_ec5,NULL,46e99fbf35c425fc1c4a33260b1ea22c,yes,other,USA,bachelor,Female,english,,other,3,enemy(child(felicia)),exp1,,,False,True,human,False
1749067228,46e99fbf35c425fc1c4a33260b1ea22c,PennController,9,0,experiment,NULL,TextInput,answer,Final,w(w(s)),1749067154740.0,136,3,L,Intensional,Abstract,Dana's enemy's enemy,1749067099998,22,0_L_ee2,NULL,46e99fbf35c425fc1c4a33260b1ea22c,yes,other,USA,bachelor,Female,english,,other,3,w(w(s)),exp1,,,True,True,human,False
1749067228,46e99fbf35c425fc1c4a33260b1ea22c,PennController,6,0,experiment,NULL,TextInput,answer,Final,child(Felicia),1749067195043.0,1,2,R,Intensional,English,the child of Felicia,1749067154743,22,0_R_c5,NULL,46e99fbf35c425fc1c4a33260b1ea22c,yes,other,USA,bachelor,Female,english,,other,2,child(felicia),exp1,,,False,True,human,False
1749067228,46e99fbf35c425fc1c4a33260b1ea22c,PennController,3,0,experiment,NULL,DropDown,answer,Selected,s,1749067224718.0,6,2,R,Extensional,Abstract,the child of Felicia,1749067195045,22,0_R_c5,2,46e99fbf35c425fc1c4a33260b1ea22c,yes,other,USA,bachelor,Female,english,,other,2,s,exp1,,,True,True,human,False
1749067237,d5ae5674155f0f64cd8b178d25d6da70,PennController,11,0,experiment,NULL,DropDown,answer,Selected,Christina,1749037104585.0,148,3,L,Extensional,English,Elizabeth's enemy's friend,1749036950290,22,0_L_fe4,2,d5ae5674155f0f64cd8b178d25d6da70,yes,other,United States,bachelor,Female,english,,other,3,Christina,exp1,,,True,True,human,False
1749067237,d5ae5674155f0f64cd8b178d25d6da70,PennController,18,0,experiment,NULL,TextInput,answer,Final,k(t(w(s)),1749037334889.0,72,4,R,Intensional,Abstract,the parent of the child of the enemy of Dana,1749037150568,22,0_R_pce2,NULL,d5ae5674155f0f64cd8b178d25d6da70,yes,other,United States,bachelor,Female,english,,other,4,k(t(w(s))),exp1,,,False,True,human,False
1749067237,d5ae5674155f0f64cd8b178d25d6da70,PennController,4,0,experiment,NULL,TextInput,answer,Final,S(y),1749037381269.0,14,2,R,Intensional,Abstract,the friend of Christina,1749037334891,22,0_R_f0,NULL,d5ae5674155f0f64cd8b178d25d6da70,yes,other,United States,bachelor,Female,english,,other,2,s(y),exp1,,,False,True,human,False
1749067237,d5ae5674155f0f64cd8b178d25d6da70,PennController,10,0,experiment,NULL,TextInput,answer,Final,S(t(t)),1749037416315.0,43,3,R,Intensional,Abstract,the friend of the child of Bryan,1749037381272,22,0_R_fc3,NULL,d5ae5674155f0f64cd8b178d25d6da70,yes,other,United States,bachelor,Female,english,,other,3,s(t(t)),exp1,,,False,True,human,False
1749067237,d5ae5674155f0f64cd8b178d25d6da70,PennController,22,0,experiment,NULL,TextInput,answer,Final,friend(enemy(enemy(felicia)),1749037488235.0,94,4,R,Intensional,English,the friend of the enemy of the enemy of Felicia,1749037416318,22,0_R_fee5,NULL,d5ae5674155f0f64cd8b178d25d6da70,yes,other,United States,bachelor,Female,english,,other,4,friend(enemy(enemy(felicia))),exp1,,,False,True,human,False
1749067237,d5ae5674155f0f64cd8b178d25d6da70,PennController,8,0,experiment,NULL,DropDown,answer,Selected,s,1749037568581.0,40,3,R,Extensional,Abstract,the child of the parent of Dana,1749037488237,22,0_R_cp2,2,d5ae5674155f0f64cd8b178d25d6da70,yes,other,United States,bachelor,Female,english,,other,3,s,exp1,,,True,True,human,False
1749067237,d5ae5674155f0f64cd8b178d25d6da70,PennController,15,0,experiment,NULL,DropDown,answer,Selected,y,1749037615894.0,186,4,L,Extensional,Abstract,Elizabeth's parent's friend's friend,1749037570143,22,0_L_ffp4,5,d5ae5674155f0f64cd8b178d25d6da70,yes,other,United States,bachelor,Female,english,,other,4,y,exp1,,,True,True,human,False
1749067237,d5ae5674155f0f64cd8b178d25d6da70,PennController,12,0,experiment,NULL,DropDown,answer,Selected,Amber,1749037644582.0,25,3,R,Extensional,English,the enemy of the child of Christina,1749037617286,22,0_R_ec0,0,d5ae5674155f0f64cd8b178d25d6da70,yes,other,United States,bachelor,Female,english,,other,3,Amber,exp1,,,True,True,human,False
1749067237,d5ae5674155f0f64cd8b178d25d6da70,PennController,14,0,experiment,NULL,TextInput,answer,Final,enemy(child(felicia),1749037715074.0,59,3,R,Intensional,English,the enemy of the child of Felicia,1749037646167,22,0_R_ec5,NULL,d5ae5674155f0f64cd8b178d25d6da70,yes,other,United States,bachelor,Female,english,,other,3,enemy(child(felicia)),exp1,,,False,True,human,False
1749067237,d5ae5674155f0f64cd8b178d25d6da70,PennController,13,0,experiment,NULL,TextInput,answer,Final,Parent(Amber(enemy),1749037830986.0,131,3,L,Intensional,English,Amber's enemy's parent,1749037715077,22,0_L_pe1,NULL,d5ae5674155f0f64cd8b178d25d6da70,yes,other,United States,bachelor,Female,english,,other,3,parent(enemy(amber)),exp1,,,False,False,human,False
1749067237,d5ae5674155f0f64cd8b178d25d6da70,PennController,6,0,experiment,NULL,TextInput,answer,Final,child(felicia),1749037862205.0,1,2,R,Intensional,English,the child of Felicia,1749037830988,22,0_R_c5,NULL,d5ae5674155f0f64cd8b178d25d6da70,yes,other,United States,bachelor,Female,english,,other,2,child(felicia),exp1,,,True,True,human,False
1749067237,d5ae5674155f0f64cd8b178d25d6da70,PennController,19,0,experiment,NULL,DropDown,answer,Selected,Dana,1749037906628.0,162,4,L,Extensional,English,Christina's enemy's friend's child,1749037862207,22,0_L_cfe0,3,d5ae5674155f0f64cd8b178d25d6da70,yes,other,United States,bachelor,Female,english,,other,4,Dana,exp1,,,True,True,human,False
1749067237,d5ae5674155f0f64cd8b178d25d6da70,PennController,20,0,experiment,NULL,DropDown,answer,Selected,Christina,1749037957940.0,80,4,R,Extensional,English,the parent of the enemy of the child of Bryan,1749037908318,22,0_R_pec3,2,d5ae5674155f0f64cd8b178d25d6da70,yes,other,United States,bachelor,Female,english,,other,4,Christina,exp1,,,True,True,human,False
1749067237,d5ae5674155f0f64cd8b178d25d6da70,PennController,7,0,experiment,NULL,DropDown,answer,Selected,y,1749038013347.0,131,3,L,Extensional,Abstract,Amber's enemy's parent,1749037959643,22,0_L_pe1,5,d5ae5674155f0f64cd8b178d25d6da70,yes,other,United States,bachelor,Female,english,,other,3,y,exp1,,,True,True,human,False
1749067237,d5ae5674155f0f64cd8b178d25d6da70,PennController,9,0,experiment,NULL,TextInput,answer,Final,W(s(s),1749038077861.0,136,3,L,Intensional,Abstract,Dana's enemy's enemy,1749038015882,22,0_L_ee2,NULL,d5ae5674155f0f64cd8b178d25d6da70,yes,other,United States,bachelor,Female,english,,other,3,w(w(s)),exp1,,,False,False,human,False
1749067237,d5ae5674155f0f64cd8b178d25d6da70,PennController,21,0,experiment,NULL,TextInput,answer,Final,Friend(bryan(child(parent),1749038158546.0,177,4,L,Intensional,English,Bryan's friend's child's parent,1749038077864,22,0_L_pcf3,NULL,d5ae5674155f0f64cd8b178d25d6da70,yes,other,United States,bachelor,Female,english,,other,4,parent(child(friend(bryan))),exp1,,,False,False,human,False
1749067237,d5ae5674155f0f64cd8b178d25d6da70,PennController,5,0,experiment,NULL,DropDown,answer,Selected,Dana,1749038193175.0,18,2,R,Extensional,English,the child of Felicia,1749038158551,22,0_R_c5,3,d5ae5674155f0f64cd8b178d25d6da70,yes,other,United States,bachelor,Female,english,,other,2,Dana,exp1,,,True,True,human,False
1749067237,d5ae5674155f0f64cd8b178d25d6da70,PennController,3,0,experiment,NULL,DropDown,answer,Selected,s,1749038220081.0,6,2,R,Extensional,Abstract,the child of Felicia,1749038196068,22,0_R_c5,2,d5ae5674155f0f64cd8b178d25d6da70,yes,other,United States,bachelor,Female,english,,other,2,s,exp1,,,True,True,human,False
1749067237,d5ae5674155f0f64cd8b178d25d6da70,PennController,16,0,experiment,NULL,DropDown,answer,Selected,h,1749038305160.0,91,4,R,Extensional,Abstract,the friend of the child of the friend of Felicia,1749038222833,22,0_R_fcf5,0,d5ae5674155f0f64cd8b178d25d6da70,yes,other,United States,bachelor,Female,english,,other,4,y,exp1,,,False,False,human,False
1749067237,d5ae5674155f0f64cd8b178d25d6da70,PennController,17,0,experiment,NULL,TextInput,answer,Final,t(q(t(q),1749038383533.0,200,4,L,Intensional,Abstract,Felicia's child's parent's child,1749038306630,22,0_L_cpc5,NULL,d5ae5674155f0f64cd8b178d25d6da70,yes,other,United States,bachelor,Female,english,,other,4,t(k(t(q))),exp1,,,False,False,human,False
1749067279,150490e0e391dfaf4408fa788a71c458,PennController,5,0,experiment,NULL,DropDown,answer,Selected,Dana,1749065774365.0,18,2,R,Extensional,English,the child of Felicia,1749065716396,22,0_R_c5,3,150490e0e391dfaf4408fa788a71c458,yes,other,United States of America,bachelor,Male,english,,ai,2,Dana,exp1,,,True,True,human,False
1749067279,150490e0e391dfaf4408fa788a71c458,PennController,20,0,experiment,NULL,DropDown,answer,Selected,Christina,1749065818565.0,80,4,R,Extensional,English,the parent of the enemy of the child of Bryan,1749065777554,22,0_R_pec3,2,150490e0e391dfaf4408fa788a71c458,yes,other,United States of America,bachelor,Male,english,,ai,4,Christina,exp1,,,True,True,human,False
1749067279,150490e0e391dfaf4408fa788a71c458,PennController,21,0,experiment,NULL,TextInput,answer,Final,parent(child(friend(bryan))),1749065959776.0,177,4,L,Intensional,English,Bryan's friend's child's parent,1749065819715,22,0_L_pcf3,NULL,150490e0e391dfaf4408fa788a71c458,yes,other,United States of America,bachelor,Male,english,,ai,4,parent(child(friend(bryan))),exp1,,,True,True,human,False
1749067279,150490e0e391dfaf4408fa788a71c458,PennController,15,0,experiment,NULL,DropDown,answer,Selected,y,1749066070278.0,186,4,L,Extensional,Abstract,Elizabeth's parent's friend's friend,1749065959780,22,0_L_ffp4,5,150490e0e391dfaf4408fa788a71c458,yes,other,United States of America,bachelor,Male,english,,ai,4,y,exp1,,,True,True,human,False
1749067279,150490e0e391dfaf4408fa788a71c458,PennController,11,0,experiment,NULL,DropDown,answer,Selected,Christina,1749066153800.0,148,3,L,Extensional,English,Elizabeth's enemy's friend,1749066124061,22,0_L_fe4,2,150490e0e391dfaf4408fa788a71c458,yes,other,United States of America,bachelor,Male,english,,ai,3,Christina,exp1,,,True,True,human,False
1749067279,150490e0e391dfaf4408fa788a71c458,PennController,9,0,experiment,NULL,TextInput,answer,Final,w(w(s)),1749066233783.0,136,3,L,Intensional,Abstract,Dana's enemy's enemy,1749066154919,22,0_L_ee2,NULL,150490e0e391dfaf4408fa788a71c458,yes,other,United States of America,bachelor,Male,english,,ai,3,w(w(s)),exp1,,,True,True,human,False
1749067279,150490e0e391dfaf4408fa788a71c458,PennController,16,0,experiment,NULL,DropDown,answer,Selected,y,1749066329850.0,91,4,R,Extensional,Abstract,the friend of the child of the friend of Felicia,1749066233785,22,0_R_fcf5,5,150490e0e391dfaf4408fa788a71c458,yes,other,United States of America,bachelor,Male,english,,ai,4,y,exp1,,,True,True,human,False
1749067279,150490e0e391dfaf4408fa788a71c458,PennController,3,0,experiment,NULL,DropDown,answer,Selected,s,1749066360181.0,6,2,R,Extensional,Abstract,the child of Felicia,1749066338066,22,0_R_c5,2,150490e0e391dfaf4408fa788a71c458,yes,other,United States of America,bachelor,Male,english,,ai,2,s,exp1,,,True,True,human,False
1749067279,150490e0e391dfaf4408fa788a71c458,PennController,12,0,experiment,NULL,DropDown,answer,Selected,Amber,1749066382232.0,25,3,R,Extensional,English,the enemy of the child of Christina,1749066361337,22,0_R_ec0,0,150490e0e391dfaf4408fa788a71c458,yes,other,United States of America,bachelor,Male,english,,ai,3,Amber,exp1,,,True,True,human,False
1749067279,150490e0e391dfaf4408fa788a71c458,PennController,17,0,experiment,NULL,TextInput,answer,Final,t(k(t(q))),1749066512342.0,200,4,L,Intensional,Abstract,Felicia's child's parent's child,1749066383347,22,0_L_cpc5,NULL,150490e0e391dfaf4408fa788a71c458,yes,other,United States of America,bachelor,Male,english,,ai,4,t(k(t(q))),exp1,,,True,True,human,False
1749067279,150490e0e391dfaf4408fa788a71c458,PennController,19,0,experiment,NULL,DropDown,answer,Selected,Dana,1749066610499.0,162,4,L,Extensional,English,Christina's enemy's friend's child,1749066512345,22,0_L_cfe0,3,150490e0e391dfaf4408fa788a71c458,yes,other,United States of America,bachelor,Male,english,,ai,4,Dana,exp1,,,True,True,human,False
1749067279,150490e0e391dfaf4408fa788a71c458,PennController,6,0,experiment,NULL,TextInput,answer,Final,child(felicia),1749066667353.0,1,2,R,Intensional,English,the child of Felicia,1749066611557,22,0_R_c5,NULL,150490e0e391dfaf4408fa788a71c458,yes,other,United States of America,bachelor,Male,english,,ai,2,child(felicia),exp1,,,True,True,human,False
1749067279,150490e0e391dfaf4408fa788a71c458,PennController,8,0,experiment,NULL,DropDown,answer,Selected,s,1749066698501.0,40,3,R,Extensional,Abstract,the child of the parent of Dana,1749066667355,22,0_R_cp2,2,150490e0e391dfaf4408fa788a71c458,yes,other,United States of America,bachelor,Male,english,,ai,3,s,exp1,,,True,True,human,False
1749067279,150490e0e391dfaf4408fa788a71c458,PennController,10,0,experiment,NULL,TextInput,answer,Final,s(t(b)),1749066772844.0,43,3,R,Intensional,Abstract,the friend of the child of Bryan,1749066700233,22,0_R_fc3,NULL,150490e0e391dfaf4408fa788a71c458,yes,other,United States of America,bachelor,Male,english,,ai,3,s(t(t)),exp1,,,False,False,human,False
1749067279,150490e0e391dfaf4408fa788a71c458,PennController,14,0,experiment,NULL,TextInput,answer,Final,enemy(child(felicia)),1749066838954.0,59,3,R,Intensional,English,the enemy of the child of Felicia,1749066772846,22,0_R_ec5,NULL,150490e0e391dfaf4408fa788a71c458,yes,other,United States of America,bachelor,Male,english,,ai,3,enemy(child(felicia)),exp1,,,True,True,human,False
1749067279,150490e0e391dfaf4408fa788a71c458,PennController,13,0,experiment,NULL,TextInput,answer,Final,parent(enemy(amber)),1749066934048.0,131,3,L,Intensional,English,Amber's enemy's parent,1749066838956,22,0_L_pe1,NULL,150490e0e391dfaf4408fa788a71c458,yes,other,United States of America,bachelor,Male,english,,ai,3,parent(enemy(amber)),exp1,,,True,True,human,False
1749067279,150490e0e391dfaf4408fa788a71c458,PennController,7,0,experiment,NULL,DropDown,answer,Selected,y,1749066966586.0,131,3,L,Extensional,Abstract,Amber's enemy's parent,1749066934050,22,0_L_pe1,5,150490e0e391dfaf4408fa788a71c458,yes,other,United States of America,bachelor,Male,english,,ai,3,y,exp1,,,True,True,human,False
1749067279,150490e0e391dfaf4408fa788a71c458,PennController,22,0,experiment,NULL,TextInput,answer,Final,friend(enemy(enemy(felicia))),1749067039439.0,94,4,R,Intensional,English,the friend of the enemy of the enemy of Felicia,1749066970007,22,0_R_fee5,NULL,150490e0e391dfaf4408fa788a71c458,yes,other,United States of America,bachelor,Male,english,,ai,4,friend(enemy(enemy(felicia))),exp1,,,True,True,human,False
1749067279,150490e0e391dfaf4408fa788a71c458,PennController,4,0,experiment,NULL,TextInput,answer,Final,s(y),1749067073521.0,14,2,R,Intensional,Abstract,the friend of Christina,1749067039441,22,0_R_f0,NULL,150490e0e391dfaf4408fa788a71c458,yes,other,United States of America,bachelor,Male,english,,ai,2,s(y),exp1,,,True,True,human,False
1749067279,150490e0e391dfaf4408fa788a71c458,PennController,18,0,experiment,NULL,TextInput,answer,Final,k(t(w(s))),1749067275213.0,72,4,R,Intensional,Abstract,the parent of the child of the enemy of Dana,1749067073522,22,0_R_pce2,NULL,150490e0e391dfaf4408fa788a71c458,yes,other,United States of America,bachelor,Male,english,,ai,4,k(t(w(s))),exp1,,,True,True,human,False
1749067302,e66e337ea8b65e559da7463708e528cd,PennController,6,0,experiment,NULL,TextInput,answer,Final,child(Felicia),1749055125186.0,1,2,R,Intensional,English,the child of Felicia,1749058643478,22,0_R_c5,NULL,e66e337ea8b65e559da7463708e528cd,yes,other,United States,phd,Female,english,,other,2,child(felicia),exp1,,,False,True,human,False
1749067302,e66e337ea8b65e559da7463708e528cd,PennController,19,0,experiment,NULL,DropDown,answer,Selected,Bryan,1749055298268.0,162,4,L,Extensional,English,Christina's enemy's friend's child,1749055125221,22,0_L_cfe0,1,e66e337ea8b65e559da7463708e528cd,yes,other,United States,phd,Female,english,,other,4,Dana,exp1,,,False,False,human,False
1749067302,e66e337ea8b65e559da7463708e528cd,PennController,9,0,experiment,NULL,TextInput,answer,Final,w(k(s),1749055437483.0,136,3,L,Intensional,Abstract,Dana's enemy's enemy,1749055300788,22,0_L_ee2,NULL,e66e337ea8b65e559da7463708e528cd,yes,other,United States,phd,Female,english,,other,3,w(w(s)),exp1,,,False,False,human,False
1749067302,e66e337ea8b65e559da7463708e528cd,PennController,7,0,experiment,NULL,DropDown,answer,Selected,t,1749055642369.0,131,3,L,Extensional,Abstract,Amber's enemy's parent,1749055437522,22,0_L_pe1,3,e66e337ea8b65e559da7463708e528cd,yes,other,United States,phd,Female,english,,other,3,y,exp1,,,False,False,human,False
1749067302,e66e337ea8b65e559da7463708e528cd,PennController,11,0,experiment,NULL,DropDown,answer,Selected,Christina,1749055751081.0,148,3,L,Extensional,English,Elizabeth's enemy's friend,1749055644157,22,0_L_fe4,2,e66e337ea8b65e559da7463708e528cd,yes,other,United States,phd,Female,english,,other,3,Christina,exp1,,,True,True,human,False
1749067302,e66e337ea8b65e559da7463708e528cd,PennController,13,0,experiment,NULL,TextInput,answer,Final,enemy(parent(amber,1749055897322.0,131,3,L,Intensional,English,Amber's enemy's parent,1749055752197,22,0_L_pe1,NULL,e66e337ea8b65e559da7463708e528cd,yes,other,United States,phd,Female,english,,other,3,parent(enemy(amber)),exp1,,,False,False,human,False
1749067302,e66e337ea8b65e559da7463708e528cd,PennController,15,0,experiment,NULL,DropDown,answer,Selected,s,1749055946346.0,186,4,L,Extensional,Abstract,Elizabeth's parent's friend's friend,1749055897357,22,0_L_ffp4,2,e66e337ea8b65e559da7463708e528cd,yes,other,United States,phd,Female,english,,other,4,y,exp1,,,False,False,human,False
1749067302,e66e337ea8b65e559da7463708e528cd,PennController,22,0,experiment,NULL,TextInput,answer,Final,friend(enemy(enemy(Felicia),1749056050162.0,94,4,R,Intensional,English,the friend of the enemy of the enemy of Felicia,1749055948370,22,0_R_fee5,NULL,e66e337ea8b65e559da7463708e528cd,yes,other,United States,phd,Female,english,,other,4,friend(enemy(enemy(felicia))),exp1,,,False,True,human,False
1749067302,e66e337ea8b65e559da7463708e528cd,PennController,12,0,experiment,NULL,DropDown,answer,Selected,Amber,1749056094146.0,25,3,R,Extensional,English,the enemy of the child of Christina,1749056050196,22,0_R_ec0,0,e66e337ea8b65e559da7463708e528cd,yes,other,United States,phd,Female,english,,other,3,Amber,exp1,,,True,True,human,False
1749067302,e66e337ea8b65e559da7463708e528cd,PennController,10,0,experiment,NULL,TextInput,answer,Final,k(t(t),1749056218129.0,43,3,R,Intensional,Abstract,the friend of the child of Bryan,1749056097269,22,0_R_fc3,NULL,e66e337ea8b65e559da7463708e528cd,yes,other,United States,phd,Female,english,,other,3,s(t(t)),exp1,,,False,False,human,False
1749067302,e66e337ea8b65e559da7463708e528cd,PennController,18,0,experiment,NULL,TextInput,answer,Final,w(s),1749056284434.0,72,4,R,Intensional,Abstract,the parent of the child of the enemy of Dana,1749056218164,22,0_R_pce2,NULL,e66e337ea8b65e559da7463708e528cd,yes,other,United States,phd,Female,english,,other,4,k(t(w(s))),exp1,,,False,False,human,False
1749067302,e66e337ea8b65e559da7463708e528cd,PennController,16,0,experiment,NULL,DropDown,answer,Selected,s,1749056342673.0,91,4,R,Extensional,Abstract,the friend of the child of the friend of Felicia,1749056284468,22,0_R_fcf5,2,e66e337ea8b65e559da7463708e528cd,yes,other,United States,phd,Female,english,,other,4,y,exp1,,,False,False,human,False
1749067302,e66e337ea8b65e559da7463708e528cd,PennController,14,0,experiment,NULL,TextInput,answer,Final,enemy(child(felicia),1749056378578.0,59,3,R,Intensional,English,the enemy of the child of Felicia,1749056344554,22,0_R_ec5,NULL,e66e337ea8b65e559da7463708e528cd,yes,other,United States,phd,Female,english,,other,3,enemy(child(felicia)),exp1,,,False,True,human,False
1749067302,e66e337ea8b65e559da7463708e528cd,PennController,21,0,experiment,NULL,TextInput,answer,Final,child(parent(bryan(friend),1749056430378.0,177,4,L,Intensional,English,Bryan's friend's child's parent,1749056378616,22,0_L_pcf3,NULL,e66e337ea8b65e559da7463708e528cd,yes,other,United States,phd,Female,english,,other,4,parent(child(friend(bryan))),exp1,,,False,False,human,False
1749067302,e66e337ea8b65e559da7463708e528cd,PennController,5,0,experiment,NULL,DropDown,answer,Selected,Dana,1749056443001.0,18,2,R,Extensional,English,the child of Felicia,1749056430413,22,0_R_c5,3,e66e337ea8b65e559da7463708e528cd,yes,other,United States,phd,Female,english,,other,2,Dana,exp1,,,True,True,human,False
1749067302,e66e337ea8b65e559da7463708e528cd,PennController,4,0,experiment,NULL,TextInput,answer,Final,k(y),1749056493034.0,14,2,R,Intensional,Abstract,the friend of Christina,1749056445365,22,0_R_f0,NULL,e66e337ea8b65e559da7463708e528cd,yes,other,United States,phd,Female,english,,other,2,s(y),exp1,,,False,False,human,False
1749067302,e66e337ea8b65e559da7463708e528cd,PennController,8,0,experiment,NULL,DropDown,answer,Selected,q,1749056508265.0,40,3,R,Extensional,Abstract,the child of the parent of Dana,1749056493071,22,0_R_cp2,1,e66e337ea8b65e559da7463708e528cd,yes,other,United States,phd,Female,english,,other,3,s,exp1,,,False,False,human,False
1749067302,e66e337ea8b65e559da7463708e528cd,PennController,20,0,experiment,NULL,DropDown,answer,Selected,Christina,1749056545648.0,80,4,R,Extensional,English,the parent of the enemy of the child of Bryan,1749056510234,22,0_R_pec3,2,e66e337ea8b65e559da7463708e528cd,yes,other,United States,phd,Female,english,,other,4,Christina,exp1,,,True,True,human,False
1749067302,e66e337ea8b65e559da7463708e528cd,PennController,17,0,experiment,NULL,TextInput,answer,Final,t(q),1749056583465.0,200,4,L,Intensional,Abstract,Felicia's child's parent's child,1749056547682,22,0_L_cpc5,NULL,e66e337ea8b65e559da7463708e528cd,yes,other,United States,phd,Female,english,,other,4,t(k(t(q))),exp1,,,False,False,human,False
1749067302,e66e337ea8b65e559da7463708e528cd,PennController,3,0,experiment,NULL,DropDown,answer,Selected,s,1749056595121.0,6,2,R,Extensional,Abstract,the child of Felicia,1749056583505,22,0_R_c5,2,e66e337ea8b65e559da7463708e528cd,yes,other,United States,phd,Female,english,,other,2,s,exp1,,,True,True,human,False
1749067312,72089e713d651c385637ec154f639885,PennController,15,0,experiment,NULL,DropDown,answer,Selected,s,1749066392265.0,186,4,L,Extensional,Abstract,Elizabeth's parent's friend's friend,1749066287670,22,0_L_ffp4,2,72089e713d651c385637ec154f639885,yes,other,united state,master,Female,english,,ai,4,y,exp1,,,False,False,human,False
1749067312,72089e713d651c385637ec154f639885,PennController,20,0,experiment,NULL,DropDown,answer,Selected,Christina,1749066419615.0,80,4,R,Extensional,English,the parent of the enemy of the child of Bryan,1749066393699,22,0_R_pec3,2,72089e713d651c385637ec154f639885,yes,other,united state,master,Female,english,,ai,4,Christina,exp1,,,True,True,human,False
1749067312,72089e713d651c385637ec154f639885,PennController,18,0,experiment,NULL,TextInput,answer,Final,w(s)y,1749066537845.0,72,4,R,Intensional,Abstract,the parent of the child of the enemy of Dana,1749066420431,22,0_R_pce2,NULL,72089e713d651c385637ec154f639885,yes,other,united state,master,Female,english,,ai,4,k(t(w(s))),exp1,,,False,False,human,False
1749067312,72089e713d651c385637ec154f639885,PennController,5,0,experiment,NULL,DropDown,answer,Selected,Dana,1749066550720.0,18,2,R,Extensional,English,the child of Felicia,1749066537852,22,0_R_c5,3,72089e713d651c385637ec154f639885,yes,other,united state,master,Female,english,,ai,2,Dana,exp1,,,True,True,human,False
1749067312,72089e713d651c385637ec154f639885,PennController,3,0,experiment,NULL,DropDown,answer,Selected,s,1749066559663.0,6,2,R,Extensional,Abstract,the child of Felicia,1749066551529,22,0_R_c5,2,72089e713d651c385637ec154f639885,yes,other,united state,master,Female,english,,ai,2,s,exp1,,,True,True,human,False
1749067312,72089e713d651c385637ec154f639885,PennController,14,0,experiment,NULL,TextInput,answer,Final,enemy(child)fericia,1749066607954.0,59,3,R,Intensional,English,the enemy of the child of Felicia,1749066560708,22,0_R_ec5,NULL,72089e713d651c385637ec154f639885,yes,other,united state,master,Female,english,,ai,3,enemy(child(felicia)),exp1,,,False,False,human,False
1749067312,72089e713d651c385637ec154f639885,PennController,17,0,experiment,NULL,TextInput,answer,Final,q(s)y,1749066836865.0,200,4,L,Intensional,Abstract,Felicia's child's parent's child,1749066607960,22,0_L_cpc5,NULL,72089e713d651c385637ec154f639885,yes,other,united state,master,Female,english,,ai,4,t(k(t(q))),exp1,,,False,False,human,False
1749067312,72089e713d651c385637ec154f639885,PennController,10,0,experiment,NULL,TextInput,answer,Final,t(t)w,1749066905882.0,43,3,R,Intensional,Abstract,the friend of the child of Bryan,1749066836870,22,0_R_fc3,NULL,72089e713d651c385637ec154f639885,yes,other,united state,master,Female,english,,ai,3,s(t(t)),exp1,,,False,False,human,False
1749067312,72089e713d651c385637ec154f639885,PennController,12,0,experiment,NULL,DropDown,answer,Selected,Elizabeth,1749066918175.0,25,3,R,Extensional,English,the enemy of the child of Christina,1749066905886,22,0_R_ec0,4,72089e713d651c385637ec154f639885,yes,other,united state,master,Female,english,,ai,3,Amber,exp1,,,False,False,human,False
1749067312,72089e713d651c385637ec154f639885,PennController,7,0,experiment,NULL,DropDown,answer,Selected,v,1749066937186.0,131,3,L,Extensional,Abstract,Amber's enemy's parent,1749066919401,22,0_L_pe1,4,72089e713d651c385637ec154f639885,yes,other,united state,master,Female,english,,ai,3,y,exp1,,,False,False,human,False
1749067312,72089e713d651c385637ec154f639885,PennController,19,0,experiment,NULL,DropDown,answer,Selected,Bryan,1749066979774.0,162,4,L,Extensional,English,Christina's enemy's friend's child,1749066938428,22,0_L_cfe0,1,72089e713d651c385637ec154f639885,yes,other,united state,master,Female,english,,ai,4,Dana,exp1,,,False,False,human,False
1749067312,72089e713d651c385637ec154f639885,PennController,11,0,experiment,NULL,DropDown,answer,Selected,Dana,1749066990313.0,148,3,L,Extensional,English,Elizabeth's enemy's friend,1749066980843,22,0_L_fe4,3,72089e713d651c385637ec154f639885,yes,other,united state,master,Female,english,,ai,3,Christina,exp1,,,False,False,human,False
1749067312,72089e713d651c385637ec154f639885,PennController,4,0,experiment,NULL,TextInput,answer,Final,t(q),1749067007641.0,14,2,R,Intensional,Abstract,the friend of Christina,1749066991426,22,0_R_f0,NULL,72089e713d651c385637ec154f639885,yes,other,united state,master,Female,english,,ai,2,s(y),exp1,,,False,False,human,False
1749067312,72089e713d651c385637ec154f639885,PennController,21,0,experiment,NULL,TextInput,answer,Final,child(bryan)friend,1749067085154.0,177,4,L,Intensional,English,Bryan's friend's child's parent,1749067007643,22,0_L_pcf3,NULL,72089e713d651c385637ec154f639885,yes,other,united state,master,Female,english,,ai,4,parent(child(friend(bryan))),exp1,,,False,False,human,False
1749067312,72089e713d651c385637ec154f639885,PennController,9,0,experiment,NULL,TextInput,answer,Final,w(s)s,1749067113403.0,136,3,L,Intensional,Abstract,Dana's enemy's enemy,1749067085160,22,0_L_ee2,NULL,72089e713d651c385637ec154f639885,yes,other,united state,master,Female,english,,ai,3,w(w(s)),exp1,,,False,False,human,False
1749067312,72089e713d651c385637ec154f639885,PennController,8,0,experiment,NULL,DropDown,answer,Selected,q,1749067146681.0,40,3,R,Extensional,Abstract,the child of the parent of Dana,1749067113406,22,0_R_cp2,1,72089e713d651c385637ec154f639885,yes,other,united state,master,Female,english,,ai,3,s,exp1,,,False,False,human,False
1749067312,72089e713d651c385637ec154f639885,PennController,13,0,experiment,NULL,TextInput,answer,Final,amber(enemy)parent,1749067196377.0,131,3,L,Intensional,English,Amber's enemy's parent,1749067147830,22,0_L_pe1,NULL,72089e713d651c385637ec154f639885,yes,other,united state,master,Female,english,,ai,3,parent(enemy(amber)),exp1,,,False,False,human,False
1749067312,72089e713d651c385637ec154f639885,PennController,6,0,experiment,NULL,TextInput,answer,Final,child(felicia),1749067245828.0,1,2,R,Intensional,English,the child of Felicia,1749067196379,22,0_R_c5,NULL,72089e713d651c385637ec154f639885,yes,other,united state,master,Female,english,,ai,2,child(felicia),exp1,,,True,True,human,False
1749067312,72089e713d651c385637ec154f639885,PennController,16,0,experiment,NULL,DropDown,answer,Selected,t,1749067267245.0,91,4,R,Extensional,Abstract,the friend of the child of the friend of Felicia,1749067245831,22,0_R_fcf5,3,72089e713d651c385637ec154f639885,yes,other,united state,master,Female,english,,ai,4,y,exp1,,,False,False,human,False
1749067312,72089e713d651c385637ec154f639885,PennController,22,0,experiment,NULL,TextInput,answer,Final,enemy(felicia)friend,1749067308766.0,94,4,R,Intensional,English,the friend of the enemy of the enemy of Felicia,1749067268541,22,0_R_fee5,NULL,72089e713d651c385637ec154f639885,yes,other,united state,master,Female,english,,ai,4,friend(enemy(enemy(felicia))),exp1,,,False,False,human,False
1749067315,1377d4551a50bd2f0247c715422d2eb5,PennController,21,0,experiment,NULL,TextInput,answer,Final,child(parent)(friend(Brian)),1749066101565.0,177,4,L,Intensional,English,Bryan's friend's child's parent,1749065895770,22,0_L_pcf3,NULL,1377d4551a50bd2f0247c715422d2eb5,yes,other,USA,bachelor,Female,english,,other,4,parent(child(friend(bryan))),exp1,,,False,False,human,False
1749067315,1377d4551a50bd2f0247c715422d2eb5,PennController,17,0,experiment,NULL,TextInput,answer,Final,t(k)(t(q),1749066236320.0,200,4,L,Intensional,Abstract,Felicia's child's parent's child,1749066101574,22,0_L_cpc5,NULL,1377d4551a50bd2f0247c715422d2eb5,yes,other,USA,bachelor,Female,english,,other,4,t(k(t(q))),exp1,,,False,False,human,False
1749067315,1377d4551a50bd2f0247c715422d2eb5,PennController,11,0,experiment,NULL,DropDown,answer,Selected,Christina,1749066292643.0,148,3,L,Extensional,English,Elizabeth's enemy's friend,1749066236323,22,0_L_fe4,2,1377d4551a50bd2f0247c715422d2eb5,yes,other,USA,bachelor,Female,english,,other,3,Christina,exp1,,,True,True,human,False
1749067315,1377d4551a50bd2f0247c715422d2eb5,PennController,9,0,experiment,NULL,TextInput,answer,Final,w(t),1749066464621.0,136,3,L,Intensional,Abstract,Dana's enemy's enemy,1749066293291,22,0_L_ee2,NULL,1377d4551a50bd2f0247c715422d2eb5,yes,other,USA,bachelor,Female,english,,other,3,w(w(s)),exp1,,,False,False,human,False
1749067315,1377d4551a50bd2f0247c715422d2eb5,PennController,15,0,experiment,NULL,DropDown,answer,Selected,s,1749066555912.0,186,4,L,Extensional,Abstract,Elizabeth's parent's friend's friend,1749066464625,22,0_L_ffp4,2,1377d4551a50bd2f0247c715422d2eb5,yes,other,USA,bachelor,Female,english,,other,4,y,exp1,,,False,False,human,False
1749067315,1377d4551a50bd2f0247c715422d2eb5,PennController,16,0,experiment,NULL,DropDown,answer,Selected,s,1749066636349.0,91,4,R,Extensional,Abstract,the friend of the child of the friend of Felicia,1749066556853,22,0_R_fcf5,2,1377d4551a50bd2f0247c715422d2eb5,yes,other,USA,bachelor,Female,english,,other,4,y,exp1,,,False,False,human,False
1749067315,1377d4551a50bd2f0247c715422d2eb5,PennController,20,0,experiment,NULL,DropDown,answer,Selected,Elizabeth,1749066661460.0,80,4,R,Extensional,English,the parent of the enemy of the child of Bryan,1749066637927,22,0_R_pec3,4,1377d4551a50bd2f0247c715422d2eb5,yes,other,USA,bachelor,Female,english,,other,4,Christina,exp1,,,False,False,human,False
1749067315,1377d4551a50bd2f0247c715422d2eb5,PennController,14,0,experiment,NULL,TextInput,answer,Final,enemy(child(Felicia)),1749066745594.0,59,3,R,Intensional,English,the enemy of the child of Felicia,1749066662037,22,0_R_ec5,NULL,1377d4551a50bd2f0247c715422d2eb5,yes,other,USA,bachelor,Female,english,,other,3,enemy(child(felicia)),exp1,,,False,True,human,False
1749067315,1377d4551a50bd2f0247c715422d2eb5,PennController,22,0,experiment,NULL,TextInput,answer,Final,friend(enemy)(enemy(Felicia)),1749066824164.0,94,4,R,Intensional,English,the friend of the enemy of the enemy of Felicia,1749066745597,22,0_R_fee5,NULL,1377d4551a50bd2f0247c715422d2eb5,yes,other,USA,bachelor,Female,english,,other,4,friend(enemy(enemy(felicia))),exp1,,,False,False,human,False
1749067315,1377d4551a50bd2f0247c715422d2eb5,PennController,13,0,experiment,NULL,TextInput,answer,Final,parent(enemy(Abmer)),1749066942991.0,131,3,L,Intensional,English,Amber's enemy's parent,1749066824167,22,0_L_pe1,NULL,1377d4551a50bd2f0247c715422d2eb5,yes,other,USA,bachelor,Female,english,,other,3,parent(enemy(amber)),exp1,,,False,False,human,False
1749067315,1377d4551a50bd2f0247c715422d2eb5,PennController,10,0,experiment,NULL,TextInput,answer,Final,friend(child(Bryan)),1749066986166.0,43,3,R,Intensional,Abstract,the friend of the child of Bryan,1749066942993,22,0_R_fc3,NULL,1377d4551a50bd2f0247c715422d2eb5,yes,other,USA,bachelor,Female,english,,other,3,s(t(t)),exp1,,,False,False,human,False
1749067315,1377d4551a50bd2f0247c715422d2eb5,PennController,18,0,experiment,NULL,TextInput,answer,Final,parent(child)(enemy(Dana)),1749067025230.0,72,4,R,Intensional,Abstract,the parent of the child of the enemy of Dana,1749066986169,22,0_R_pce2,NULL,1377d4551a50bd2f0247c715422d2eb5,yes,other,USA,bachelor,Female,english,,other,4,k(t(w(s))),exp1,,,False,False,human,False
1749067315,1377d4551a50bd2f0247c715422d2eb5,PennController,5,0,experiment,NULL,DropDown,answer,Selected,Dana,1749067033858.0,18,2,R,Extensional,English,the child of Felicia,1749067025234,22,0_R_c5,3,1377d4551a50bd2f0247c715422d2eb5,yes,other,USA,bachelor,Female,english,,other,2,Dana,exp1,,,True,True,human,False
1749067315,1377d4551a50bd2f0247c715422d2eb5,PennController,3,0,experiment,NULL,DropDown,answer,Selected,s,1749067041829.0,6,2,R,Extensional,Abstract,the child of Felicia,1749067036991,22,0_R_c5,2,1377d4551a50bd2f0247c715422d2eb5,yes,other,USA,bachelor,Female,english,,other,2,s,exp1,,,True,True,human,False
1749067315,1377d4551a50bd2f0247c715422d2eb5,PennController,12,0,experiment,NULL,DropDown,answer,Selected,Amber,1749067065008.0,25,3,R,Extensional,English,the enemy of the child of Christina,1749067044054,22,0_R_ec0,0,1377d4551a50bd2f0247c715422d2eb5,yes,other,USA,bachelor,Female,english,,other,3,Amber,exp1,,,True,True,human,False
1749067315,1377d4551a50bd2f0247c715422d2eb5,PennController,19,0,experiment,NULL,DropDown,answer,Selected,Dana,1749067171540.0,162,4,L,Extensional,English,Christina's enemy's friend's child,1749067079216,22,0_L_cfe0,3,1377d4551a50bd2f0247c715422d2eb5,yes,other,USA,bachelor,Female,english,,other,4,Dana,exp1,,,True,True,human,False
1749067315,1377d4551a50bd2f0247c715422d2eb5,PennController,6,0,experiment,NULL,TextInput,answer,Final,child(Felicia),1749067196916.0,1,2,R,Intensional,English,the child of Felicia,1749067172006,22,0_R_c5,NULL,1377d4551a50bd2f0247c715422d2eb5,yes,other,USA,bachelor,Female,english,,other,2,child(felicia),exp1,,,False,True,human,False
1749067315,1377d4551a50bd2f0247c715422d2eb5,PennController,7,0,experiment,NULL,DropDown,answer,Selected,y,1749067228785.0,131,3,L,Extensional,Abstract,Amber's enemy's parent,1749067196919,22,0_L_pe1,5,1377d4551a50bd2f0247c715422d2eb5,yes,other,USA,bachelor,Female,english,,other,3,y,exp1,,,True,True,human,False
1749067315,1377d4551a50bd2f0247c715422d2eb5,PennController,4,0,experiment,NULL,TextInput,answer,Final,s(y),1749067279025.0,14,2,R,Intensional,Abstract,the friend of Christina,1749067237578,22,0_R_f0,NULL,1377d4551a50bd2f0247c715422d2eb5,yes,other,USA,bachelor,Female,english,,other,2,s(y),exp1,,,True,True,human,False
1749067315,1377d4551a50bd2f0247c715422d2eb5,PennController,8,0,experiment,NULL,DropDown,answer,Selected,s,1749067312481.0,40,3,R,Extensional,Abstract,the child of the parent of Dana,1749067279028,22,0_R_cp2,2,1377d4551a50bd2f0247c715422d2eb5,yes,other,USA,bachelor,Female,english,,other,3,s,exp1,,,True,True,human,False
1749067330,b09fac09688a300436dc7c52174bfa61,PennController,11,0,experiment,NULL,DropDown,answer,Selected,Christina,1749065878619.0,148,3,L,Extensional,English,Elizabeth's enemy's friend,1749065798490,22,0_L_fe4,2,b09fac09688a300436dc7c52174bfa61,yes,other,United States of America,bachelor,Female,english,,other,3,Christina,exp1,,,True,True,human,False
1749067330,b09fac09688a300436dc7c52174bfa61,PennController,14,0,experiment,NULL,TextInput,answer,Final,enemy(child(Felicia)),1749065998832.0,59,3,R,Intensional,English,the enemy of the child of Felicia,1749065909185,22,0_R_ec5,NULL,b09fac09688a300436dc7c52174bfa61,yes,other,United States of America,bachelor,Female,english,,other,3,enemy(child(felicia)),exp1,,,False,True,human,False
1749067330,b09fac09688a300436dc7c52174bfa61,PennController,8,0,experiment,NULL,DropDown,answer,Selected,s,1749066231408.0,40,3,R,Extensional,Abstract,the child of the parent of Dana,1749065998839,22,0_R_cp2,2,b09fac09688a300436dc7c52174bfa61,yes,other,United States of America,bachelor,Female,english,,other,3,s,exp1,,,True,True,human,False
1749067330,b09fac09688a300436dc7c52174bfa61,PennController,7,0,experiment,NULL,DropDown,answer,Selected,y,1749066282381.0,131,3,L,Extensional,Abstract,Amber's enemy's parent,1749066232717,22,0_L_pe1,5,b09fac09688a300436dc7c52174bfa61,yes,other,United States of America,bachelor,Female,english,,other,3,y,exp1,,,True,True,human,False
1749067330,b09fac09688a300436dc7c52174bfa61,PennController,10,0,experiment,NULL,TextInput,answer,Final,s(t(t)),1749066403456.0,43,3,R,Intensional,Abstract,the friend of the child of Bryan,1749066283723,22,0_R_fc3,NULL,b09fac09688a300436dc7c52174bfa61,yes,other,United States of America,bachelor,Female,english,,other,3,s(t(t)),exp1,,,True,True,human,False
1749067330,b09fac09688a300436dc7c52174bfa61,PennController,9,0,experiment,NULL,TextInput,answer,Final,w(w(s)),1749066468451.0,136,3,L,Intensional,Abstract,Dana's enemy's enemy,1749066403465,22,0_L_ee2,NULL,b09fac09688a300436dc7c52174bfa61,yes,other,United States of America,bachelor,Female,english,,other,3,w(w(s)),exp1,,,True,True,human,False
1749067330,b09fac09688a300436dc7c52174bfa61,PennController,3,0,experiment,NULL,DropDown,answer,Selected,s,1749066513022.0,6,2,R,Extensional,Abstract,the child of Felicia,1749066468457,22,0_R_c5,2,b09fac09688a300436dc7c52174bfa61,yes,other,United States of America,bachelor,Female,english,,other,2,s,exp1,,,True,True,human,False
1749067330,b09fac09688a300436dc7c52174bfa61,PennController,19,0,experiment,NULL,DropDown,answer,Selected,Dana,1749066555322.0,162,4,L,Extensional,English,Christina's enemy's friend's child,1749066514479,22,0_L_cfe0,3,b09fac09688a300436dc7c52174bfa61,yes,other,United States of America,bachelor,Female,english,,other,4,Dana,exp1,,,True,True,human,False
1749067330,b09fac09688a300436dc7c52174bfa61,PennController,20,0,experiment,NULL,DropDown,answer,Selected,Christina,1749066595342.0,80,4,R,Extensional,English,the parent of the enemy of the child of Bryan,1749066556496,22,0_R_pec3,2,b09fac09688a300436dc7c52174bfa61,yes,other,United States of America,bachelor,Female,english,,other,4,Christina,exp1,,,True,True,human,False
1749067330,b09fac09688a300436dc7c52174bfa61,PennController,17,0,experiment,NULL,TextInput,answer,Final,t(k(t(q))),1749066696394.0,200,4,L,Intensional,Abstract,Felicia's child's parent's child,1749066596616,22,0_L_cpc5,NULL,b09fac09688a300436dc7c52174bfa61,yes,other,United States of America,bachelor,Female,english,,other,4,t(k(t(q))),exp1,,,True,True,human,False
1749067330,b09fac09688a300436dc7c52174bfa61,PennController,6,0,experiment,NULL,TextInput,answer,Final,child(felicia),1749066761460.0,1,2,R,Intensional,English,the child of Felicia,1749066696401,22,0_R_c5,NULL,b09fac09688a300436dc7c52174bfa61,yes,other,United States of America,bachelor,Female,english,,other,2,child(felicia),exp1,,,True,True,human,False
1749067330,b09fac09688a300436dc7c52174bfa61,PennController,4,0,experiment,NULL,TextInput,answer,Final,s(y),1749066795281.0,14,2,R,Intensional,Abstract,the friend of Christina,1749066761467,22,0_R_f0,NULL,b09fac09688a300436dc7c52174bfa61,yes,other,United States of America,bachelor,Female,english,,other,2,s(y),exp1,,,True,True,human,False
1749067330,b09fac09688a300436dc7c52174bfa61,PennController,12,0,experiment,NULL,DropDown,answer,Selected,Amber,1749066823635.0,25,3,R,Extensional,English,the enemy of the child of Christina,1749066795285,22,0_R_ec0,0,b09fac09688a300436dc7c52174bfa61,yes,other,United States of America,bachelor,Female,english,,other,3,Amber,exp1,,,True,True,human,False
1749067330,b09fac09688a300436dc7c52174bfa61,PennController,21,0,experiment,NULL,TextInput,answer,Final,parent(child(friend(brian))),1749066910812.0,177,4,L,Intensional,English,Bryan's friend's child's parent,1749066824627,22,0_L_pcf3,NULL,b09fac09688a300436dc7c52174bfa61,yes,other,United States of America,bachelor,Female,english,,other,4,parent(child(friend(bryan))),exp1,,,False,False,human,False
1749067330,b09fac09688a300436dc7c52174bfa61,PennController,5,0,experiment,NULL,DropDown,answer,Selected,Dana,1749066939814.0,18,2,R,Extensional,English,the child of Felicia,1749066910814,22,0_R_c5,3,b09fac09688a300436dc7c52174bfa61,yes,other,United States of America,bachelor,Female,english,,other,2,Dana,exp1,,,True,True,human,False
1749067330,b09fac09688a300436dc7c52174bfa61,PennController,15,0,experiment,NULL,DropDown,answer,Selected,y,1749066982925.0,186,4,L,Extensional,Abstract,Elizabeth's parent's friend's friend,1749066943468,22,0_L_ffp4,5,b09fac09688a300436dc7c52174bfa61,yes,other,United States of America,bachelor,Female,english,,other,4,y,exp1,,,True,True,human,False
1749067330,b09fac09688a300436dc7c52174bfa61,PennController,22,0,experiment,NULL,TextInput,answer,Final,friend(enemy(enemy(felicia))),1749067063821.0,94,4,R,Intensional,English,the friend of the enemy of the enemy of Felicia,1749066984493,22,0_R_fee5,NULL,b09fac09688a300436dc7c52174bfa61,yes,other,United States of America,bachelor,Female,english,,other,4,friend(enemy(enemy(felicia))),exp1,,,True,True,human,False
1749067330,b09fac09688a300436dc7c52174bfa61,PennController,16,0,experiment,NULL,DropDown,answer,Selected,s,1749067108081.0,91,4,R,Extensional,Abstract,the friend of the child of the friend of Felicia,1749067063826,22,0_R_fcf5,2,b09fac09688a300436dc7c52174bfa61,yes,other,United States of America,bachelor,Female,english,,other,4,y,exp1,,,False,False,human,False
1749067330,b09fac09688a300436dc7c52174bfa61,PennController,18,0,experiment,NULL,TextInput,answer,Final,k(t(w(s))),1749067171546.0,72,4,R,Intensional,Abstract,the parent of the child of the enemy of Dana,1749067109220,22,0_R_pce2,NULL,b09fac09688a300436dc7c52174bfa61,yes,other,United States of America,bachelor,Female,english,,other,4,k(t(w(s))),exp1,,,True,True,human,False
1749067330,b09fac09688a300436dc7c52174bfa61,PennController,13,0,experiment,NULL,TextInput,answer,Final,parent(enemy(amber)),1749067329894.0,131,3,L,Intensional,English,Amber's enemy's parent,1749067171551,22,0_L_pe1,NULL,b09fac09688a300436dc7c52174bfa61,yes,other,United States of America,bachelor,Female,english,,other,3,parent(enemy(amber)),exp1,,,True,True,human,False
1749067454,a733940ade7d35e5fa73f11a7f02e198,PennController,20,0,experiment,NULL,DropDown,answer,Selected,Amber,1749066466741.0,80,4,R,Extensional,English,the parent of the enemy of the child of Bryan,1749066399645,22,0_R_pec3,0,a733940ade7d35e5fa73f11a7f02e198,yes,other,united states,bachelor,Male,english,,math,4,Christina,exp1,,,False,False,human,False
1749067454,a733940ade7d35e5fa73f11a7f02e198,PennController,3,0,experiment,NULL,DropDown,answer,Selected,s,1749066487468.0,6,2,R,Extensional,Abstract,the child of Felicia,1749066468119,22,0_R_c5,2,a733940ade7d35e5fa73f11a7f02e198,yes,other,united states,bachelor,Male,english,,math,2,s,exp1,,,True,True,human,False
1749067454,a733940ade7d35e5fa73f11a7f02e198,PennController,14,0,experiment,NULL,TextInput,answer,Final,amber,1749066552379.0,59,3,R,Intensional,English,the enemy of the child of Felicia,1749066490983,22,0_R_ec5,NULL,a733940ade7d35e5fa73f11a7f02e198,yes,other,united states,bachelor,Male,english,,math,3,enemy(child(felicia)),exp1,,,False,False,human,False
1749067454,a733940ade7d35e5fa73f11a7f02e198,PennController,21,0,experiment,NULL,TextInput,answer,Final,dana,1749066585459.0,177,4,L,Intensional,English,Bryan's friend's child's parent,1749066552382,22,0_L_pcf3,NULL,a733940ade7d35e5fa73f11a7f02e198,yes,other,united states,bachelor,Male,english,,math,4,parent(child(friend(bryan))),exp1,,,False,False,human,False
1749067454,a733940ade7d35e5fa73f11a7f02e198,PennController,15,0,experiment,NULL,DropDown,answer,Selected,y,1749066648332.0,186,4,L,Extensional,Abstract,Elizabeth's parent's friend's friend,1749066585460,22,0_L_ffp4,5,a733940ade7d35e5fa73f11a7f02e198,yes,other,united states,bachelor,Male,english,,math,4,y,exp1,,,True,True,human,False
1749067454,a733940ade7d35e5fa73f11a7f02e198,PennController,6,0,experiment,NULL,TextInput,answer,Final,child felicia,1749066706272.0,1,2,R,Intensional,English,the child of Felicia,1749066653225,22,0_R_c5,NULL,a733940ade7d35e5fa73f11a7f02e198,yes,other,united states,bachelor,Male,english,,math,2,child(felicia),exp1,,,False,False,human,False
1749067454,a733940ade7d35e5fa73f11a7f02e198,PennController,4,0,experiment,NULL,TextInput,answer,Final,s(y),1749066740779.0,14,2,R,Intensional,Abstract,the friend of Christina,1749066706275,22,0_R_f0,NULL,a733940ade7d35e5fa73f11a7f02e198,yes,other,united states,bachelor,Male,english,,math,2,s(y),exp1,,,True,True,human,False
1749067454,a733940ade7d35e5fa73f11a7f02e198,PennController,18,0,experiment,NULL,TextInput,answer,Final,kw(S),1749066938455.0,72,4,R,Intensional,Abstract,the parent of the child of the enemy of Dana,1749066740781,22,0_R_pce2,NULL,a733940ade7d35e5fa73f11a7f02e198,yes,other,united states,bachelor,Male,english,,math,4,k(t(w(s))),exp1,,,False,False,human,False
1749067454,a733940ade7d35e5fa73f11a7f02e198,PennController,17,0,experiment,NULL,TextInput,answer,Final,t(q)(V)(q),1749067030746.0,200,4,L,Intensional,Abstract,Felicia's child's parent's child,1749066938457,22,0_L_cpc5,NULL,a733940ade7d35e5fa73f11a7f02e198,yes,other,united states,bachelor,Male,english,,math,4,t(k(t(q))),exp1,,,False,False,human,False
1749067454,a733940ade7d35e5fa73f11a7f02e198,PennController,11,0,experiment,NULL,DropDown,answer,Selected,Christina,1749067114029.0,148,3,L,Extensional,English,Elizabeth's enemy's friend,1749067030748,22,0_L_fe4,2,a733940ade7d35e5fa73f11a7f02e198,yes,other,united states,bachelor,Male,english,,math,3,Christina,exp1,,,True,True,human,False
1749067454,a733940ade7d35e5fa73f11a7f02e198,PennController,10,0,experiment,NULL,TextInput,answer,Final,stt,1749067202489.0,43,3,R,Intensional,Abstract,the friend of the child of Bryan,1749067115753,22,0_R_fc3,NULL,a733940ade7d35e5fa73f11a7f02e198,yes,other,united states,bachelor,Male,english,,math,3,s(t(t)),exp1,,,False,False,human,False
1749067454,a733940ade7d35e5fa73f11a7f02e198,PennController,12,0,experiment,NULL,DropDown,answer,Selected,Amber,1749067231877.0,25,3,R,Extensional,English,the enemy of the child of Christina,1749067202491,22,0_R_ec0,0,a733940ade7d35e5fa73f11a7f02e198,yes,other,united states,bachelor,Male,english,,math,3,Amber,exp1,,,True,True,human,False
1749067454,a733940ade7d35e5fa73f11a7f02e198,PennController,13,0,experiment,NULL,TextInput,answer,Final,2,1749067380005.0,131,3,L,Intensional,English,Amber's enemy's parent,1749067233621,22,0_L_pe1,NULL,a733940ade7d35e5fa73f11a7f02e198,yes,other,united states,bachelor,Male,english,,math,3,parent(enemy(amber)),exp1,,,False,False,human,False
1749067454,a733940ade7d35e5fa73f11a7f02e198,PennController,16,0,experiment,NULL,DropDown,answer,Selected,v,1749067387481.0,91,4,R,Extensional,Abstract,the friend of the child of the friend of Felicia,1749067380007,22,0_R_fcf5,4,a733940ade7d35e5fa73f11a7f02e198,yes,other,united states,bachelor,Male,english,,math,4,y,exp1,,,False,False,human,False
1749067454,a733940ade7d35e5fa73f11a7f02e198,PennController,5,0,experiment,NULL,DropDown,answer,Selected,Dana,1749067402446.0,18,2,R,Extensional,English,the child of Felicia,1749067389055,22,0_R_c5,3,a733940ade7d35e5fa73f11a7f02e198,yes,other,united states,bachelor,Male,english,,math,2,Dana,exp1,,,True,True,human,False
1749067454,a733940ade7d35e5fa73f11a7f02e198,PennController,22,0,experiment,NULL,TextInput,answer,Final,2,1749067414757.0,94,4,R,Intensional,English,the friend of the enemy of the enemy of Felicia,1749067404744,22,0_R_fee5,NULL,a733940ade7d35e5fa73f11a7f02e198,yes,other,united states,bachelor,Male,english,,math,4,friend(enemy(enemy(felicia))),exp1,,,False,False,human,False
1749067454,a733940ade7d35e5fa73f11a7f02e198,PennController,9,0,experiment,NULL,TextInput,answer,Final,2,1749067421988.0,136,3,L,Intensional,Abstract,Dana's enemy's enemy,1749067414759,22,0_L_ee2,NULL,a733940ade7d35e5fa73f11a7f02e198,yes,other,united states,bachelor,Male,english,,math,3,w(w(s)),exp1,,,False,False,human,False
1749067454,a733940ade7d35e5fa73f11a7f02e198,PennController,8,0,experiment,NULL,DropDown,answer,Selected,t,1749067434863.0,40,3,R,Extensional,Abstract,the child of the parent of Dana,1749067421989,22,0_R_cp2,3,a733940ade7d35e5fa73f11a7f02e198,yes,other,united states,bachelor,Male,english,,math,3,s,exp1,,,False,False,human,False
1749067454,a733940ade7d35e5fa73f11a7f02e198,PennController,19,0,experiment,NULL,DropDown,answer,Selected,Felicia,1749067444731.0,162,4,L,Extensional,English,Christina's enemy's friend's child,1749067436948,22,0_L_cfe0,5,a733940ade7d35e5fa73f11a7f02e198,yes,other,united states,bachelor,Male,english,,math,4,Dana,exp1,,,False,False,human,False
1749067454,a733940ade7d35e5fa73f11a7f02e198,PennController,7,0,experiment,NULL,DropDown,answer,Selected,t,1749067451006.0,131,3,L,Extensional,Abstract,Amber's enemy's parent,1749067447408,22,0_L_pe1,3,a733940ade7d35e5fa73f11a7f02e198,yes,other,united states,bachelor,Male,english,,math,3,y,exp1,,,False,False,human,False
1749067458,2900587cf0b8bfbadfbfba0a38d7e88a,PennController,16,0,experiment,NULL,DropDown,answer,Selected,y,1749065943808.0,91,4,R,Extensional,Abstract,the friend of the child of the friend of Felicia,1749065747804,22,0_R_fcf5,5,2900587cf0b8bfbadfbfba0a38d7e88a,yes,other,USA,other,Female,english,,math,4,y,exp1,,,True,True,human,False
1749067458,2900587cf0b8bfbadfbfba0a38d7e88a,PennController,9,0,experiment,NULL,TextInput,answer,Final,w(w(s)),1749066094033.0,136,3,L,Intensional,Abstract,Dana's enemy's enemy,1749065945564,22,0_L_ee2,NULL,2900587cf0b8bfbadfbfba0a38d7e88a,yes,other,USA,other,Female,english,,math,3,w(w(s)),exp1,,,True,True,human,False
1749067458,2900587cf0b8bfbadfbfba0a38d7e88a,PennController,14,0,experiment,NULL,TextInput,answer,Final,enemy(child(Felicia)),1749066267281.0,59,3,R,Intensional,English,the enemy of the child of Felicia,1749066094070,22,0_R_ec5,NULL,2900587cf0b8bfbadfbfba0a38d7e88a,yes,other,USA,other,Female,english,,math,3,enemy(child(felicia)),exp1,,,False,True,human,False
1749067458,2900587cf0b8bfbadfbfba0a38d7e88a,PennController,15,0,experiment,NULL,DropDown,answer,Selected,y,1749066284754.0,186,4,L,Extensional,Abstract,Elizabeth's parent's friend's friend,1749066267282,22,0_L_ffp4,5,2900587cf0b8bfbadfbfba0a38d7e88a,yes,other,USA,other,Female,english,,math,4,y,exp1,,,True,True,human,False
1749067458,2900587cf0b8bfbadfbfba0a38d7e88a,PennController,12,0,experiment,NULL,DropDown,answer,Selected,Elizabeth,1749066290395.0,25,3,R,Extensional,English,the enemy of the child of Christina,1749066286332,22,0_R_ec0,4,2900587cf0b8bfbadfbfba0a38d7e88a,yes,other,USA,other,Female,english,,math,3,Amber,exp1,,,False,False,human,False
1749067458,2900587cf0b8bfbadfbfba0a38d7e88a,PennController,17,0,experiment,NULL,TextInput,answer,Final,child(parent(t(q))),1749066401802.0,200,4,L,Intensional,Abstract,Felicia's child's parent's child,1749066291715,22,0_L_cpc5,NULL,2900587cf0b8bfbadfbfba0a38d7e88a,yes,other,USA,other,Female,english,,math,4,t(k(t(q))),exp1,,,False,False,human,False
1749067458,2900587cf0b8bfbadfbfba0a38d7e88a,PennController,22,0,experiment,NULL,TextInput,answer,Final,friend(enemy(enemy(felicia))),1749066615959.0,94,4,R,Intensional,English,the friend of the enemy of the enemy of Felicia,1749066401804,22,0_R_fee5,NULL,2900587cf0b8bfbadfbfba0a38d7e88a,yes,other,USA,other,Female,english,,math,4,friend(enemy(enemy(felicia))),exp1,,,True,True,human,False
1749067458,2900587cf0b8bfbadfbfba0a38d7e88a,PennController,10,0,experiment,NULL,TextInput,answer,Final,friend(t(t)),1749066779997.0,43,3,R,Intensional,Abstract,the friend of the child of Bryan,1749066615993,22,0_R_fc3,NULL,2900587cf0b8bfbadfbfba0a38d7e88a,yes,other,USA,other,Female,english,,math,3,s(t(t)),exp1,,,False,False,human,False
1749067458,2900587cf0b8bfbadfbfba0a38d7e88a,PennController,13,0,experiment,NULL,TextInput,answer,Final,parent(enemy(amber)),1749066944412.0,131,3,L,Intensional,English,Amber's enemy's parent,1749066779999,22,0_L_pe1,NULL,2900587cf0b8bfbadfbfba0a38d7e88a,yes,other,USA,other,Female,english,,math,3,parent(enemy(amber)),exp1,,,True,True,human,False
1749067458,2900587cf0b8bfbadfbfba0a38d7e88a,PennController,18,0,experiment,NULL,TextInput,answer,Final,k(t(w(s))),1749067050599.0,72,4,R,Intensional,Abstract,the parent of the child of the enemy of Dana,1749066944445,22,0_R_pce2,NULL,2900587cf0b8bfbadfbfba0a38d7e88a,yes,other,USA,other,Female,english,,math,4,k(t(w(s))),exp1,,,True,True,human,False
1749067458,2900587cf0b8bfbadfbfba0a38d7e88a,PennController,20,0,experiment,NULL,DropDown,answer,Selected,Christina,1749067054874.0,80,4,R,Extensional,English,the parent of the enemy of the child of Bryan,1749067050600,22,0_R_pec3,2,2900587cf0b8bfbadfbfba0a38d7e88a,yes,other,USA,other,Female,english,,math,4,Christina,exp1,,,True,True,human,False
1749067458,2900587cf0b8bfbadfbfba0a38d7e88a,PennController,21,0,experiment,NULL,TextInput,answer,Final,parent(child(friend(bryan))),1749067187358.0,177,4,L,Intensional,English,Bryan's friend's child's parent,1749067056173,22,0_L_pcf3,NULL,2900587cf0b8bfbadfbfba0a38d7e88a,yes,other,USA,other,Female,english,,math,4,parent(child(friend(bryan))),exp1,,,True,True,human,False
1749067458,2900587cf0b8bfbadfbfba0a38d7e88a,PennController,7,0,experiment,NULL,DropDown,answer,Selected,q,1749067199133.0,131,3,L,Extensional,Abstract,Amber's enemy's parent,1749067187360,22,0_L_pe1,1,2900587cf0b8bfbadfbfba0a38d7e88a,yes,other,USA,other,Female,english,,math,3,y,exp1,,,False,False,human,False
1749067458,2900587cf0b8bfbadfbfba0a38d7e88a,PennController,5,0,experiment,NULL,DropDown,answer,Selected,Christina,1749067203161.0,18,2,R,Extensional,English,the child of Felicia,1749067200504,22,0_R_c5,2,2900587cf0b8bfbadfbfba0a38d7e88a,yes,other,USA,other,Female,english,,math,2,Dana,exp1,,,False,False,human,False
1749067458,2900587cf0b8bfbadfbfba0a38d7e88a,PennController,8,0,experiment,NULL,DropDown,answer,Selected,t,1749067207822.0,40,3,R,Extensional,Abstract,the child of the parent of Dana,1749067205403,22,0_R_cp2,3,2900587cf0b8bfbadfbfba0a38d7e88a,yes,other,USA,other,Female,english,,math,3,s,exp1,,,False,False,human,False
1749067458,2900587cf0b8bfbadfbfba0a38d7e88a,PennController,4,0,experiment,NULL,TextInput,answer,Final,5(y),1749067256829.0,14,2,R,Intensional,Abstract,the friend of Christina,1749067209113,22,0_R_f0,NULL,2900587cf0b8bfbadfbfba0a38d7e88a,yes,other,USA,other,Female,english,,math,2,s(y),exp1,,,False,False,human,False
1749067458,2900587cf0b8bfbadfbfba0a38d7e88a,PennController,19,0,experiment,NULL,DropDown,answer,Selected,Dana,1749067260044.0,162,4,L,Extensional,English,Christina's enemy's friend's child,1749067256831,22,0_L_cfe0,3,2900587cf0b8bfbadfbfba0a38d7e88a,yes,other,USA,other,Female,english,,math,4,Dana,exp1,,,True,True,human,False
1749067458,2900587cf0b8bfbadfbfba0a38d7e88a,PennController,3,0,experiment,NULL,DropDown,answer,Selected,t,1749067263674.0,6,2,R,Extensional,Abstract,the child of Felicia,1749067261315,22,0_R_c5,3,2900587cf0b8bfbadfbfba0a38d7e88a,yes,other,USA,other,Female,english,,math,2,s,exp1,,,False,False,human,False
1749067458,2900587cf0b8bfbadfbfba0a38d7e88a,PennController,11,0,experiment,NULL,DropDown,answer,Selected,Felicia,1749067269576.0,148,3,L,Extensional,English,Elizabeth's enemy's friend,1749067264797,22,0_L_fe4,5,2900587cf0b8bfbadfbfba0a38d7e88a,yes,other,USA,other,Female,english,,math,3,Christina,exp1,,,False,False,human,False
1749067458,2900587cf0b8bfbadfbfba0a38d7e88a,PennController,6,0,experiment,NULL,TextInput,answer,Final,child(felicia),1749067456832.0,1,2,R,Intensional,English,the child of Felicia,1749067271462,22,0_R_c5,NULL,2900587cf0b8bfbadfbfba0a38d7e88a,yes,other,USA,other,Female,english,,math,2,child(felicia),exp1,,,True,True,human,False
1749067487,d713dc4cf4c83ea1dd081897a5c24d19,PennController,21,0,experiment,NULL,TextInput,answer,Final,Parent(child(friend(Bryan))),1749066035099.0,177,4,L,Intensional,English,Bryan's friend's child's parent,1749065693757,22,0_L_pcf3,NULL,d713dc4cf4c83ea1dd081897a5c24d19,yes,other,United States Of America,master,Female,english,,other,4,parent(child(friend(bryan))),exp1,,,False,True,human,False
1749067487,d713dc4cf4c83ea1dd081897a5c24d19,PennController,15,0,experiment,NULL,DropDown,answer,Selected,q,1749066214190.0,186,4,L,Extensional,Abstract,Elizabeth's parent's friend's friend,1749066035102,22,0_L_ffp4,1,d713dc4cf4c83ea1dd081897a5c24d19,yes,other,United States Of America,master,Female,english,,other,4,y,exp1,,,False,False,human,False
1749067487,d713dc4cf4c83ea1dd081897a5c24d19,PennController,19,0,experiment,NULL,DropDown,answer,Selected,Dana,1749066257035.0,162,4,L,Extensional,English,Christina's enemy's friend's child,1749066214933,22,0_L_cfe0,3,d713dc4cf4c83ea1dd081897a5c24d19,yes,other,United States Of America,master,Female,english,,other,4,Dana,exp1,,,True,True,human,False
1749067487,d713dc4cf4c83ea1dd081897a5c24d19,PennController,11,0,experiment,NULL,DropDown,answer,Selected,Christina,1749066298083.0,148,3,L,Extensional,English,Elizabeth's enemy's friend,1749066260164,22,0_L_fe4,2,d713dc4cf4c83ea1dd081897a5c24d19,yes,other,United States Of America,master,Female,english,,other,3,Christina,exp1,,,True,True,human,False
1749067487,d713dc4cf4c83ea1dd081897a5c24d19,PennController,7,0,experiment,NULL,DropDown,answer,Selected,y,1749066337619.0,131,3,L,Extensional,Abstract,Amber's enemy's parent,1749066299244,22,0_L_pe1,5,d713dc4cf4c83ea1dd081897a5c24d19,yes,other,United States Of America,master,Female,english,,other,3,y,exp1,,,True,True,human,False
1749067487,d713dc4cf4c83ea1dd081897a5c24d19,PennController,9,0,experiment,NULL,TextInput,answer,Final,w(k(h)),1749066552722.0,136,3,L,Intensional,Abstract,Dana's enemy's enemy,1749066338476,22,0_L_ee2,NULL,d713dc4cf4c83ea1dd081897a5c24d19,yes,other,United States Of America,master,Female,english,,other,3,w(w(s)),exp1,,,False,False,human,False
1749067487,d713dc4cf4c83ea1dd081897a5c24d19,PennController,22,0,experiment,NULL,TextInput,answer,Final,friend(enemy(enemy(Felicia))),1749066651410.0,94,4,R,Intensional,English,the friend of the enemy of the enemy of Felicia,1749066552724,22,0_R_fee5,NULL,d713dc4cf4c83ea1dd081897a5c24d19,yes,other,United States Of America,master,Female,english,,other,4,friend(enemy(enemy(felicia))),exp1,,,False,True,human,False
1749067487,d713dc4cf4c83ea1dd081897a5c24d19,PennController,18,0,experiment,NULL,TextInput,answer,Final,w(s(s)),1749066883298.0,72,4,R,Intensional,Abstract,the parent of the child of the enemy of Dana,1749066651411,22,0_R_pce2,NULL,d713dc4cf4c83ea1dd081897a5c24d19,yes,other,United States Of America,master,Female,english,,other,4,k(t(w(s))),exp1,,,False,False,human,False
1749067487,d713dc4cf4c83ea1dd081897a5c24d19,PennController,20,0,experiment,NULL,DropDown,answer,Selected,Dana,1749066932107.0,80,4,R,Extensional,English,the parent of the enemy of the child of Bryan,1749066883299,22,0_R_pec3,3,d713dc4cf4c83ea1dd081897a5c24d19,yes,other,United States Of America,master,Female,english,,other,4,Christina,exp1,,,False,False,human,False
1749067487,d713dc4cf4c83ea1dd081897a5c24d19,PennController,13,0,experiment,NULL,TextInput,answer,Final,parent(enemy(amber)),1749066989401.0,131,3,L,Intensional,English,Amber's enemy's parent,1749066933234,22,0_L_pe1,NULL,d713dc4cf4c83ea1dd081897a5c24d19,yes,other,United States Of America,master,Female,english,,other,3,parent(enemy(amber)),exp1,,,True,True,human,False
1749067487,d713dc4cf4c83ea1dd081897a5c24d19,PennController,5,0,experiment,NULL,DropDown,answer,Selected,Dana,1749067025225.0,18,2,R,Extensional,English,the child of Felicia,1749066989403,22,0_R_c5,3,d713dc4cf4c83ea1dd081897a5c24d19,yes,other,United States Of America,master,Female,english,,other,2,Dana,exp1,,,True,True,human,False
1749067487,d713dc4cf4c83ea1dd081897a5c24d19,PennController,6,0,experiment,NULL,TextInput,answer,Final,child(Felicia),1749067079529.0,1,2,R,Intensional,English,the child of Felicia,1749067026322,22,0_R_c5,NULL,d713dc4cf4c83ea1dd081897a5c24d19,yes,other,United States Of America,master,Female,english,,other,2,child(felicia),exp1,,,False,True,human,False
1749067487,d713dc4cf4c83ea1dd081897a5c24d19,PennController,12,0,experiment,NULL,DropDown,answer,Selected,Amber,1749067106609.0,25,3,R,Extensional,English,the enemy of the child of Christina,1749067079532,22,0_R_ec0,0,d713dc4cf4c83ea1dd081897a5c24d19,yes,other,United States Of America,master,Female,english,,other,3,Amber,exp1,,,True,True,human,False
1749067487,d713dc4cf4c83ea1dd081897a5c24d19,PennController,17,0,experiment,NULL,TextInput,answer,Final,k(t(q)),1749067189864.0,200,4,L,Intensional,Abstract,Felicia's child's parent's child,1749067107874,22,0_L_cpc5,NULL,d713dc4cf4c83ea1dd081897a5c24d19,yes,other,United States Of America,master,Female,english,,other,4,t(k(t(q))),exp1,,,False,False,human,False
1749067487,d713dc4cf4c83ea1dd081897a5c24d19,PennController,4,0,experiment,NULL,TextInput,answer,Final,s(y),1749067231241.0,14,2,R,Intensional,Abstract,the friend of Christina,1749067189866,22,0_R_f0,NULL,d713dc4cf4c83ea1dd081897a5c24d19,yes,other,United States Of America,master,Female,english,,other,2,s(y),exp1,,,True,True,human,False
1749067487,d713dc4cf4c83ea1dd081897a5c24d19,PennController,16,0,experiment,NULL,DropDown,answer,Selected,y,1749067264233.0,91,4,R,Extensional,Abstract,the friend of the child of the friend of Felicia,1749067231242,22,0_R_fcf5,5,d713dc4cf4c83ea1dd081897a5c24d19,yes,other,United States Of America,master,Female,english,,other,4,y,exp1,,,True,True,human,False
1749067487,d713dc4cf4c83ea1dd081897a5c24d19,PennController,10,0,experiment,NULL,TextInput,answer,Final,s(h),1749067325000.0,43,3,R,Intensional,Abstract,the friend of the child of Bryan,1749067266698,22,0_R_fc3,NULL,d713dc4cf4c83ea1dd081897a5c24d19,yes,other,United States Of America,master,Female,english,,other,3,s(t(t)),exp1,,,False,False,human,False
1749067487,d713dc4cf4c83ea1dd081897a5c24d19,PennController,3,0,experiment,NULL,DropDown,answer,Selected,s,1749067366793.0,6,2,R,Extensional,Abstract,the child of Felicia,1749067325002,22,0_R_c5,2,d713dc4cf4c83ea1dd081897a5c24d19,yes,other,United States Of America,master,Female,english,,other,2,s,exp1,,,True,True,human,False
1749067487,d713dc4cf4c83ea1dd081897a5c24d19,PennController,8,0,experiment,NULL,DropDown,answer,Selected,q,1749067396681.0,40,3,R,Extensional,Abstract,the child of the parent of Dana,1749067367905,22,0_R_cp2,1,d713dc4cf4c83ea1dd081897a5c24d19,yes,other,United States Of America,master,Female,english,,other,3,s,exp1,,,False,False,human,False
1749067487,d713dc4cf4c83ea1dd081897a5c24d19,PennController,14,0,experiment,NULL,TextInput,answer,Final,Felicia(child(enemy)),1749067484080.0,59,3,R,Intensional,English,the enemy of the child of Felicia,1749067413778,22,0_R_ec5,NULL,d713dc4cf4c83ea1dd081897a5c24d19,yes,other,United States Of America,master,Female,english,,other,3,enemy(child(felicia)),exp1,,,False,False,human,False
1749067510,a8126505b7c45ee06494d61b5d21852e,PennController,5,0,experiment,NULL,DropDown,answer,Selected,Dana,1749065928864.0,18,2,R,Extensional,English,the child of Felicia,1749065816012,22,0_R_c5,3,a8126505b7c45ee06494d61b5d21852e,yes,other,United States,bachelor,Male,english,,ai,2,Dana,exp1,,,True,True,human,False
1749067510,a8126505b7c45ee06494d61b5d21852e,PennController,22,0,experiment,NULL,TextInput,answer,Final,friend(enemy(enemy(Felicia))),1749066039168.0,94,4,R,Intensional,English,the friend of the enemy of the enemy of Felicia,1749065930558,22,0_R_fee5,NULL,a8126505b7c45ee06494d61b5d21852e,yes,other,United States,bachelor,Male,english,,ai,4,friend(enemy(enemy(felicia))),exp1,,,False,True,human,False
1749067510,a8126505b7c45ee06494d61b5d21852e,PennController,14,0,experiment,NULL,TextInput,answer,Final,enemy(child(Felicia)),1749066077864.0,59,3,R,Intensional,English,the enemy of the child of Felicia,1749066039172,22,0_R_ec5,NULL,a8126505b7c45ee06494d61b5d21852e,yes,other,United States,bachelor,Male,english,,ai,3,enemy(child(felicia)),exp1,,,False,True,human,False
1749067510,a8126505b7c45ee06494d61b5d21852e,PennController,19,0,experiment,NULL,DropDown,answer,Selected,Elizabeth,1749066166784.0,162,4,L,Extensional,English,Christina's enemy's friend's child,1749066077867,22,0_L_cfe0,4,a8126505b7c45ee06494d61b5d21852e,yes,other,United States,bachelor,Male,english,,ai,4,Dana,exp1,,,False,False,human,False
1749067510,a8126505b7c45ee06494d61b5d21852e,PennController,7,0,experiment,NULL,DropDown,answer,Selected,v,1749066258460.0,131,3,L,Extensional,Abstract,Amber's enemy's parent,1749066167961,22,0_L_pe1,4,a8126505b7c45ee06494d61b5d21852e,yes,other,United States,bachelor,Male,english,,ai,3,y,exp1,,,False,False,human,False
1749067510,a8126505b7c45ee06494d61b5d21852e,PennController,11,0,experiment,NULL,DropDown,answer,Selected,Christina,1749066286412.0,148,3,L,Extensional,English,Elizabeth's enemy's friend,1749066259579,22,0_L_fe4,2,a8126505b7c45ee06494d61b5d21852e,yes,other,United States,bachelor,Male,english,,ai,3,Christina,exp1,,,True,True,human,False
1749067510,a8126505b7c45ee06494d61b5d21852e,PennController,20,0,experiment,NULL,DropDown,answer,Selected,Christina,1749066320266.0,80,4,R,Extensional,English,the parent of the enemy of the child of Bryan,1749066287480,22,0_R_pec3,2,a8126505b7c45ee06494d61b5d21852e,yes,other,United States,bachelor,Male,english,,ai,4,Christina,exp1,,,True,True,human,False
1749067510,a8126505b7c45ee06494d61b5d21852e,PennController,13,0,experiment,NULL,TextInput,answer,Final,enemy(parent(Amber)),1749066434030.0,131,3,L,Intensional,English,Amber's enemy's parent,1749066321906,22,0_L_pe1,NULL,a8126505b7c45ee06494d61b5d21852e,yes,other,United States,bachelor,Male,english,,ai,3,parent(enemy(amber)),exp1,,,False,False,human,False
1749067510,a8126505b7c45ee06494d61b5d21852e,PennController,9,0,experiment,NULL,TextInput,answer,Final,w(s(s)),1749066517225.0,136,3,L,Intensional,Abstract,Dana's enemy's enemy,1749066434032,22,0_L_ee2,NULL,a8126505b7c45ee06494d61b5d21852e,yes,other,United States,bachelor,Male,english,,ai,3,w(w(s)),exp1,,,False,False,human,False
1749067510,a8126505b7c45ee06494d61b5d21852e,PennController,3,0,experiment,NULL,DropDown,answer,Selected,s,1749066547296.0,6,2,R,Extensional,Abstract,the child of Felicia,1749066517228,22,0_R_c5,2,a8126505b7c45ee06494d61b5d21852e,yes,other,United States,bachelor,Male,english,,ai,2,s,exp1,,,True,True,human,False
1749067510,a8126505b7c45ee06494d61b5d21852e,PennController,6,0,experiment,NULL,TextInput,answer,Final,child(Felicia),1749066580126.0,1,2,R,Intensional,English,the child of Felicia,1749066548885,22,0_R_c5,NULL,a8126505b7c45ee06494d61b5d21852e,yes,other,United States,bachelor,Male,english,,ai,2,child(felicia),exp1,,,False,True,human,False
1749067510,a8126505b7c45ee06494d61b5d21852e,PennController,4,0,experiment,NULL,TextInput,answer,Final,s(y),1749066617478.0,14,2,R,Intensional,Abstract,the friend of Christina,1749066580129,22,0_R_f0,NULL,a8126505b7c45ee06494d61b5d21852e,yes,other,United States,bachelor,Male,english,,ai,2,s(y),exp1,,,True,True,human,False
1749067510,a8126505b7c45ee06494d61b5d21852e,PennController,15,0,experiment,NULL,DropDown,answer,Selected,h,1749066678947.0,186,4,L,Extensional,Abstract,Elizabeth's parent's friend's friend,1749066617481,22,0_L_ffp4,0,a8126505b7c45ee06494d61b5d21852e,yes,other,United States,bachelor,Male,english,,ai,4,y,exp1,,,False,False,human,False
1749067510,a8126505b7c45ee06494d61b5d21852e,PennController,18,0,experiment,NULL,TextInput,answer,Final,w(s),1749066792844.0,72,4,R,Intensional,Abstract,the parent of the child of the enemy of Dana,1749066679754,22,0_R_pce2,NULL,a8126505b7c45ee06494d61b5d21852e,yes,other,United States,bachelor,Male,english,,ai,4,k(t(w(s))),exp1,,,False,False,human,False
1749067510,a8126505b7c45ee06494d61b5d21852e,PennController,12,0,experiment,NULL,DropDown,answer,Selected,Amber,1749066815483.0,25,3,R,Extensional,English,the enemy of the child of Christina,1749066792847,22,0_R_ec0,0,a8126505b7c45ee06494d61b5d21852e,yes,other,United States,bachelor,Male,english,,ai,3,Amber,exp1,,,True,True,human,False
1749067510,a8126505b7c45ee06494d61b5d21852e,PennController,8,0,experiment,NULL,DropDown,answer,Selected,s,1749066855920.0,40,3,R,Extensional,Abstract,the child of the parent of Dana,1749066816691,22,0_R_cp2,2,a8126505b7c45ee06494d61b5d21852e,yes,other,United States,bachelor,Male,english,,ai,3,s,exp1,,,True,True,human,False
1749067510,a8126505b7c45ee06494d61b5d21852e,PennController,21,0,experiment,NULL,TextInput,answer,Final,friend(parent(Bryan)),1749066951401.0,177,4,L,Intensional,English,Bryan's friend's child's parent,1749066856869,22,0_L_pcf3,NULL,a8126505b7c45ee06494d61b5d21852e,yes,other,United States,bachelor,Male,english,,ai,4,parent(child(friend(bryan))),exp1,,,False,False,human,False
1749067510,a8126505b7c45ee06494d61b5d21852e,PennController,16,0,experiment,NULL,DropDown,answer,Selected,y,1749066991178.0,91,4,R,Extensional,Abstract,the friend of the child of the friend of Felicia,1749066951403,22,0_R_fcf5,5,a8126505b7c45ee06494d61b5d21852e,yes,other,United States,bachelor,Male,english,,ai,4,y,exp1,,,True,True,human,False
1749067510,a8126505b7c45ee06494d61b5d21852e,PennController,17,0,experiment,NULL,TextInput,answer,Final,t(q),1749067065199.0,200,4,L,Intensional,Abstract,Felicia's child's parent's child,1749066992176,22,0_L_cpc5,NULL,a8126505b7c45ee06494d61b5d21852e,yes,other,United States,bachelor,Male,english,,ai,4,t(k(t(q))),exp1,,,False,False,human,False
1749067510,a8126505b7c45ee06494d61b5d21852e,PennController,10,0,experiment,NULL,TextInput,answer,Final,w(t)(t),1749067122181.0,43,3,R,Intensional,Abstract,the friend of the child of Bryan,1749067065201,22,0_R_fc3,NULL,a8126505b7c45ee06494d61b5d21852e,yes,other,United States,bachelor,Male,english,,ai,3,s(t(t)),exp1,,,False,False,human,False
1749067617,d28ecd92bb08b340b85daa423c4db754,PennController,20,0,experiment,NULL,DropDown,answer,Selected,Elizabeth,1749066131169.0,80,4,R,Extensional,English,the parent of the enemy of the child of Bryan,1749065844406,22,0_R_pec3,4,d28ecd92bb08b340b85daa423c4db754,yes,other,usa,master,Male,other,swahili,other,4,Christina,exp1,,,False,False,human,False
1749067617,d28ecd92bb08b340b85daa423c4db754,PennController,16,0,experiment,NULL,DropDown,answer,Selected,v,1749066314317.0,91,4,R,Extensional,Abstract,the friend of the child of the friend of Felicia,1749066133843,22,0_R_fcf5,4,d28ecd92bb08b340b85daa423c4db754,yes,other,usa,master,Male,other,swahili,other,4,y,exp1,,,False,False,human,False
1749067617,d28ecd92bb08b340b85daa423c4db754,PennController,8,0,experiment,NULL,DropDown,answer,Selected,s,1749066377779.0,40,3,R,Extensional,Abstract,the child of the parent of Dana,1749066316234,22,0_R_cp2,2,d28ecd92bb08b340b85daa423c4db754,yes,other,usa,master,Male,other,swahili,other,3,s,exp1,,,True,True,human,False
1749067617,d28ecd92bb08b340b85daa423c4db754,PennController,15,0,experiment,NULL,DropDown,answer,Selected,h,1749066406845.0,186,4,L,Extensional,Abstract,Elizabeth's parent's friend's friend,1749066384009,22,0_L_ffp4,0,d28ecd92bb08b340b85daa423c4db754,yes,other,usa,master,Male,other,swahili,other,4,y,exp1,,,False,False,human,False
1749067617,d28ecd92bb08b340b85daa423c4db754,PennController,7,0,experiment,NULL,DropDown,answer,Selected,y,1749066425907.0,131,3,L,Extensional,Abstract,Amber's enemy's parent,1749066408986,22,0_L_pe1,5,d28ecd92bb08b340b85daa423c4db754,yes,other,usa,master,Male,other,swahili,other,3,y,exp1,,,True,True,human,False
1749067617,d28ecd92bb08b340b85daa423c4db754,PennController,4,0,experiment,NULL,TextInput,answer,Final,h(s(y),1749066527129.0,14,2,R,Intensional,Abstract,the friend of Christina,1749066427538,22,0_R_f0,NULL,d28ecd92bb08b340b85daa423c4db754,yes,other,usa,master,Male,other,swahili,other,2,s(y),exp1,,,False,True,human,False
1749067617,d28ecd92bb08b340b85daa423c4db754,PennController,9,0,experiment,NULL,TextInput,answer,Final,q(w(s),1749066604548.0,136,3,L,Intensional,Abstract,Dana's enemy's enemy,1749066527132,22,0_L_ee2,NULL,d28ecd92bb08b340b85daa423c4db754,yes,other,usa,master,Male,other,swahili,other,3,w(w(s)),exp1,,,False,False,human,False
1749067617,d28ecd92bb08b340b85daa423c4db754,PennController,22,0,experiment,NULL,TextInput,answer,Final,enemy(enemy(felicia),1749066762996.0,94,4,R,Intensional,English,the friend of the enemy of the enemy of Felicia,1749066604550,22,0_R_fee5,NULL,d28ecd92bb08b340b85daa423c4db754,yes,other,usa,master,Male,other,swahili,other,4,friend(enemy(enemy(felicia))),exp1,,,False,False,human,False
1749067617,d28ecd92bb08b340b85daa423c4db754,PennController,12,0,experiment,NULL,DropDown,answer,Selected,Amber,1749066789463.0,25,3,R,Extensional,English,the enemy of the child of Christina,1749066762998,22,0_R_ec0,0,d28ecd92bb08b340b85daa423c4db754,yes,other,usa,master,Male,other,swahili,other,3,Amber,exp1,,,True,True,human,False
1749067617,d28ecd92bb08b340b85daa423c4db754,PennController,18,0,experiment,NULL,TextInput,answer,Final,q(w(s),1749066951523.0,72,4,R,Intensional,Abstract,the parent of the child of the enemy of Dana,1749066791233,22,0_R_pce2,NULL,d28ecd92bb08b340b85daa423c4db754,yes,other,usa,master,Male,other,swahili,other,4,k(t(w(s))),exp1,,,False,False,human,False
1749067617,d28ecd92bb08b340b85daa423c4db754,PennController,10,0,experiment,NULL,TextInput,answer,Final,h(s(h),1749067023692.0,43,3,R,Intensional,Abstract,the friend of the child of Bryan,1749066951526,22,0_R_fc3,NULL,d28ecd92bb08b340b85daa423c4db754,yes,other,usa,master,Male,other,swahili,other,3,s(t(t)),exp1,,,False,False,human,False
1749067617,d28ecd92bb08b340b85daa423c4db754,PennController,19,0,experiment,NULL,DropDown,answer,Selected,Dana,1749067102098.0,162,4,L,Extensional,English,Christina's enemy's friend's child,1749067023693,22,0_L_cfe0,3,d28ecd92bb08b340b85daa423c4db754,yes,other,usa,master,Male,other,swahili,other,4,Dana,exp1,,,True,True,human,False
1749067617,d28ecd92bb08b340b85daa423c4db754,PennController,21,0,experiment,NULL,TextInput,answer,Final,bryan(child(felicia),1749067278299.0,177,4,L,Intensional,English,Bryan's friend's child's parent,1749067103565,22,0_L_pcf3,NULL,d28ecd92bb08b340b85daa423c4db754,yes,other,usa,master,Male,other,swahili,other,4,parent(child(friend(bryan))),exp1,,,False,False,human,False
1749067617,d28ecd92bb08b340b85daa423c4db754,PennController,5,0,experiment,NULL,DropDown,answer,Selected,Dana,1749067292445.0,18,2,R,Extensional,English,the child of Felicia,1749067278301,22,0_R_c5,3,d28ecd92bb08b340b85daa423c4db754,yes,other,usa,master,Male,other,swahili,other,2,Dana,exp1,,,True,True,human,False
1749067617,d28ecd92bb08b340b85daa423c4db754,PennController,14,0,experiment,NULL,TextInput,answer,Final,enemy(child(felicia),1749067341106.0,59,3,R,Intensional,English,the enemy of the child of Felicia,1749067294520,22,0_R_ec5,NULL,d28ecd92bb08b340b85daa423c4db754,yes,other,usa,master,Male,other,swahili,other,3,enemy(child(felicia)),exp1,,,False,True,human,False
1749067617,d28ecd92bb08b340b85daa423c4db754,PennController,11,0,experiment,NULL,DropDown,answer,Selected,Christina,1749067358796.0,148,3,L,Extensional,English,Elizabeth's enemy's friend,1749067341108,22,0_L_fe4,2,d28ecd92bb08b340b85daa423c4db754,yes,other,usa,master,Male,other,swahili,other,3,Christina,exp1,,,True,True,human,False
1749067617,d28ecd92bb08b340b85daa423c4db754,PennController,13,0,experiment,NULL,TextInput,answer,Final,enemy(parent(elizabeth),1749067489337.0,131,3,L,Intensional,English,Amber's enemy's parent,1749067361040,22,0_L_pe1,NULL,d28ecd92bb08b340b85daa423c4db754,yes,other,usa,master,Male,other,swahili,other,3,parent(enemy(amber)),exp1,,,False,False,human,False
1749067617,d28ecd92bb08b340b85daa423c4db754,PennController,3,0,experiment,NULL,DropDown,answer,Selected,s,1749067506364.0,6,2,R,Extensional,Abstract,the child of Felicia,1749067489339,22,0_R_c5,2,d28ecd92bb08b340b85daa423c4db754,yes,other,usa,master,Male,other,swahili,other,2,s,exp1,,,True,True,human,False
1749067617,d28ecd92bb08b340b85daa423c4db754,PennController,6,0,experiment,NULL,TextInput,answer,Final,child(felicia),1749067563331.0,1,2,R,Intensional,English,the child of Felicia,1749067508089,22,0_R_c5,NULL,d28ecd92bb08b340b85daa423c4db754,yes,other,usa,master,Male,other,swahili,other,2,child(felicia),exp1,,,True,True,human,False
1749067617,d28ecd92bb08b340b85daa423c4db754,PennController,17,0,experiment,NULL,TextInput,answer,Final,s(t(q),1749067615599.0,200,4,L,Intensional,Abstract,Felicia's child's parent's child,1749067563333,22,0_L_cpc5,NULL,d28ecd92bb08b340b85daa423c4db754,yes,other,usa,master,Male,other,swahili,other,4,t(k(t(q))),exp1,,,False,False,human,False
1749067643,32dc0198182ae0aa7845c70c42cce443,PennController,13,0,experiment,NULL,TextInput,answer,Final,enemy(parent(amber),1749066122677.0,131,3,L,Intensional,English,Amber's enemy's parent,1749065976234,22,0_L_pe1,NULL,32dc0198182ae0aa7845c70c42cce443,yes,other,united states,bachelor,Male,english,,other,3,parent(enemy(amber)),exp1,,,False,False,human,False
1749067643,32dc0198182ae0aa7845c70c42cce443,PennController,14,0,experiment,NULL,TextInput,answer,Final,enemy(child)felicia),1749066317183.0,59,3,R,Intensional,English,the enemy of the child of Felicia,1749066122684,22,0_R_ec5,NULL,32dc0198182ae0aa7845c70c42cce443,yes,other,united states,bachelor,Male,english,,other,3,enemy(child(felicia)),exp1,,,False,False,human,False
1749067643,32dc0198182ae0aa7845c70c42cce443,PennController,22,0,experiment,NULL,TextInput,answer,Final,friend(enemy(enemy(felicia),1749066434035.0,94,4,R,Intensional,English,the friend of the enemy of the enemy of Felicia,1749066317213,22,0_R_fee5,NULL,32dc0198182ae0aa7845c70c42cce443,yes,other,united states,bachelor,Male,english,,other,4,friend(enemy(enemy(felicia))),exp1,,,False,True,human,False
1749067643,32dc0198182ae0aa7845c70c42cce443,PennController,16,0,experiment,NULL,DropDown,answer,Selected,t,1749066666480.0,91,4,R,Extensional,Abstract,the friend of the child of the friend of Felicia,1749066434039,22,0_R_fcf5,3,32dc0198182ae0aa7845c70c42cce443,yes,other,united states,bachelor,Male,english,,other,4,y,exp1,,,False,False,human,False
1749067643,32dc0198182ae0aa7845c70c42cce443,PennController,7,0,experiment,NULL,DropDown,answer,Selected,t,1749066714666.0,131,3,L,Extensional,Abstract,Amber's enemy's parent,1749066668724,22,0_L_pe1,3,32dc0198182ae0aa7845c70c42cce443,yes,other,united states,bachelor,Male,english,,other,3,y,exp1,,,False,False,human,False
1749067643,32dc0198182ae0aa7845c70c42cce443,PennController,19,0,experiment,NULL,DropDown,answer,Selected,Dana,1749066769430.0,162,4,L,Extensional,English,Christina's enemy's friend's child,1749066715988,22,0_L_cfe0,3,32dc0198182ae0aa7845c70c42cce443,yes,other,united states,bachelor,Male,english,,other,4,Dana,exp1,,,True,True,human,False
1749067643,32dc0198182ae0aa7845c70c42cce443,PennController,10,0,experiment,NULL,TextInput,answer,Final,t(s(h),1749066951042.0,43,3,R,Intensional,Abstract,the friend of the child of Bryan,1749066770941,22,0_R_fc3,NULL,32dc0198182ae0aa7845c70c42cce443,yes,other,united states,bachelor,Male,english,,other,3,s(t(t)),exp1,,,False,False,human,False
1749067643,32dc0198182ae0aa7845c70c42cce443,PennController,4,0,experiment,NULL,TextInput,answer,Final,h(s(y),1749066990069.0,14,2,R,Intensional,Abstract,the friend of Christina,1749066951046,22,0_R_f0,NULL,32dc0198182ae0aa7845c70c42cce443,yes,other,united states,bachelor,Male,english,,other,2,s(y),exp1,,,False,True,human,False
1749067643,32dc0198182ae0aa7845c70c42cce443,PennController,5,0,experiment,NULL,DropDown,answer,Selected,Dana,1749067035310.0,18,2,R,Extensional,English,the child of Felicia,1749066990074,22,0_R_c5,3,32dc0198182ae0aa7845c70c42cce443,yes,other,united states,bachelor,Male,english,,other,2,Dana,exp1,,,True,True,human,False
1749067643,32dc0198182ae0aa7845c70c42cce443,PennController,17,0,experiment,NULL,TextInput,answer,Final,t(q)k(v),1749067100591.0,200,4,L,Intensional,Abstract,Felicia's child's parent's child,1749067040556,22,0_L_cpc5,NULL,32dc0198182ae0aa7845c70c42cce443,yes,other,united states,bachelor,Male,english,,other,4,t(k(t(q))),exp1,,,False,False,human,False
1749067643,32dc0198182ae0aa7845c70c42cce443,PennController,6,0,experiment,NULL,TextInput,answer,Final,child(feliciah),1749067138184.0,1,2,R,Intensional,English,the child of Felicia,1749067100593,22,0_R_c5,NULL,32dc0198182ae0aa7845c70c42cce443,yes,other,united states,bachelor,Male,english,,other,2,child(felicia),exp1,,,False,True,human,False
1749067643,32dc0198182ae0aa7845c70c42cce443,PennController,11,0,experiment,NULL,DropDown,answer,Selected,Christina,1749067185513.0,148,3,L,Extensional,English,Elizabeth's enemy's friend,1749067138188,22,0_L_fe4,2,32dc0198182ae0aa7845c70c42cce443,yes,other,united states,bachelor,Male,english,,other,3,Christina,exp1,,,True,True,human,False
1749067643,32dc0198182ae0aa7845c70c42cce443,PennController,18,0,experiment,NULL,TextInput,answer,Final,y(w(s),1749067246373.0,72,4,R,Intensional,Abstract,the parent of the child of the enemy of Dana,1749067186959,22,0_R_pce2,NULL,32dc0198182ae0aa7845c70c42cce443,yes,other,united states,bachelor,Male,english,,other,4,k(t(w(s))),exp1,,,False,False,human,False
1749067643,32dc0198182ae0aa7845c70c42cce443,PennController,15,0,experiment,NULL,DropDown,answer,Selected,y,1749067331475.0,186,4,L,Extensional,Abstract,Elizabeth's parent's friend's friend,1749067246376,22,0_L_ffp4,5,32dc0198182ae0aa7845c70c42cce443,yes,other,united states,bachelor,Male,english,,other,4,y,exp1,,,True,True,human,False
1749067643,32dc0198182ae0aa7845c70c42cce443,PennController,20,0,experiment,NULL,DropDown,answer,Selected,Christina,1749067400223.0,80,4,R,Extensional,English,the parent of the enemy of the child of Bryan,1749067333122,22,0_R_pec3,2,32dc0198182ae0aa7845c70c42cce443,yes,other,united states,bachelor,Male,english,,other,4,Christina,exp1,,,True,True,human,False
1749067643,32dc0198182ae0aa7845c70c42cce443,PennController,3,0,experiment,NULL,DropDown,answer,Selected,s,1749067409769.0,6,2,R,Extensional,Abstract,the child of Felicia,1749067401589,22,0_R_c5,2,32dc0198182ae0aa7845c70c42cce443,yes,other,united states,bachelor,Male,english,,other,2,s,exp1,,,True,True,human,False
1749067643,32dc0198182ae0aa7845c70c42cce443,PennController,8,0,experiment,NULL,DropDown,answer,Selected,q,1749067462229.0,40,3,R,Extensional,Abstract,the child of the parent of Dana,1749067411572,22,0_R_cp2,1,32dc0198182ae0aa7845c70c42cce443,yes,other,united states,bachelor,Male,english,,other,3,s,exp1,,,False,False,human,False
1749067643,32dc0198182ae0aa7845c70c42cce443,PennController,21,0,experiment,NULL,TextInput,answer,Final,bryan(friend)child(parent),1749067546635.0,177,4,L,Intensional,English,Bryan's friend's child's parent,1749067464238,22,0_L_pcf3,NULL,32dc0198182ae0aa7845c70c42cce443,yes,other,united states,bachelor,Male,english,,other,4,parent(child(friend(bryan))),exp1,,,False,False,human,False
1749067643,32dc0198182ae0aa7845c70c42cce443,PennController,12,0,experiment,NULL,DropDown,answer,Selected,Amber,1749067580186.0,25,3,R,Extensional,English,the enemy of the child of Christina,1749067546639,22,0_R_ec0,0,32dc0198182ae0aa7845c70c42cce443,yes,other,united states,bachelor,Male,english,,other,3,Amber,exp1,,,True,True,human,False
1749067643,32dc0198182ae0aa7845c70c42cce443,PennController,9,0,experiment,NULL,TextInput,answer,Final,w(s),1749067640540.0,136,3,L,Intensional,Abstract,Dana's enemy's enemy,1749067581429,22,0_L_ee2,NULL,32dc0198182ae0aa7845c70c42cce443,yes,other,united states,bachelor,Male,english,,other,3,w(w(s)),exp1,,,False,False,human,False
1749067715,aba31894d124b557209ca003644f6def,PennController,13,0,experiment,NULL,TextInput,answer,Final,parent(enemy(amber),1749065946375.0,131,3,L,Intensional,English,Amber's enemy's parent,1749065728401,22,0_L_pe1,NULL,aba31894d124b557209ca003644f6def,yes,other,USA,master,Male,english,,other,3,parent(enemy(amber)),exp1,,,False,True,human,False
1749067715,aba31894d124b557209ca003644f6def,PennController,19,0,experiment,NULL,DropDown,answer,Selected,Amber,1749066019369.0,162,4,L,Extensional,English,Christina's enemy's friend's child,1749065946379,22,0_L_cfe0,0,aba31894d124b557209ca003644f6def,yes,other,USA,master,Male,english,,other,4,Dana,exp1,,,False,False,human,False
1749067715,aba31894d124b557209ca003644f6def,PennController,21,0,experiment,NULL,TextInput,answer,Final,child(parent(enemy(Bryan),1749066214693.0,177,4,L,Intensional,English,Bryan's friend's child's parent,1749066020839,22,0_L_pcf3,NULL,aba31894d124b557209ca003644f6def,yes,other,USA,master,Male,english,,other,4,parent(child(friend(bryan))),exp1,,,False,False,human,False
1749067715,aba31894d124b557209ca003644f6def,PennController,15,0,experiment,NULL,DropDown,answer,Selected,y,1749066382681.0,186,4,L,Extensional,Abstract,Elizabeth's parent's friend's friend,1749066214695,22,0_L_ffp4,5,aba31894d124b557209ca003644f6def,yes,other,USA,master,Male,english,,other,4,y,exp1,,,True,True,human,False
1749067715,aba31894d124b557209ca003644f6def,PennController,9,0,experiment,NULL,TextInput,answer,Final,W(w(s),1749066634160.0,136,3,L,Intensional,Abstract,Dana's enemy's enemy,1749066385518,22,0_L_ee2,NULL,aba31894d124b557209ca003644f6def,yes,other,USA,master,Male,english,,other,3,w(w(s)),exp1,,,False,True,human,False
1749067715,aba31894d124b557209ca003644f6def,PennController,14,0,experiment,NULL,TextInput,answer,Final,enemy(child(felicia),1749066742747.0,59,3,R,Intensional,English,the enemy of the child of Felicia,1749066634163,22,0_R_ec5,NULL,aba31894d124b557209ca003644f6def,yes,other,USA,master,Male,english,,other,3,enemy(child(felicia)),exp1,,,False,True,human,False
1749067715,aba31894d124b557209ca003644f6def,PennController,11,0,experiment,NULL,DropDown,answer,Selected,Christina,1749066792099.0,148,3,L,Extensional,English,Elizabeth's enemy's friend,1749066742749,22,0_L_fe4,2,aba31894d124b557209ca003644f6def,yes,other,USA,master,Male,english,,other,3,Christina,exp1,,,True,True,human,False
1749067715,aba31894d124b557209ca003644f6def,PennController,10,0,experiment,NULL,TextInput,answer,Final,s(t(t),1749067009273.0,43,3,R,Intensional,Abstract,the friend of the child of Bryan,1749066793339,22,0_R_fc3,NULL,aba31894d124b557209ca003644f6def,yes,other,USA,master,Male,english,,other,3,s(t(t)),exp1,,,False,True,human,False
1749067715,aba31894d124b557209ca003644f6def,PennController,3,0,experiment,NULL,DropDown,answer,Selected,s,1749067046705.0,6,2,R,Extensional,Abstract,the child of Felicia,1749067009275,22,0_R_c5,2,aba31894d124b557209ca003644f6def,yes,other,USA,master,Male,english,,other,2,s,exp1,,,True,True,human,False
1749067715,aba31894d124b557209ca003644f6def,PennController,16,0,experiment,NULL,DropDown,answer,Selected,h,1749067112403.0,91,4,R,Extensional,Abstract,the friend of the child of the friend of Felicia,1749067048021,22,0_R_fcf5,0,aba31894d124b557209ca003644f6def,yes,other,USA,master,Male,english,,other,4,y,exp1,,,False,False,human,False
1749067715,aba31894d124b557209ca003644f6def,PennController,17,0,experiment,NULL,TextInput,answer,Final,k(t(q),1749067193817.0,200,4,L,Intensional,Abstract,Felicia's child's parent's child,1749067113360,22,0_L_cpc5,NULL,aba31894d124b557209ca003644f6def,yes,other,USA,master,Male,english,,other,4,t(k(t(q))),exp1,,,False,False,human,False
1749067715,aba31894d124b557209ca003644f6def,PennController,8,0,experiment,NULL,DropDown,answer,Selected,s,1749067287030.0,40,3,R,Extensional,Abstract,the child of the parent of Dana,1749067193819,22,0_R_cp2,2,aba31894d124b557209ca003644f6def,yes,other,USA,master,Male,english,,other,3,s,exp1,,,True,True,human,False
1749067715,aba31894d124b557209ca003644f6def,PennController,22,0,experiment,NULL,TextInput,answer,Final,friend(enemy(enemy(felicia),1749067342108.0,94,4,R,Intensional,English,the friend of the enemy of the enemy of Felicia,1749067288269,22,0_R_fee5,NULL,aba31894d124b557209ca003644f6def,yes,other,USA,master,Male,english,,other,4,friend(enemy(enemy(felicia))),exp1,,,False,True,human,False
1749067715,aba31894d124b557209ca003644f6def,PennController,20,0,experiment,NULL,DropDown,answer,Selected,Elizabeth,1749067420323.0,80,4,R,Extensional,English,the parent of the enemy of the child of Bryan,1749067342110,22,0_R_pec3,4,aba31894d124b557209ca003644f6def,yes,other,USA,master,Male,english,,other,4,Christina,exp1,,,False,False,human,False
1749067715,aba31894d124b557209ca003644f6def,PennController,18,0,experiment,NULL,TextInput,answer,Final,k(t(w(s),1749067542525.0,72,4,R,Intensional,Abstract,the parent of the child of the enemy of Dana,1749067423648,22,0_R_pce2,NULL,aba31894d124b557209ca003644f6def,yes,other,USA,master,Male,english,,other,4,k(t(w(s))),exp1,,,False,True,human,False
1749067715,aba31894d124b557209ca003644f6def,PennController,12,0,experiment,NULL,DropDown,answer,Selected,Amber,1749067576589.0,25,3,R,Extensional,English,the enemy of the child of Christina,1749067542527,22,0_R_ec0,0,aba31894d124b557209ca003644f6def,yes,other,USA,master,Male,english,,other,3,Amber,exp1,,,True,True,human,False
1749067715,aba31894d124b557209ca003644f6def,PennController,4,0,experiment,NULL,TextInput,answer,Final,s(y),1749067601428.0,14,2,R,Intensional,Abstract,the friend of Christina,1749067577526,22,0_R_f0,NULL,aba31894d124b557209ca003644f6def,yes,other,USA,master,Male,english,,other,2,s(y),exp1,,,True,True,human,False
1749067715,aba31894d124b557209ca003644f6def,PennController,7,0,experiment,NULL,DropDown,answer,Selected,y,1749067667619.0,131,3,L,Extensional,Abstract,Amber's enemy's parent,1749067601430,22,0_L_pe1,5,aba31894d124b557209ca003644f6def,yes,other,USA,master,Male,english,,other,3,y,exp1,,,True,True,human,False
1749067715,aba31894d124b557209ca003644f6def,PennController,5,0,experiment,NULL,DropDown,answer,Selected,Dana,1749067688725.0,18,2,R,Extensional,English,the child of Felicia,1749067668952,22,0_R_c5,3,aba31894d124b557209ca003644f6def,yes,other,USA,master,Male,english,,other,2,Dana,exp1,,,True,True,human,False
1749067715,aba31894d124b557209ca003644f6def,PennController,6,0,experiment,NULL,TextInput,answer,Final,child(felicia),1749067712249.0,1,2,R,Intensional,English,the child of Felicia,1749067689944,22,0_R_c5,NULL,aba31894d124b557209ca003644f6def,yes,other,USA,master,Male,english,,other,2,child(felicia),exp1,,,True,True,human,False
1749067715,040e40b68c30520c3f6867f7c3e055b3,PennController,17,0,experiment,NULL,TextInput,answer,Final,t(k(t(q))),1749065978569.0,200,4,L,Intensional,Abstract,Felicia's child's parent's child,1749065830593,22,0_L_cpc5,NULL,040e40b68c30520c3f6867f7c3e055b3,yes,other,united states,other,Male,english,,ai,4,t(k(t(q))),exp1,,,True,True,human,False
1749067715,040e40b68c30520c3f6867f7c3e055b3,PennController,22,0,experiment,NULL,TextInput,answer,Final,friend(enemy(enemy(Felicia))),1749066151973.0,94,4,R,Intensional,English,the friend of the enemy of the enemy of Felicia,1749065978601,22,0_R_fee5,NULL,040e40b68c30520c3f6867f7c3e055b3,yes,other,united states,other,Male,english,,ai,4,friend(enemy(enemy(felicia))),exp1,,,False,True,human,False
1749067715,040e40b68c30520c3f6867f7c3e055b3,PennController,10,0,experiment,NULL,TextInput,answer,Final,s(t(t)),1749066223302.0,43,3,R,Intensional,Abstract,the friend of the child of Bryan,1749066152007,22,0_R_fc3,NULL,040e40b68c30520c3f6867f7c3e055b3,yes,other,united states,other,Male,english,,ai,3,s(t(t)),exp1,,,True,True,human,False
1749067715,040e40b68c30520c3f6867f7c3e055b3,PennController,13,0,experiment,NULL,TextInput,answer,Final,parent(enemy(amber)),1749066313950.0,131,3,L,Intensional,English,Amber's enemy's parent,1749066223303,22,0_L_pe1,NULL,040e40b68c30520c3f6867f7c3e055b3,yes,other,united states,other,Male,english,,ai,3,parent(enemy(amber)),exp1,,,True,True,human,False
1749067715,040e40b68c30520c3f6867f7c3e055b3,PennController,19,0,experiment,NULL,DropDown,answer,Selected,Dana,1749066376652.0,162,4,L,Extensional,English,Christina's enemy's friend's child,1749066313954,22,0_L_cfe0,3,040e40b68c30520c3f6867f7c3e055b3,yes,other,united states,other,Male,english,,ai,4,Dana,exp1,,,True,True,human,False
1749067715,040e40b68c30520c3f6867f7c3e055b3,PennController,5,0,experiment,NULL,DropDown,answer,Selected,Dana,1749066421301.0,18,2,R,Extensional,English,the child of Felicia,1749066382295,22,0_R_c5,3,040e40b68c30520c3f6867f7c3e055b3,yes,other,united states,other,Male,english,,ai,2,Dana,exp1,,,True,True,human,False
1749067715,040e40b68c30520c3f6867f7c3e055b3,PennController,3,0,experiment,NULL,DropDown,answer,Selected,s,1749066475437.0,6,2,R,Extensional,Abstract,the child of Felicia,1749066425024,22,0_R_c5,2,040e40b68c30520c3f6867f7c3e055b3,yes,other,united states,other,Male,english,,ai,2,s,exp1,,,True,True,human,False
1749067715,040e40b68c30520c3f6867f7c3e055b3,PennController,18,0,experiment,NULL,TextInput,answer,Final,k(t(w(s))),1749066563135.0,72,4,R,Intensional,Abstract,the parent of the child of the enemy of Dana,1749066477479,22,0_R_pce2,NULL,040e40b68c30520c3f6867f7c3e055b3,yes,other,united states,other,Male,english,,ai,4,k(t(w(s))),exp1,,,True,True,human,False
1749067715,040e40b68c30520c3f6867f7c3e055b3,PennController,16,0,experiment,NULL,DropDown,answer,Selected,y,1749066698581.0,91,4,R,Extensional,Abstract,the friend of the child of the friend of Felicia,1749066563139,22,0_R_fcf5,5,040e40b68c30520c3f6867f7c3e055b3,yes,other,united states,other,Male,english,,ai,4,y,exp1,,,True,True,human,False
1749067715,040e40b68c30520c3f6867f7c3e055b3,PennController,6,0,experiment,NULL,TextInput,answer,Final,child(felicia),1749066802813.0,1,2,R,Intensional,English,the child of Felicia,1749066704334,22,0_R_c5,NULL,040e40b68c30520c3f6867f7c3e055b3,yes,other,united states,other,Male,english,,ai,2,child(felicia),exp1,,,True,True,human,False
1749067715,040e40b68c30520c3f6867f7c3e055b3,PennController,20,0,experiment,NULL,DropDown,answer,Selected,Christina,1749066886668.0,80,4,R,Extensional,English,the parent of the enemy of the child of Bryan,1749066802815,22,0_R_pec3,2,040e40b68c30520c3f6867f7c3e055b3,yes,other,united states,other,Male,english,,ai,4,Christina,exp1,,,True,True,human,False
1749067715,040e40b68c30520c3f6867f7c3e055b3,PennController,14,0,experiment,NULL,TextInput,answer,Final,enemy(felicia),1749067009290.0,59,3,R,Intensional,English,the enemy of the child of Felicia,1749066887983,22,0_R_ec5,NULL,040e40b68c30520c3f6867f7c3e055b3,yes,other,united states,other,Male,english,,ai,3,enemy(child(felicia)),exp1,,,False,False,human,False
1749067715,040e40b68c30520c3f6867f7c3e055b3,PennController,11,0,experiment,NULL,DropDown,answer,Selected,Christina,1749067076397.0,148,3,L,Extensional,English,Elizabeth's enemy's friend,1749067009293,22,0_L_fe4,2,040e40b68c30520c3f6867f7c3e055b3,yes,other,united states,other,Male,english,,ai,3,Christina,exp1,,,True,True,human,False
1749067715,040e40b68c30520c3f6867f7c3e055b3,PennController,4,0,experiment,NULL,TextInput,answer,Final,s(y(t)),1749067175554.0,14,2,R,Intensional,Abstract,the friend of Christina,1749067078270,22,0_R_f0,NULL,040e40b68c30520c3f6867f7c3e055b3,yes,other,united states,other,Male,english,,ai,2,s(y),exp1,,,False,True,human,False
1749067715,040e40b68c30520c3f6867f7c3e055b3,PennController,8,0,experiment,NULL,DropDown,answer,Selected,s,1749067269525.0,40,3,R,Extensional,Abstract,the child of the parent of Dana,1749067175558,22,0_R_cp2,2,040e40b68c30520c3f6867f7c3e055b3,yes,other,united states,other,Male,english,,ai,3,s,exp1,,,True,True,human,False
1749067715,040e40b68c30520c3f6867f7c3e055b3,PennController,7,0,experiment,NULL,DropDown,answer,Selected,t,1749067361917.0,131,3,L,Extensional,Abstract,Amber's enemy's parent,1749067270879,22,0_L_pe1,3,040e40b68c30520c3f6867f7c3e055b3,yes,other,united states,other,Male,english,,ai,3,y,exp1,,,False,False,human,False
1749067715,040e40b68c30520c3f6867f7c3e055b3,PennController,15,0,experiment,NULL,DropDown,answer,Selected,y,1749067422453.0,186,4,L,Extensional,Abstract,Elizabeth's parent's friend's friend,1749067364016,22,0_L_ffp4,5,040e40b68c30520c3f6867f7c3e055b3,yes,other,united states,other,Male,english,,ai,4,y,exp1,,,True,True,human,False
1749067715,040e40b68c30520c3f6867f7c3e055b3,PennController,21,0,experiment,NULL,TextInput,answer,Final,parent(child(friend(bryan)),1749067549220.0,177,4,L,Intensional,English,Bryan's friend's child's parent,1749067424079,22,0_L_pcf3,NULL,040e40b68c30520c3f6867f7c3e055b3,yes,other,united states,other,Male,english,,ai,4,parent(child(friend(bryan))),exp1,,,False,True,human,False
1749067715,040e40b68c30520c3f6867f7c3e055b3,PennController,12,0,experiment,NULL,DropDown,answer,Selected,Amber,1749067610093.0,25,3,R,Extensional,English,the enemy of the child of Christina,1749067549222,22,0_R_ec0,0,040e40b68c30520c3f6867f7c3e055b3,yes,other,united states,other,Male,english,,ai,3,Amber,exp1,,,True,True,human,False
1749067715,040e40b68c30520c3f6867f7c3e055b3,PennController,9,0,experiment,NULL,TextInput,answer,Final,w(w(s)),1749067714147.0,136,3,L,Intensional,Abstract,Dana's enemy's enemy,1749067611407,22,0_L_ee2,NULL,040e40b68c30520c3f6867f7c3e055b3,yes,other,united states,other,Male,english,,ai,3,w(w(s)),exp1,,,True,True,human,False
1749067854,f1c65172c2d1477bfab961e6fa18f4a0,PennController,10,0,experiment,NULL,TextInput,answer,Final,w(s),1749066919723.0,36,3,R,Intensional,Abstract,the enemy of the enemy of Dana,1749066762984,26,0_R_ee2,NULL,f1c65172c2d1477bfab961e6fa18f4a0,yes,other,South Africa,high_school,Female,english,,other,3,w(w(s)),exp1,,,False,False,human,False
1749067854,f1c65172c2d1477bfab961e6fa18f4a0,PennController,6,0,experiment,NULL,TextInput,answer,Final,enemy(dana),1749066966020.0,9,2,R,Intensional,English,the enemy of Dana,1749066919726,26,0_R_e2,NULL,f1c65172c2d1477bfab961e6fa18f4a0,yes,other,South Africa,high_school,Female,english,,other,2,enemy(dana),exp1,,,True,True,human,False
1749067854,f1c65172c2d1477bfab961e6fa18f4a0,PennController,9,0,experiment,NULL,TextInput,answer,Final,w(t),1749067035463.0,144,3,L,Intensional,Abstract,Bryan's child's enemy,1749066966022,26,0_L_ec3,NULL,f1c65172c2d1477bfab961e6fa18f4a0,yes,other,South Africa,high_school,Female,english,,other,3,w(t(t)),exp1,,,False,False,human,False
1749067854,f1c65172c2d1477bfab961e6fa18f4a0,PennController,22,0,experiment,NULL,TextInput,answer,Final,enemy(child)parent(Elizabeth)),1749067114050.0,88,4,R,Intensional,English,the enemy of the child of the parent of Elizabeth,1749067035465,26,0_R_ecp4,NULL,f1c65172c2d1477bfab961e6fa18f4a0,yes,other,South Africa,high_school,Female,english,,other,4,enemy(child(parent(elizabeth))),exp1,,,False,False,human,False
1749067854,f1c65172c2d1477bfab961e6fa18f4a0,PennController,11,0,experiment,NULL,DropDown,answer,Selected,Dana,1749067192354.0,136,3,L,Extensional,English,Dana's enemy's enemy,1749067114051,26,0_L_ee2,3,f1c65172c2d1477bfab961e6fa18f4a0,yes,other,South Africa,high_school,Female,english,,other,3,Dana,exp1,,,True,True,human,False
1749067854,f1c65172c2d1477bfab961e6fa18f4a0,PennController,17,0,experiment,NULL,TextInput,answer,Final,w(v(k)),1749067281952.0,187,4,L,Intensional,Abstract,Elizabeth's parent's friend's enemy,1749067193415,26,0_L_efp4,NULL,f1c65172c2d1477bfab961e6fa18f4a0,yes,other,South Africa,high_school,Female,english,,other,4,w(s(k(v))),exp1,,,False,False,human,False
1749067854,f1c65172c2d1477bfab961e6fa18f4a0,PennController,7,0,experiment,NULL,DropDown,answer,Selected,y,1749067369737.0,134,3,L,Extensional,Abstract,Dana's friend's parent,1749067281954,26,0_L_pf2,5,f1c65172c2d1477bfab961e6fa18f4a0,yes,other,South Africa,high_school,Female,english,,other,3,y,exp1,,,True,True,human,False
1749067854,f1c65172c2d1477bfab961e6fa18f4a0,PennController,5,0,experiment,NULL,DropDown,answer,Selected,Felicia,1749067406677.0,14,2,R,Extensional,English,the enemy of Dana,1749067370669,26,0_R_e2,5,f1c65172c2d1477bfab961e6fa18f4a0,yes,other,South Africa,high_school,Female,english,,other,2,Felicia,exp1,,,True,True,human,False
1749067854,f1c65172c2d1477bfab961e6fa18f4a0,PennController,14,0,experiment,NULL,TextInput,answer,Final,enemy(friend(elizabeth)),1749067446059.0,46,3,R,Intensional,English,the enemy of the friend of Elizabeth,1749067408217,26,0_R_ef4,NULL,f1c65172c2d1477bfab961e6fa18f4a0,yes,other,South Africa,high_school,Female,english,,other,3,enemy(friend(elizabeth)),exp1,,,True,True,human,False
1749067854,f1c65172c2d1477bfab961e6fa18f4a0,PennController,19,0,experiment,NULL,DropDown,answer,Selected,Dana,1749067483899.0,198,4,L,Extensional,English,Felicia's child's friend's friend,1749067446060,26,0_L_ffc5,3,f1c65172c2d1477bfab961e6fa18f4a0,yes,other,South Africa,high_school,Female,english,,other,4,Dana,exp1,,,True,True,human,False
1749067854,f1c65172c2d1477bfab961e6fa18f4a0,PennController,15,0,experiment,NULL,DropDown,answer,Selected,t,1749067515083.0,181,4,L,Extensional,Abstract,Elizabeth's friend's enemy's friend,1749067484976,26,0_L_fef4,3,f1c65172c2d1477bfab961e6fa18f4a0,yes,other,South Africa,high_school,Female,english,,other,4,t,exp1,,,True,True,human,False
1749067854,f1c65172c2d1477bfab961e6fa18f4a0,PennController,3,0,experiment,NULL,DropDown,answer,Selected,y,1749067536981.0,9,2,R,Extensional,Abstract,the enemy of Bryan,1749067516937,26,0_R_e3,5,f1c65172c2d1477bfab961e6fa18f4a0,yes,other,South Africa,high_school,Female,english,,other,2,y,exp1,,,True,True,human,False
1749067854,f1c65172c2d1477bfab961e6fa18f4a0,PennController,13,0,experiment,NULL,TextInput,answer,Final,enemy(friend(Christina)),1749067578525.0,122,3,L,Intensional,English,Christina's enemy's friend,1749067543376,26,0_L_fe0,NULL,f1c65172c2d1477bfab961e6fa18f4a0,yes,other,South Africa,high_school,Female,english,,other,3,friend(enemy(christina)),exp1,,,False,False,human,False
1749067854,f1c65172c2d1477bfab961e6fa18f4a0,PennController,21,0,experiment,NULL,TextInput,answer,Final,enemy(child(friend(Amber)),1749067612051.0,166,4,L,Intensional,English,Amber's friend's enemy's child,1749067578527,26,0_L_cef1,NULL,f1c65172c2d1477bfab961e6fa18f4a0,yes,other,South Africa,high_school,Female,english,,other,4,child(enemy(friend(amber))),exp1,,,False,False,human,False
1749067854,f1c65172c2d1477bfab961e6fa18f4a0,PennController,12,0,experiment,NULL,DropDown,answer,Selected,Elizabeth,1749067643848.0,49,3,R,Extensional,English,the enemy of the enemy of Elizabeth,1749067612053,26,0_R_ee4,4,f1c65172c2d1477bfab961e6fa18f4a0,yes,other,South Africa,high_school,Female,english,,other,3,Elizabeth,exp1,,,True,True,human,False
1749067854,f1c65172c2d1477bfab961e6fa18f4a0,PennController,8,0,experiment,NULL,DropDown,answer,Selected,s,1749067666823.0,42,3,R,Extensional,Abstract,the enemy of the friend of Bryan,1749067644949,26,0_R_ef3,2,f1c65172c2d1477bfab961e6fa18f4a0,yes,other,South Africa,high_school,Female,english,,other,3,s,exp1,,,True,True,human,False
1749067854,f1c65172c2d1477bfab961e6fa18f4a0,PennController,4,0,experiment,NULL,TextInput,answer,Final,k(v),1749067707954.0,1,2,R,Intensional,Abstract,the parent of Elizabeth,1749067667572,26,0_R_p4,NULL,f1c65172c2d1477bfab961e6fa18f4a0,yes,other,South Africa,high_school,Female,english,,other,2,k(v),exp1,,,True,True,human,False
1749067854,f1c65172c2d1477bfab961e6fa18f4a0,PennController,16,0,experiment,NULL,DropDown,answer,Selected,t,1749067765287.0,68,4,R,Extensional,Abstract,the enemy of the parent of the friend of Dana,1749067707955,26,0_R_epf2,3,f1c65172c2d1477bfab961e6fa18f4a0,yes,other,South Africa,high_school,Female,english,,other,4,t,exp1,,,True,True,human,False
1749067854,f1c65172c2d1477bfab961e6fa18f4a0,PennController,20,0,experiment,NULL,DropDown,answer,Selected,Elizabeth,1749067797449.0,86,4,R,Extensional,English,the friend of the friend of the parent of Elizabeth,1749067766631,26,0_R_ffp4,4,f1c65172c2d1477bfab961e6fa18f4a0,yes,other,South Africa,high_school,Female,english,,other,4,Christina,exp1,,,False,False,human,False
1749067854,f1c65172c2d1477bfab961e6fa18f4a0,PennController,18,0,experiment,NULL,TextInput,answer,Final,s(s(k(v)),1749067852795.0,86,4,R,Intensional,Abstract,the friend of the friend of the parent of Elizabeth,1749067798248,26,0_R_ffp4,NULL,f1c65172c2d1477bfab961e6fa18f4a0,yes,other,South Africa,high_school,Female,english,,other,4,s(s(k(v))),exp1,,,False,True,human,False
1749067925,8ba5dcdf7b715b242db9f983159eab70,PennController,10,0,experiment,NULL,TextInput,answer,Final,s(t(t)),1749066202008.0,43,3,R,Intensional,Abstract,the friend of the child of Bryan,1749065892480,22,0_R_fc3,NULL,8ba5dcdf7b715b242db9f983159eab70,yes,other,United States,other,Male,english,,other,3,s(t(t)),exp1,,,True,True,human,False
1749067925,8ba5dcdf7b715b242db9f983159eab70,PennController,11,0,experiment,NULL,DropDown,answer,Selected,Amber,1749066645110.0,148,3,L,Extensional,English,Elizabeth's enemy's friend,1749066202015,22,0_L_fe4,0,8ba5dcdf7b715b242db9f983159eab70,yes,other,United States,other,Male,english,,other,3,Christina,exp1,,,False,False,human,False
1749067925,8ba5dcdf7b715b242db9f983159eab70,PennController,9,0,experiment,NULL,TextInput,answer,Final,w(q(t)),1749066759925.0,136,3,L,Intensional,Abstract,Dana's enemy's enemy,1749066648616,22,0_L_ee2,NULL,8ba5dcdf7b715b242db9f983159eab70,yes,other,United States,other,Male,english,,other,3,w(w(s)),exp1,,,False,False,human,False
1749067925,8ba5dcdf7b715b242db9f983159eab70,PennController,8,0,experiment,NULL,DropDown,answer,Selected,q,1749067083951.0,40,3,R,Extensional,Abstract,the child of the parent of Dana,1749066759930,22,0_R_cp2,1,8ba5dcdf7b715b242db9f983159eab70,yes,other,United States,other,Male,english,,other,3,s,exp1,,,False,False,human,False
1749067925,8ba5dcdf7b715b242db9f983159eab70,PennController,12,0,experiment,NULL,DropDown,answer,Selected,Bryan,1749067113722.0,25,3,R,Extensional,English,the enemy of the child of Christina,1749067088589,22,0_R_ec0,1,8ba5dcdf7b715b242db9f983159eab70,yes,other,United States,other,Male,english,,other,3,Amber,exp1,,,False,False,human,False
1749067925,8ba5dcdf7b715b242db9f983159eab70,PennController,20,0,experiment,NULL,DropDown,answer,Selected,Elizabeth,1749067143907.0,80,4,R,Extensional,English,the parent of the enemy of the child of Bryan,1749067114949,22,0_R_pec3,4,8ba5dcdf7b715b242db9f983159eab70,yes,other,United States,other,Male,english,,other,4,Christina,exp1,,,False,False,human,False
1749067925,8ba5dcdf7b715b242db9f983159eab70,PennController,7,0,experiment,NULL,DropDown,answer,Selected,y,1749067178256.0,131,3,L,Extensional,Abstract,Amber's enemy's parent,1749067144899,22,0_L_pe1,5,8ba5dcdf7b715b242db9f983159eab70,yes,other,United States,other,Male,english,,other,3,y,exp1,,,True,True,human,False
1749067925,8ba5dcdf7b715b242db9f983159eab70,PennController,15,0,experiment,NULL,DropDown,answer,Selected,q,1749067229905.0,186,4,L,Extensional,Abstract,Elizabeth's parent's friend's friend,1749067180072,22,0_L_ffp4,1,8ba5dcdf7b715b242db9f983159eab70,yes,other,United States,other,Male,english,,other,4,y,exp1,,,False,False,human,False
1749067925,8ba5dcdf7b715b242db9f983159eab70,PennController,22,0,experiment,NULL,TextInput,answer,Final,w(h),1749067342705.0,94,4,R,Intensional,English,the friend of the enemy of the enemy of Felicia,1749067230944,22,0_R_fee5,NULL,8ba5dcdf7b715b242db9f983159eab70,yes,other,United States,other,Male,english,,other,4,friend(enemy(enemy(felicia))),exp1,,,False,False,human,False
1749067925,8ba5dcdf7b715b242db9f983159eab70,PennController,5,0,experiment,NULL,DropDown,answer,Selected,Dana,1749067352939.0,18,2,R,Extensional,English,the child of Felicia,1749067342709,22,0_R_c5,3,8ba5dcdf7b715b242db9f983159eab70,yes,other,United States,other,Male,english,,other,2,Dana,exp1,,,True,True,human,False
1749067925,8ba5dcdf7b715b242db9f983159eab70,PennController,3,0,experiment,NULL,DropDown,answer,Selected,s,1749067370884.0,6,2,R,Extensional,Abstract,the child of Felicia,1749067354653,22,0_R_c5,2,8ba5dcdf7b715b242db9f983159eab70,yes,other,United States,other,Male,english,,other,2,s,exp1,,,True,True,human,False
1749067925,8ba5dcdf7b715b242db9f983159eab70,PennController,6,0,experiment,NULL,TextInput,answer,Final,child(felicia),1749067426477.0,1,2,R,Intensional,English,the child of Felicia,1749067371975,22,0_R_c5,NULL,8ba5dcdf7b715b242db9f983159eab70,yes,other,United States,other,Male,english,,other,2,child(felicia),exp1,,,True,True,human,False
1749067925,8ba5dcdf7b715b242db9f983159eab70,PennController,19,0,experiment,NULL,DropDown,answer,Selected,Felicia,1749067443825.0,162,4,L,Extensional,English,Christina's enemy's friend's child,1749067426482,22,0_L_cfe0,5,8ba5dcdf7b715b242db9f983159eab70,yes,other,United States,other,Male,english,,other,4,Dana,exp1,,,False,False,human,False
1749067925,8ba5dcdf7b715b242db9f983159eab70,PennController,16,0,experiment,NULL,DropDown,answer,Selected,s,1749067500083.0,91,4,R,Extensional,Abstract,the friend of the child of the friend of Felicia,1749067449569,22,0_R_fcf5,2,8ba5dcdf7b715b242db9f983159eab70,yes,other,United States,other,Male,english,,other,4,y,exp1,,,False,False,human,False
1749067925,8ba5dcdf7b715b242db9f983159eab70,PennController,17,0,experiment,NULL,TextInput,answer,Final,t(s),1749067585119.0,200,4,L,Intensional,Abstract,Felicia's child's parent's child,1749067500805,22,0_L_cpc5,NULL,8ba5dcdf7b715b242db9f983159eab70,yes,other,United States,other,Male,english,,other,4,t(k(t(q))),exp1,,,False,False,human,False
1749067925,8ba5dcdf7b715b242db9f983159eab70,PennController,18,0,experiment,NULL,TextInput,answer,Final,w(q(q),1749067694392.0,72,4,R,Intensional,Abstract,the parent of the child of the enemy of Dana,1749067585123,22,0_R_pce2,NULL,8ba5dcdf7b715b242db9f983159eab70,yes,other,United States,other,Male,english,,other,4,k(t(w(s))),exp1,,,False,False,human,False
1749067925,8ba5dcdf7b715b242db9f983159eab70,PennController,21,0,experiment,NULL,TextInput,answer,Final,friend(felicia),1749067740854.0,177,4,L,Intensional,English,Bryan's friend's child's parent,1749067694395,22,0_L_pcf3,NULL,8ba5dcdf7b715b242db9f983159eab70,yes,other,United States,other,Male,english,,other,4,parent(child(friend(bryan))),exp1,,,False,False,human,False
1749067925,8ba5dcdf7b715b242db9f983159eab70,PennController,14,0,experiment,NULL,TextInput,answer,Final,enemy(felicia),1749067807479.0,59,3,R,Intensional,English,the enemy of the child of Felicia,1749067740858,22,0_R_ec5,NULL,8ba5dcdf7b715b242db9f983159eab70,yes,other,United States,other,Male,english,,other,3,enemy(child(felicia)),exp1,,,False,False,human,False
1749067925,8ba5dcdf7b715b242db9f983159eab70,PennController,13,0,experiment,NULL,TextInput,answer,Final,enemy(christina),1749067871404.0,131,3,L,Intensional,English,Amber's enemy's parent,1749067807483,22,0_L_pe1,NULL,8ba5dcdf7b715b242db9f983159eab70,yes,other,United States,other,Male,english,,other,3,parent(enemy(amber)),exp1,,,False,False,human,False
1749067925,8ba5dcdf7b715b242db9f983159eab70,PennController,4,0,experiment,NULL,TextInput,answer,Final,s(h),1749067921836.0,14,2,R,Intensional,Abstract,the friend of Christina,1749067871407,22,0_R_f0,NULL,8ba5dcdf7b715b242db9f983159eab70,yes,other,United States,other,Male,english,,other,2,s(y),exp1,,,False,False,human,False
1749067958,707bc3280b29ff8c61e58ddce2bfca94,PennController,19,0,experiment,NULL,DropDown,answer,Selected,Amber,1749066467704.0,162,4,L,Extensional,English,Christina's enemy's friend's child,1749066187214,22,0_L_cfe0,0,707bc3280b29ff8c61e58ddce2bfca94,yes,other,United States,bachelor,Female,english,,other,4,Dana,exp1,,,False,False,human,False
1749067958,707bc3280b29ff8c61e58ddce2bfca94,PennController,9,0,experiment,NULL,TextInput,answer,Final,s(w9s)),1749066580574.0,136,3,L,Intensional,Abstract,Dana's enemy's enemy,1749066469273,22,0_L_ee2,NULL,707bc3280b29ff8c61e58ddce2bfca94,yes,other,United States,bachelor,Female,english,,other,3,w(w(s)),exp1,,,False,False,human,False
1749067958,707bc3280b29ff8c61e58ddce2bfca94,PennController,6,0,experiment,NULL,TextInput,answer,Final,child(felicia),1749066635755.0,1,2,R,Intensional,English,the child of Felicia,1749066580579,22,0_R_c5,NULL,707bc3280b29ff8c61e58ddce2bfca94,yes,other,United States,bachelor,Female,english,,other,2,child(felicia),exp1,,,True,True,human,False
1749067958,707bc3280b29ff8c61e58ddce2bfca94,PennController,8,0,experiment,NULL,DropDown,answer,Selected,s,1749066731258.0,40,3,R,Extensional,Abstract,the child of the parent of Dana,1749066635761,22,0_R_cp2,2,707bc3280b29ff8c61e58ddce2bfca94,yes,other,United States,bachelor,Female,english,,other,3,s,exp1,,,True,True,human,False
1749067958,707bc3280b29ff8c61e58ddce2bfca94,PennController,18,0,experiment,NULL,TextInput,answer,Final,k(w(s)),1749066836318.0,72,4,R,Intensional,Abstract,the parent of the child of the enemy of Dana,1749066732464,22,0_R_pce2,NULL,707bc3280b29ff8c61e58ddce2bfca94,yes,other,United States,bachelor,Female,english,,other,4,k(t(w(s))),exp1,,,False,False,human,False
1749067958,707bc3280b29ff8c61e58ddce2bfca94,PennController,13,0,experiment,NULL,TextInput,answer,Final,amber(enemy(parent)),1749066913670.0,131,3,L,Intensional,English,Amber's enemy's parent,1749066836326,22,0_L_pe1,NULL,707bc3280b29ff8c61e58ddce2bfca94,yes,other,United States,bachelor,Female,english,,other,3,parent(enemy(amber)),exp1,,,False,False,human,False
1749067958,707bc3280b29ff8c61e58ddce2bfca94,PennController,12,0,experiment,NULL,DropDown,answer,Selected,Amber,1749066974847.0,25,3,R,Extensional,English,the enemy of the child of Christina,1749066913674,22,0_R_ec0,0,707bc3280b29ff8c61e58ddce2bfca94,yes,other,United States,bachelor,Female,english,,other,3,Amber,exp1,,,True,True,human,False
1749067958,707bc3280b29ff8c61e58ddce2bfca94,PennController,22,0,experiment,NULL,TextInput,answer,Final,friend(enemy(enemy(felicia))),1749067098608.0,94,4,R,Intensional,English,the friend of the enemy of the enemy of Felicia,1749066975956,22,0_R_fee5,NULL,707bc3280b29ff8c61e58ddce2bfca94,yes,other,United States,bachelor,Female,english,,other,4,friend(enemy(enemy(felicia))),exp1,,,True,True,human,False
1749067958,707bc3280b29ff8c61e58ddce2bfca94,PennController,10,0,experiment,NULL,TextInput,answer,Final,s(t(t)),1749067202287.0,43,3,R,Intensional,Abstract,the friend of the child of Bryan,1749067098617,22,0_R_fc3,NULL,707bc3280b29ff8c61e58ddce2bfca94,yes,other,United States,bachelor,Female,english,,other,3,s(t(t)),exp1,,,True,True,human,False
1749067958,707bc3280b29ff8c61e58ddce2bfca94,PennController,16,0,experiment,NULL,DropDown,answer,Selected,s,1749067332309.0,91,4,R,Extensional,Abstract,the friend of the child of the friend of Felicia,1749067202297,22,0_R_fcf5,2,707bc3280b29ff8c61e58ddce2bfca94,yes,other,United States,bachelor,Female,english,,other,4,y,exp1,,,False,False,human,False
1749067958,707bc3280b29ff8c61e58ddce2bfca94,PennController,15,0,experiment,NULL,DropDown,answer,Selected,h,1749067412406.0,186,4,L,Extensional,Abstract,Elizabeth's parent's friend's friend,1749067333395,22,0_L_ffp4,0,707bc3280b29ff8c61e58ddce2bfca94,yes,other,United States,bachelor,Female,english,,other,4,y,exp1,,,False,False,human,False
1749067958,707bc3280b29ff8c61e58ddce2bfca94,PennController,5,0,experiment,NULL,DropDown,answer,Selected,Dana,1749067438099.0,18,2,R,Extensional,English,the child of Felicia,1749067413485,22,0_R_c5,3,707bc3280b29ff8c61e58ddce2bfca94,yes,other,United States,bachelor,Female,english,,other,2,Dana,exp1,,,True,True,human,False
1749067958,707bc3280b29ff8c61e58ddce2bfca94,PennController,4,0,experiment,NULL,TextInput,answer,Final,s(y),1749067477958.0,14,2,R,Intensional,Abstract,the friend of Christina,1749067439134,22,0_R_f0,NULL,707bc3280b29ff8c61e58ddce2bfca94,yes,other,United States,bachelor,Female,english,,other,2,s(y),exp1,,,True,True,human,False
1749067958,707bc3280b29ff8c61e58ddce2bfca94,PennController,3,0,experiment,NULL,DropDown,answer,Selected,s,1749067488878.0,6,2,R,Extensional,Abstract,the child of Felicia,1749067477961,22,0_R_c5,2,707bc3280b29ff8c61e58ddce2bfca94,yes,other,United States,bachelor,Female,english,,other,2,s,exp1,,,True,True,human,False
1749067958,707bc3280b29ff8c61e58ddce2bfca94,PennController,11,0,experiment,NULL,DropDown,answer,Selected,Christina,1749067516326.0,148,3,L,Extensional,English,Elizabeth's enemy's friend,1749067489944,22,0_L_fe4,2,707bc3280b29ff8c61e58ddce2bfca94,yes,other,United States,bachelor,Female,english,,other,3,Christina,exp1,,,True,True,human,False
1749067958,707bc3280b29ff8c61e58ddce2bfca94,PennController,20,0,experiment,NULL,DropDown,answer,Selected,Christina,1749067572738.0,80,4,R,Extensional,English,the parent of the enemy of the child of Bryan,1749067517620,22,0_R_pec3,2,707bc3280b29ff8c61e58ddce2bfca94,yes,other,United States,bachelor,Female,english,,other,4,Christina,exp1,,,True,True,human,False
1749067958,707bc3280b29ff8c61e58ddce2bfca94,PennController,21,0,experiment,NULL,TextInput,answer,Final,parent(bryan(friend(child))),1749067766042.0,177,4,L,Intensional,English,Bryan's friend's child's parent,1749067573547,22,0_L_pcf3,NULL,707bc3280b29ff8c61e58ddce2bfca94,yes,other,United States,bachelor,Female,english,,other,4,parent(child(friend(bryan))),exp1,,,False,False,human,False
1749067958,707bc3280b29ff8c61e58ddce2bfca94,PennController,17,0,experiment,NULL,TextInput,answer,Final,t(q(k(t))),1749067873067.0,200,4,L,Intensional,Abstract,Felicia's child's parent's child,1749067766091,22,0_L_cpc5,NULL,707bc3280b29ff8c61e58ddce2bfca94,yes,other,United States,bachelor,Female,english,,other,4,t(k(t(q))),exp1,,,False,False,human,False
1749067958,707bc3280b29ff8c61e58ddce2bfca94,PennController,7,0,experiment,NULL,DropDown,answer,Selected,y,1749067913769.0,131,3,L,Extensional,Abstract,Amber's enemy's parent,1749067873070,22,0_L_pe1,5,707bc3280b29ff8c61e58ddce2bfca94,yes,other,United States,bachelor,Female,english,,other,3,y,exp1,,,True,True,human,False
1749067958,707bc3280b29ff8c61e58ddce2bfca94,PennController,14,0,experiment,NULL,TextInput,answer,Final,enemy(child(felicia)),1749067952249.0,59,3,R,Intensional,English,the enemy of the child of Felicia,1749067916234,22,0_R_ec5,NULL,707bc3280b29ff8c61e58ddce2bfca94,yes,other,United States,bachelor,Female,english,,other,3,enemy(child(felicia)),exp1,,,True,True,human,False
1749067965,5db48f5322ca1a605eb5c67093912a03,PennController,19,0,experiment,NULL,DropDown,answer,Selected,Felicia,1749066695257.0,162,4,L,Extensional,English,Christina's enemy's friend's child,1749066566240,22,0_L_cfe0,5,5db48f5322ca1a605eb5c67093912a03,yes,other,united sates of America,bachelor,Female,english,,math,4,Dana,exp1,,,False,False,human,False
1749067965,5db48f5322ca1a605eb5c67093912a03,PennController,15,0,experiment,NULL,DropDown,answer,Selected,s,1749066992477.0,186,4,L,Extensional,Abstract,Elizabeth's parent's friend's friend,1749066697076,22,0_L_ffp4,2,5db48f5322ca1a605eb5c67093912a03,yes,other,united sates of America,bachelor,Female,english,,math,4,y,exp1,,,False,False,human,False
1749067965,5db48f5322ca1a605eb5c67093912a03,PennController,20,0,experiment,NULL,DropDown,answer,Selected,Elizabeth,1749067220029.0,80,4,R,Extensional,English,the parent of the enemy of the child of Bryan,1749066994212,22,0_R_pec3,4,5db48f5322ca1a605eb5c67093912a03,yes,other,united sates of America,bachelor,Female,english,,math,4,Christina,exp1,,,False,False,human,False
1749067965,5db48f5322ca1a605eb5c67093912a03,PennController,16,0,experiment,NULL,DropDown,answer,Selected,v,1749067259845.0,91,4,R,Extensional,Abstract,the friend of the child of the friend of Felicia,1749067221536,22,0_R_fcf5,4,5db48f5322ca1a605eb5c67093912a03,yes,other,united sates of America,bachelor,Female,english,,math,4,y,exp1,,,False,False,human,False
1749067965,5db48f5322ca1a605eb5c67093912a03,PennController,8,0,experiment,NULL,DropDown,answer,Selected,s,1749067278692.0,40,3,R,Extensional,Abstract,the child of the parent of Dana,1749067261136,22,0_R_cp2,2,5db48f5322ca1a605eb5c67093912a03,yes,other,united sates of America,bachelor,Female,english,,math,3,s,exp1,,,True,True,human,False
1749067965,5db48f5322ca1a605eb5c67093912a03,PennController,7,0,experiment,NULL,DropDown,answer,Selected,y,1749067301933.0,131,3,L,Extensional,Abstract,Amber's enemy's parent,1749067280039,22,0_L_pe1,5,5db48f5322ca1a605eb5c67093912a03,yes,other,united sates of America,bachelor,Female,english,,math,3,y,exp1,,,True,True,human,False
1749067965,5db48f5322ca1a605eb5c67093912a03,PennController,3,0,experiment,NULL,DropDown,answer,Selected,s,1749067321670.0,6,2,R,Extensional,Abstract,the child of Felicia,1749067303247,22,0_R_c5,2,5db48f5322ca1a605eb5c67093912a03,yes,other,united sates of America,bachelor,Female,english,,math,2,s,exp1,,,True,True,human,False
1749067965,5db48f5322ca1a605eb5c67093912a03,PennController,4,0,experiment,NULL,TextInput,answer,Final,s(y),1749067410669.0,14,2,R,Intensional,Abstract,the friend of Christina,1749067322774,22,0_R_f0,NULL,5db48f5322ca1a605eb5c67093912a03,yes,other,united sates of America,bachelor,Female,english,,math,2,s(y),exp1,,,True,True,human,False
1749067965,5db48f5322ca1a605eb5c67093912a03,PennController,5,0,experiment,NULL,DropDown,answer,Selected,Dana,1749067421029.0,18,2,R,Extensional,English,the child of Felicia,1749067410672,22,0_R_c5,3,5db48f5322ca1a605eb5c67093912a03,yes,other,united sates of America,bachelor,Female,english,,math,2,Dana,exp1,,,True,True,human,False
1749067965,5db48f5322ca1a605eb5c67093912a03,PennController,14,0,experiment,NULL,TextInput,answer,Final,enemy(child(felicia)),1749067485413.0,59,3,R,Intensional,English,the enemy of the child of Felicia,1749067422135,22,0_R_ec5,NULL,5db48f5322ca1a605eb5c67093912a03,yes,other,united sates of America,bachelor,Female,english,,math,3,enemy(child(felicia)),exp1,,,True,True,human,False
1749067965,5db48f5322ca1a605eb5c67093912a03,PennController,11,0,experiment,NULL,DropDown,answer,Selected,Christina,1749067524044.0,148,3,L,Extensional,English,Elizabeth's enemy's friend,1749067485415,22,0_L_fe4,2,5db48f5322ca1a605eb5c67093912a03,yes,other,united sates of America,bachelor,Female,english,,math,3,Christina,exp1,,,True,True,human,False
1749067965,5db48f5322ca1a605eb5c67093912a03,PennController,22,0,experiment,NULL,TextInput,answer,Final,enemy(child(felicia),1749067570766.0,94,4,R,Intensional,English,the friend of the enemy of the enemy of Felicia,1749067524982,22,0_R_fee5,NULL,5db48f5322ca1a605eb5c67093912a03,yes,other,united sates of America,bachelor,Female,english,,math,4,friend(enemy(enemy(felicia))),exp1,,,False,False,human,False
1749067965,5db48f5322ca1a605eb5c67093912a03,PennController,10,0,experiment,NULL,TextInput,answer,Final,y(t(q)),1749067653084.0,43,3,R,Intensional,Abstract,the friend of the child of Bryan,1749067570769,22,0_R_fc3,NULL,5db48f5322ca1a605eb5c67093912a03,yes,other,united sates of America,bachelor,Female,english,,math,3,s(t(t)),exp1,,,False,False,human,False
1749067965,5db48f5322ca1a605eb5c67093912a03,PennController,9,0,experiment,NULL,TextInput,answer,Final,s(w(s)),1749067694108.0,136,3,L,Intensional,Abstract,Dana's enemy's enemy,1749067653086,22,0_L_ee2,NULL,5db48f5322ca1a605eb5c67093912a03,yes,other,united sates of America,bachelor,Female,english,,math,3,w(w(s)),exp1,,,False,False,human,False
1749067965,5db48f5322ca1a605eb5c67093912a03,PennController,6,0,experiment,NULL,TextInput,answer,Final,child(felicia),1749067727092.0,1,2,R,Intensional,English,the child of Felicia,1749067694111,22,0_R_c5,NULL,5db48f5322ca1a605eb5c67093912a03,yes,other,united sates of America,bachelor,Female,english,,math,2,child(felicia),exp1,,,True,True,human,False
1749067965,5db48f5322ca1a605eb5c67093912a03,PennController,13,0,experiment,NULL,TextInput,answer,Final,enemy(parent(amber)),1749067796148.0,131,3,L,Intensional,English,Amber's enemy's parent,1749067727094,22,0_L_pe1,NULL,5db48f5322ca1a605eb5c67093912a03,yes,other,united sates of America,bachelor,Female,english,,math,3,parent(enemy(amber)),exp1,,,False,False,human,False
1749067965,5db48f5322ca1a605eb5c67093912a03,PennController,21,0,experiment,NULL,TextInput,answer,Final,friends(parent(brain)),1749067840972.0,177,4,L,Intensional,English,Bryan's friend's child's parent,1749067796151,22,0_L_pcf3,NULL,5db48f5322ca1a605eb5c67093912a03,yes,other,united sates of America,bachelor,Female,english,,math,4,parent(child(friend(bryan))),exp1,,,False,False,human,False
1749067965,5db48f5322ca1a605eb5c67093912a03,PennController,18,0,experiment,NULL,TextInput,answer,Final,t(w(s)),1749067881259.0,72,4,R,Intensional,Abstract,the parent of the child of the enemy of Dana,1749067840973,22,0_R_pce2,NULL,5db48f5322ca1a605eb5c67093912a03,yes,other,united sates of America,bachelor,Female,english,,math,4,k(t(w(s))),exp1,,,False,False,human,False
1749067965,5db48f5322ca1a605eb5c67093912a03,PennController,12,0,experiment,NULL,DropDown,answer,Selected,Bryan,1749067934188.0,25,3,R,Extensional,English,the enemy of the child of Christina,1749067881261,22,0_R_ec0,1,5db48f5322ca1a605eb5c67093912a03,yes,other,united sates of America,bachelor,Female,english,,math,3,Amber,exp1,,,False,False,human,False
1749067965,5db48f5322ca1a605eb5c67093912a03,PennController,17,0,experiment,NULL,TextInput,answer,Final,v(t(q)),1749067961652.0,200,4,L,Intensional,Abstract,Felicia's child's parent's child,1749067935293,22,0_L_cpc5,NULL,5db48f5322ca1a605eb5c67093912a03,yes,other,united sates of America,bachelor,Female,english,,math,4,t(k(t(q))),exp1,,,False,False,human,False
1749068030,4c91f2423e3a6b03a577ab17d00f0f1a,PennController,11,0,experiment,NULL,DropDown,answer,Selected,Christina,1749066430717.0,148,3,L,Extensional,English,Elizabeth's enemy's friend,1749065889717,22,0_L_fe4,2,4c91f2423e3a6b03a577ab17d00f0f1a,yes,other,United States,bachelor,Female,english,,other,3,Christina,exp1,,,True,True,human,False
1749068030,4c91f2423e3a6b03a577ab17d00f0f1a,PennController,21,0,experiment,NULL,TextInput,answer,Final,((parent child)Bryan(friend)),1749066856972.0,177,4,L,Intensional,English,Bryan's friend's child's parent,1749066433151,22,0_L_pcf3,NULL,4c91f2423e3a6b03a577ab17d00f0f1a,yes,other,United States,bachelor,Female,english,,other,4,parent(child(friend(bryan))),exp1,,,False,False,human,False
1749068030,4c91f2423e3a6b03a577ab17d00f0f1a,PennController,9,0,experiment,NULL,TextInput,answer,Final,(w(w(s)),1749067027790.0,136,3,L,Intensional,Abstract,Dana's enemy's enemy,1749066856976,22,0_L_ee2,NULL,4c91f2423e3a6b03a577ab17d00f0f1a,yes,other,United States,bachelor,Female,english,,other,3,w(w(s)),exp1,,,False,True,human,False
1749068030,4c91f2423e3a6b03a577ab17d00f0f1a,PennController,17,0,experiment,NULL,TextInput,answer,Final,t(q)(k(s)),1749067195366.0,200,4,L,Intensional,Abstract,Felicia's child's parent's child,1749067027792,22,0_L_cpc5,NULL,4c91f2423e3a6b03a577ab17d00f0f1a,yes,other,United States,bachelor,Female,english,,other,4,t(k(t(q))),exp1,,,False,False,human,False
1749068030,4c91f2423e3a6b03a577ab17d00f0f1a,PennController,19,0,experiment,NULL,DropDown,answer,Selected,Amber,1749067250857.0,162,4,L,Extensional,English,Christina's enemy's friend's child,1749067195368,22,0_L_cfe0,0,4c91f2423e3a6b03a577ab17d00f0f1a,yes,other,United States,bachelor,Female,english,,other,4,Dana,exp1,,,False,False,human,False
1749068030,4c91f2423e3a6b03a577ab17d00f0f1a,PennController,10,0,experiment,NULL,TextInput,answer,Final,s(h),1749067421070.0,43,3,R,Intensional,Abstract,the friend of the child of Bryan,1749067252310,22,0_R_fc3,NULL,4c91f2423e3a6b03a577ab17d00f0f1a,yes,other,United States,bachelor,Female,english,,other,3,s(t(t)),exp1,,,False,False,human,False
1749068030,4c91f2423e3a6b03a577ab17d00f0f1a,PennController,5,0,experiment,NULL,DropDown,answer,Selected,Dana,1749067439543.0,18,2,R,Extensional,English,the child of Felicia,1749067421073,22,0_R_c5,3,4c91f2423e3a6b03a577ab17d00f0f1a,yes,other,United States,bachelor,Female,english,,other,2,Dana,exp1,,,True,True,human,False
1749068030,4c91f2423e3a6b03a577ab17d00f0f1a,PennController,16,0,experiment,NULL,DropDown,answer,Selected,y,1749067471935.0,91,4,R,Extensional,Abstract,the friend of the child of the friend of Felicia,1749067441039,22,0_R_fcf5,5,4c91f2423e3a6b03a577ab17d00f0f1a,yes,other,United States,bachelor,Female,english,,other,4,y,exp1,,,True,True,human,False
1749068030,4c91f2423e3a6b03a577ab17d00f0f1a,PennController,6,0,experiment,NULL,TextInput,answer,Final,child(Felicia),1749067524564.0,1,2,R,Intensional,English,the child of Felicia,1749067473337,22,0_R_c5,NULL,4c91f2423e3a6b03a577ab17d00f0f1a,yes,other,United States,bachelor,Female,english,,other,2,child(felicia),exp1,,,False,True,human,False
1749068030,4c91f2423e3a6b03a577ab17d00f0f1a,PennController,13,0,experiment,NULL,TextInput,answer,Final,enemy(parent(amber)),1749067592923.0,131,3,L,Intensional,English,Amber's enemy's parent,1749067524566,22,0_L_pe1,NULL,4c91f2423e3a6b03a577ab17d00f0f1a,yes,other,United States,bachelor,Female,english,,other,3,parent(enemy(amber)),exp1,,,False,False,human,False
1749068030,4c91f2423e3a6b03a577ab17d00f0f1a,PennController,15,0,experiment,NULL,DropDown,answer,Selected,q,1749067628782.0,186,4,L,Extensional,Abstract,Elizabeth's parent's friend's friend,1749067592926,22,0_L_ffp4,1,4c91f2423e3a6b03a577ab17d00f0f1a,yes,other,United States,bachelor,Female,english,,other,4,y,exp1,,,False,False,human,False
1749068030,4c91f2423e3a6b03a577ab17d00f0f1a,PennController,4,0,experiment,NULL,TextInput,answer,Final,s(y),1749067659830.0,14,2,R,Intensional,Abstract,the friend of Christina,1749067630162,22,0_R_f0,NULL,4c91f2423e3a6b03a577ab17d00f0f1a,yes,other,United States,bachelor,Female,english,,other,2,s(y),exp1,,,True,True,human,False
1749068030,4c91f2423e3a6b03a577ab17d00f0f1a,PennController,12,0,experiment,NULL,DropDown,answer,Selected,Amber,1749067695510.0,25,3,R,Extensional,English,the enemy of the child of Christina,1749067659832,22,0_R_ec0,0,4c91f2423e3a6b03a577ab17d00f0f1a,yes,other,United States,bachelor,Female,english,,other,3,Amber,exp1,,,True,True,human,False
1749068030,4c91f2423e3a6b03a577ab17d00f0f1a,PennController,14,0,experiment,NULL,TextInput,answer,Final,enemy(child(Felicia)),1749067733562.0,59,3,R,Intensional,English,the enemy of the child of Felicia,1749067696707,22,0_R_ec5,NULL,4c91f2423e3a6b03a577ab17d00f0f1a,yes,other,United States,bachelor,Female,english,,other,3,enemy(child(felicia)),exp1,,,False,True,human,False
1749068030,4c91f2423e3a6b03a577ab17d00f0f1a,PennController,3,0,experiment,NULL,DropDown,answer,Selected,s,1749067744964.0,6,2,R,Extensional,Abstract,the child of Felicia,1749067733565,22,0_R_c5,2,4c91f2423e3a6b03a577ab17d00f0f1a,yes,other,United States,bachelor,Female,english,,other,2,s,exp1,,,True,True,human,False
1749068030,4c91f2423e3a6b03a577ab17d00f0f1a,PennController,22,0,experiment,NULL,TextInput,answer,Final,friend(enemy(enemy(felicia))),1749067816812.0,94,4,R,Intensional,English,the friend of the enemy of the enemy of Felicia,1749067746163,22,0_R_fee5,NULL,4c91f2423e3a6b03a577ab17d00f0f1a,yes,other,United States,bachelor,Female,english,,other,4,friend(enemy(enemy(felicia))),exp1,,,True,True,human,False
1749068030,4c91f2423e3a6b03a577ab17d00f0f1a,PennController,18,0,experiment,NULL,TextInput,answer,Final,k(t(w(s))),1749067918786.0,72,4,R,Intensional,Abstract,the parent of the child of the enemy of Dana,1749067816814,22,0_R_pce2,NULL,4c91f2423e3a6b03a577ab17d00f0f1a,yes,other,United States,bachelor,Female,english,,other,4,k(t(w(s))),exp1,,,True,True,human,False
1749068030,4c91f2423e3a6b03a577ab17d00f0f1a,PennController,7,0,experiment,NULL,DropDown,answer,Selected,y,1749067939427.0,131,3,L,Extensional,Abstract,Amber's enemy's parent,1749067918787,22,0_L_pe1,5,4c91f2423e3a6b03a577ab17d00f0f1a,yes,other,United States,bachelor,Female,english,,other,3,y,exp1,,,True,True,human,False
1749068030,4c91f2423e3a6b03a577ab17d00f0f1a,PennController,20,0,experiment,NULL,DropDown,answer,Selected,Christina,1749067968670.0,80,4,R,Extensional,English,the parent of the enemy of the child of Bryan,1749067940946,22,0_R_pec3,2,4c91f2423e3a6b03a577ab17d00f0f1a,yes,other,United States,bachelor,Female,english,,other,4,Christina,exp1,,,True,True,human,False
1749068030,4c91f2423e3a6b03a577ab17d00f0f1a,PennController,8,0,experiment,NULL,DropDown,answer,Selected,s,1749068027242.0,40,3,R,Extensional,Abstract,the child of the parent of Dana,1749067969845,22,0_R_cp2,2,4c91f2423e3a6b03a577ab17d00f0f1a,yes,other,United States,bachelor,Female,english,,other,3,s,exp1,,,True,True,human,False
1749068246,7fdfda4631de74424c103ea976414aa7,PennController,10,0,experiment,NULL,TextInput,answer,Final,s(t(t)),1749066665216.0,43,3,R,Intensional,Abstract,the friend of the child of Bryan,1749066235960,22,0_R_fc3,NULL,7fdfda4631de74424c103ea976414aa7,yes,other,United States,other,Male,english,,other,3,s(t(t)),exp1,,,True,True,human,False
1749068246,7fdfda4631de74424c103ea976414aa7,PennController,14,0,experiment,NULL,TextInput,answer,Final, enemy(child(Felicia)),1749066811654.0,59,3,R,Intensional,English,the enemy of the child of Felicia,1749066665398,22,0_R_ec5,NULL,7fdfda4631de74424c103ea976414aa7,yes,other,United States,other,Male,english,,other,3,enemy(child(felicia)),exp1,,,False,True,human,False
1749068246,7fdfda4631de74424c103ea976414aa7,PennController,17,0,experiment,NULL,TextInput,answer,Final, t(k(t(q))),1749066870730.0,200,4,L,Intensional,Abstract,Felicia's child's parent's child,1749066811829,22,0_L_cpc5,NULL,7fdfda4631de74424c103ea976414aa7,yes,other,United States,other,Male,english,,other,4,t(k(t(q))),exp1,,,False,True,human,False
1749068246,7fdfda4631de74424c103ea976414aa7,PennController,15,0,experiment,NULL,DropDown,answer,Selected,y,1749067225590.0,186,4,L,Extensional,Abstract,Elizabeth's parent's friend's friend,1749066870896,22,0_L_ffp4,5,7fdfda4631de74424c103ea976414aa7,yes,other,United States,other,Male,english,,other,4,y,exp1,,,True,True,human,False
1749068246,7fdfda4631de74424c103ea976414aa7,PennController,6,0,experiment,NULL,TextInput,answer,Final,child(felicia),1749067342922.0,1,2,R,Intensional,English,the child of Felicia,1749067227399,22,0_R_c5,NULL,7fdfda4631de74424c103ea976414aa7,yes,other,United States,other,Male,english,,other,2,child(felicia),exp1,,,True,True,human,False
1749068246,7fdfda4631de74424c103ea976414aa7,PennController,5,0,experiment,NULL,DropDown,answer,Selected,Dana,1749067389914.0,18,2,R,Extensional,English,the child of Felicia,1749067342961,22,0_R_c5,3,7fdfda4631de74424c103ea976414aa7,yes,other,United States,other,Male,english,,other,2,Dana,exp1,,,True,True,human,False
1749068246,7fdfda4631de74424c103ea976414aa7,PennController,22,0,experiment,NULL,TextInput,answer,Final,friend(enemy(enemy(felicia))),1749067481234.0,94,4,R,Intensional,English,the friend of the enemy of the enemy of Felicia,1749067391683,22,0_R_fee5,NULL,7fdfda4631de74424c103ea976414aa7,yes,other,United States,other,Male,english,,other,4,friend(enemy(enemy(felicia))),exp1,,,True,True,human,False
1749068246,7fdfda4631de74424c103ea976414aa7,PennController,8,0,experiment,NULL,DropDown,answer,Selected,s,1749067542816.0,40,3,R,Extensional,Abstract,the child of the parent of Dana,1749067481291,22,0_R_cp2,2,7fdfda4631de74424c103ea976414aa7,yes,other,United States,other,Male,english,,other,3,s,exp1,,,True,True,human,False
1749068246,7fdfda4631de74424c103ea976414aa7,PennController,16,0,experiment,NULL,DropDown,answer,Selected,y,1749067587347.0,91,4,R,Extensional,Abstract,the friend of the child of the friend of Felicia,1749067545421,22,0_R_fcf5,5,7fdfda4631de74424c103ea976414aa7,yes,other,United States,other,Male,english,,other,4,y,exp1,,,True,True,human,False
1749068246,7fdfda4631de74424c103ea976414aa7,PennController,19,0,experiment,NULL,DropDown,answer,Selected,Dana,1749067643094.0,162,4,L,Extensional,English,Christina's enemy's friend's child,1749067589540,22,0_L_cfe0,3,7fdfda4631de74424c103ea976414aa7,yes,other,United States,other,Male,english,,other,4,Dana,exp1,,,True,True,human,False
1749068246,7fdfda4631de74424c103ea976414aa7,PennController,18,0,experiment,NULL,TextInput,answer,Final,k(t(w(s))),1749067710930.0,72,4,R,Intensional,Abstract,the parent of the child of the enemy of Dana,1749067645078,22,0_R_pce2,NULL,7fdfda4631de74424c103ea976414aa7,yes,other,United States,other,Male,english,,other,4,k(t(w(s))),exp1,,,True,True,human,False
1749068246,7fdfda4631de74424c103ea976414aa7,PennController,4,0,experiment,NULL,TextInput,answer,Final,s(y),1749067758957.0,14,2,R,Intensional,Abstract,the friend of Christina,1749067710972,22,0_R_f0,NULL,7fdfda4631de74424c103ea976414aa7,yes,other,United States,other,Male,english,,other,2,s(y),exp1,,,True,True,human,False
1749068246,7fdfda4631de74424c103ea976414aa7,PennController,12,0,experiment,NULL,DropDown,answer,Selected,Amber,1749067799636.0,25,3,R,Extensional,English,the enemy of the child of Christina,1749067759009,22,0_R_ec0,0,7fdfda4631de74424c103ea976414aa7,yes,other,United States,other,Male,english,,other,3,Amber,exp1,,,True,True,human,False
1749068246,7fdfda4631de74424c103ea976414aa7,PennController,13,0,experiment,NULL,TextInput,answer,Final,parent(enemy(amber)),1749067858397.0,131,3,L,Intensional,English,Amber's enemy's parent,1749067801857,22,0_L_pe1,NULL,7fdfda4631de74424c103ea976414aa7,yes,other,United States,other,Male,english,,other,3,parent(enemy(amber)),exp1,,,True,True,human,False
1749068246,7fdfda4631de74424c103ea976414aa7,PennController,20,0,experiment,NULL,DropDown,answer,Selected,Christina,1749067907007.0,80,4,R,Extensional,English,the parent of the enemy of the child of Bryan,1749067858449,22,0_R_pec3,2,7fdfda4631de74424c103ea976414aa7,yes,other,United States,other,Male,english,,other,4,Christina,exp1,,,True,True,human,False
1749068246,7fdfda4631de74424c103ea976414aa7,PennController,3,0,experiment,NULL,DropDown,answer,Selected,s,1749067949881.0,6,2,R,Extensional,Abstract,the child of Felicia,1749067908800,22,0_R_c5,2,7fdfda4631de74424c103ea976414aa7,yes,other,United States,other,Male,english,,other,2,s,exp1,,,True,True,human,False
1749068246,7fdfda4631de74424c103ea976414aa7,PennController,21,0,experiment,NULL,TextInput,answer,Final, parent(child(bryan)),1749068004964.0,177,4,L,Intensional,English,Bryan's friend's child's parent,1749067952225,22,0_L_pcf3,NULL,7fdfda4631de74424c103ea976414aa7,yes,other,United States,other,Male,english,,other,4,parent(child(friend(bryan))),exp1,,,False,False,human,False
1749068246,7fdfda4631de74424c103ea976414aa7,PennController,7,0,experiment,NULL,DropDown,answer,Selected,y,1749068123263.0,131,3,L,Extensional,Abstract,Amber's enemy's parent,1749068005009,22,0_L_pe1,5,7fdfda4631de74424c103ea976414aa7,yes,other,United States,other,Male,english,,other,3,y,exp1,,,True,True,human,False
1749068246,7fdfda4631de74424c103ea976414aa7,PennController,11,0,experiment,NULL,DropDown,answer,Selected,Christina,1749068168526.0,148,3,L,Extensional,English,Elizabeth's enemy's friend,1749068125654,22,0_L_fe4,2,7fdfda4631de74424c103ea976414aa7,yes,other,United States,other,Male,english,,other,3,Christina,exp1,,,True,True,human,False
1749068246,7fdfda4631de74424c103ea976414aa7,PennController,9,0,experiment,NULL,TextInput,answer,Final,w(w(s)),1749068242723.0,136,3,L,Intensional,Abstract,Dana's enemy's enemy,1749068170375,22,0_L_ee2,NULL,7fdfda4631de74424c103ea976414aa7,yes,other,United States,other,Male,english,,other,3,w(w(s)),exp1,,,True,True,human,False
1749068700,adcf60bded469b6463d65141fcfcbc84,PennController,20,0,experiment,NULL,DropDown,answer,Selected,Christina,1749067069610.0,80,4,R,Extensional,English,the parent of the enemy of the child of Bryan,1749066917519,22,0_R_pec3,2,adcf60bded469b6463d65141fcfcbc84,yes,other,USA,bachelor,Female,english,,other,4,Christina,exp1,,,True,True,human,False
1749068700,adcf60bded469b6463d65141fcfcbc84,PennController,8,0,experiment,NULL,DropDown,answer,Selected,s,1749067164312.0,40,3,R,Extensional,Abstract,the child of the parent of Dana,1749067071137,22,0_R_cp2,2,adcf60bded469b6463d65141fcfcbc84,yes,other,USA,bachelor,Female,english,,other,3,s,exp1,,,True,True,human,False
1749068700,adcf60bded469b6463d65141fcfcbc84,PennController,11,0,experiment,NULL,DropDown,answer,Selected,Felicia,1749067211920.0,148,3,L,Extensional,English,Elizabeth's enemy's friend,1749067165038,22,0_L_fe4,5,adcf60bded469b6463d65141fcfcbc84,yes,other,USA,bachelor,Female,english,,other,3,Christina,exp1,,,False,False,human,False
1749068700,adcf60bded469b6463d65141fcfcbc84,PennController,13,0,experiment,NULL,TextInput,answer,Final,parent(enemy(amber)),1749067480427.0,131,3,L,Intensional,English,Amber's enemy's parent,1749067215391,22,0_L_pe1,NULL,adcf60bded469b6463d65141fcfcbc84,yes,other,USA,bachelor,Female,english,,other,3,parent(enemy(amber)),exp1,,,True,True,human,False
1749068700,adcf60bded469b6463d65141fcfcbc84,PennController,22,0,experiment,NULL,TextInput,answer,Final,enemy(friend(amber)),1749067591713.0,94,4,R,Intensional,English,the friend of the enemy of the enemy of Felicia,1749067480429,22,0_R_fee5,NULL,adcf60bded469b6463d65141fcfcbc84,yes,other,USA,bachelor,Female,english,,other,4,friend(enemy(enemy(felicia))),exp1,,,False,False,human,False
1749068700,adcf60bded469b6463d65141fcfcbc84,PennController,18,0,experiment,NULL,TextInput,answer,Final,k(t(w(s))),1749067880353.0,72,4,R,Intensional,Abstract,the parent of the child of the enemy of Dana,1749067591716,22,0_R_pce2,NULL,adcf60bded469b6463d65141fcfcbc84,yes,other,USA,bachelor,Female,english,,other,4,k(t(w(s))),exp1,,,True,True,human,False
1749068700,adcf60bded469b6463d65141fcfcbc84,PennController,19,0,experiment,NULL,DropDown,answer,Selected,Dana,1749067924208.0,162,4,L,Extensional,English,Christina's enemy's friend's child,1749067880355,22,0_L_cfe0,3,adcf60bded469b6463d65141fcfcbc84,yes,other,USA,bachelor,Female,english,,other,4,Dana,exp1,,,True,True,human,False
1749068700,adcf60bded469b6463d65141fcfcbc84,PennController,4,0,experiment,NULL,TextInput,answer,Final,w(k(h)),1749067977471.0,14,2,R,Intensional,Abstract,the friend of Christina,1749067925555,22,0_R_f0,NULL,adcf60bded469b6463d65141fcfcbc84,yes,other,USA,bachelor,Female,english,,other,2,s(y),exp1,,,False,False,human,False
1749068700,adcf60bded469b6463d65141fcfcbc84,PennController,7,0,experiment,NULL,DropDown,answer,Selected,y,1749068020239.0,131,3,L,Extensional,Abstract,Amber's enemy's parent,1749067977472,22,0_L_pe1,5,adcf60bded469b6463d65141fcfcbc84,yes,other,USA,bachelor,Female,english,,other,3,y,exp1,,,True,True,human,False
1749068700,adcf60bded469b6463d65141fcfcbc84,PennController,6,0,experiment,NULL,TextInput,answer,Final,child(felicia),1749068073308.0,1,2,R,Intensional,English,the child of Felicia,1749068021700,22,0_R_c5,NULL,adcf60bded469b6463d65141fcfcbc84,yes,other,USA,bachelor,Female,english,,other,2,child(felicia),exp1,,,True,True,human,False
1749068700,adcf60bded469b6463d65141fcfcbc84,PennController,21,0,experiment,NULL,TextInput,answer,Final,parent(child(friend(bryan))),1749068150617.0,177,4,L,Intensional,English,Bryan's friend's child's parent,1749068073309,22,0_L_pcf3,NULL,adcf60bded469b6463d65141fcfcbc84,yes,other,USA,bachelor,Female,english,,other,4,parent(child(friend(bryan))),exp1,,,True,True,human,False
1749068700,adcf60bded469b6463d65141fcfcbc84,PennController,12,0,experiment,NULL,DropDown,answer,Selected,Amber,1749068199614.0,25,3,R,Extensional,English,the enemy of the child of Christina,1749068150619,22,0_R_ec0,0,adcf60bded469b6463d65141fcfcbc84,yes,other,USA,bachelor,Female,english,,other,3,Amber,exp1,,,True,True,human,False
1749068700,adcf60bded469b6463d65141fcfcbc84,PennController,5,0,experiment,NULL,DropDown,answer,Selected,Dana,1749068238038.0,18,2,R,Extensional,English,the child of Felicia,1749068200761,22,0_R_c5,3,adcf60bded469b6463d65141fcfcbc84,yes,other,USA,bachelor,Female,english,,other,2,Dana,exp1,,,True,True,human,False
1749068700,adcf60bded469b6463d65141fcfcbc84,PennController,15,0,experiment,NULL,DropDown,answer,Selected,y,1749068276157.0,186,4,L,Extensional,Abstract,Elizabeth's parent's friend's friend,1749068239491,22,0_L_ffp4,5,adcf60bded469b6463d65141fcfcbc84,yes,other,USA,bachelor,Female,english,,other,4,y,exp1,,,True,True,human,False
1749068700,adcf60bded469b6463d65141fcfcbc84,PennController,3,0,experiment,NULL,DropDown,answer,Selected,s,1749068317451.0,6,2,R,Extensional,Abstract,the child of Felicia,1749068277628,22,0_R_c5,2,adcf60bded469b6463d65141fcfcbc84,yes,other,USA,bachelor,Female,english,,other,2,s,exp1,,,True,True,human,False
1749068700,adcf60bded469b6463d65141fcfcbc84,PennController,9,0,experiment,NULL,TextInput,answer,Final,w(w(s)),1749068361455.0,136,3,L,Intensional,Abstract,Dana's enemy's enemy,1749068318912,22,0_L_ee2,NULL,adcf60bded469b6463d65141fcfcbc84,yes,other,USA,bachelor,Female,english,,other,3,w(w(s)),exp1,,,True,True,human,False
1749068700,adcf60bded469b6463d65141fcfcbc84,PennController,16,0,experiment,NULL,DropDown,answer,Selected,y,1749068399562.0,91,4,R,Extensional,Abstract,the friend of the child of the friend of Felicia,1749068361457,22,0_R_fcf5,5,adcf60bded469b6463d65141fcfcbc84,yes,other,USA,bachelor,Female,english,,other,4,y,exp1,,,True,True,human,False
1749068700,adcf60bded469b6463d65141fcfcbc84,PennController,10,0,experiment,NULL,TextInput,answer,Final,s(t(t)),1749068480916.0,43,3,R,Intensional,Abstract,the friend of the child of Bryan,1749068400798,22,0_R_fc3,NULL,adcf60bded469b6463d65141fcfcbc84,yes,other,USA,bachelor,Female,english,,other,3,s(t(t)),exp1,,,True,True,human,False
1749068700,adcf60bded469b6463d65141fcfcbc84,PennController,14,0,experiment,NULL,TextInput,answer,Final,enemy(child(felicia)),1749068539710.0,59,3,R,Intensional,English,the enemy of the child of Felicia,1749068480918,22,0_R_ec5,NULL,adcf60bded469b6463d65141fcfcbc84,yes,other,USA,bachelor,Female,english,,other,3,enemy(child(felicia)),exp1,,,True,True,human,False
1749068700,adcf60bded469b6463d65141fcfcbc84,PennController,17,0,experiment,NULL,TextInput,answer,Final,t(k(t(q))),1749068698620.0,200,4,L,Intensional,Abstract,Felicia's child's parent's child,1749068539711,22,0_L_cpc5,NULL,adcf60bded469b6463d65141fcfcbc84,yes,other,USA,bachelor,Female,english,,other,4,t(k(t(q))),exp1,,,True,True,human,False
1749068893,a95b843f3b5722796e5bb94058601959,PennController,21,0,experiment,NULL,TextInput,answer,Final,parent(child(friend(bryan),1749066541643.0,177,4,L,Intensional,English,Bryan's friend's child's parent,1749065988462,22,0_L_pcf3,NULL,a95b843f3b5722796e5bb94058601959,yes,other,US,bachelor,Male,english,,other,4,parent(child(friend(bryan))),exp1,,,False,True,human,False
1749068893,a95b843f3b5722796e5bb94058601959,PennController,5,0,experiment,NULL,DropDown,answer,Selected,Dana,1749066857669.0,18,2,R,Extensional,English,the child of Felicia,1749066541647,22,0_R_c5,3,a95b843f3b5722796e5bb94058601959,yes,other,US,bachelor,Male,english,,other,2,Dana,exp1,,,True,True,human,False
1749068893,a95b843f3b5722796e5bb94058601959,PennController,8,0,experiment,NULL,DropDown,answer,Selected,q,1749066935266.0,40,3,R,Extensional,Abstract,the child of the parent of Dana,1749066859102,22,0_R_cp2,1,a95b843f3b5722796e5bb94058601959,yes,other,US,bachelor,Male,english,,other,3,s,exp1,,,False,False,human,False
1749068893,a95b843f3b5722796e5bb94058601959,PennController,13,0,experiment,NULL,TextInput,answer,Final,parent(enemy(amber),1749067048299.0,131,3,L,Intensional,English,Amber's enemy's parent,1749066936303,22,0_L_pe1,NULL,a95b843f3b5722796e5bb94058601959,yes,other,US,bachelor,Male,english,,other,3,parent(enemy(amber)),exp1,,,False,True,human,False
1749068893,a95b843f3b5722796e5bb94058601959,PennController,22,0,experiment,NULL,TextInput,answer,Final,friend(enemy(enemy(felicia),1749067240580.0,94,4,R,Intensional,English,the friend of the enemy of the enemy of Felicia,1749067048301,22,0_R_fee5,NULL,a95b843f3b5722796e5bb94058601959,yes,other,US,bachelor,Male,english,,other,4,friend(enemy(enemy(felicia))),exp1,,,False,True,human,False
1749068893,a95b843f3b5722796e5bb94058601959,PennController,3,0,experiment,NULL,DropDown,answer,Selected,s,1749067256537.0,6,2,R,Extensional,Abstract,the child of Felicia,1749067240584,22,0_R_c5,2,a95b843f3b5722796e5bb94058601959,yes,other,US,bachelor,Male,english,,other,2,s,exp1,,,True,True,human,False
1749068893,a95b843f3b5722796e5bb94058601959,PennController,11,0,experiment,NULL,DropDown,answer,Selected,Felicia,1749067289333.0,148,3,L,Extensional,English,Elizabeth's enemy's friend,1749067268992,22,0_L_fe4,5,a95b843f3b5722796e5bb94058601959,yes,other,US,bachelor,Male,english,,other,3,Christina,exp1,,,False,False,human,False
1749068893,a95b843f3b5722796e5bb94058601959,PennController,15,0,experiment,NULL,DropDown,answer,Selected,h,1749067406180.0,186,4,L,Extensional,Abstract,Elizabeth's parent's friend's friend,1749067291555,22,0_L_ffp4,0,a95b843f3b5722796e5bb94058601959,yes,other,US,bachelor,Male,english,,other,4,y,exp1,,,False,False,human,False
1749068893,a95b843f3b5722796e5bb94058601959,PennController,18,0,experiment,NULL,TextInput,answer,Final,k(h(w(s),1749067684038.0,72,4,R,Intensional,Abstract,the parent of the child of the enemy of Dana,1749067426490,22,0_R_pce2,NULL,a95b843f3b5722796e5bb94058601959,yes,other,US,bachelor,Male,english,,other,4,k(t(w(s))),exp1,,,False,False,human,False
1749068893,a95b843f3b5722796e5bb94058601959,PennController,6,0,experiment,NULL,TextInput,answer,Final,child(felicia),1749067788558.0,1,2,R,Intensional,English,the child of Felicia,1749067684041,22,0_R_c5,NULL,a95b843f3b5722796e5bb94058601959,yes,other,US,bachelor,Male,english,,other,2,child(felicia),exp1,,,True,True,human,False
1749068893,a95b843f3b5722796e5bb94058601959,PennController,16,0,experiment,NULL,DropDown,answer,Selected,s,1749067884560.0,91,4,R,Extensional,Abstract,the friend of the child of the friend of Felicia,1749067788560,22,0_R_fcf5,2,a95b843f3b5722796e5bb94058601959,yes,other,US,bachelor,Male,english,,other,4,y,exp1,,,False,False,human,False
1749068893,a95b843f3b5722796e5bb94058601959,PennController,4,0,experiment,NULL,TextInput,answer,Final,s(y),1749067945305.0,14,2,R,Intensional,Abstract,the friend of Christina,1749067885763,22,0_R_f0,NULL,a95b843f3b5722796e5bb94058601959,yes,other,US,bachelor,Male,english,,other,2,s(y),exp1,,,True,True,human,False
1749068893,a95b843f3b5722796e5bb94058601959,PennController,19,0,experiment,NULL,DropDown,answer,Selected,Felicia,1749068015866.0,162,4,L,Extensional,English,Christina's enemy's friend's child,1749067945307,22,0_L_cfe0,5,a95b843f3b5722796e5bb94058601959,yes,other,US,bachelor,Male,english,,other,4,Dana,exp1,,,False,False,human,False
1749068893,a95b843f3b5722796e5bb94058601959,PennController,7,0,experiment,NULL,DropDown,answer,Selected,v,1749068136860.0,131,3,L,Extensional,Abstract,Amber's enemy's parent,1749068017314,22,0_L_pe1,4,a95b843f3b5722796e5bb94058601959,yes,other,US,bachelor,Male,english,,other,3,y,exp1,,,False,False,human,False
1749068893,a95b843f3b5722796e5bb94058601959,PennController,14,0,experiment,NULL,TextInput,answer,Final,enemy(child(felicia),1749068302016.0,59,3,R,Intensional,English,the enemy of the child of Felicia,1749068138653,22,0_R_ec5,NULL,a95b843f3b5722796e5bb94058601959,yes,other,US,bachelor,Male,english,,other,3,enemy(child(felicia)),exp1,,,False,True,human,False
1749068893,a95b843f3b5722796e5bb94058601959,PennController,12,0,experiment,NULL,DropDown,answer,Selected,Amber,1749068358469.0,25,3,R,Extensional,English,the enemy of the child of Christina,1749068302019,22,0_R_ec0,0,a95b843f3b5722796e5bb94058601959,yes,other,US,bachelor,Male,english,,other,3,Amber,exp1,,,True,True,human,False
1749068893,a95b843f3b5722796e5bb94058601959,PennController,9,0,experiment,NULL,TextInput,answer,Final,w(s(s),1749068468021.0,136,3,L,Intensional,Abstract,Dana's enemy's enemy,1749068360077,22,0_L_ee2,NULL,a95b843f3b5722796e5bb94058601959,yes,other,US,bachelor,Male,english,,other,3,w(w(s)),exp1,,,False,False,human,False
1749068893,a95b843f3b5722796e5bb94058601959,PennController,20,0,experiment,NULL,DropDown,answer,Selected,Bryan,1749068629635.0,80,4,R,Extensional,English,the parent of the enemy of the child of Bryan,1749068468023,22,0_R_pec3,1,a95b843f3b5722796e5bb94058601959,yes,other,US,bachelor,Male,english,,other,4,Christina,exp1,,,False,False,human,False
1749068893,a95b843f3b5722796e5bb94058601959,PennController,17,0,experiment,NULL,TextInput,answer,Final,t(q(h),1749068733685.0,200,4,L,Intensional,Abstract,Felicia's child's parent's child,1749068631903,22,0_L_cpc5,NULL,a95b843f3b5722796e5bb94058601959,yes,other,US,bachelor,Male,english,,other,4,t(k(t(q))),exp1,,,False,False,human,False
1749068893,a95b843f3b5722796e5bb94058601959,PennController,10,0,experiment,NULL,TextInput,answer,Final,s(h),1749068874959.0,43,3,R,Intensional,Abstract,the friend of the child of Bryan,1749068733687,22,0_R_fc3,NULL,a95b843f3b5722796e5bb94058601959,yes,other,US,bachelor,Male,english,,other,3,s(t(t)),exp1,,,False,False,human,False
1750328653,3468bf68d6ca0765864c6515f13b4a3b,PennController,12,0,trial,NULL,DropDown,answer,Selected,Christina,1750328282936.0,21,3,R,Extensional,English,the enemy of the friend of Christina,1750328256330,25,0_R_ef0,2,3468bf68d6ca0765864c6515f13b4a3b,yes,other,United Kingdom,master,Male,english,,ai,3,Elizabeth,exp2,,,False,False,human,False
1750328653,3468bf68d6ca0765864c6515f13b4a3b,PennController,14,0,trial,NULL,TextInput,answer,Final,bryan,1750328301203.0,50,3,R,Intensional,English,the friend of the parent of Elizabeth,1750328284174,25,0_R_fp4,NULL,3468bf68d6ca0765864c6515f13b4a3b,yes,other,United Kingdom,master,Male,english,,ai,3,friend(parent(elizabeth)),exp2,,,False,False,human,False
1750328653,3468bf68d6ca0765864c6515f13b4a3b,PennController,3,0,trial,NULL,DropDown,answer,Selected,y,1750328314078.0,7,2,R,Extensional,Abstract,the child of Felicia,1750328301207,25,0_R_c5,5,3468bf68d6ca0765864c6515f13b4a3b,yes,other,United Kingdom,master,Male,english,,ai,2,s,exp2,,,False,False,human,False
1750328653,3468bf68d6ca0765864c6515f13b4a3b,PennController,11,0,trial,NULL,DropDown,answer,Selected,Felicia,1750328363998.0,94,3,L,Extensional,English,Dana's friend's parent,1750328315591,25,0_L_pf2,5,3468bf68d6ca0765864c6515f13b4a3b,yes,other,United Kingdom,master,Male,english,,ai,3,Christina,exp2,,,False,False,human,False
1750328653,3468bf68d6ca0765864c6515f13b4a3b,PennController,9,0,trial,NULL,TextInput,answer,Final,y(w)t,1750328418348.0,85,3,L,Intensional,Abstract,Christina's child's enemy,1750328365283,25,0_L_ec0,NULL,3468bf68d6ca0765864c6515f13b4a3b,yes,other,United Kingdom,master,Male,english,,ai,3,w(t(y)),exp2,,,False,False,human,False
1750328653,3468bf68d6ca0765864c6515f13b4a3b,PennController,4,0,trial,NULL,TextInput,answer,Final,t(Q),1750328430540.0,10,2,R,Intensional,Abstract,the child of Felicia,1750328418351,25,0_R_c5,NULL,3468bf68d6ca0765864c6515f13b4a3b,yes,other,United Kingdom,master,Male,english,,ai,2,t(q),exp2,,,False,True,human,False
1750328653,3468bf68d6ca0765864c6515f13b4a3b,PennController,5,0,trial,NULL,DropDown,answer,Selected,Dana,1750328444998.0,18,2,R,Extensional,English,the child of Felicia,1750328430544,25,0_R_c5,3,3468bf68d6ca0765864c6515f13b4a3b,yes,other,United Kingdom,master,Male,english,,ai,2,Dana,exp2,,,True,True,human,False
1750328653,3468bf68d6ca0765864c6515f13b4a3b,PennController,13,0,trial,NULL,TextInput,answer,Final,parent(elizabeth) ,1750328490371.0,112,3,L,Intensional,English,Elizabeth's parent's child,1750328446198,25,0_L_cp4,NULL,3468bf68d6ca0765864c6515f13b4a3b,yes,other,United Kingdom,master,Male,english,,ai,3,child(parent(elizabeth)),exp2,,,False,False,human,False
1750328653,3468bf68d6ca0765864c6515f13b4a3b,PennController,10,0,trial,NULL,TextInput,answer,Final,t(Q),1750328503481.0,59,3,R,Intensional,Abstract,the enemy of the child of Felicia,1750328490376,25,0_R_ec5,NULL,3468bf68d6ca0765864c6515f13b4a3b,yes,other,United Kingdom,master,Male,english,,ai,3,w(t(q)),exp2,,,False,False,human,False
1750328653,3468bf68d6ca0765864c6515f13b4a3b,PennController,8,0,trial,NULL,DropDown,answer,Selected,t,1750328583160.0,23,3,R,Extensional,Abstract,the child of the enemy of Christina,1750328503484,25,0_R_ce0,3,3468bf68d6ca0765864c6515f13b4a3b,yes,other,United Kingdom,master,Male,english,,ai,3,h,exp2,,,False,False,human,False
1750328653,3468bf68d6ca0765864c6515f13b4a3b,PennController,6,0,trial,NULL,TextInput,answer,Final,parent(elizabeth),1750328626701.0,17,2,R,Intensional,English,the parent of Elizabeth,1750328584348,25,0_R_p4,NULL,3468bf68d6ca0765864c6515f13b4a3b,yes,other,United Kingdom,master,Male,english,,ai,2,parent(elizabeth),exp2,,,True,True,human,False
1750328653,3468bf68d6ca0765864c6515f13b4a3b,PennController,7,0,trial,NULL,DropDown,answer,Selected,h,1750328649530.0,105,3,L,Extensional,Abstract,Elizabeth's friend's friend,1750328626704,25,0_L_ff4,0,3468bf68d6ca0765864c6515f13b4a3b,yes,other,United Kingdom,master,Male,english,,ai,3,v,exp2,,,False,False,human,False
1750328699,6bdb0dcc8c411c692c4ca4c3dd47aa72,PennController,11,0,trial,NULL,DropDown,answer,Selected,Amber,1750328425641.0,83,3,L,Extensional,English,Christina's enemy's child,1750328385525,4,0_L_ce0,0,6bdb0dcc8c411c692c4ca4c3dd47aa72,yes,other,spain,master,Male,other,spanish,math,3,Amber,exp2,,,True,True,human,False
1750328699,6bdb0dcc8c411c692c4ca4c3dd47aa72,PennController,4,0,trial,NULL,TextInput,answer,Final,s(h),1750328454504.0,69,2,L,Intensional,Abstract,Amber's friend,1750328426206,4,0_L_f1,NULL,6bdb0dcc8c411c692c4ca4c3dd47aa72,yes,other,spain,master,Male,other,spanish,math,2,s(h),exp2,,,True,True,human,False
1750328699,6bdb0dcc8c411c692c4ca4c3dd47aa72,PennController,6,0,trial,NULL,TextInput,answer,Final,child(felicia),1750328471347.0,66,2,L,Intensional,English,Felicia's child,1750328454505,4,0_L_c5,NULL,6bdb0dcc8c411c692c4ca4c3dd47aa72,yes,other,spain,master,Male,other,spanish,math,2,child(felicia),exp2,,,True,True,human,False
1750328699,6bdb0dcc8c411c692c4ca4c3dd47aa72,PennController,10,0,trial,NULL,TextInput,answer,Final,s(k(h)),1750328522070.0,38,3,R,Intensional,Abstract,the friend of the parent of Dana,1750328471348,4,0_R_fp2,NULL,6bdb0dcc8c411c692c4ca4c3dd47aa72,yes,other,spain,master,Male,other,spanish,math,3,s(k(s)),exp2,,,False,False,human,False
1750328699,6bdb0dcc8c411c692c4ca4c3dd47aa72,PennController,5,0,trial,NULL,DropDown,answer,Selected,Felicia,1750328536972.0,62,2,L,Extensional,English,Dana's enemy,1750328522072,4,0_L_e2,5,6bdb0dcc8c411c692c4ca4c3dd47aa72,yes,other,spain,master,Male,other,spanish,math,2,Felicia,exp2,,,True,True,human,False
1750328699,6bdb0dcc8c411c692c4ca4c3dd47aa72,PennController,13,0,trial,NULL,TextInput,answer,Final,enemy(friend(dana)),1750328557579.0,93,3,L,Intensional,English,Dana's friend's enemy,1750328537527,4,0_L_ef2,NULL,6bdb0dcc8c411c692c4ca4c3dd47aa72,yes,other,spain,master,Male,other,spanish,math,3,enemy(friend(dana)),exp2,,,True,True,human,False
1750328699,6bdb0dcc8c411c692c4ca4c3dd47aa72,PennController,9,0,trial,NULL,TextInput,answer,Final,w(t(q)),1750328582988.0,119,3,L,Intensional,Abstract,Felicia's child's enemy,1750328557581,4,0_L_ec5,NULL,6bdb0dcc8c411c692c4ca4c3dd47aa72,yes,other,spain,master,Male,other,spanish,math,3,w(t(q)),exp2,,,True,True,human,False
1750328699,6bdb0dcc8c411c692c4ca4c3dd47aa72,PennController,3,0,trial,NULL,DropDown,answer,Selected,y,1750328590360.0,65,2,L,Extensional,Abstract,Elizabeth's parent,1750328582989,4,0_L_p4,5,6bdb0dcc8c411c692c4ca4c3dd47aa72,yes,other,spain,master,Male,other,spanish,math,2,y,exp2,,,True,True,human,False
1750328699,6bdb0dcc8c411c692c4ca4c3dd47aa72,PennController,7,0,trial,NULL,DropDown,answer,Selected,s,1750328621884.0,96,3,L,Extensional,Abstract,Dana's enemy's enemy,1750328590969,4,0_L_ee2,2,6bdb0dcc8c411c692c4ca4c3dd47aa72,yes,other,spain,master,Male,other,spanish,math,3,s,exp2,,,True,True,human,False
1750328699,6bdb0dcc8c411c692c4ca4c3dd47aa72,PennController,12,0,trial,NULL,DropDown,answer,Selected,Amber,1750328644387.0,27,3,R,Extensional,English,the friend of the friend of Amber,1750328622449,4,0_R_ff1,0,6bdb0dcc8c411c692c4ca4c3dd47aa72,yes,other,spain,master,Male,other,spanish,math,3,Amber,exp2,,,True,True,human,False
1750328699,6bdb0dcc8c411c692c4ca4c3dd47aa72,PennController,8,0,trial,NULL,DropDown,answer,Selected,y,1750328684195.0,43,3,R,Extensional,Abstract,the friend of the child of Bryan,1750328645416,4,0_R_fc3,5,6bdb0dcc8c411c692c4ca4c3dd47aa72,yes,other,spain,master,Male,other,spanish,math,3,y,exp2,,,True,True,human,False
1750328699,6bdb0dcc8c411c692c4ca4c3dd47aa72,PennController,14,0,trial,NULL,TextInput,answer,Final,friend(friend(dana)),1750328702669.0,32,3,R,Intensional,English,the friend of the friend of Dana,1750328685093,4,0_R_ff2,NULL,6bdb0dcc8c411c692c4ca4c3dd47aa72,yes,other,spain,master,Male,other,spanish,math,3,friend(friend(dana)),exp2,,,True,True,human,False
1750328756,50df692132198f1ba2efb2125960e280,PennController,14,0,trial,NULL,TextInput,answer,Final,(child(christina)),1750328494910.0,26,3,R,Intensional,English,the parent of the child of Christina,1750328417684,0,0_R_pc0,NULL,50df692132198f1ba2efb2125960e280,yes,other,South Africa,bachelor,Female,english,,ai,3,parent(child(christina)),exp2,,,False,False,human,False
1750328756,50df692132198f1ba2efb2125960e280,PennController,6,0,trial,NULL,TextInput,answer,Final,enemy(dana),1750328528326.0,63,2,L,Intensional,English,Dana's enemy,1750328494913,0,0_L_e2,NULL,50df692132198f1ba2efb2125960e280,yes,other,South Africa,bachelor,Female,english,,ai,2,enemy(dana),exp2,,,True,True,human,False
1750328756,50df692132198f1ba2efb2125960e280,PennController,12,0,trial,NULL,DropDown,answer,Selected,Christina,1750328549637.0,28,3,R,Extensional,English,the enemy of the friend of Amber,1750328528328,0,0_R_ef1,2,50df692132198f1ba2efb2125960e280,yes,other,South Africa,bachelor,Female,english,,ai,3,Bryan,exp2,,,False,False,human,False
1750328756,50df692132198f1ba2efb2125960e280,PennController,10,0,trial,NULL,TextInput,answer,Final,t(s(q)),1750328583210.0,54,3,R,Intensional,Abstract,the child of the friend of Felicia,1750328550919,0,0_R_cf5,NULL,50df692132198f1ba2efb2125960e280,yes,other,South Africa,bachelor,Female,english,,ai,3,t(s(q)),exp2,,,True,True,human,False
1750328756,50df692132198f1ba2efb2125960e280,PennController,13,0,trial,NULL,TextInput,answer,Final,(child(felicia)),1750328611779.0,118,3,L,Intensional,English,Felicia's child's friend,1750328583212,0,0_L_fc5,NULL,50df692132198f1ba2efb2125960e280,yes,other,South Africa,bachelor,Female,english,,ai,3,friend(child(felicia)),exp2,,,False,False,human,False
1750328756,50df692132198f1ba2efb2125960e280,PennController,9,0,trial,NULL,TextInput,answer,Final,s(w(v)),1750328639561.0,108,3,L,Intensional,Abstract,Elizabeth's enemy's friend,1750328611781,0,0_L_fe4,NULL,50df692132198f1ba2efb2125960e280,yes,other,South Africa,bachelor,Female,english,,ai,3,s(w(v)),exp2,,,True,True,human,False
1750328756,50df692132198f1ba2efb2125960e280,PennController,5,0,trial,NULL,DropDown,answer,Selected,Dana,1750328659140.0,73,2,L,Extensional,English,Felicia's child,1750328639564,0,0_L_c5,3,50df692132198f1ba2efb2125960e280,yes,other,South Africa,bachelor,Female,english,,ai,2,Dana,exp2,,,True,True,human,False
1750328756,50df692132198f1ba2efb2125960e280,PennController,3,0,trial,NULL,DropDown,answer,Selected,y,1750328677448.0,74,2,L,Extensional,Abstract,Bryan's enemy,1750328660421,0,0_L_e3,5,50df692132198f1ba2efb2125960e280,yes,other,South Africa,bachelor,Female,english,,ai,2,y,exp2,,,True,True,human,False
1750328756,50df692132198f1ba2efb2125960e280,PennController,7,0,trial,NULL,DropDown,answer,Selected,s,1750328698539.0,86,3,L,Extensional,Abstract,Christina's child's parent,1750328678815,0,0_L_pc0,2,50df692132198f1ba2efb2125960e280,yes,other,South Africa,bachelor,Female,english,,ai,3,y,exp2,,,False,False,human,False
1750328756,50df692132198f1ba2efb2125960e280,PennController,8,0,trial,NULL,DropDown,answer,Selected,v,1750328715134.0,44,3,R,Extensional,Abstract,the enemy of the child of Bryan,1750328699746,0,0_R_ec3,4,50df692132198f1ba2efb2125960e280,yes,other,South Africa,bachelor,Female,english,,ai,3,v,exp2,,,True,True,human,False
1750328756,50df692132198f1ba2efb2125960e280,PennController,11,0,trial,NULL,DropDown,answer,Selected,Amber,1750328735386.0,85,3,L,Extensional,English,Christina's child's enemy,1750328716521,0,0_L_ec0,0,50df692132198f1ba2efb2125960e280,yes,other,South Africa,bachelor,Female,english,,ai,3,Amber,exp2,,,True,True,human,False
1750328756,50df692132198f1ba2efb2125960e280,PennController,4,0,trial,NULL,TextInput,answer,Final,z(h),1750328755436.0,70,2,L,Intensional,Abstract,Amber's friend,1750328736483,0,0_L_f1,NULL,50df692132198f1ba2efb2125960e280,yes,other,South Africa,bachelor,Female,english,,ai,2,s(h),exp2,,,False,False,human,False
1750328784,b6a0c18e3f156c2893b38a7e6c37678a,PennController,4,0,trial,NULL,TextInput,answer,Final,s(h),1750328356646.0,20,2,R,Intensional,Abstract,the friend of Amber,1750328230731,22,0_R_f1,NULL,b6a0c18e3f156c2893b38a7e6c37678a,yes,other,Poland,high_school,Female,other,Polish,other,2,s(h),exp2,,Psychology,True,True,human,False
1750328784,b6a0c18e3f156c2893b38a7e6c37678a,PennController,10,0,trial,NULL,TextInput,answer,Final,s(t(t)),1750328396882.0,43,3,R,Intensional,Abstract,the friend of the child of Bryan,1750328356648,22,0_R_fc3,NULL,b6a0c18e3f156c2893b38a7e6c37678a,yes,other,Poland,high_school,Female,other,Polish,other,3,s(t(t)),exp2,,Psychology,True,True,human,False
1750328784,b6a0c18e3f156c2893b38a7e6c37678a,PennController,9,0,trial,NULL,TextInput,answer,Final,w(k(v)),1750328426838.0,111,3,L,Intensional,Abstract,Elizabeth's parent's enemy,1750328396883,22,0_L_ep4,NULL,b6a0c18e3f156c2893b38a7e6c37678a,yes,other,Poland,high_school,Female,other,Polish,other,3,w(k(v)),exp2,,Psychology,True,True,human,False
1750328784,b6a0c18e3f156c2893b38a7e6c37678a,PennController,5,0,trial,NULL,DropDown,answer,Selected,Christina,1750328466444.0,6,2,R,Extensional,English,the friend of Amber,1750328426839,22,0_R_f1,2,b6a0c18e3f156c2893b38a7e6c37678a,yes,other,Poland,high_school,Female,other,Polish,other,2,Christina,exp2,,Psychology,True,True,human,False
1750328784,b6a0c18e3f156c2893b38a7e6c37678a,PennController,12,0,trial,NULL,DropDown,answer,Selected,Amber,1750328475162.0,25,3,R,Extensional,English,the enemy of the child of Christina,1750328467553,22,0_R_ec0,0,b6a0c18e3f156c2893b38a7e6c37678a,yes,other,Poland,high_school,Female,other,Polish,other,3,Amber,exp2,,Psychology,True,True,human,False
1750328784,b6a0c18e3f156c2893b38a7e6c37678a,PennController,3,0,trial,NULL,DropDown,answer,Selected,y,1750328507627.0,19,2,R,Extensional,Abstract,the parent of Elizabeth,1750328475951,22,0_R_p4,5,b6a0c18e3f156c2893b38a7e6c37678a,yes,other,Poland,high_school,Female,other,Polish,other,2,y,exp2,,Psychology,True,True,human,False
1750328784,b6a0c18e3f156c2893b38a7e6c37678a,PennController,8,0,trial,NULL,DropDown,answer,Selected,v,1750328528192.0,21,3,R,Extensional,Abstract,the enemy of the friend of Christina,1750328508527,22,0_R_ef0,4,b6a0c18e3f156c2893b38a7e6c37678a,yes,other,Poland,high_school,Female,other,Polish,other,3,v,exp2,,Psychology,True,True,human,False
1750328784,b6a0c18e3f156c2893b38a7e6c37678a,PennController,7,0,trial,NULL,DropDown,answer,Selected,s,1750328550513.0,102,3,L,Extensional,Abstract,Bryan's friend's enemy,1750328528978,22,0_L_ef3,2,b6a0c18e3f156c2893b38a7e6c37678a,yes,other,Poland,high_school,Female,other,Polish,other,3,s,exp2,,Psychology,True,True,human,False
1750328784,b6a0c18e3f156c2893b38a7e6c37678a,PennController,11,0,trial,NULL,DropDown,answer,Selected,Felicia,1750328595086.0,107,3,L,Extensional,English,Elizabeth's friend's parent,1750328556802,22,0_L_pf4,5,b6a0c18e3f156c2893b38a7e6c37678a,yes,other,Poland,high_school,Female,other,Polish,other,3,Felicia,exp2,,Psychology,True,True,human,False
1750328784,b6a0c18e3f156c2893b38a7e6c37678a,PennController,13,0,trial,NULL,TextInput,answer,Final,parent(friend(Dana)),1750328736377.0,94,3,L,Intensional,English,Dana's friend's parent,1750328595719,22,0_L_pf2,NULL,b6a0c18e3f156c2893b38a7e6c37678a,yes,other,Poland,high_school,Female,other,Polish,other,3,parent(friend(dana)),exp2,,Psychology,False,True,human,False
1750328784,b6a0c18e3f156c2893b38a7e6c37678a,PennController,6,0,trial,NULL,TextInput,answer,Final,friend(Amber),1750328758284.0,8,2,R,Intensional,English,the friend of Amber,1750328736378,22,0_R_f1,NULL,b6a0c18e3f156c2893b38a7e6c37678a,yes,other,Poland,high_school,Female,other,Polish,other,2,friend(amber),exp2,,Psychology,False,True,human,False
1750328784,b6a0c18e3f156c2893b38a7e6c37678a,PennController,14,0,trial,NULL,TextInput,answer,Final,enemy(child(Bryan)),1750328783419.0,44,3,R,Intensional,English,the enemy of the child of Bryan,1750328758285,22,0_R_ec3,NULL,b6a0c18e3f156c2893b38a7e6c37678a,yes,other,Poland,high_school,Female,other,Polish,other,3,enemy(child(bryan)),exp2,,Psychology,False,True,human,False
1750328896,b105354876e299ec4f1d603d45466f0c,PennController,10,0,trial,NULL,TextInput,answer,Final,s(w(q)),1750328362232.0,55,3,R,Intensional,Abstract,the friend of the enemy of Felicia,1750328272937,27,0_R_fe5,NULL,b105354876e299ec4f1d603d45466f0c,yes,other,UK,other,Male,english,,ai,3,s(w(q)),exp2,,,True,True,human,False
1750328896,b105354876e299ec4f1d603d45466f0c,PennController,8,0,trial,NULL,DropDown,answer,Selected,v,1750328461747.0,58,3,R,Extensional,Abstract,the friend of the child of Felicia,1750328362235,27,0_R_fc5,4,b105354876e299ec4f1d603d45466f0c,yes,other,UK,other,Male,english,,ai,3,v,exp2,,,True,True,human,False
1750328896,b105354876e299ec4f1d603d45466f0c,PennController,11,0,trial,NULL,DropDown,answer,Selected,Felicia,1750328512327.0,120,3,L,Extensional,English,Felicia's child's parent,1750328463318,27,0_L_pc5,5,b105354876e299ec4f1d603d45466f0c,yes,other,UK,other,Male,english,,ai,3,Felicia,exp2,,,True,True,human,False
1750328896,b105354876e299ec4f1d603d45466f0c,PennController,5,0,trial,NULL,DropDown,answer,Selected,Felicia,1750328542244.0,15,2,R,Extensional,English,the enemy of Dana,1750328513217,27,0_R_e2,5,b105354876e299ec4f1d603d45466f0c,yes,other,UK,other,Male,english,,ai,2,Felicia,exp2,,,True,True,human,False
1750328896,b105354876e299ec4f1d603d45466f0c,PennController,4,0,trial,NULL,TextInput,answer,Final,k(v),1750328571748.0,1,2,R,Intensional,Abstract,the parent of Elizabeth,1750328543252,27,0_R_p4,NULL,b105354876e299ec4f1d603d45466f0c,yes,other,UK,other,Male,english,,ai,2,k(v),exp2,,,True,True,human,False
1750328896,b105354876e299ec4f1d603d45466f0c,PennController,6,0,trial,NULL,TextInput,answer,Final,friend(amber),1750328593448.0,5,2,R,Intensional,English,the friend of Amber,1750328571750,27,0_R_f1,NULL,b105354876e299ec4f1d603d45466f0c,yes,other,UK,other,Male,english,,ai,2,friend(amber),exp2,,,True,True,human,False
1750328896,b105354876e299ec4f1d603d45466f0c,PennController,13,0,trial,NULL,TextInput,answer,Final,child(enemy(dana)),1750328705298.0,97,3,L,Intensional,English,Dana's enemy's child,1750328593451,27,0_L_ce2,NULL,b105354876e299ec4f1d603d45466f0c,yes,other,UK,other,Male,english,,ai,3,child(enemy(dana)),exp2,,,True,True,human,False
1750328896,b105354876e299ec4f1d603d45466f0c,PennController,3,0,trial,NULL,DropDown,answer,Selected,y,1750328719010.0,17,2,R,Extensional,Abstract,the parent of Elizabeth,1750328705301,27,0_R_p4,5,b105354876e299ec4f1d603d45466f0c,yes,other,UK,other,Male,english,,ai,2,y,exp2,,,True,True,human,False
1750328896,b105354876e299ec4f1d603d45466f0c,PennController,7,0,trial,NULL,DropDown,answer,Selected,y,1750328756743.0,109,3,L,Extensional,Abstract,Elizabeth's enemy's enemy,1750328720050,27,0_L_ee4,5,b105354876e299ec4f1d603d45466f0c,yes,other,UK,other,Male,english,,ai,3,v,exp2,,,False,False,human,False
1750328896,b105354876e299ec4f1d603d45466f0c,PennController,9,0,trial,NULL,TextInput,answer,Final,w(s(y)),1750328791166.0,81,3,L,Intensional,Abstract,Christina's friend's enemy,1750328757733,27,0_L_ef0,NULL,b105354876e299ec4f1d603d45466f0c,yes,other,UK,other,Male,english,,ai,3,w(s(y)),exp2,,,True,True,human,False
1750328896,b105354876e299ec4f1d603d45466f0c,PennController,12,0,trial,NULL,DropDown,answer,Selected,Amber,1750328825628.0,23,3,R,Extensional,English,the child of the enemy of Christina,1750328791169,27,0_R_ce0,0,b105354876e299ec4f1d603d45466f0c,yes,other,UK,other,Male,english,,ai,3,Amber,exp2,,,True,True,human,False
1750328896,b105354876e299ec4f1d603d45466f0c,PennController,14,0,trial,NULL,TextInput,answer,Final,enemy(child(felicia)),1750328895883.0,59,3,R,Intensional,English,the enemy of the child of Felicia,1750328826634,27,0_R_ec5,NULL,b105354876e299ec4f1d603d45466f0c,yes,other,UK,other,Male,english,,ai,3,enemy(child(felicia)),exp2,,,True,True,human,False
1750328898,af62263aac7a3d7ed3e19e7cbfff03d7,PennController,13,0,trial,NULL,TextInput,answer,Final,enemy(parent(elizabeth)),1750328378764.0,111,3,L,Intensional,English,Elizabeth's parent's enemy,1750328309464,32,0_L_ep4,NULL,af62263aac7a3d7ed3e19e7cbfff03d7,yes,other,Greece,bachelor,Male,other,Greek,other,3,enemy(parent(elizabeth)),exp2,,Information Management,True,True,human,False
1750328898,af62263aac7a3d7ed3e19e7cbfff03d7,PennController,10,0,trial,NULL,TextInput,answer,Final,w(k(h)),1750328444035.0,25,3,R,Intensional,Abstract,the enemy of the child of Christina,1750328378766,32,0_R_ec0,NULL,af62263aac7a3d7ed3e19e7cbfff03d7,yes,other,Greece,bachelor,Male,other,Greek,other,3,w(t(y)),exp2,,Information Management,False,False,human,False
1750328898,af62263aac7a3d7ed3e19e7cbfff03d7,PennController,4,0,trial,NULL,TextInput,answer,Final,t(q),1750328478136.0,12,2,R,Intensional,Abstract,the child of Felicia,1750328444036,32,0_R_c5,NULL,af62263aac7a3d7ed3e19e7cbfff03d7,yes,other,Greece,bachelor,Male,other,Greek,other,2,t(q),exp2,,Information Management,True,True,human,False
1750328898,af62263aac7a3d7ed3e19e7cbfff03d7,PennController,8,0,trial,NULL,DropDown,answer,Selected,y,1750328550528.0,48,3,R,Extensional,Abstract,the friend of the enemy of Elizabeth,1750328478137,32,0_R_fe4,5,af62263aac7a3d7ed3e19e7cbfff03d7,yes,other,Greece,bachelor,Male,other,Greek,other,3,y,exp2,,Information Management,True,True,human,False
1750328898,af62263aac7a3d7ed3e19e7cbfff03d7,PennController,5,0,trial,NULL,DropDown,answer,Selected,Christina,1750328587644.0,12,2,R,Extensional,English,the parent of Elizabeth,1750328551499,32,0_R_p4,2,af62263aac7a3d7ed3e19e7cbfff03d7,yes,other,Greece,bachelor,Male,other,Greek,other,2,Christina,exp2,,Information Management,True,True,human,False
1750328898,af62263aac7a3d7ed3e19e7cbfff03d7,PennController,7,0,trial,NULL,DropDown,answer,Selected,t,1750328621794.0,92,3,L,Extensional,Abstract,Dana's friend's friend,1750328596469,32,0_L_ff2,3,af62263aac7a3d7ed3e19e7cbfff03d7,yes,other,Greece,bachelor,Male,other,Greek,other,3,s,exp2,,Information Management,False,False,human,False
1750328898,af62263aac7a3d7ed3e19e7cbfff03d7,PennController,6,0,trial,NULL,TextInput,answer,Final,child(felicia),1750328659075.0,4,2,R,Intensional,English,the child of Felicia,1750328622611,32,0_R_c5,NULL,af62263aac7a3d7ed3e19e7cbfff03d7,yes,other,Greece,bachelor,Male,other,Greek,other,2,child(felicia),exp2,,Information Management,True,True,human,False
1750328898,af62263aac7a3d7ed3e19e7cbfff03d7,PennController,11,0,trial,NULL,DropDown,answer,Selected,Dana,1750328707035.0,119,3,L,Extensional,English,Felicia's child's enemy,1750328659076,32,0_L_ec5,3,af62263aac7a3d7ed3e19e7cbfff03d7,yes,other,Greece,bachelor,Male,other,Greek,other,3,Felicia,exp2,,Information Management,False,False,human,False
1750328898,af62263aac7a3d7ed3e19e7cbfff03d7,PennController,12,0,trial,NULL,DropDown,answer,Selected,Amber,1750328733731.0,33,3,R,Extensional,English,the enemy of the friend of Dana,1750328708093,32,0_R_ef2,0,af62263aac7a3d7ed3e19e7cbfff03d7,yes,other,Greece,bachelor,Male,other,Greek,other,3,Amber,exp2,,Information Management,True,True,human,False
1750328898,af62263aac7a3d7ed3e19e7cbfff03d7,PennController,3,0,trial,NULL,DropDown,answer,Selected,y,1750328757272.0,9,2,R,Extensional,Abstract,the enemy of Bryan,1750328734580,32,0_R_e3,5,af62263aac7a3d7ed3e19e7cbfff03d7,yes,other,Greece,bachelor,Male,other,Greek,other,2,y,exp2,,Information Management,True,True,human,False
1750328898,af62263aac7a3d7ed3e19e7cbfff03d7,PennController,14,0,trial,NULL,TextInput,answer,Final,friend(enemy(christina)),1750328799955.0,22,3,R,Intensional,English,the friend of the enemy of Christina,1750328758080,32,0_R_fe0,NULL,af62263aac7a3d7ed3e19e7cbfff03d7,yes,other,Greece,bachelor,Male,other,Greek,other,3,friend(enemy(christina)),exp2,,Information Management,True,True,human,False
1750328898,af62263aac7a3d7ed3e19e7cbfff03d7,PennController,9,0,trial,NULL,TextInput,answer,Final,t(s(h)),1750328898250.0,89,3,L,Intensional,Abstract,Amber's friend's child,1750328799956,32,0_L_cf1,NULL,af62263aac7a3d7ed3e19e7cbfff03d7,yes,other,Greece,bachelor,Male,other,Greek,other,3,t(s(h)),exp2,,Information Management,True,True,human,False
1750328919,2a58c5809c942e9638c94240026c241b,PennController,10,0,trial,NULL,TextInput,answer,Final,w(v),1750328289113.0,46,3,R,Intensional,Abstract,the enemy of the friend of Elizabeth,1750328197267,12,0_R_ef4,NULL,2a58c5809c942e9638c94240026c241b,yes,other,U.S,bachelor,Female,english,,other,3,w(s(v)),exp2,,Finance and Insurance,False,False,human,False
1750328919,2a58c5809c942e9638c94240026c241b,PennController,12,0,trial,NULL,DropDown,answer,Selected,Christina,1750328370198.0,26,3,R,Extensional,English,the parent of the child of Christina,1750328289140,12,0_R_pc0,2,2a58c5809c942e9638c94240026c241b,yes,other,U.S,bachelor,Female,english,,other,3,Christina,exp2,,Finance and Insurance,True,True,human,False
1750328919,2a58c5809c942e9638c94240026c241b,PennController,11,0,trial,NULL,DropDown,answer,Selected,Dana,1750328452084.0,92,3,L,Extensional,English,Dana's friend's friend,1750328372066,12,0_L_ff2,3,2a58c5809c942e9638c94240026c241b,yes,other,U.S,bachelor,Female,english,,other,3,Dana,exp2,,Finance and Insurance,True,True,human,False
1750328919,2a58c5809c942e9638c94240026c241b,PennController,5,0,trial,NULL,DropDown,answer,Selected,Christina,1750328462568.0,67,2,L,Extensional,English,Elizabeth's parent,1750328453353,12,0_L_p4,2,2a58c5809c942e9638c94240026c241b,yes,other,U.S,bachelor,Female,english,,other,2,Christina,exp2,,Finance and Insurance,True,True,human,False
1750328919,2a58c5809c942e9638c94240026c241b,PennController,14,0,trial,NULL,TextInput,answer,Final,friend(enemy(Elizabeth)),1750328541969.0,48,3,R,Intensional,English,the friend of the enemy of Elizabeth,1750328463842,12,0_R_fe4,NULL,2a58c5809c942e9638c94240026c241b,yes,other,U.S,bachelor,Female,english,,other,3,friend(enemy(elizabeth)),exp2,,Finance and Insurance,False,True,human,False
1750328919,2a58c5809c942e9638c94240026c241b,PennController,13,0,trial,NULL,TextInput,answer,Final,parent(child(Christina)),1750328613193.0,86,3,L,Intensional,English,Christina's child's parent,1750328541986,12,0_L_pc0,NULL,2a58c5809c942e9638c94240026c241b,yes,other,U.S,bachelor,Female,english,,other,3,parent(child(christina)),exp2,,Finance and Insurance,False,True,human,False
1750328919,2a58c5809c942e9638c94240026c241b,PennController,8,0,trial,NULL,DropDown,answer,Selected,s,1750328673980.0,38,3,R,Extensional,Abstract,the friend of the parent of Dana,1750328613206,12,0_R_fp2,2,2a58c5809c942e9638c94240026c241b,yes,other,U.S,bachelor,Female,english,,other,3,t,exp2,,Finance and Insurance,False,False,human,False
1750328919,2a58c5809c942e9638c94240026c241b,PennController,6,0,trial,NULL,TextInput,answer,Final,enemy(Bryan),1750328703466.0,70,2,L,Intensional,English,Bryan's enemy,1750328675662,12,0_L_e3,NULL,2a58c5809c942e9638c94240026c241b,yes,other,U.S,bachelor,Female,english,,other,2,enemy(bryan),exp2,,Finance and Insurance,False,True,human,False
1750328919,2a58c5809c942e9638c94240026c241b,PennController,4,0,trial,NULL,TextInput,answer,Final,k(v),1750328735966.0,63,2,L,Intensional,Abstract,Elizabeth's parent,1750328703484,12,0_L_p4,NULL,2a58c5809c942e9638c94240026c241b,yes,other,U.S,bachelor,Female,english,,other,2,k(v),exp2,,Finance and Insurance,True,True,human,False
1750328919,2a58c5809c942e9638c94240026c241b,PennController,9,0,trial,NULL,TextInput,answer,Final,w(s)(k(s)),1750328860868.0,99,3,L,Intensional,Abstract,Dana's parent's enemy,1750328735986,12,0_L_ep2,NULL,2a58c5809c942e9638c94240026c241b,yes,other,U.S,bachelor,Female,english,,other,3,w(k(s)),exp2,,Finance and Insurance,False,False,human,False
1750328919,2a58c5809c942e9638c94240026c241b,PennController,3,0,trial,NULL,DropDown,answer,Selected,q,1750328878603.0,62,2,L,Extensional,Abstract,Dana's enemy,1750328860882,12,0_L_e2,1,2a58c5809c942e9638c94240026c241b,yes,other,U.S,bachelor,Female,english,,other,2,q,exp2,,Finance and Insurance,True,True,human,False
1750328919,2a58c5809c942e9638c94240026c241b,PennController,7,0,trial,NULL,DropDown,answer,Selected,s,1750328914718.0,84,3,L,Extensional,Abstract,Christina's child's friend,1750328879937,12,0_L_fc0,2,2a58c5809c942e9638c94240026c241b,yes,other,U.S,bachelor,Female,english,,other,3,s,exp2,,Finance and Insurance,True,True,human,False
1750328961,56af74586c0788c7f2135476c3a66ce4,PennController,3,0,trial,NULL,DropDown,answer,Selected,q,1750328426329.0,61,2,L,Extensional,Abstract,Dana's enemy,1750328289069,16,0_L_e2,1,56af74586c0788c7f2135476c3a66ce4,yes,netherlands,,master,Female,english,,other,2,q,exp2,,Education,True,True,human,False
1750328961,56af74586c0788c7f2135476c3a66ce4,PennController,5,0,trial,NULL,DropDown,answer,Selected,Christina,1750328451934.0,72,2,L,Extensional,English,Amber's friend,1750328427831,16,0_L_f1,2,56af74586c0788c7f2135476c3a66ce4,yes,netherlands,,master,Female,english,,other,2,Christina,exp2,,Education,True,True,human,False
1750328961,56af74586c0788c7f2135476c3a66ce4,PennController,6,0,trial,NULL,TextInput,answer,Final,child (felicia),1750328551590.0,67,2,L,Intensional,English,Felicia's child,1750328453110,16,0_L_c5,NULL,56af74586c0788c7f2135476c3a66ce4,yes,netherlands,,master,Female,english,,other,2,child(felicia),exp2,,Education,False,False,human,False
1750328961,56af74586c0788c7f2135476c3a66ce4,PennController,14,0,trial,NULL,TextInput,answer,Final,enemy (dana),1750328590077.0,33,3,R,Intensional,English,the enemy of the friend of Dana,1750328551591,16,0_R_ef2,NULL,56af74586c0788c7f2135476c3a66ce4,yes,netherlands,,master,Female,english,,other,3,enemy(friend(dana)),exp2,,Education,False,False,human,False
1750328961,56af74586c0788c7f2135476c3a66ce4,PennController,7,0,trial,NULL,DropDown,answer,Selected,t,1750328629077.0,81,3,L,Extensional,Abstract,Christina's friend's enemy,1750328590078,16,0_L_ef0,3,56af74586c0788c7f2135476c3a66ce4,yes,netherlands,,master,Female,english,,other,3,v,exp2,,Education,False,False,human,False
1750328961,56af74586c0788c7f2135476c3a66ce4,PennController,10,0,trial,NULL,TextInput,answer,Final,h(s(y),1750328727861.0,23,3,R,Intensional,Abstract,the child of the enemy of Christina,1750328630159,16,0_R_ce0,NULL,56af74586c0788c7f2135476c3a66ce4,yes,netherlands,,master,Female,english,,other,3,t(w(y)),exp2,,Education,False,False,human,False
1750328961,56af74586c0788c7f2135476c3a66ce4,PennController,11,0,trial,NULL,DropDown,answer,Selected,Elizabeth,1750328743565.0,84,3,L,Extensional,English,Christina's child's friend,1750328727862,16,0_L_fc0,4,56af74586c0788c7f2135476c3a66ce4,yes,netherlands,,master,Female,english,,other,3,Dana,exp2,,Education,False,False,human,False
1750328961,56af74586c0788c7f2135476c3a66ce4,PennController,13,0,trial,NULL,TextInput,answer,Final,(friend( christina) ,1750328819061.0,103,3,L,Intensional,English,Bryan's child's friend,1750328751446,16,0_L_fc3,NULL,56af74586c0788c7f2135476c3a66ce4,yes,netherlands,,master,Female,english,,other,3,friend(child(bryan)),exp2,,Education,False,False,human,False
1750328961,56af74586c0788c7f2135476c3a66ce4,PennController,12,0,trial,NULL,DropDown,answer,Selected,Dana,1750328849558.0,47,3,R,Extensional,English,the parent of the friend of Elizabeth,1750328819062,16,0_R_pf4,3,56af74586c0788c7f2135476c3a66ce4,yes,netherlands,,master,Female,english,,other,3,Felicia,exp2,,Education,False,False,human,False
1750328961,56af74586c0788c7f2135476c3a66ce4,PennController,9,0,trial,NULL,TextInput,answer,Final,t(s(h),1750328907621.0,101,3,L,Intensional,Abstract,Bryan's friend's friend,1750328852446,16,0_L_ff3,NULL,56af74586c0788c7f2135476c3a66ce4,yes,netherlands,,master,Female,english,,other,3,s(s(t)),exp2,,Education,False,False,human,False
1750328961,56af74586c0788c7f2135476c3a66ce4,PennController,8,0,trial,NULL,DropDown,answer,Selected,q,1750328937496.0,39,3,R,Extensional,Abstract,the enemy of the parent of Dana,1750328907622,16,0_R_ep2,1,56af74586c0788c7f2135476c3a66ce4,yes,netherlands,,master,Female,english,,other,3,s,exp2,,Education,False,False,human,False
1750328961,56af74586c0788c7f2135476c3a66ce4,PennController,4,0,trial,NULL,TextInput,answer,Final,h (s(y),1750328960405.0,67,2,L,Intensional,Abstract,Christina's friend,1750328939238,16,0_L_f0,NULL,56af74586c0788c7f2135476c3a66ce4,yes,netherlands,,master,Female,english,,other,2,s(y),exp2,,Education,False,True,human,False
1750328994,7addeeaf4e767053871a4d8543afcc5a,PennController,5,0,trial,NULL,DropDown,answer,Selected,Christina,1750328478529.0,69,2,L,Extensional,English,Amber's friend,1750328422895,7,0_L_f1,2,7addeeaf4e767053871a4d8543afcc5a,yes,other,Soith Africa,other,Female,english,,other,2,Christina,exp2,,Bcom/Admin/ Film,True,True,human,False
1750328994,7addeeaf4e767053871a4d8543afcc5a,PennController,12,0,trial,NULL,DropDown,answer,Selected,Bryan,1750328530542.0,53,3,R,Extensional,English,the friend of the friend of Felicia,1750328482405,7,0_R_ff5,1,7addeeaf4e767053871a4d8543afcc5a,yes,other,Soith Africa,other,Female,english,,other,3,Felicia,exp2,,Bcom/Admin/ Film,False,False,human,False
1750328994,7addeeaf4e767053871a4d8543afcc5a,PennController,3,0,trial,NULL,DropDown,answer,Selected,y,1750328569657.0,78,2,L,Extensional,Abstract,Amber's friend,1750328547191,7,0_L_f1,5,7addeeaf4e767053871a4d8543afcc5a,yes,other,Soith Africa,other,Female,english,,other,2,y,exp2,,Bcom/Admin/ Film,True,True,human,False
1750328994,7addeeaf4e767053871a4d8543afcc5a,PennController,11,0,trial,NULL,DropDown,answer,Selected,Felicia,1750328591643.0,82,3,L,Extensional,English,Christina's enemy's friend,1750328570792,7,0_L_fe0,5,7addeeaf4e767053871a4d8543afcc5a,yes,other,Soith Africa,other,Female,english,,other,3,Felicia,exp2,,Bcom/Admin/ Film,True,True,human,False
1750328994,7addeeaf4e767053871a4d8543afcc5a,PennController,4,0,trial,NULL,TextInput,answer,Final,s(y),1750328642722.0,65,2,L,Intensional,Abstract,Christina's friend,1750328592536,7,0_L_f0,NULL,7addeeaf4e767053871a4d8543afcc5a,yes,other,Soith Africa,other,Female,english,,other,2,s(y),exp2,,Bcom/Admin/ Film,True,True,human,False
1750328994,7addeeaf4e767053871a4d8543afcc5a,PennController,14,0,trial,NULL,TextInput,answer,Final,enemy(friend(Bryan)),1750328689073.0,42,3,R,Intensional,English,the enemy of the friend of Bryan,1750328642724,7,0_R_ef3,NULL,7addeeaf4e767053871a4d8543afcc5a,yes,other,Soith Africa,other,Female,english,,other,3,enemy(friend(bryan)),exp2,,Bcom/Admin/ Film,False,True,human,False
1750328994,7addeeaf4e767053871a4d8543afcc5a,PennController,8,0,trial,NULL,DropDown,answer,Selected,h,1750328721331.0,30,3,R,Extensional,Abstract,the enemy of the enemy of Amber,1750328689076,7,0_R_ee1,0,7addeeaf4e767053871a4d8543afcc5a,yes,other,Soith Africa,other,Female,english,,other,3,h,exp2,,Bcom/Admin/ Film,True,True,human,False
1750328994,7addeeaf4e767053871a4d8543afcc5a,PennController,6,0,trial,NULL,TextInput,answer,Final,child(felicia),1750328750657.0,65,2,L,Intensional,English,Felicia's child,1750328722568,7,0_L_c5,NULL,7addeeaf4e767053871a4d8543afcc5a,yes,other,Soith Africa,other,Female,english,,other,2,child(felicia),exp2,,Bcom/Admin/ Film,True,True,human,False
1750328994,7addeeaf4e767053871a4d8543afcc5a,PennController,13,0,trial,NULL,TextInput,answer,Final,child(enemy(Christina)),1750328771638.0,83,3,L,Intensional,English,Christina's enemy's child,1750328750659,7,0_L_ce0,NULL,7addeeaf4e767053871a4d8543afcc5a,yes,other,Soith Africa,other,Female,english,,other,3,child(enemy(christina)),exp2,,Bcom/Admin/ Film,False,True,human,False
1750328994,7addeeaf4e767053871a4d8543afcc5a,PennController,10,0,trial,NULL,TextInput,answer,Final,w(k(h)),1750328910586.0,31,3,R,Intensional,Abstract,the parent of the enemy of Amber,1750328771639,7,0_R_pe1,NULL,7addeeaf4e767053871a4d8543afcc5a,yes,other,Soith Africa,other,Female,english,,other,3,k(w(h)),exp2,,Bcom/Admin/ Film,False,False,human,False
1750328994,7addeeaf4e767053871a4d8543afcc5a,PennController,9,0,trial,NULL,TextInput,answer,Final,q(k(v)),1750328972919.0,112,3,L,Intensional,Abstract,Elizabeth's parent's child,1750328910588,7,0_L_cp4,NULL,7addeeaf4e767053871a4d8543afcc5a,yes,other,Soith Africa,other,Female,english,,other,3,t(k(v)),exp2,,Bcom/Admin/ Film,False,False,human,False
1750328994,7addeeaf4e767053871a4d8543afcc5a,PennController,7,0,trial,NULL,DropDown,answer,Selected,t,1750328992336.0,95,3,L,Extensional,Abstract,Dana's enemy's friend,1750328972920,7,0_L_fe2,3,7addeeaf4e767053871a4d8543afcc5a,yes,other,Soith Africa,other,Female,english,,other,3,t,exp2,,Bcom/Admin/ Film,True,True,human,False
1750329040,13c2b06ca9f2facdce15f10f5853daf3,PennController,6,0,trial,NULL,TextInput,answer,Final,enemy(Dana),1750328409966.0,11,2,R,Intensional,English,the enemy of Dana,1750328315809,35,0_R_e2,NULL,13c2b06ca9f2facdce15f10f5853daf3,yes,other,US,bachelor,Male,english,,ai,2,enemy(dana),exp2,,,False,True,human,False
1750329040,13c2b06ca9f2facdce15f10f5853daf3,PennController,11,0,trial,NULL,DropDown,answer,Selected,Elizabeth,1750328523036.0,109,3,L,Extensional,English,Elizabeth's enemy's enemy,1750328409969,35,0_L_ee4,4,13c2b06ca9f2facdce15f10f5853daf3,yes,other,US,bachelor,Male,english,,ai,3,Elizabeth,exp2,,,True,True,human,False
1750329040,13c2b06ca9f2facdce15f10f5853daf3,PennController,5,0,trial,NULL,DropDown,answer,Selected,Christina,1750328557964.0,9,2,R,Extensional,English,the parent of Elizabeth,1750328528188,35,0_R_p4,2,13c2b06ca9f2facdce15f10f5853daf3,yes,other,US,bachelor,Male,english,,ai,2,Christina,exp2,,,True,True,human,False
1750329040,13c2b06ca9f2facdce15f10f5853daf3,PennController,10,0,trial,NULL,TextInput,answer,Final,w(k(v)),1750328666829.0,51,3,R,Intensional,Abstract,the enemy of the parent of Elizabeth,1750328558994,35,0_R_ep4,NULL,13c2b06ca9f2facdce15f10f5853daf3,yes,other,US,bachelor,Male,english,,ai,3,w(k(v)),exp2,,,True,True,human,False
1750329040,13c2b06ca9f2facdce15f10f5853daf3,PennController,12,0,trial,NULL,DropDown,answer,Selected,Dana,1750328688038.0,42,3,R,Extensional,English,the enemy of the friend of Bryan,1750328666832,35,0_R_ef3,3,13c2b06ca9f2facdce15f10f5853daf3,yes,other,US,bachelor,Male,english,,ai,3,Dana,exp2,,,True,True,human,False
1750329040,13c2b06ca9f2facdce15f10f5853daf3,PennController,7,0,trial,NULL,DropDown,answer,Selected,h,1750328765194.0,90,3,L,Extensional,Abstract,Amber's enemy's enemy,1750328690291,35,0_L_ee1,0,13c2b06ca9f2facdce15f10f5853daf3,yes,other,US,bachelor,Male,english,,ai,3,h,exp2,,,True,True,human,False
1750329040,13c2b06ca9f2facdce15f10f5853daf3,PennController,14,0,trial,NULL,TextInput,answer,Final,friend(parent(Dana)),1750328820018.0,38,3,R,Intensional,English,the friend of the parent of Dana,1750328766224,35,0_R_fp2,NULL,13c2b06ca9f2facdce15f10f5853daf3,yes,other,US,bachelor,Male,english,,ai,3,friend(parent(dana)),exp2,,,False,True,human,False
1750329040,13c2b06ca9f2facdce15f10f5853daf3,PennController,8,0,trial,NULL,DropDown,answer,Selected,v,1750328849825.0,55,3,R,Extensional,Abstract,the friend of the enemy of Felicia,1750328820022,35,0_R_fe5,4,13c2b06ca9f2facdce15f10f5853daf3,yes,other,US,bachelor,Male,english,,ai,3,v,exp2,,,True,True,human,False
1750329040,13c2b06ca9f2facdce15f10f5853daf3,PennController,9,0,trial,NULL,TextInput,answer,Final,t(w(s)),1750328933645.0,97,3,L,Intensional,Abstract,Dana's enemy's child,1750328852965,35,0_L_ce2,NULL,13c2b06ca9f2facdce15f10f5853daf3,yes,other,US,bachelor,Male,english,,ai,3,t(w(s)),exp2,,,True,True,human,False
1750329040,13c2b06ca9f2facdce15f10f5853daf3,PennController,3,0,trial,NULL,DropDown,answer,Selected,y,1750328957021.0,11,2,R,Extensional,Abstract,the enemy of Bryan,1750328933647,35,0_R_e3,5,13c2b06ca9f2facdce15f10f5853daf3,yes,other,US,bachelor,Male,english,,ai,2,y,exp2,,,True,True,human,False
1750329040,13c2b06ca9f2facdce15f10f5853daf3,PennController,13,0,trial,NULL,TextInput,answer,Final,friend(enemy(christina)),1750329021061.0,82,3,L,Intensional,English,Christina's enemy's friend,1750328958198,35,0_L_fe0,NULL,13c2b06ca9f2facdce15f10f5853daf3,yes,other,US,bachelor,Male,english,,ai,3,friend(enemy(christina)),exp2,,,True,True,human,False
1750329040,13c2b06ca9f2facdce15f10f5853daf3,PennController,4,0,trial,NULL,TextInput,answer,Final,s(y),1750329039459.0,13,2,R,Intensional,Abstract,the friend of Christina,1750329021063,35,0_R_f0,NULL,13c2b06ca9f2facdce15f10f5853daf3,yes,other,US,bachelor,Male,english,,ai,2,s(y),exp2,,,True,True,human,False
1750329048,8ec5b859555076f2339663599b61e86b,PennController,7,0,trial,NULL,DropDown,answer,Selected,t,1750328391822.0,88,3,L,Extensional,Abstract,Amber's friend's enemy,1750328241087,17,0_L_ef1,3,8ec5b859555076f2339663599b61e86b,yes,other,Poland,high_school,Male,other,Polish,ai,3,t,exp2,,,True,True,human,False
1750329048,8ec5b859555076f2339663599b61e86b,PennController,12,0,trial,NULL,DropDown,answer,Selected,Amber,1750328429222.0,30,3,R,Extensional,English,the enemy of the enemy of Amber,1750328392698,17,0_R_ee1,0,8ec5b859555076f2339663599b61e86b,yes,other,Poland,high_school,Male,other,Polish,ai,3,Amber,exp2,,,True,True,human,False
1750329048,8ec5b859555076f2339663599b61e86b,PennController,5,0,trial,NULL,DropDown,answer,Selected,Christina,1750328532853.0,71,2,L,Extensional,English,Amber's friend,1750328519289,17,0_L_f1,2,8ec5b859555076f2339663599b61e86b,yes,other,Poland,high_school,Male,other,Polish,ai,2,Christina,exp2,,,True,True,human,False
1750329048,8ec5b859555076f2339663599b61e86b,PennController,10,0,trial,NULL,TextInput,answer,Final,w(k(s)),1750328699000.0,39,3,R,Intensional,Abstract,the enemy of the parent of Dana,1750328533706,17,0_R_ep2,NULL,8ec5b859555076f2339663599b61e86b,yes,other,Poland,high_school,Male,other,Polish,ai,3,w(k(s)),exp2,,,True,True,human,False
1750329048,8ec5b859555076f2339663599b61e86b,PennController,6,0,trial,NULL,TextInput,answer,Final,friend(christina),1750328740187.0,79,2,L,Intensional,English,Christina's friend,1750328699001,17,0_L_f0,NULL,8ec5b859555076f2339663599b61e86b,yes,other,Poland,high_school,Male,other,Polish,ai,2,friend(christina),exp2,,,True,True,human,False
1750329048,8ec5b859555076f2339663599b61e86b,PennController,11,0,trial,NULL,DropDown,answer,Selected,Bryan,1750328768249.0,98,3,L,Extensional,English,Dana's parent's friend,1750328740188,17,0_L_fp2,1,8ec5b859555076f2339663599b61e86b,yes,other,Poland,high_school,Male,other,Polish,ai,3,Bryan,exp2,,,True,True,human,False
1750329048,8ec5b859555076f2339663599b61e86b,PennController,13,0,trial,NULL,TextInput,answer,Final,enemy(enemy(dana)),1750328816735.0,96,3,L,Intensional,English,Dana's enemy's enemy,1750328768810,17,0_L_ee2,NULL,8ec5b859555076f2339663599b61e86b,yes,other,Poland,high_school,Male,other,Polish,ai,3,enemy(enemy(dana)),exp2,,,True,True,human,False
1750329048,8ec5b859555076f2339663599b61e86b,PennController,9,0,trial,NULL,TextInput,answer,Final,s(w(s)),1750328895518.0,95,3,L,Intensional,Abstract,Dana's enemy's friend,1750328816736,17,0_L_fe2,NULL,8ec5b859555076f2339663599b61e86b,yes,other,Poland,high_school,Male,other,Polish,ai,3,s(w(s)),exp2,,,True,True,human,False
1750329048,8ec5b859555076f2339663599b61e86b,PennController,14,0,trial,NULL,TextInput,answer,Final,enemy(child(christina)),1750328932489.0,25,3,R,Intensional,English,the enemy of the child of Christina,1750328895519,17,0_R_ec0,NULL,8ec5b859555076f2339663599b61e86b,yes,other,Poland,high_school,Male,other,Polish,ai,3,enemy(child(christina)),exp2,,,True,True,human,False
1750329048,8ec5b859555076f2339663599b61e86b,PennController,4,0,trial,NULL,TextInput,answer,Final,(w(s)),1750328979271.0,79,2,L,Intensional,Abstract,Dana's enemy,1750328932490,17,0_L_e2,NULL,8ec5b859555076f2339663599b61e86b,yes,other,Poland,high_school,Male,other,Polish,ai,2,w(s),exp2,,,False,True,human,False
1750329048,8ec5b859555076f2339663599b61e86b,PennController,8,0,trial,NULL,DropDown,answer,Selected,v,1750329019130.0,45,3,R,Extensional,Abstract,the friend of the friend of Elizabeth,1750328979272,17,0_R_ff4,4,8ec5b859555076f2339663599b61e86b,yes,other,Poland,high_school,Male,other,Polish,ai,3,v,exp2,,,True,True,human,False
1750329048,8ec5b859555076f2339663599b61e86b,PennController,3,0,trial,NULL,DropDown,answer,Selected,h,1750329047644.0,69,2,L,Extensional,Abstract,Christina's friend,1750329019659,17,0_L_f0,0,8ec5b859555076f2339663599b61e86b,yes,other,Poland,high_school,Male,other,Polish,ai,2,h,exp2,,,True,True,human,False
1750329048,e287e1530e15f924cc77d9832bf4c351,PennController,6,0,trial,NULL,TextInput,answer,Final,enemy{bryan),1750328430961.0,71,2,L,Intensional,English,Bryan's enemy,1750328362697,5,0_L_e3,NULL,e287e1530e15f924cc77d9832bf4c351,yes,other,UK,other,Male,english,,other,2,enemy(bryan),exp2,,Energy,False,False,human,False
1750329048,e287e1530e15f924cc77d9832bf4c351,PennController,9,0,trial,NULL,TextInput,answer,Final,q(w(s)),1750328521156.0,115,3,L,Intensional,Abstract,Felicia's enemy's friend,1750328430964,5,0_L_fe5,NULL,e287e1530e15f924cc77d9832bf4c351,yes,other,UK,other,Male,english,,other,3,s(w(q)),exp2,,Energy,False,False,human,False
1750329048,e287e1530e15f924cc77d9832bf4c351,PennController,8,0,trial,NULL,DropDown,answer,Selected,t,1750328623632.0,28,3,R,Extensional,Abstract,the enemy of the friend of Amber,1750328521158,5,0_R_ef1,3,e287e1530e15f924cc77d9832bf4c351,yes,other,UK,other,Male,english,,other,3,t,exp2,,Energy,True,True,human,False
1750329048,e287e1530e15f924cc77d9832bf4c351,PennController,3,0,trial,NULL,DropDown,answer,Selected,y,1750328650427.0,80,2,L,Extensional,Abstract,Amber's friend,1750328625063,5,0_L_f1,5,e287e1530e15f924cc77d9832bf4c351,yes,other,UK,other,Male,english,,other,2,y,exp2,,Energy,True,True,human,False
1750329048,e287e1530e15f924cc77d9832bf4c351,PennController,10,0,trial,NULL,TextInput,answer,Final,s(h)s)),1750328742532.0,27,3,R,Intensional,Abstract,the friend of the friend of Amber,1750328655243,5,0_R_ff1,NULL,e287e1530e15f924cc77d9832bf4c351,yes,other,UK,other,Male,english,,other,3,s(s(h)),exp2,,Energy,False,False,human,False
1750329048,e287e1530e15f924cc77d9832bf4c351,PennController,14,0,trial,NULL,TextInput,answer,Final,enemy(parent(dana)),1750328788060.0,39,3,R,Intensional,English,the enemy of the parent of Dana,1750328742534,5,0_R_ep2,NULL,e287e1530e15f924cc77d9832bf4c351,yes,other,UK,other,Male,english,,other,3,enemy(parent(dana)),exp2,,Energy,True,True,human,False
1750329048,e287e1530e15f924cc77d9832bf4c351,PennController,11,0,trial,NULL,DropDown,answer,Selected,Elizabeth,1750328815863.0,104,3,L,Extensional,English,Bryan's child's enemy,1750328788061,5,0_L_ec3,4,e287e1530e15f924cc77d9832bf4c351,yes,other,UK,other,Male,english,,other,3,Elizabeth,exp2,,Energy,True,True,human,False
1750329048,e287e1530e15f924cc77d9832bf4c351,PennController,12,0,trial,NULL,DropDown,answer,Selected,Felicia,1750328911140.0,57,3,R,Extensional,English,the parent of the enemy of Felicia,1750328817159,5,0_R_pe5,5,e287e1530e15f924cc77d9832bf4c351,yes,other,UK,other,Male,english,,other,3,Felicia,exp2,,Energy,True,True,human,False
1750329048,e287e1530e15f924cc77d9832bf4c351,PennController,7,0,trial,NULL,DropDown,answer,Selected,s,1750328945662.0,99,3,L,Extensional,Abstract,Dana's parent's enemy,1750328920461,5,0_L_ep2,2,e287e1530e15f924cc77d9832bf4c351,yes,other,UK,other,Male,english,,other,3,s,exp2,,Energy,True,True,human,False
1750329048,e287e1530e15f924cc77d9832bf4c351,PennController,4,0,trial,NULL,TextInput,answer,Final,w(s),1750328982011.0,78,2,L,Intensional,Abstract,Dana's enemy,1750328946744,5,0_L_e2,NULL,e287e1530e15f924cc77d9832bf4c351,yes,other,UK,other,Male,english,,other,2,w(s),exp2,,Energy,True,True,human,False
1750329048,e287e1530e15f924cc77d9832bf4c351,PennController,13,0,trial,NULL,TextInput,answer,Final,enemy(friend(Elizabeth)),1750329034555.0,108,3,L,Intensional,English,Elizabeth's enemy's friend,1750328982012,5,0_L_fe4,NULL,e287e1530e15f924cc77d9832bf4c351,yes,other,UK,other,Male,english,,other,3,friend(enemy(elizabeth)),exp2,,Energy,False,False,human,False
1750329048,e287e1530e15f924cc77d9832bf4c351,PennController,5,0,trial,NULL,DropDown,answer,Selected,Felicia,1750329045330.0,61,2,L,Extensional,English,Dana's enemy,1750329034557,5,0_L_e2,5,e287e1530e15f924cc77d9832bf4c351,yes,other,UK,other,Male,english,,other,2,Felicia,exp2,,Energy,True,True,human,False
1750329060,f661343f5f90bb77da1d5c7532659684,PennController,6,0,trial,NULL,TextInput,answer,Final,enemy(dana),1750328530191.0,12,2,R,Intensional,English,the enemy of Dana,1750328439998,39,0_R_e2,NULL,f661343f5f90bb77da1d5c7532659684,yes,other,South Africa,other,Male,english,,ai,2,enemy(dana),exp2,Higher Diploma,,True,True,human,False
1750329060,f661343f5f90bb77da1d5c7532659684,PennController,5,0,trial,NULL,DropDown,answer,Selected,Dana,1750328568410.0,20,2,R,Extensional,English,the child of Felicia,1750328530193,39,0_R_c5,3,f661343f5f90bb77da1d5c7532659684,yes,other,South Africa,other,Male,english,,ai,2,Dana,exp2,Higher Diploma,,True,True,human,False
1750329060,f661343f5f90bb77da1d5c7532659684,PennController,4,0,trial,NULL,TextInput,answer,Final,w(t),1750328638104.0,6,2,R,Intensional,Abstract,the enemy of Bryan,1750328569399,39,0_R_e3,NULL,f661343f5f90bb77da1d5c7532659684,yes,other,South Africa,other,Male,english,,ai,2,w(t),exp2,Higher Diploma,,True,True,human,False
1750329060,f661343f5f90bb77da1d5c7532659684,PennController,7,0,trial,NULL,DropDown,answer,Selected,h,1750328734336.0,85,3,L,Extensional,Abstract,Christina's child's enemy,1750328638106,39,0_L_ec0,0,f661343f5f90bb77da1d5c7532659684,yes,other,South Africa,other,Male,english,,ai,3,h,exp2,Higher Diploma,,True,True,human,False
1750329060,f661343f5f90bb77da1d5c7532659684,PennController,10,0,trial,NULL,TextInput,answer,Final,k(s(s)),1750328799476.0,34,3,R,Intensional,Abstract,the parent of the friend of Dana,1750328735022,39,0_R_pf2,NULL,f661343f5f90bb77da1d5c7532659684,yes,other,South Africa,other,Male,english,,ai,3,k(s(s)),exp2,Higher Diploma,,True,True,human,False
1750329060,f661343f5f90bb77da1d5c7532659684,PennController,3,0,trial,NULL,DropDown,answer,Selected,y,1750328853287.0,12,2,R,Extensional,Abstract,the enemy of Bryan,1750328799478,39,0_R_e3,5,f661343f5f90bb77da1d5c7532659684,yes,other,South Africa,other,Male,english,,ai,2,y,exp2,Higher Diploma,,True,True,human,False
1750329060,f661343f5f90bb77da1d5c7532659684,PennController,9,0,trial,NULL,TextInput,answer,Final,k((t(y)),1750328905924.0,86,3,L,Intensional,Abstract,Christina's child's parent,1750328856470,39,0_L_pc0,NULL,f661343f5f90bb77da1d5c7532659684,yes,other,South Africa,other,Male,english,,ai,3,k(t(y)),exp2,Higher Diploma,,False,False,human,False
1750329060,f661343f5f90bb77da1d5c7532659684,PennController,12,0,trial,NULL,DropDown,answer,Selected,Elizabeth,1750328947494.0,45,3,R,Extensional,English,the friend of the friend of Elizabeth,1750328905926,39,0_R_ff4,4,f661343f5f90bb77da1d5c7532659684,yes,other,South Africa,other,Male,english,,ai,3,Elizabeth,exp2,Higher Diploma,,True,True,human,False
1750329060,f661343f5f90bb77da1d5c7532659684,PennController,11,0,trial,NULL,DropDown,answer,Selected,Christina,1750328969373.0,86,3,L,Extensional,English,Christina's child's parent,1750328948233,39,0_L_pc0,2,f661343f5f90bb77da1d5c7532659684,yes,other,South Africa,other,Male,english,,ai,3,Christina,exp2,Higher Diploma,,True,True,human,False
1750329060,f661343f5f90bb77da1d5c7532659684,PennController,8,0,trial,NULL,DropDown,answer,Selected,q,1750328989329.0,47,3,R,Extensional,Abstract,the parent of the friend of Elizabeth,1750328970096,39,0_R_pf4,1,f661343f5f90bb77da1d5c7532659684,yes,other,South Africa,other,Male,english,,ai,3,q,exp2,Higher Diploma,,True,True,human,False
1750329060,f661343f5f90bb77da1d5c7532659684,PennController,13,0,trial,NULL,TextInput,answer,Final,enemy(parent(dana)),1750329029645.0,99,3,L,Intensional,English,Dana's parent's enemy,1750328989988,39,0_L_ep2,NULL,f661343f5f90bb77da1d5c7532659684,yes,other,South Africa,other,Male,english,,ai,3,enemy(parent(dana)),exp2,Higher Diploma,,True,True,human,False
1750329060,f661343f5f90bb77da1d5c7532659684,PennController,14,0,trial,NULL,TextInput,answer,Final,friend(enemy(dana)),1750329059817.0,35,3,R,Intensional,English,the friend of the enemy of Dana,1750329029647,39,0_R_fe2,NULL,f661343f5f90bb77da1d5c7532659684,yes,other,South Africa,other,Male,english,,ai,3,friend(enemy(dana)),exp2,Higher Diploma,,True,True,human,False
1750329083,917ca3a96e3f6939fd03f91a8c907c64,PennController,4,0,trial,NULL,TextInput,answer,Final,s(y),1750328331317.0,66,2,L,Intensional,Abstract,Christina's friend,1750328213889,19,0_L_f0,NULL,917ca3a96e3f6939fd03f91a8c907c64,yes,other,United States,high_school,Female,english,,ai,2,s(y),exp2,,,True,True,human,False
1750329083,917ca3a96e3f6939fd03f91a8c907c64,PennController,3,0,trial,NULL,DropDown,answer,Selected,y,1750328454874.0,66,2,L,Extensional,Abstract,Elizabeth's parent,1750328331353,19,0_L_p4,5,917ca3a96e3f6939fd03f91a8c907c64,yes,other,United States,high_school,Female,english,,ai,2,y,exp2,,,True,True,human,False
1750329083,917ca3a96e3f6939fd03f91a8c907c64,PennController,13,0,trial,NULL,TextInput,answer,Final,friend(friend(amber)),1750328560515.0,87,3,L,Intensional,English,Amber's friend's friend,1750328456661,19,0_L_ff1,NULL,917ca3a96e3f6939fd03f91a8c907c64,yes,other,United States,high_school,Female,english,,ai,3,friend(friend(amber)),exp2,,,True,True,human,False
1750329083,917ca3a96e3f6939fd03f91a8c907c64,PennController,12,0,trial,NULL,DropDown,answer,Selected,Felicia,1750328615442.0,41,3,R,Extensional,English,the friend of the friend of Bryan,1750328560531,19,0_R_ff3,5,917ca3a96e3f6939fd03f91a8c907c64,yes,other,United States,high_school,Female,english,,ai,3,Bryan,exp2,,,False,False,human,False
1750329083,917ca3a96e3f6939fd03f91a8c907c64,PennController,9,0,trial,NULL,TextInput,answer,Final,parent(friend(s)),1750328676794.0,98,3,L,Intensional,Abstract,Dana's parent's friend,1750328621316,19,0_L_fp2,NULL,917ca3a96e3f6939fd03f91a8c907c64,yes,other,United States,high_school,Female,english,,ai,3,s(k(s)),exp2,,,False,False,human,False
1750329083,917ca3a96e3f6939fd03f91a8c907c64,PennController,11,0,trial,NULL,DropDown,answer,Selected,Dana,1750328727025.0,114,3,L,Extensional,English,Felicia's friend's child,1750328676812,19,0_L_cf5,3,917ca3a96e3f6939fd03f91a8c907c64,yes,other,United States,high_school,Female,english,,ai,3,Amber,exp2,,,False,False,human,False
1750329083,917ca3a96e3f6939fd03f91a8c907c64,PennController,7,0,trial,NULL,DropDown,answer,Selected,q,1750328783665.0,93,3,L,Extensional,Abstract,Dana's friend's enemy,1750328732020,19,0_L_ef2,1,917ca3a96e3f6939fd03f91a8c907c64,yes,other,United States,high_school,Female,english,,ai,3,h,exp2,,,False,False,human,False
1750329083,917ca3a96e3f6939fd03f91a8c907c64,PennController,14,0,trial,NULL,TextInput,answer,Final,friend(child(bryan)),1750328847304.0,43,3,R,Intensional,English,the friend of the child of Bryan,1750328785668,19,0_R_fc3,NULL,917ca3a96e3f6939fd03f91a8c907c64,yes,other,United States,high_school,Female,english,,ai,3,friend(child(bryan)),exp2,,,True,True,human,False
1750329083,917ca3a96e3f6939fd03f91a8c907c64,PennController,8,0,trial,NULL,DropDown,answer,Selected,v,1750328880968.0,40,3,R,Extensional,Abstract,the child of the parent of Dana,1750328847322,19,0_R_cp2,4,917ca3a96e3f6939fd03f91a8c907c64,yes,other,United States,high_school,Female,english,,ai,3,s,exp2,,,False,False,human,False
1750329083,917ca3a96e3f6939fd03f91a8c907c64,PennController,6,0,trial,NULL,TextInput,answer,Final,enemy(dana),1750328980015.0,62,2,L,Intensional,English,Dana's enemy,1750328922273,19,0_L_e2,NULL,917ca3a96e3f6939fd03f91a8c907c64,yes,other,United States,high_school,Female,english,,ai,2,enemy(dana),exp2,,,True,True,human,False
1750329083,917ca3a96e3f6939fd03f91a8c907c64,PennController,5,0,trial,NULL,DropDown,answer,Selected,Christina,1750329018623.0,80,2,L,Extensional,English,Bryan's enemy,1750328980033,19,0_L_e3,2,917ca3a96e3f6939fd03f91a8c907c64,yes,other,United States,high_school,Female,english,,ai,2,Christina,exp2,,,True,True,human,False
1750329083,917ca3a96e3f6939fd03f91a8c907c64,PennController,10,0,trial,NULL,TextInput,answer,Final,enemy(enemy(amber)),1750329080863.0,30,3,R,Intensional,Abstract,the enemy of the enemy of Amber,1750329024138,19,0_R_ee1,NULL,917ca3a96e3f6939fd03f91a8c907c64,yes,other,United States,high_school,Female,english,,ai,3,w(w(h)),exp2,,,False,False,human,False
1750329118,08ac92ec629b6da10a4294eb34c2c44a,PennController,10,0,trial,NULL,TextInput,answer,Final,w(h(y)),1750328426300.0,21,3,R,Intensional,Abstract,the enemy of the friend of Christina,1750328291302,23,0_R_ef0,NULL,08ac92ec629b6da10a4294eb34c2c44a,yes,other,United States of America,master,Female,english,,other,3,w(s(y)),exp2,,Healthcare,False,False,human,False
1750329118,08ac92ec629b6da10a4294eb34c2c44a,PennController,7,0,trial,NULL,DropDown,answer,Selected,y,1750328502380.0,113,3,L,Extensional,Abstract,Felicia's friend's friend,1750328426306,23,0_L_ff5,5,08ac92ec629b6da10a4294eb34c2c44a,yes,other,United States of America,master,Female,english,,other,3,q,exp2,,Healthcare,False,False,human,False
1750329118,08ac92ec629b6da10a4294eb34c2c44a,PennController,9,0,trial,NULL,TextInput,answer,Final,h(t),1750328557198.0,113,3,L,Intensional,Abstract,Felicia's friend's friend,1750328503817,23,0_L_ff5,NULL,08ac92ec629b6da10a4294eb34c2c44a,yes,other,United States of America,master,Female,english,,other,3,s(s(q)),exp2,,Healthcare,False,False,human,False
1750329118,08ac92ec629b6da10a4294eb34c2c44a,PennController,14,0,trial,NULL,TextInput,answer,Final,child(friend(amber)),1750328631722.0,29,3,R,Intensional,English,the child of the friend of Amber,1750328557202,23,0_R_cf1,NULL,08ac92ec629b6da10a4294eb34c2c44a,yes,other,United States of America,master,Female,english,,other,3,child(friend(amber)),exp2,,Healthcare,True,True,human,False
1750329118,08ac92ec629b6da10a4294eb34c2c44a,PennController,11,0,trial,NULL,DropDown,answer,Selected,Elizabeth,1750328681586.0,112,3,L,Extensional,English,Elizabeth's parent's child,1750328631726,23,0_L_cp4,4,08ac92ec629b6da10a4294eb34c2c44a,yes,other,United States of America,master,Female,english,,other,3,Elizabeth,exp2,,Healthcare,True,True,human,False
1750329118,08ac92ec629b6da10a4294eb34c2c44a,PennController,6,0,trial,NULL,TextInput,answer,Final,friend(christina),1750328740380.0,16,2,R,Intensional,English,the friend of Christina,1750328685731,23,0_R_f0,NULL,08ac92ec629b6da10a4294eb34c2c44a,yes,other,United States of America,master,Female,english,,other,2,friend(christina),exp2,,Healthcare,True,True,human,False
1750329118,08ac92ec629b6da10a4294eb34c2c44a,PennController,13,0,trial,NULL,TextInput,answer,Final,parent(friend(elizabeth)),1750328793380.0,107,3,L,Intensional,English,Elizabeth's friend's parent,1750328740383,23,0_L_pf4,NULL,08ac92ec629b6da10a4294eb34c2c44a,yes,other,United States of America,master,Female,english,,other,3,parent(friend(elizabeth)),exp2,,Healthcare,True,True,human,False
1750329118,08ac92ec629b6da10a4294eb34c2c44a,PennController,5,0,trial,NULL,DropDown,answer,Selected,Christina,1750328869141.0,2,2,R,Extensional,English,the enemy of Bryan,1750328793383,23,0_R_e3,2,08ac92ec629b6da10a4294eb34c2c44a,yes,other,United States of America,master,Female,english,,other,2,Christina,exp2,,Healthcare,True,True,human,False
1750329118,08ac92ec629b6da10a4294eb34c2c44a,PennController,12,0,trial,NULL,DropDown,answer,Selected,Christina,1750328918892.0,34,3,R,Extensional,English,the parent of the friend of Dana,1750328871325,23,0_R_pf2,2,08ac92ec629b6da10a4294eb34c2c44a,yes,other,United States of America,master,Female,english,,other,3,Christina,exp2,,Healthcare,True,True,human,False
1750329118,08ac92ec629b6da10a4294eb34c2c44a,PennController,4,0,trial,NULL,TextInput,answer,Final,k(v),1750328991135.0,3,2,R,Intensional,Abstract,the parent of Elizabeth,1750328920196,23,0_R_p4,NULL,08ac92ec629b6da10a4294eb34c2c44a,yes,other,United States of America,master,Female,english,,other,2,k(v),exp2,,Healthcare,True,True,human,False
1750329118,08ac92ec629b6da10a4294eb34c2c44a,PennController,3,0,trial,NULL,DropDown,answer,Selected,q,1750329050051.0,2,2,R,Extensional,Abstract,the enemy of Dana,1750328991138,23,0_R_e2,1,08ac92ec629b6da10a4294eb34c2c44a,yes,other,United States of America,master,Female,english,,other,2,q,exp2,,Healthcare,True,True,human,False
1750329118,08ac92ec629b6da10a4294eb34c2c44a,PennController,8,0,trial,NULL,DropDown,answer,Selected,t,1750329115416.0,41,3,R,Extensional,Abstract,the friend of the friend of Bryan,1750329051524,23,0_R_ff3,3,08ac92ec629b6da10a4294eb34c2c44a,yes,other,United States of America,master,Female,english,,other,3,t,exp2,,Healthcare,True,True,human,False
1750329153,a73fafc19a32cb4f6bc70d0daff0c0fc,PennController,4,0,trial,NULL,TextInput,answer,Final,s(y),1750328521807.0,14,2,R,Intensional,Abstract,the friend of Christina,1750328384609,34,0_R_f0,NULL,a73fafc19a32cb4f6bc70d0daff0c0fc,yes,netherlands,,bachelor,Female,english,,linguistics,2,s(y),exp2,,,True,True,human,False
1750329153,a73fafc19a32cb4f6bc70d0daff0c0fc,PennController,10,0,trial,NULL,TextInput,answer,Final,t(k(s)),1750328582149.0,40,3,R,Intensional,Abstract,the child of the parent of Dana,1750328521827,34,0_R_cp2,NULL,a73fafc19a32cb4f6bc70d0daff0c0fc,yes,netherlands,,bachelor,Female,english,,linguistics,3,t(k(s)),exp2,,,True,True,human,False
1750329153,a73fafc19a32cb4f6bc70d0daff0c0fc,PennController,5,0,trial,NULL,DropDown,answer,Selected,Dana,1750328655381.0,17,2,R,Extensional,English,the child of Felicia,1750328582160,34,0_R_c5,3,a73fafc19a32cb4f6bc70d0daff0c0fc,yes,netherlands,,bachelor,Female,english,,linguistics,2,Dana,exp2,,,True,True,human,False
1750329153,a73fafc19a32cb4f6bc70d0daff0c0fc,PennController,14,0,trial,NULL,TextInput,answer,Final,parent(enemy(felicia)),1750328751261.0,57,3,R,Intensional,English,the parent of the enemy of Felicia,1750328659690,34,0_R_pe5,NULL,a73fafc19a32cb4f6bc70d0daff0c0fc,yes,netherlands,,bachelor,Female,english,,linguistics,3,parent(enemy(felicia)),exp2,,,True,True,human,False
1750329153,a73fafc19a32cb4f6bc70d0daff0c0fc,PennController,3,0,trial,NULL,DropDown,answer,Selected,s,1750328833950.0,6,2,R,Extensional,Abstract,the child of Felicia,1750328751270,34,0_R_c5,2,a73fafc19a32cb4f6bc70d0daff0c0fc,yes,netherlands,,bachelor,Female,english,,linguistics,2,s,exp2,,,True,True,human,False
1750329153,a73fafc19a32cb4f6bc70d0daff0c0fc,PennController,7,0,trial,NULL,DropDown,answer,Selected,v,1750328881501.0,112,3,L,Extensional,Abstract,Elizabeth's parent's child,1750328835332,34,0_L_cp4,4,a73fafc19a32cb4f6bc70d0daff0c0fc,yes,netherlands,,bachelor,Female,english,,linguistics,3,v,exp2,,,True,True,human,False
1750329153,a73fafc19a32cb4f6bc70d0daff0c0fc,PennController,9,0,trial,NULL,TextInput,answer,Final,s(s(v)),1750328973794.0,105,3,L,Intensional,Abstract,Elizabeth's friend's friend,1750328882681,34,0_L_ff4,NULL,a73fafc19a32cb4f6bc70d0daff0c0fc,yes,netherlands,,bachelor,Female,english,,linguistics,3,s(s(v)),exp2,,,True,True,human,False
1750329153,a73fafc19a32cb4f6bc70d0daff0c0fc,PennController,12,0,trial,NULL,DropDown,answer,Selected,Bryan,1750329021850.0,35,3,R,Extensional,English,the friend of the enemy of Dana,1750328973804,34,0_R_fe2,1,a73fafc19a32cb4f6bc70d0daff0c0fc,yes,netherlands,,bachelor,Female,english,,linguistics,3,Bryan,exp2,,,True,True,human,False
1750329153,a73fafc19a32cb4f6bc70d0daff0c0fc,PennController,8,0,trial,NULL,DropDown,answer,Selected,h,1750329049250.0,25,3,R,Extensional,Abstract,the enemy of the child of Christina,1750329023152,34,0_R_ec0,0,a73fafc19a32cb4f6bc70d0daff0c0fc,yes,netherlands,,bachelor,Female,english,,linguistics,3,h,exp2,,,True,True,human,False
1750329153,a73fafc19a32cb4f6bc70d0daff0c0fc,PennController,13,0,trial,NULL,TextInput,answer,Final,parent(enemy(amber)),1750329093833.0,91,3,L,Intensional,English,Amber's enemy's parent,1750329050132,34,0_L_pe1,NULL,a73fafc19a32cb4f6bc70d0daff0c0fc,yes,netherlands,,bachelor,Female,english,,linguistics,3,parent(enemy(amber)),exp2,,,True,True,human,False
1750329153,a73fafc19a32cb4f6bc70d0daff0c0fc,PennController,11,0,trial,NULL,DropDown,answer,Selected,Felicia,1750329125215.0,106,3,L,Extensional,English,Elizabeth's friend's enemy,1750329093841,34,0_L_ef4,5,a73fafc19a32cb4f6bc70d0daff0c0fc,yes,netherlands,,bachelor,Female,english,,linguistics,3,Felicia,exp2,,,True,True,human,False
1750329153,a73fafc19a32cb4f6bc70d0daff0c0fc,PennController,6,0,trial,NULL,TextInput,answer,Final,enemy(dana),1750329150502.0,10,2,R,Intensional,English,the enemy of Dana,1750329126489,34,0_R_e2,NULL,a73fafc19a32cb4f6bc70d0daff0c0fc,yes,netherlands,,bachelor,Female,english,,linguistics,2,enemy(dana),exp2,,,True,True,human,False
1750329274,9ea449cba8f161b0549b752a824ee163,PennController,9,0,trial,NULL,TextInput,answer,Final,s(t(y)),1750328309938.0,84,3,L,Intensional,Abstract,Christina's child's friend,1750328220649,13,0_L_fc0,NULL,9ea449cba8f161b0549b752a824ee163,yes,other,USA,master,Female,english,,ai,3,s(t(y)),exp2,,,True,True,human,False
1750329274,9ea449cba8f161b0549b752a824ee163,PennController,11,0,trial,NULL,DropDown,answer,Selected,Bryan,1750328397583.0,95,3,L,Extensional,English,Dana's enemy's friend,1750328309942,13,0_L_fe2,1,9ea449cba8f161b0549b752a824ee163,yes,other,USA,master,Female,english,,ai,3,Bryan,exp2,,,True,True,human,False
1750329274,9ea449cba8f161b0549b752a824ee163,PennController,4,0,trial,NULL,TextInput,answer,Final,w(t),1750328448272.0,76,2,L,Intensional,Abstract,Bryan's enemy,1750328399847,13,0_L_e3,NULL,9ea449cba8f161b0549b752a824ee163,yes,other,USA,master,Female,english,,ai,2,w(t),exp2,,,True,True,human,False
1750329274,9ea449cba8f161b0549b752a824ee163,PennController,3,0,trial,NULL,DropDown,answer,Selected,y,1750328491057.0,68,2,L,Extensional,Abstract,Elizabeth's parent,1750328448275,13,0_L_p4,5,9ea449cba8f161b0549b752a824ee163,yes,other,USA,master,Female,english,,ai,2,y,exp2,,,True,True,human,False
1750329274,9ea449cba8f161b0549b752a824ee163,PennController,8,0,trial,NULL,DropDown,answer,Selected,t,1750328679222.0,35,3,R,Extensional,Abstract,the friend of the enemy of Dana,1750328527323,13,0_R_fe2,3,9ea449cba8f161b0549b752a824ee163,yes,other,USA,master,Female,english,,ai,3,t,exp2,,,True,True,human,False
1750329274,9ea449cba8f161b0549b752a824ee163,PennController,10,0,trial,NULL,TextInput,answer,Final,w(h),1750328733353.0,44,3,R,Intensional,Abstract,the enemy of the child of Bryan,1750328680679,13,0_R_ec3,NULL,9ea449cba8f161b0549b752a824ee163,yes,other,USA,master,Female,english,,ai,3,w(t(t)),exp2,,,False,False,human,False
1750329274,9ea449cba8f161b0549b752a824ee163,PennController,12,0,trial,NULL,DropDown,answer,Selected,Dana,1750328808836.0,36,3,R,Extensional,English,the enemy of the enemy of Dana,1750328733356,13,0_R_ee2,3,9ea449cba8f161b0549b752a824ee163,yes,other,USA,master,Female,english,,ai,3,Dana,exp2,,,True,True,human,False
1750329274,9ea449cba8f161b0549b752a824ee163,PennController,5,0,trial,NULL,DropDown,answer,Selected,Christina,1750328876388.0,65,2,L,Extensional,English,Elizabeth's parent,1750328813424,13,0_L_p4,2,9ea449cba8f161b0549b752a824ee163,yes,other,USA,master,Female,english,,ai,2,Christina,exp2,,,True,True,human,False
1750329274,9ea449cba8f161b0549b752a824ee163,PennController,7,0,trial,NULL,DropDown,answer,Selected,q,1750328985528.0,119,3,L,Extensional,Abstract,Felicia's child's enemy,1750328884163,13,0_L_ec5,1,9ea449cba8f161b0549b752a824ee163,yes,other,USA,master,Female,english,,ai,3,q,exp2,,,True,True,human,False
1750329274,9ea449cba8f161b0549b752a824ee163,PennController,13,0,trial,NULL,TextInput,answer,Final,friend(friend(bryan),1750329114636.0,101,3,L,Intensional,English,Bryan's friend's friend,1750329014755,13,0_L_ff3,NULL,9ea449cba8f161b0549b752a824ee163,yes,other,USA,master,Female,english,,ai,3,friend(friend(bryan)),exp2,,,False,True,human,False
1750329274,9ea449cba8f161b0549b752a824ee163,PennController,6,0,trial,NULL,TextInput,answer,Final,enemy(bryan),1750329168434.0,69,2,L,Intensional,English,Bryan's enemy,1750329114639,13,0_L_e3,NULL,9ea449cba8f161b0549b752a824ee163,yes,other,USA,master,Female,english,,ai,2,enemy(bryan),exp2,,,True,True,human,False
1750329274,9ea449cba8f161b0549b752a824ee163,PennController,14,0,trial,NULL,TextInput,answer,Final,enemy(enemy(dana)),1750329271605.0,36,3,R,Intensional,English,the enemy of the enemy of Dana,1750329168437,13,0_R_ee2,NULL,9ea449cba8f161b0549b752a824ee163,yes,other,USA,master,Female,english,,ai,3,enemy(enemy(dana)),exp2,,,True,True,human,False
1750329282,0aad1b7a8f5ee7a59dc82159c38ed4fe,PennController,8,0,trial,NULL,DropDown,answer,Selected,y,1750328357843.0,31,3,R,Extensional,Abstract,the parent of the enemy of Amber,1750328241452,21,0_R_pe1,5,0aad1b7a8f5ee7a59dc82159c38ed4fe,yes,other,United States,phd,Female,english,,other,3,y,exp2,,Finance,True,True,human,False
1750329282,0aad1b7a8f5ee7a59dc82159c38ed4fe,PennController,11,0,trial,NULL,DropDown,answer,Selected,Elizabeth,1750328449209.0,89,3,L,Extensional,English,Amber's friend's child,1750328358976,21,0_L_cf1,4,0aad1b7a8f5ee7a59dc82159c38ed4fe,yes,other,United States,phd,Female,english,,other,3,Elizabeth,exp2,,Finance,True,True,human,False
1750329282,0aad1b7a8f5ee7a59dc82159c38ed4fe,PennController,12,0,trial,NULL,DropDown,answer,Selected,Amber,1750328527304.0,50,3,R,Extensional,English,the friend of the parent of Elizabeth,1750328452390,21,0_R_fp4,0,0aad1b7a8f5ee7a59dc82159c38ed4fe,yes,other,United States,phd,Female,english,,other,3,Amber,exp2,,Finance,True,True,human,False
1750329282,0aad1b7a8f5ee7a59dc82159c38ed4fe,PennController,14,0,trial,NULL,TextInput,answer,Final,child(enemy)(christina)),1750328688881.0,23,3,R,Intensional,English,the child of the enemy of Christina,1750328530043,21,0_R_ce0,NULL,0aad1b7a8f5ee7a59dc82159c38ed4fe,yes,other,United States,phd,Female,english,,other,3,child(enemy(christina)),exp2,,Finance,False,False,human,False
1750329282,0aad1b7a8f5ee7a59dc82159c38ed4fe,PennController,5,0,trial,NULL,DropDown,answer,Selected,Christina,1750328759633.0,5,2,R,Extensional,English,the friend of Amber,1750328688883,21,0_R_f1,2,0aad1b7a8f5ee7a59dc82159c38ed4fe,yes,other,United States,phd,Female,english,,other,2,Christina,exp2,,Finance,True,True,human,False
1750329282,0aad1b7a8f5ee7a59dc82159c38ed4fe,PennController,9,0,trial,NULL,TextInput,answer,Final,k(t(q)),1750328832929.0,120,3,L,Intensional,Abstract,Felicia's child's parent,1750328760754,21,0_L_pc5,NULL,0aad1b7a8f5ee7a59dc82159c38ed4fe,yes,other,United States,phd,Female,english,,other,3,k(t(q)),exp2,,Finance,True,True,human,False
1750329282,0aad1b7a8f5ee7a59dc82159c38ed4fe,PennController,10,0,trial,NULL,TextInput,answer,Final,s(s(s)),1750328907585.0,32,3,R,Intensional,Abstract,the friend of the friend of Dana,1750328832931,21,0_R_ff2,NULL,0aad1b7a8f5ee7a59dc82159c38ed4fe,yes,other,United States,phd,Female,english,,other,3,s(s(s)),exp2,,Finance,True,True,human,False
1750329282,0aad1b7a8f5ee7a59dc82159c38ed4fe,PennController,3,0,trial,NULL,DropDown,answer,Selected,y,1750328984729.0,16,2,R,Extensional,Abstract,the friend of Amber,1750328907587,21,0_R_f1,5,0aad1b7a8f5ee7a59dc82159c38ed4fe,yes,other,United States,phd,Female,english,,other,2,y,exp2,,Finance,True,True,human,False
1750329282,0aad1b7a8f5ee7a59dc82159c38ed4fe,PennController,13,0,trial,NULL,TextInput,answer,Final,friend(enemy(dana)),1750329067585.0,95,3,L,Intensional,English,Dana's enemy's friend,1750328986114,21,0_L_fe2,NULL,0aad1b7a8f5ee7a59dc82159c38ed4fe,yes,other,United States,phd,Female,english,,other,3,friend(enemy(dana)),exp2,,Finance,True,True,human,False
1750329282,0aad1b7a8f5ee7a59dc82159c38ed4fe,PennController,6,0,trial,NULL,TextInput,answer,Final,parent(elizabeth),1750329154865.0,19,2,R,Intensional,English,the parent of Elizabeth,1750329067607,21,0_R_p4,NULL,0aad1b7a8f5ee7a59dc82159c38ed4fe,yes,other,United States,phd,Female,english,,other,2,parent(elizabeth),exp2,,Finance,True,True,human,False
1750329282,0aad1b7a8f5ee7a59dc82159c38ed4fe,PennController,7,0,trial,NULL,DropDown,answer,Selected,y,1750329214281.0,91,3,L,Extensional,Abstract,Amber's enemy's parent,1750329154866,21,0_L_pe1,5,0aad1b7a8f5ee7a59dc82159c38ed4fe,yes,other,United States,phd,Female,english,,other,3,y,exp2,,Finance,True,True,human,False
1750329282,0aad1b7a8f5ee7a59dc82159c38ed4fe,PennController,4,0,trial,NULL,TextInput,answer,Final,t(q),1750329279697.0,9,2,R,Intensional,Abstract,the child of Felicia,1750329215435,21,0_R_c5,NULL,0aad1b7a8f5ee7a59dc82159c38ed4fe,yes,other,United States,phd,Female,english,,other,2,t(q),exp2,,Finance,True,True,human,False
1750329318,6810cc5d81f8dd939b09c9089326ab2f,PennController,8,0,trial,NULL,DropDown,answer,Selected,s,1750328514837.0,32,3,R,Extensional,Abstract,the friend of the friend of Dana,1750328417949,31,0_R_ff2,2,6810cc5d81f8dd939b09c9089326ab2f,yes,other,united states of America,high_school,Female,english,,other,3,s,exp2,,Economics,True,True,human,False
1750329318,6810cc5d81f8dd939b09c9089326ab2f,PennController,14,0,trial,NULL,TextInput,answer,Final,friend(child(christina)),1750328667113.0,24,3,R,Intensional,English,the friend of the child of Christina,1750328540582,31,0_R_fc0,NULL,6810cc5d81f8dd939b09c9089326ab2f,yes,other,united states of America,high_school,Female,english,,other,3,friend(child(christina)),exp2,,Economics,True,True,human,False
1750329318,6810cc5d81f8dd939b09c9089326ab2f,PennController,12,0,trial,NULL,DropDown,answer,Selected,Elizabeth,1750328733457.0,55,3,R,Extensional,English,the friend of the enemy of Felicia,1750328667118,31,0_R_fe5,4,6810cc5d81f8dd939b09c9089326ab2f,yes,other,united states of America,high_school,Female,english,,other,3,Elizabeth,exp2,,Economics,True,True,human,False
1750329318,6810cc5d81f8dd939b09c9089326ab2f,PennController,7,0,trial,NULL,DropDown,answer,Selected,q,1750328819478.0,107,3,L,Extensional,Abstract,Elizabeth's friend's parent,1750328746952,31,0_L_pf4,1,6810cc5d81f8dd939b09c9089326ab2f,yes,other,united states of America,high_school,Female,english,,other,3,q,exp2,,Economics,True,True,human,False
1750329318,6810cc5d81f8dd939b09c9089326ab2f,PennController,11,0,trial,NULL,DropDown,answer,Selected,Dana,1750328903941.0,100,3,L,Extensional,English,Dana's parent's child,1750328821659,31,0_L_cp2,3,6810cc5d81f8dd939b09c9089326ab2f,yes,other,united states of America,high_school,Female,english,,other,3,Dana,exp2,,Economics,True,True,human,False
1750329318,6810cc5d81f8dd939b09c9089326ab2f,PennController,3,0,trial,NULL,DropDown,answer,Selected,y,1750328922179.0,14,2,R,Extensional,Abstract,the friend of Amber,1750328914835,31,0_R_f1,5,6810cc5d81f8dd939b09c9089326ab2f,yes,other,united states of America,high_school,Female,english,,other,2,y,exp2,,Economics,True,True,human,False
1750329318,6810cc5d81f8dd939b09c9089326ab2f,PennController,5,0,trial,NULL,DropDown,answer,Selected,Christina,1750328940021.0,10,2,R,Extensional,English,the parent of Elizabeth,1750328925098,31,0_R_p4,2,6810cc5d81f8dd939b09c9089326ab2f,yes,other,united states of America,high_school,Female,english,,other,2,Christina,exp2,,Economics,True,True,human,False
1750329318,6810cc5d81f8dd939b09c9089326ab2f,PennController,10,0,trial,NULL,TextInput,answer,Final,w(s(s)),1750329136727.0,33,3,R,Intensional,Abstract,the enemy of the friend of Dana,1750328941559,31,0_R_ef2,NULL,6810cc5d81f8dd939b09c9089326ab2f,yes,other,united states of America,high_school,Female,english,,other,3,w(s(s)),exp2,,Economics,True,True,human,False
1750329318,6810cc5d81f8dd939b09c9089326ab2f,PennController,13,0,trial,NULL,TextInput,answer,Final,friend(parent(elizabeth)),1750329227405.0,110,3,L,Intensional,English,Elizabeth's parent's friend,1750329136732,31,0_L_fp4,NULL,6810cc5d81f8dd939b09c9089326ab2f,yes,other,united states of America,high_school,Female,english,,other,3,friend(parent(elizabeth)),exp2,,Economics,True,True,human,False
1750329318,6810cc5d81f8dd939b09c9089326ab2f,PennController,4,0,trial,NULL,TextInput,answer,Final,w(t),1750329257345.0,8,2,R,Intensional,Abstract,the enemy of Bryan,1750329227410,31,0_R_e3,NULL,6810cc5d81f8dd939b09c9089326ab2f,yes,other,united states of America,high_school,Female,english,,other,2,w(t),exp2,,Economics,True,True,human,False
1750329318,6810cc5d81f8dd939b09c9089326ab2f,PennController,9,0,trial,NULL,TextInput,answer,Final,k(s),1750329301528.0,100,3,L,Intensional,Abstract,Dana's parent's child,1750329257349,31,0_L_cp2,NULL,6810cc5d81f8dd939b09c9089326ab2f,yes,other,united states of America,high_school,Female,english,,other,3,t(k(s)),exp2,,Economics,False,False,human,False
1750329318,6810cc5d81f8dd939b09c9089326ab2f,PennController,6,0,trial,NULL,TextInput,answer,Final,friend(amber),1750329317330.0,6,2,R,Intensional,English,the friend of Amber,1750329301531,31,0_R_f1,NULL,6810cc5d81f8dd939b09c9089326ab2f,yes,other,united states of America,high_school,Female,english,,other,2,friend(amber),exp2,,Economics,True,True,human,False
1750329335,be112d7c0bc33d73fa5421dfcf0ca495,PennController,9,0,trial,NULL,TextInput,answer,Final,k(s(v)),1750328564485.0,107,3,L,Intensional,Abstract,Elizabeth's friend's parent,1750328199772,18,0_L_pf4,NULL,be112d7c0bc33d73fa5421dfcf0ca495,yes,other,UK,other,Female,english,,other,3,k(s(v)),exp2,,Study - Psychology / profession - Arts,True,True,human,False
1750329335,be112d7c0bc33d73fa5421dfcf0ca495,PennController,5,0,trial,NULL,DropDown,answer,Selected,Christina,1750328617373.0,70,2,L,Extensional,English,Amber's friend,1750328564489,18,0_L_f1,2,be112d7c0bc33d73fa5421dfcf0ca495,yes,other,UK,other,Female,english,,other,2,Christina,exp2,,Study - Psychology / profession - Arts,True,True,human,False
1750329335,be112d7c0bc33d73fa5421dfcf0ca495,PennController,10,0,trial,NULL,TextInput,answer,Final,k(t(q)),1750328786903.0,60,3,R,Intensional,Abstract,the parent of the child of Felicia,1750328618957,18,0_R_pc5,NULL,be112d7c0bc33d73fa5421dfcf0ca495,yes,other,UK,other,Female,english,,other,3,k(t(q)),exp2,,Study - Psychology / profession - Arts,True,True,human,False
1750329335,be112d7c0bc33d73fa5421dfcf0ca495,PennController,3,0,trial,NULL,DropDown,answer,Selected,h,1750328827701.0,71,2,L,Extensional,Abstract,Christina's friend,1750328786906,18,0_L_f0,0,be112d7c0bc33d73fa5421dfcf0ca495,yes,other,UK,other,Female,english,,other,2,h,exp2,,Study - Psychology / profession - Arts,True,True,human,False
1750329335,be112d7c0bc33d73fa5421dfcf0ca495,PennController,13,0,trial,NULL,TextInput,answer,Final,enemy(child(felicia)),1750328958267.0,119,3,L,Intensional,English,Felicia's child's enemy,1750328829092,18,0_L_ec5,NULL,be112d7c0bc33d73fa5421dfcf0ca495,yes,other,UK,other,Female,english,,other,3,enemy(child(felicia)),exp2,,Study - Psychology / profession - Arts,True,True,human,False
1750329335,be112d7c0bc33d73fa5421dfcf0ca495,PennController,11,0,trial,NULL,DropDown,answer,Selected,Dana,1750329013495.0,99,3,L,Extensional,English,Dana's parent's enemy,1750328958269,18,0_L_ep2,3,be112d7c0bc33d73fa5421dfcf0ca495,yes,other,UK,other,Female,english,,other,3,Dana,exp2,,Study - Psychology / profession - Arts,True,True,human,False
1750329335,be112d7c0bc33d73fa5421dfcf0ca495,PennController,8,0,trial,NULL,DropDown,answer,Selected,y,1750329149052.0,34,3,R,Extensional,Abstract,the parent of the friend of Dana,1750329014659,18,0_R_pf2,5,be112d7c0bc33d73fa5421dfcf0ca495,yes,other,UK,other,Female,english,,other,3,y,exp2,,Study - Psychology / profession - Arts,True,True,human,False
1750329335,be112d7c0bc33d73fa5421dfcf0ca495,PennController,14,0,trial,NULL,TextInput,answer,Final,friend(child(felicia)),1750329192582.0,54,3,R,Intensional,English,the child of the friend of Felicia,1750329153420,18,0_R_cf5,NULL,be112d7c0bc33d73fa5421dfcf0ca495,yes,other,UK,other,Female,english,,other,3,child(friend(felicia)),exp2,,Study - Psychology / profession - Arts,False,False,human,False
1750329335,be112d7c0bc33d73fa5421dfcf0ca495,PennController,4,0,trial,NULL,TextInput,answer,Final,s(h),1750329232930.0,72,2,L,Intensional,Abstract,Amber's friend,1750329192584,18,0_L_f1,NULL,be112d7c0bc33d73fa5421dfcf0ca495,yes,other,UK,other,Female,english,,other,2,s(h),exp2,,Study - Psychology / profession - Arts,True,True,human,False
1750329335,be112d7c0bc33d73fa5421dfcf0ca495,PennController,6,0,trial,NULL,TextInput,answer,Final,friend(christina),1750329255657.0,80,2,L,Intensional,English,Christina's friend,1750329232931,18,0_L_f0,NULL,be112d7c0bc33d73fa5421dfcf0ca495,yes,other,UK,other,Female,english,,other,2,friend(christina),exp2,,Study - Psychology / profession - Arts,True,True,human,False
1750329335,be112d7c0bc33d73fa5421dfcf0ca495,PennController,12,0,trial,NULL,DropDown,answer,Selected,Elizabeth,1750329293824.0,29,3,R,Extensional,English,the child of the friend of Amber,1750329255657,18,0_R_cf1,4,be112d7c0bc33d73fa5421dfcf0ca495,yes,other,UK,other,Female,english,,other,3,Elizabeth,exp2,,Study - Psychology / profession - Arts,True,True,human,False
1750329335,be112d7c0bc33d73fa5421dfcf0ca495,PennController,7,0,trial,NULL,DropDown,answer,Selected,v,1750329323086.0,89,3,L,Extensional,Abstract,Amber's friend's child,1750329295089,18,0_L_cf1,4,be112d7c0bc33d73fa5421dfcf0ca495,yes,other,UK,other,Female,english,,other,3,v,exp2,,Study - Psychology / profession - Arts,True,True,human,False
1750329356,8e87ed4561abd106ebd25ad032890860,PennController,14,0,trial,NULL,TextInput,answer,Final,=child(parent(elizabeth)),1750328472717.0,52,3,R,Intensional,English,the child of the parent of Elizabeth,1750328285069,14,0_R_cp4,NULL,8e87ed4561abd106ebd25ad032890860,yes,other,US,master,Male,english,,ai,3,child(parent(elizabeth)),exp2,,,False,True,human,False
1750329356,8e87ed4561abd106ebd25ad032890860,PennController,9,0,trial,NULL,TextInput,answer,Final,s(t(q)),1750328693506.0,118,3,L,Intensional,Abstract,Felicia's child's friend,1750328472720,14,0_L_fc5,NULL,8e87ed4561abd106ebd25ad032890860,yes,other,US,master,Male,english,,ai,3,s(t(q)),exp2,,,True,True,human,False
1750329356,8e87ed4561abd106ebd25ad032890860,PennController,11,0,trial,NULL,DropDown,answer,Selected,Dana,1750328747757.0,102,3,L,Extensional,English,Bryan's friend's enemy,1750328693510,14,0_L_ef3,3,8e87ed4561abd106ebd25ad032890860,yes,other,US,master,Male,english,,ai,3,Dana,exp2,,,True,True,human,False
1750329356,8e87ed4561abd106ebd25ad032890860,PennController,12,0,trial,NULL,DropDown,answer,Selected,Elizabeth,1750328793658.0,58,3,R,Extensional,English,the friend of the child of Felicia,1750328748795,14,0_R_fc5,4,8e87ed4561abd106ebd25ad032890860,yes,other,US,master,Male,english,,ai,3,Elizabeth,exp2,,,True,True,human,False
1750329356,8e87ed4561abd106ebd25ad032890860,PennController,6,0,trial,NULL,TextInput,answer,Final,parent(elizabeth),1750328857297.0,73,2,L,Intensional,English,Elizabeth's parent,1750328794819,14,0_L_p4,NULL,8e87ed4561abd106ebd25ad032890860,yes,other,US,master,Male,english,,ai,2,parent(elizabeth),exp2,,,True,True,human,False
1750329356,8e87ed4561abd106ebd25ad032890860,PennController,5,0,trial,NULL,DropDown,answer,Selected,Christina,1750328907794.0,78,2,L,Extensional,English,Bryan's enemy,1750328857300,14,0_L_e3,2,8e87ed4561abd106ebd25ad032890860,yes,other,US,master,Male,english,,ai,2,Christina,exp2,,,True,True,human,False
1750329356,8e87ed4561abd106ebd25ad032890860,PennController,4,0,trial,NULL,TextInput,answer,Final,w(t),1750328966625.0,73,2,L,Intensional,Abstract,Bryan's enemy,1750328909123,14,0_L_e3,NULL,8e87ed4561abd106ebd25ad032890860,yes,other,US,master,Male,english,,ai,2,w(t),exp2,,,True,True,human,False
1750329356,8e87ed4561abd106ebd25ad032890860,PennController,3,0,trial,NULL,DropDown,answer,Selected,h,1750329020937.0,72,2,L,Extensional,Abstract,Christina's friend,1750328966629,14,0_L_f0,0,8e87ed4561abd106ebd25ad032890860,yes,other,US,master,Male,english,,ai,2,h,exp2,,,True,True,human,False
1750329356,8e87ed4561abd106ebd25ad032890860,PennController,7,0,trial,NULL,DropDown,answer,Selected,y,1750329103673.0,108,3,L,Extensional,Abstract,Elizabeth's enemy's friend,1750329030954,14,0_L_fe4,5,8e87ed4561abd106ebd25ad032890860,yes,other,US,master,Male,english,,ai,3,y,exp2,,,True,True,human,False
1750329356,8e87ed4561abd106ebd25ad032890860,PennController,10,0,trial,NULL,TextInput,answer,Final,s(s(q)),1750329192113.0,53,3,R,Intensional,Abstract,the friend of the friend of Felicia,1750329106491,14,0_R_ff5,NULL,8e87ed4561abd106ebd25ad032890860,yes,other,US,master,Male,english,,ai,3,s(s(q)),exp2,,,True,True,human,False
1750329356,8e87ed4561abd106ebd25ad032890860,PennController,13,0,trial,NULL,TextInput,answer,Final,friend(friend(felicia)),1750329302041.0,113,3,L,Intensional,English,Felicia's friend's friend,1750329192116,14,0_L_ff5,NULL,8e87ed4561abd106ebd25ad032890860,yes,other,US,master,Male,english,,ai,3,friend(friend(felicia)),exp2,,,True,True,human,False
1750329356,8e87ed4561abd106ebd25ad032890860,PennController,8,0,trial,NULL,DropDown,answer,Selected,q,1750329348938.0,53,3,R,Extensional,Abstract,the friend of the friend of Felicia,1750329302044,14,0_R_ff5,1,8e87ed4561abd106ebd25ad032890860,yes,other,US,master,Male,english,,ai,3,q,exp2,,,True,True,human,False
1750329368,b9504873fe4d2bf6f5be729919f2ac50,PennController,8,0,trial,NULL,DropDown,answer,Selected,y,1750328353407.0,26,3,R,Extensional,Abstract,the parent of the child of Christina,1750328222160,10,0_R_pc0,5,b9504873fe4d2bf6f5be729919f2ac50,yes,other,SOUTH AFRICA,master,Female,english,,other,3,y,exp2,,LIFE SCIENCE,True,True,human,False
1750329368,b9504873fe4d2bf6f5be729919f2ac50,PennController,5,0,trial,NULL,DropDown,answer,Selected,Dana,1750328428869.0,76,2,L,Extensional,English,Felicia's child,1750328388078,10,0_L_c5,3,b9504873fe4d2bf6f5be729919f2ac50,yes,other,SOUTH AFRICA,master,Female,english,,other,2,Dana,exp2,,LIFE SCIENCE,True,True,human,False
1750329368,b9504873fe4d2bf6f5be729919f2ac50,PennController,11,0,trial,NULL,DropDown,answer,Selected,Amber,1750328474062.0,87,3,L,Extensional,English,Amber's friend's friend,1750328430279,10,0_L_ff1,0,b9504873fe4d2bf6f5be729919f2ac50,yes,other,SOUTH AFRICA,master,Female,english,,other,3,Amber,exp2,,LIFE SCIENCE,True,True,human,False
1750329368,b9504873fe4d2bf6f5be729919f2ac50,PennController,9,0,trial,NULL,TextInput,answer,Final,w(y(S)),1750328736288.0,93,3,L,Intensional,Abstract,Dana's friend's enemy,1750328487958,10,0_L_ef2,NULL,b9504873fe4d2bf6f5be729919f2ac50,yes,other,SOUTH AFRICA,master,Female,english,,other,3,w(s(s)),exp2,,LIFE SCIENCE,False,False,human,False
1750329368,b9504873fe4d2bf6f5be729919f2ac50,PennController,10,0,trial,NULL,TextInput,answer,Final,h(k(v)),1750328848743.0,52,3,R,Intensional,Abstract,the child of the parent of Elizabeth,1750328736289,10,0_R_cp4,NULL,b9504873fe4d2bf6f5be729919f2ac50,yes,other,SOUTH AFRICA,master,Female,english,,other,3,t(k(v)),exp2,,LIFE SCIENCE,False,False,human,False
1750329368,b9504873fe4d2bf6f5be729919f2ac50,PennController,13,0,trial,NULL,TextInput,answer,Final,Child(Parent(Dana)),1750329017576.0,100,3,L,Intensional,English,Dana's parent's child,1750328848744,10,0_L_cp2,NULL,b9504873fe4d2bf6f5be729919f2ac50,yes,other,SOUTH AFRICA,master,Female,english,,other,3,child(parent(dana)),exp2,,LIFE SCIENCE,False,True,human,False
1750329368,b9504873fe4d2bf6f5be729919f2ac50,PennController,6,0,trial,NULL,TextInput,answer,Final,Friend(Christina)),1750329053976.0,77,2,L,Intensional,English,Christina's friend,1750329017577,10,0_L_f0,NULL,b9504873fe4d2bf6f5be729919f2ac50,yes,other,SOUTH AFRICA,master,Female,english,,other,2,friend(christina),exp2,,LIFE SCIENCE,False,True,human,False
1750329368,b9504873fe4d2bf6f5be729919f2ac50,PennController,12,0,trial,NULL,DropDown,answer,Selected,Bryan,1750329086066.0,51,3,R,Extensional,English,the enemy of the parent of Elizabeth,1750329053977,10,0_R_ep4,1,b9504873fe4d2bf6f5be729919f2ac50,yes,other,SOUTH AFRICA,master,Female,english,,other,3,Bryan,exp2,,LIFE SCIENCE,True,True,human,False
1750329368,b9504873fe4d2bf6f5be729919f2ac50,PennController,3,0,trial,NULL,DropDown,answer,Selected,y,1750329138369.0,67,2,L,Extensional,Abstract,Elizabeth's parent,1750329086817,10,0_L_p4,5,b9504873fe4d2bf6f5be729919f2ac50,yes,other,SOUTH AFRICA,master,Female,english,,other,2,y,exp2,,LIFE SCIENCE,True,True,human,False
1750329368,b9504873fe4d2bf6f5be729919f2ac50,PennController,14,0,trial,NULL,TextInput,answer,Final,enemy(friend(Elizabeth)),1750329209777.0,46,3,R,Intensional,English,the enemy of the friend of Elizabeth,1750329144954,10,0_R_ef4,NULL,b9504873fe4d2bf6f5be729919f2ac50,yes,other,SOUTH AFRICA,master,Female,english,,other,3,enemy(friend(elizabeth)),exp2,,LIFE SCIENCE,False,True,human,False
1750329368,b9504873fe4d2bf6f5be729919f2ac50,PennController,7,0,trial,NULL,DropDown,answer,Selected,q,1750329250921.0,82,3,L,Extensional,Abstract,Christina's enemy's friend,1750329209778,10,0_L_fe0,1,b9504873fe4d2bf6f5be729919f2ac50,yes,other,SOUTH AFRICA,master,Female,english,,other,3,q,exp2,,LIFE SCIENCE,True,True,human,False
1750329368,b9504873fe4d2bf6f5be729919f2ac50,PennController,4,0,trial,NULL,TextInput,answer,Final,k(v),1750329367434.0,62,2,L,Intensional,Abstract,Elizabeth's parent,1750329251978,10,0_L_p4,NULL,b9504873fe4d2bf6f5be729919f2ac50,yes,other,SOUTH AFRICA,master,Female,english,,other,2,k(v),exp2,,LIFE SCIENCE,True,True,human,False
1750329403,9ba5684152c9014dec8beb5325584c30,PennController,12,0,trial,NULL,DropDown,answer,Selected,Christina,1750328359906.0,31,3,R,Extensional,English,the parent of the enemy of Amber,1750328269028,3,0_R_pe1,2,9ba5684152c9014dec8beb5325584c30,yes,other,United Kingdom,bachelor,Male,english,,other,3,Christina,exp2,,Education,True,True,human,False
1750329403,9ba5684152c9014dec8beb5325584c30,PennController,7,0,trial,NULL,DropDown,answer,Selected,s,1750328482180.0,100,3,L,Extensional,Abstract,Dana's parent's child,1750328361892,3,0_L_cp2,2,9ba5684152c9014dec8beb5325584c30,yes,other,United Kingdom,bachelor,Male,english,,other,3,s,exp2,,Education,True,True,human,False
1750329403,9ba5684152c9014dec8beb5325584c30,PennController,8,0,trial,NULL,DropDown,answer,Selected,s,1750328579307.0,36,3,R,Extensional,Abstract,the enemy of the enemy of Dana,1750328483709,3,0_R_ee2,2,9ba5684152c9014dec8beb5325584c30,yes,other,United Kingdom,bachelor,Male,english,,other,3,s,exp2,,Education,True,True,human,False
1750329403,9ba5684152c9014dec8beb5325584c30,PennController,4,0,trial,NULL,TextInput,answer,Final,w(t),1750328654352.0,74,2,L,Intensional,Abstract,Bryan's enemy,1750328580810,3,0_L_e3,NULL,9ba5684152c9014dec8beb5325584c30,yes,other,United Kingdom,bachelor,Male,english,,other,2,w(t),exp2,,Education,True,True,human,False
1750329403,9ba5684152c9014dec8beb5325584c30,PennController,14,0,trial,NULL,TextInput,answer,Final,friend(friend(felicia)),1750328800471.0,53,3,R,Intensional,English,the friend of the friend of Felicia,1750328654371,3,0_R_ff5,NULL,9ba5684152c9014dec8beb5325584c30,yes,other,United Kingdom,bachelor,Male,english,,other,3,friend(friend(felicia)),exp2,,Education,True,True,human,False
1750329403,9ba5684152c9014dec8beb5325584c30,PennController,6,0,trial,NULL,TextInput,answer,Final,enemy(bryan),1750328892534.0,72,2,L,Intensional,English,Bryan's enemy,1750328800488,3,0_L_e3,NULL,9ba5684152c9014dec8beb5325584c30,yes,other,United Kingdom,bachelor,Male,english,,other,2,enemy(bryan),exp2,,Education,True,True,human,False
1750329403,9ba5684152c9014dec8beb5325584c30,PennController,3,0,trial,NULL,DropDown,answer,Selected,y,1750328942264.0,75,2,L,Extensional,Abstract,Bryan's enemy,1750328892545,3,0_L_e3,5,9ba5684152c9014dec8beb5325584c30,yes,other,United Kingdom,bachelor,Male,english,,other,2,y,exp2,,Education,True,True,human,False
1750329403,9ba5684152c9014dec8beb5325584c30,PennController,5,0,trial,NULL,DropDown,answer,Selected,Christina,1750328966026.0,77,2,L,Extensional,English,Bryan's enemy,1750328945240,3,0_L_e3,2,9ba5684152c9014dec8beb5325584c30,yes,other,United Kingdom,bachelor,Male,english,,other,2,Christina,exp2,,Education,True,True,human,False
1750329403,9ba5684152c9014dec8beb5325584c30,PennController,9,0,trial,NULL,TextInput,answer,Final,k(v),1750329115406.0,110,3,L,Intensional,Abstract,Elizabeth's parent's friend,1750328967582,3,0_L_fp4,NULL,9ba5684152c9014dec8beb5325584c30,yes,other,United Kingdom,bachelor,Male,english,,other,3,s(k(v)),exp2,,Education,False,False,human,False
1750329403,9ba5684152c9014dec8beb5325584c30,PennController,10,0,trial,NULL,TextInput,answer,Final,w(s),1750329250137.0,36,3,R,Intensional,Abstract,the enemy of the enemy of Dana,1750329115414,3,0_R_ee2,NULL,9ba5684152c9014dec8beb5325584c30,yes,other,United Kingdom,bachelor,Male,english,,other,3,w(w(s)),exp2,,Education,False,False,human,False
1750329403,9ba5684152c9014dec8beb5325584c30,PennController,11,0,trial,NULL,DropDown,answer,Selected,Bryan,1750329311638.0,101,3,L,Extensional,English,Bryan's friend's friend,1750329250158,3,0_L_ff3,1,9ba5684152c9014dec8beb5325584c30,yes,other,United Kingdom,bachelor,Male,english,,other,3,Bryan,exp2,,Education,True,True,human,False
1750329403,9ba5684152c9014dec8beb5325584c30,PennController,13,0,trial,NULL,TextInput,answer,Final,friend(friend(dana)),1750329402630.0,92,3,L,Intensional,English,Dana's friend's friend,1750329313177,3,0_L_ff2,NULL,9ba5684152c9014dec8beb5325584c30,yes,other,United Kingdom,bachelor,Male,english,,other,3,friend(friend(dana)),exp2,,Education,True,True,human,False
1750329409,8d1e1b9f000bce931493b71da8bf66de,PennController,12,0,trial,NULL,DropDown,answer,Selected,Felicia,1750328446619.0,22,3,R,Extensional,English,the friend of the enemy of Christina,1750328343492,36,0_R_fe0,5,8d1e1b9f000bce931493b71da8bf66de,yes,other,United States,master,Female,english,,math,3,Felicia,exp2,,,True,True,human,False
1750329409,8d1e1b9f000bce931493b71da8bf66de,PennController,6,0,trial,NULL,TextInput,answer,Final,friend(Amber),1750328644089.0,7,2,R,Intensional,English,the friend of Amber,1750328483460,36,0_R_f1,NULL,8d1e1b9f000bce931493b71da8bf66de,yes,other,United States,master,Female,english,,math,2,friend(amber),exp2,,,False,True,human,False
1750329409,8d1e1b9f000bce931493b71da8bf66de,PennController,8,0,trial,NULL,DropDown,answer,Selected,h,1750328736417.0,27,3,R,Extensional,Abstract,the friend of the friend of Amber,1750328644090,36,0_R_ff1,0,8d1e1b9f000bce931493b71da8bf66de,yes,other,United States,master,Female,english,,math,3,h,exp2,,,True,True,human,False
1750329409,8d1e1b9f000bce931493b71da8bf66de,PennController,9,0,trial,NULL,TextInput,answer,Final,w(h(t),1750328946697.0,104,3,L,Intensional,Abstract,Bryan's child's enemy,1750328737571,36,0_L_ec3,NULL,8d1e1b9f000bce931493b71da8bf66de,yes,other,United States,master,Female,english,,math,3,w(t(t)),exp2,,,False,False,human,False
1750329409,8d1e1b9f000bce931493b71da8bf66de,PennController,13,0,trial,NULL,TextInput,answer,Final,parent(child(felicia),1750329023072.0,120,3,L,Intensional,English,Felicia's child's parent,1750328946699,36,0_L_pc5,NULL,8d1e1b9f000bce931493b71da8bf66de,yes,other,United States,master,Female,english,,math,3,parent(child(felicia)),exp2,,,False,True,human,False
1750329409,8d1e1b9f000bce931493b71da8bf66de,PennController,14,0,trial,NULL,TextInput,answer,Final,friend(child(felicia),1750329110937.0,58,3,R,Intensional,English,the friend of the child of Felicia,1750329023074,36,0_R_fc5,NULL,8d1e1b9f000bce931493b71da8bf66de,yes,other,United States,master,Female,english,,math,3,friend(child(felicia)),exp2,,,False,True,human,False
1750329409,8d1e1b9f000bce931493b71da8bf66de,PennController,5,0,trial,NULL,DropDown,answer,Selected,Christina,1750329150873.0,7,2,R,Extensional,English,the friend of Amber,1750329110939,36,0_R_f1,2,8d1e1b9f000bce931493b71da8bf66de,yes,other,United States,master,Female,english,,math,2,Christina,exp2,,,True,True,human,False
1750329409,8d1e1b9f000bce931493b71da8bf66de,PennController,10,0,trial,NULL,TextInput,answer,Final,k(w(q),1750329279537.0,57,3,R,Intensional,Abstract,the parent of the enemy of Felicia,1750329153882,36,0_R_pe5,NULL,8d1e1b9f000bce931493b71da8bf66de,yes,other,United States,master,Female,english,,math,3,k(w(q)),exp2,,,False,True,human,False
1750329409,8d1e1b9f000bce931493b71da8bf66de,PennController,3,0,trial,NULL,DropDown,answer,Selected,s,1750329312521.0,8,2,R,Extensional,Abstract,the child of Felicia,1750329279538,36,0_R_c5,2,8d1e1b9f000bce931493b71da8bf66de,yes,other,United States,master,Female,english,,math,2,s,exp2,,,True,True,human,False
1750329409,8d1e1b9f000bce931493b71da8bf66de,PennController,11,0,trial,NULL,DropDown,answer,Selected,Christina,1750329342784.0,103,3,L,Extensional,English,Bryan's child's friend,1750329314010,36,0_L_fc3,2,8d1e1b9f000bce931493b71da8bf66de,yes,other,United States,master,Female,english,,math,3,Christina,exp2,,,True,True,human,False
1750329409,8d1e1b9f000bce931493b71da8bf66de,PennController,4,0,trial,NULL,TextInput,answer,Final,K(V),1750329376617.0,2,2,R,Intensional,Abstract,the parent of Elizabeth,1750329343761,36,0_R_p4,NULL,8d1e1b9f000bce931493b71da8bf66de,yes,other,United States,master,Female,english,,math,2,k(v),exp2,,,False,True,human,False
1750329409,8d1e1b9f000bce931493b71da8bf66de,PennController,7,0,trial,NULL,DropDown,answer,Selected,v,1750329406656.0,118,3,L,Extensional,Abstract,Felicia's child's friend,1750329376619,36,0_L_fc5,4,8d1e1b9f000bce931493b71da8bf66de,yes,other,United States,master,Female,english,,math,3,v,exp2,,,True,True,human,False
1750329419,93275e21c35d9b13d7a5f265abf4dc06,PennController,8,0,trial,NULL,DropDown,answer,Selected,h,1750328308700.0,51,3,R,Extensional,Abstract,the enemy of the parent of Elizabeth,1750328208653,15,0_R_ep4,0,93275e21c35d9b13d7a5f265abf4dc06,yes,netherlands,UK,phd,Female,english,,math,3,t,exp2,,,False,False,human,False
1750329419,93275e21c35d9b13d7a5f265abf4dc06,PennController,12,0,trial,NULL,DropDown,answer,Selected,Dana,1750328474641.0,54,3,R,Extensional,English,the child of the friend of Felicia,1750328311278,15,0_R_cf5,3,93275e21c35d9b13d7a5f265abf4dc06,yes,netherlands,UK,phd,Female,english,,math,3,Amber,exp2,,,False,False,human,False
1750329419,93275e21c35d9b13d7a5f265abf4dc06,PennController,7,0,trial,NULL,DropDown,answer,Selected,h,1750328514625.0,94,3,L,Extensional,Abstract,Dana's friend's parent,1750328475901,15,0_L_pf2,0,93275e21c35d9b13d7a5f265abf4dc06,yes,netherlands,UK,phd,Female,english,,math,3,y,exp2,,,False,False,human,False
1750329419,93275e21c35d9b13d7a5f265abf4dc06,PennController,13,0,trial,NULL,TextInput,answer,Final,Christina's friend - friend christina. Christina's enemy friend ,1750328667218.0,81,3,L,Intensional,English,Christina's friend's enemy,1750328515277,15,0_L_ef0,NULL,93275e21c35d9b13d7a5f265abf4dc06,yes,netherlands,UK,phd,Female,english,,math,3,enemy(friend(christina)),exp2,,,False,False,human,False
1750329419,93275e21c35d9b13d7a5f265abf4dc06,PennController,11,0,trial,NULL,DropDown,answer,Selected,Elizabeth,1750328678393.0,116,3,L,Extensional,English,Felicia's enemy's enemy,1750328667221,15,0_L_ee5,4,93275e21c35d9b13d7a5f265abf4dc06,yes,netherlands,UK,phd,Female,english,,math,3,Felicia,exp2,,,False,False,human,False
1750329419,93275e21c35d9b13d7a5f265abf4dc06,PennController,6,0,trial,NULL,TextInput,answer,Final,Felicia's child = child(felicia),1750329063363.0,68,2,L,Intensional,English,Felicia's child,1750328679453,15,0_L_c5,NULL,93275e21c35d9b13d7a5f265abf4dc06,yes,netherlands,UK,phd,Female,english,,math,2,child(felicia),exp2,,,False,True,human,False
1750329419,93275e21c35d9b13d7a5f265abf4dc06,PennController,5,0,trial,NULL,DropDown,answer,Selected,Dana,1750329084170.0,75,2,L,Extensional,English,Felicia's child,1750329063366,15,0_L_c5,3,93275e21c35d9b13d7a5f265abf4dc06,yes,netherlands,UK,phd,Female,english,,math,2,Dana,exp2,,,True,True,human,False
1750329419,93275e21c35d9b13d7a5f265abf4dc06,PennController,3,0,trial,NULL,DropDown,answer,Selected,q,1750329224138.0,64,2,L,Extensional,Abstract,Dana's enemy,1750329085053,15,0_L_e2,1,93275e21c35d9b13d7a5f265abf4dc06,yes,netherlands,UK,phd,Female,english,,math,2,q,exp2,,,True,True,human,False
1750329419,93275e21c35d9b13d7a5f265abf4dc06,PennController,4,0,trial,NULL,TextInput,answer,Final,w(s),1750329245140.0,77,2,L,Intensional,Abstract,Dana's enemy,1750329224997,15,0_L_e2,NULL,93275e21c35d9b13d7a5f265abf4dc06,yes,netherlands,UK,phd,Female,english,,math,2,w(s),exp2,,,True,True,human,False
1750329419,93275e21c35d9b13d7a5f265abf4dc06,PennController,9,0,trial,NULL,TextInput,answer,Final,k(v),1750329352106.0,106,3,L,Intensional,Abstract,Elizabeth's friend's enemy,1750329245141,15,0_L_ef4,NULL,93275e21c35d9b13d7a5f265abf4dc06,yes,netherlands,UK,phd,Female,english,,math,3,w(s(v)),exp2,,,False,False,human,False
1750329419,93275e21c35d9b13d7a5f265abf4dc06,PennController,14,0,trial,NULL,TextInput,answer,Final,enemy(dana),1750329392827.0,34,3,R,Intensional,English,the parent of the friend of Dana,1750329352109,15,0_R_pf2,NULL,93275e21c35d9b13d7a5f265abf4dc06,yes,netherlands,UK,phd,Female,english,,math,3,parent(friend(dana)),exp2,,,False,False,human,False
1750329419,93275e21c35d9b13d7a5f265abf4dc06,PennController,10,0,trial,NULL,TextInput,answer,Final,s(y),1750329417746.0,24,3,R,Intensional,Abstract,the friend of the child of Christina,1750329392828,15,0_R_fc0,NULL,93275e21c35d9b13d7a5f265abf4dc06,yes,netherlands,UK,phd,Female,english,,math,3,s(t(y)),exp2,,,False,False,human,False
1750329461,afe4094fd74ca8ff80d927c2ff76e731,PennController,14,0,trial,NULL,TextInput,answer,Final,friend(friend(Elizabeth),1750328486556.0,45,3,R,Intensional,English,the friend of the friend of Elizabeth,1750328340156,26,0_R_ff4,NULL,afe4094fd74ca8ff80d927c2ff76e731,yes,other,USA,master,Female,english,,other,3,friend(friend(elizabeth)),exp2,,Sales & Marketing,False,True,human,False
1750329461,afe4094fd74ca8ff80d927c2ff76e731,PennController,3,0,trial,NULL,DropDown,answer,Selected,q,1750328612249.0,4,2,R,Extensional,Abstract,the enemy of Dana,1750328486560,26,0_R_e2,1,afe4094fd74ca8ff80d927c2ff76e731,yes,other,USA,master,Female,english,,other,2,q,exp2,,Sales & Marketing,True,True,human,False
1750329461,afe4094fd74ca8ff80d927c2ff76e731,PennController,5,0,trial,NULL,DropDown,answer,Selected,Christina,1750328671922.0,11,2,R,Extensional,English,the parent of Elizabeth,1750328613424,26,0_R_p4,2,afe4094fd74ca8ff80d927c2ff76e731,yes,other,USA,master,Female,english,,other,2,Christina,exp2,,Sales & Marketing,True,True,human,False
1750329461,afe4094fd74ca8ff80d927c2ff76e731,PennController,7,0,trial,NULL,DropDown,answer,Selected,t,1750328712708.0,98,3,L,Extensional,Abstract,Dana's parent's friend,1750328672777,26,0_L_fp2,3,afe4094fd74ca8ff80d927c2ff76e731,yes,other,USA,master,Female,english,,other,3,t,exp2,,Sales & Marketing,True,True,human,False
1750329461,afe4094fd74ca8ff80d927c2ff76e731,PennController,12,0,trial,NULL,DropDown,answer,Selected,Felicia,1750328766712.0,59,3,R,Extensional,English,the enemy of the child of Felicia,1750328714074,26,0_R_ec5,5,afe4094fd74ca8ff80d927c2ff76e731,yes,other,USA,master,Female,english,,other,3,Felicia,exp2,,Sales & Marketing,True,True,human,False
1750329461,afe4094fd74ca8ff80d927c2ff76e731,PennController,9,0,trial,NULL,TextInput,answer,Final,w(k(s),1750328959866.0,94,3,L,Intensional,Abstract,Dana's friend's parent,1750328767607,26,0_L_pf2,NULL,afe4094fd74ca8ff80d927c2ff76e731,yes,other,USA,master,Female,english,,other,3,k(s(s)),exp2,,Sales & Marketing,False,False,human,False
1750329461,afe4094fd74ca8ff80d927c2ff76e731,PennController,6,0,trial,NULL,TextInput,answer,Final,Parent(Elizabeth),1750329054270.0,20,2,R,Intensional,English,the parent of Elizabeth,1750328959870,26,0_R_p4,NULL,afe4094fd74ca8ff80d927c2ff76e731,yes,other,USA,master,Female,english,,other,2,parent(elizabeth),exp2,,Sales & Marketing,False,True,human,False
1750329461,afe4094fd74ca8ff80d927c2ff76e731,PennController,11,0,trial,NULL,DropDown,answer,Selected,Dana,1750329099407.0,97,3,L,Extensional,English,Dana's enemy's child,1750329054274,26,0_L_ce2,3,afe4094fd74ca8ff80d927c2ff76e731,yes,other,USA,master,Female,english,,other,3,Dana,exp2,,Sales & Marketing,True,True,human,False
1750329461,afe4094fd74ca8ff80d927c2ff76e731,PennController,4,0,trial,NULL,TextInput,answer,Final,t(q),1750329157601.0,11,2,R,Intensional,Abstract,the child of Felicia,1750329100613,26,0_R_c5,NULL,afe4094fd74ca8ff80d927c2ff76e731,yes,other,USA,master,Female,english,,other,2,t(q),exp2,,Sales & Marketing,True,True,human,False
1750329461,afe4094fd74ca8ff80d927c2ff76e731,PennController,8,0,trial,NULL,DropDown,answer,Selected,q,1750329204176.0,22,3,R,Extensional,Abstract,the friend of the enemy of Christina,1750329157605,26,0_R_fe0,1,afe4094fd74ca8ff80d927c2ff76e731,yes,other,USA,master,Female,english,,other,3,q,exp2,,Sales & Marketing,True,True,human,False
1750329461,afe4094fd74ca8ff80d927c2ff76e731,PennController,13,0,trial,NULL,TextInput,answer,Final,child(friend(Felicia),1750329341823.0,114,3,L,Intensional,English,Felicia's friend's child,1750329205459,26,0_L_cf5,NULL,afe4094fd74ca8ff80d927c2ff76e731,yes,other,USA,master,Female,english,,other,3,child(friend(felicia)),exp2,,Sales & Marketing,False,True,human,False
1750329461,afe4094fd74ca8ff80d927c2ff76e731,PennController,10,0,trial,NULL,TextInput,answer,Final,w(k(t),1750329459412.0,42,3,R,Intensional,Abstract,the enemy of the friend of Bryan,1750329341827,26,0_R_ef3,NULL,afe4094fd74ca8ff80d927c2ff76e731,yes,other,USA,master,Female,english,,other,3,w(s(t)),exp2,,Sales & Marketing,False,False,human,False
1750329474,fc14741ee47b85eefdc36fb4c58b17c3,PennController,11,0,trial,NULL,DropDown,answer,Selected,Amber,1750328615786.0,110,3,L,Extensional,English,Elizabeth's parent's friend,1750328508791,8,0_L_fp4,0,fc14741ee47b85eefdc36fb4c58b17c3,yes,other,US,master,Male,english,,math,3,Amber,exp2,,,True,True,human,False
1750329474,fc14741ee47b85eefdc36fb4c58b17c3,PennController,4,0,trial,NULL,TextInput,answer,Final,Y,1750328722858.0,68,2,L,Intensional,Abstract,Christina's friend,1750328617678,8,0_L_f0,NULL,fc14741ee47b85eefdc36fb4c58b17c3,yes,other,US,master,Male,english,,math,2,s(y),exp2,,,False,False,human,False
1750329474,fc14741ee47b85eefdc36fb4c58b17c3,PennController,10,0,trial,NULL,TextInput,answer,Final,t(w(s),1750328875787.0,37,3,R,Intensional,Abstract,the child of the enemy of Dana,1750328722912,8,0_R_ce2,NULL,fc14741ee47b85eefdc36fb4c58b17c3,yes,other,US,master,Male,english,,math,3,t(w(s)),exp2,,,False,True,human,False
1750329474,fc14741ee47b85eefdc36fb4c58b17c3,PennController,9,0,trial,NULL,TextInput,answer,Final,w(w(h),1750328934825.0,90,3,L,Intensional,Abstract,Amber's enemy's enemy,1750328875869,8,0_L_ee1,NULL,fc14741ee47b85eefdc36fb4c58b17c3,yes,other,US,master,Male,english,,math,3,w(w(h)),exp2,,,False,True,human,False
1750329474,fc14741ee47b85eefdc36fb4c58b17c3,PennController,8,0,trial,NULL,DropDown,answer,Selected,v,1750328984186.0,52,3,R,Extensional,Abstract,the child of the parent of Elizabeth,1750328934861,8,0_R_cp4,4,fc14741ee47b85eefdc36fb4c58b17c3,yes,other,US,master,Male,english,,math,3,v,exp2,,,True,True,human,False
1750329474,fc14741ee47b85eefdc36fb4c58b17c3,PennController,3,0,trial,NULL,DropDown,answer,Selected,q,1750329059185.0,63,2,L,Extensional,Abstract,Dana's enemy,1750328985598,8,0_L_e2,1,fc14741ee47b85eefdc36fb4c58b17c3,yes,other,US,master,Male,english,,math,2,q,exp2,,,True,True,human,False
1750329474,fc14741ee47b85eefdc36fb4c58b17c3,PennController,7,0,trial,NULL,DropDown,answer,Selected,h,1750329125354.0,87,3,L,Extensional,Abstract,Amber's friend's friend,1750329060583,8,0_L_ff1,0,fc14741ee47b85eefdc36fb4c58b17c3,yes,other,US,master,Male,english,,math,3,h,exp2,,,True,True,human,False
1750329474,fc14741ee47b85eefdc36fb4c58b17c3,PennController,12,0,trial,NULL,DropDown,answer,Selected,Bryan,1750329205785.0,38,3,R,Extensional,English,the friend of the parent of Dana,1750329126893,8,0_R_fp2,1,fc14741ee47b85eefdc36fb4c58b17c3,yes,other,US,master,Male,english,,math,3,Bryan,exp2,,,True,True,human,False
1750329474,fc14741ee47b85eefdc36fb4c58b17c3,PennController,5,0,trial,NULL,DropDown,answer,Selected,Dana,1750329265113.0,74,2,L,Extensional,English,Felicia's child,1750329208153,8,0_L_c5,3,fc14741ee47b85eefdc36fb4c58b17c3,yes,other,US,master,Male,english,,math,2,Dana,exp2,,,True,True,human,False
1750329474,fc14741ee47b85eefdc36fb4c58b17c3,PennController,13,0,trial,NULL,TextInput,answer,Final, enemy(enemy(felicia),1750329363713.0,116,3,L,Intensional,English,Felicia's enemy's enemy,1750329266681,8,0_L_ee5,NULL,fc14741ee47b85eefdc36fb4c58b17c3,yes,other,US,master,Male,english,,math,3,enemy(enemy(felicia)),exp2,,,False,True,human,False
1750329474,fc14741ee47b85eefdc36fb4c58b17c3,PennController,6,0,trial,NULL,TextInput,answer,Final,parent(elizabeth,1750329415433.0,75,2,L,Intensional,English,Elizabeth's parent,1750329363763,8,0_L_p4,NULL,fc14741ee47b85eefdc36fb4c58b17c3,yes,other,US,master,Male,english,,math,2,parent(elizabeth),exp2,,,False,True,human,False
1750329474,fc14741ee47b85eefdc36fb4c58b17c3,PennController,14,0,trial,NULL,TextInput,answer,Final, friendfriend(amber,1750329471970.0,27,3,R,Intensional,English,the friend of the friend of Amber,1750329415481,8,0_R_ff1,NULL,fc14741ee47b85eefdc36fb4c58b17c3,yes,other,US,master,Male,english,,math,3,friend(friend(amber)),exp2,,,False,False,human,False
1750329575,df8b68c53cfa17caaaee1d04f82d0591,PennController,7,0,trial,NULL,DropDown,answer,Selected,q,1750328531815.0,104,3,L,Extensional,Abstract,Bryan's child's enemy,1750328419660,2,0_L_ec3,1,df8b68c53cfa17caaaee1d04f82d0591,yes,other,South Africa,bachelor,Female,english,,ai,3,v,exp2,,,False,False,human,False
1750329575,df8b68c53cfa17caaaee1d04f82d0591,PennController,14,0,trial,NULL,TextInput,answer,Final,enemy(child(Dana),1750328798806.0,37,3,R,Intensional,English,the child of the enemy of Dana,1750328537571,2,0_R_ce2,NULL,df8b68c53cfa17caaaee1d04f82d0591,yes,other,South Africa,bachelor,Female,english,,ai,3,child(enemy(dana)),exp2,,,False,False,human,False
1750329575,df8b68c53cfa17caaaee1d04f82d0591,PennController,4,0,trial,NULL,TextInput,answer,Final,w(t(t),1750329017736.0,75,2,L,Intensional,Abstract,Bryan's enemy,1750328798858,2,0_L_e3,NULL,df8b68c53cfa17caaaee1d04f82d0591,yes,other,South Africa,bachelor,Female,english,,ai,2,w(t),exp2,,,False,True,human,False
1750329575,df8b68c53cfa17caaaee1d04f82d0591,PennController,3,0,trial,NULL,DropDown,answer,Selected,h,1750329036426.0,70,2,L,Extensional,Abstract,Christina's friend,1750329017797,2,0_L_f0,0,df8b68c53cfa17caaaee1d04f82d0591,yes,other,South Africa,bachelor,Female,english,,ai,2,h,exp2,,,True,True,human,False
1750329575,df8b68c53cfa17caaaee1d04f82d0591,PennController,13,0,trial,NULL,TextInput,answer,Final,enemy(Elizabeth (enemy),1750329133993.0,109,3,L,Intensional,English,Elizabeth's enemy's enemy,1750329039390,2,0_L_ee4,NULL,df8b68c53cfa17caaaee1d04f82d0591,yes,other,South Africa,bachelor,Female,english,,ai,3,enemy(enemy(elizabeth)),exp2,,,False,False,human,False
1750329575,df8b68c53cfa17caaaee1d04f82d0591,PennController,11,0,trial,NULL,DropDown,answer,Selected,Bryan,1750329193222.0,113,3,L,Extensional,English,Felicia's friend's friend,1750329134006,2,0_L_ff5,1,df8b68c53cfa17caaaee1d04f82d0591,yes,other,South Africa,bachelor,Female,english,,ai,3,Felicia,exp2,,,False,False,human,False
1750329575,df8b68c53cfa17caaaee1d04f82d0591,PennController,9,0,trial,NULL,TextInput,answer,Final,enemy(Felicia (enemy),1750329233572.0,116,3,L,Intensional,Abstract,Felicia's enemy's enemy,1750329195478,2,0_L_ee5,NULL,df8b68c53cfa17caaaee1d04f82d0591,yes,other,South Africa,bachelor,Female,english,,ai,3,w(w(q)),exp2,,,False,False,human,False
1750329575,df8b68c53cfa17caaaee1d04f82d0591,PennController,6,0,trial,NULL,TextInput,answer,Final,Friend (Christina),1750329279343.0,78,2,L,Intensional,English,Christina's friend,1750329233590,2,0_L_f0,NULL,df8b68c53cfa17caaaee1d04f82d0591,yes,other,South Africa,bachelor,Female,english,,ai,2,friend(christina),exp2,,,False,False,human,False
1750329575,df8b68c53cfa17caaaee1d04f82d0591,PennController,10,0,trial,NULL,TextInput,answer,Final,V(k(v),1750329341401.0,49,3,R,Intensional,Abstract,the enemy of the enemy of Elizabeth,1750329279357,2,0_R_ee4,NULL,df8b68c53cfa17caaaee1d04f82d0591,yes,other,South Africa,bachelor,Female,english,,ai,3,w(w(v)),exp2,,,False,False,human,False
1750329575,df8b68c53cfa17caaaee1d04f82d0591,PennController,12,0,trial,NULL,DropDown,answer,Selected,Christina,1750329381927.0,43,3,R,Extensional,English,the friend of the child of Bryan,1750329341411,2,0_R_fc3,2,df8b68c53cfa17caaaee1d04f82d0591,yes,other,South Africa,bachelor,Female,english,,ai,3,Christina,exp2,,,True,True,human,False
1750329575,df8b68c53cfa17caaaee1d04f82d0591,PennController,8,0,trial,NULL,DropDown,answer,Selected,y,1750329518627.0,60,3,R,Extensional,Abstract,the parent of the child of Felicia,1750329384043,2,0_R_pc5,5,df8b68c53cfa17caaaee1d04f82d0591,yes,other,South Africa,bachelor,Female,english,,ai,3,q,exp2,,,False,False,human,False
1750329575,df8b68c53cfa17caaaee1d04f82d0591,PennController,5,0,trial,NULL,DropDown,answer,Selected,Felicia,1750329568713.0,64,2,L,Extensional,English,Dana's enemy,1750329519809,2,0_L_e2,5,df8b68c53cfa17caaaee1d04f82d0591,yes,other,South Africa,bachelor,Female,english,,ai,2,Felicia,exp2,,,True,True,human,False
1750329652,d8fadc2cc26d47e234be29e887890bbf,PennController,4,0,trial,NULL,TextInput,answer,Final,w(s),1750328738782.0,80,2,L,Intensional,Abstract,Dana's enemy,1750328517128,6,0_L_e2,NULL,d8fadc2cc26d47e234be29e887890bbf,yes,other,United States of America,master,Female,english,,other,2,w(s),exp2,,Finance and Accounting,True,True,human,False
1750329652,d8fadc2cc26d47e234be29e887890bbf,PennController,9,0,trial,NULL,TextInput,answer,Final,k(w(q)),1750328852821.0,117,3,L,Intensional,Abstract,Felicia's enemy's parent,1750328738786,6,0_L_pe5,NULL,d8fadc2cc26d47e234be29e887890bbf,yes,other,United States of America,master,Female,english,,other,3,k(w(q)),exp2,,Finance and Accounting,True,True,human,False
1750329652,d8fadc2cc26d47e234be29e887890bbf,PennController,14,0,trial,NULL,TextInput,answer,Final,enemy(enemy(felicia),1750329001251.0,56,3,R,Intensional,English,the enemy of the enemy of Felicia,1750328852823,6,0_R_ee5,NULL,d8fadc2cc26d47e234be29e887890bbf,yes,other,United States of America,master,Female,english,,other,3,enemy(enemy(felicia)),exp2,,Finance and Accounting,False,True,human,False
1750329652,d8fadc2cc26d47e234be29e887890bbf,PennController,6,0,trial,NULL,TextInput,answer,Final,enemy(dana),1750329079294.0,64,2,L,Intensional,English,Dana's enemy,1750329001253,6,0_L_e2,NULL,d8fadc2cc26d47e234be29e887890bbf,yes,other,United States of America,master,Female,english,,other,2,enemy(dana),exp2,,Finance and Accounting,True,True,human,False
1750329652,d8fadc2cc26d47e234be29e887890bbf,PennController,5,0,trial,NULL,DropDown,answer,Selected,Christina,1750329146487.0,66,2,L,Extensional,English,Elizabeth's parent,1750329079297,6,0_L_p4,2,d8fadc2cc26d47e234be29e887890bbf,yes,other,United States of America,master,Female,english,,other,2,Christina,exp2,,Finance and Accounting,True,True,human,False
1750329652,d8fadc2cc26d47e234be29e887890bbf,PennController,8,0,trial,NULL,DropDown,answer,Selected,q,1750329215505.0,46,3,R,Extensional,Abstract,the enemy of the friend of Elizabeth,1750329148131,6,0_R_ef4,1,d8fadc2cc26d47e234be29e887890bbf,yes,other,United States of America,master,Female,english,,other,3,q,exp2,,Finance and Accounting,True,True,human,False
1750329652,d8fadc2cc26d47e234be29e887890bbf,PennController,11,0,trial,NULL,DropDown,answer,Selected,Dana,1750329303592.0,96,3,L,Extensional,English,Dana's enemy's enemy,1750329217197,6,0_L_ee2,3,d8fadc2cc26d47e234be29e887890bbf,yes,other,United States of America,master,Female,english,,other,3,Dana,exp2,,Finance and Accounting,True,True,human,False
1750329652,d8fadc2cc26d47e234be29e887890bbf,PennController,7,0,trial,NULL,DropDown,answer,Selected,q,1750329357735.0,120,3,L,Extensional,Abstract,Felicia's child's parent,1750329305075,6,0_L_pc5,1,d8fadc2cc26d47e234be29e887890bbf,yes,other,United States of America,master,Female,english,,other,3,q,exp2,,Finance and Accounting,True,True,human,False
1750329652,d8fadc2cc26d47e234be29e887890bbf,PennController,3,0,trial,NULL,DropDown,answer,Selected,y,1750329459431.0,76,2,L,Extensional,Abstract,Bryan's enemy,1750329362530,6,0_L_e3,5,d8fadc2cc26d47e234be29e887890bbf,yes,other,United States of America,master,Female,english,,other,2,y,exp2,,Finance and Accounting,True,True,human,False
1750329652,d8fadc2cc26d47e234be29e887890bbf,PennController,10,0,trial,NULL,TextInput,answer,Final,k(s(v)),1750329523817.0,47,3,R,Intensional,Abstract,the parent of the friend of Elizabeth,1750329461049,6,0_R_pf4,NULL,d8fadc2cc26d47e234be29e887890bbf,yes,other,United States of America,master,Female,english,,other,3,k(s(v)),exp2,,Finance and Accounting,True,True,human,False
1750329652,d8fadc2cc26d47e234be29e887890bbf,PennController,12,0,trial,NULL,DropDown,answer,Selected,Felicia,1750329578606.0,46,3,R,Extensional,English,the enemy of the friend of Elizabeth,1750329523819,6,0_R_ef4,5,d8fadc2cc26d47e234be29e887890bbf,yes,other,United States of America,master,Female,english,,other,3,Felicia,exp2,,Finance and Accounting,True,True,human,False
1750329652,d8fadc2cc26d47e234be29e887890bbf,PennController,13,0,trial,NULL,TextInput,answer,Final,child(friend(amber)),1750329650078.0,89,3,L,Intensional,English,Amber's friend's child,1750329579738,6,0_L_cf1,NULL,d8fadc2cc26d47e234be29e887890bbf,yes,other,United States of America,master,Female,english,,other,3,child(friend(amber)),exp2,,Finance and Accounting,True,True,human,False
1750329656,cee8567c707e5bddc3edf5ed8b54841a,PennController,4,0,trial,NULL,TextInput,answer,Final,k(v),1750328376145.0,64,2,L,Intensional,Abstract,Elizabeth's parent,1750328201163,1,0_L_p4,NULL,cee8567c707e5bddc3edf5ed8b54841a,yes,other,United States,other,Female,english,,other,2,k(v),exp2,,Healthcare,True,True,human,False
1750329656,cee8567c707e5bddc3edf5ed8b54841a,PennController,14,0,trial,NULL,TextInput,answer,Final,friend(enemy(felicia)),1750328558841.0,55,3,R,Intensional,English,the friend of the enemy of Felicia,1750328376241,1,0_R_fe5,NULL,cee8567c707e5bddc3edf5ed8b54841a,yes,other,United States,other,Female,english,,other,3,friend(enemy(felicia)),exp2,,Healthcare,True,True,human,False
1750329656,cee8567c707e5bddc3edf5ed8b54841a,PennController,5,0,trial,NULL,DropDown,answer,Selected,Christina,1750328708956.0,79,2,L,Extensional,English,Bryan's enemy,1750328558940,1,0_L_e3,2,cee8567c707e5bddc3edf5ed8b54841a,yes,other,United States,other,Female,english,,other,2,Christina,exp2,,Healthcare,True,True,human,False
1750329656,cee8567c707e5bddc3edf5ed8b54841a,PennController,12,0,trial,NULL,DropDown,answer,Selected,Dana,1750328864672.0,24,3,R,Extensional,English,the friend of the child of Christina,1750328730739,1,0_R_fc0,3,cee8567c707e5bddc3edf5ed8b54841a,yes,other,United States,other,Female,english,,other,3,Dana,exp2,,Healthcare,True,True,human,False
1750329656,cee8567c707e5bddc3edf5ed8b54841a,PennController,9,0,trial,NULL,TextInput,answer,Final,s(s(h)),1750329008111.0,87,3,L,Intensional,Abstract,Amber's friend's friend,1750328866026,1,0_L_ff1,NULL,cee8567c707e5bddc3edf5ed8b54841a,yes,other,United States,other,Female,english,,other,3,s(s(h)),exp2,,Healthcare,True,True,human,False
1750329656,cee8567c707e5bddc3edf5ed8b54841a,PennController,6,0,trial,NULL,TextInput,answer,Final,parent(elizabeth),1750329073139.0,76,2,L,Intensional,English,Elizabeth's parent,1750329008211,1,0_L_p4,NULL,cee8567c707e5bddc3edf5ed8b54841a,yes,other,United States,other,Female,english,,other,2,parent(elizabeth),exp2,,Healthcare,True,True,human,False
1750329656,cee8567c707e5bddc3edf5ed8b54841a,PennController,10,0,trial,NULL,TextInput,answer,Final,s(k(v)),1750329259855.0,50,3,R,Intensional,Abstract,the friend of the parent of Elizabeth,1750329073237,1,0_R_fp4,NULL,cee8567c707e5bddc3edf5ed8b54841a,yes,other,United States,other,Female,english,,other,3,s(k(v)),exp2,,Healthcare,True,True,human,False
1750329656,cee8567c707e5bddc3edf5ed8b54841a,PennController,11,0,trial,NULL,DropDown,answer,Selected,Christina,1750329355200.0,108,3,L,Extensional,English,Elizabeth's enemy's friend,1750329259946,1,0_L_fe4,2,cee8567c707e5bddc3edf5ed8b54841a,yes,other,United States,other,Female,english,,other,3,Christina,exp2,,Healthcare,True,True,human,False
1750329656,cee8567c707e5bddc3edf5ed8b54841a,PennController,3,0,trial,NULL,DropDown,answer,Selected,y,1750329419783.0,73,2,L,Extensional,Abstract,Bryan's enemy,1750329356744,1,0_L_e3,5,cee8567c707e5bddc3edf5ed8b54841a,yes,other,United States,other,Female,english,,other,2,y,exp2,,Healthcare,True,True,human,False
1750329656,cee8567c707e5bddc3edf5ed8b54841a,PennController,7,0,trial,NULL,DropDown,answer,Selected,q,1750329479263.0,110,3,L,Extensional,Abstract,Elizabeth's parent's friend,1750329431659,1,0_L_fp4,1,cee8567c707e5bddc3edf5ed8b54841a,yes,other,United States,other,Female,english,,other,3,h,exp2,,Healthcare,False,False,human,False
1750329656,cee8567c707e5bddc3edf5ed8b54841a,PennController,8,0,trial,NULL,DropDown,answer,Selected,s,1750329563710.0,37,3,R,Extensional,Abstract,the child of the enemy of Dana,1750329485127,1,0_R_ce2,2,cee8567c707e5bddc3edf5ed8b54841a,yes,other,United States,other,Female,english,,other,3,s,exp2,,Healthcare,True,True,human,False
1750329656,cee8567c707e5bddc3edf5ed8b54841a,PennController,13,0,trial,NULL,TextInput,answer,Final,friend(child(christina)),1750329654503.0,84,3,L,Intensional,English,Christina's child's friend,1750329565137,1,0_L_fc0,NULL,cee8567c707e5bddc3edf5ed8b54841a,yes,other,United States,other,Female,english,,other,3,friend(child(christina)),exp2,,Healthcare,True,True,human,False
1750329712,eeca59ecfa196d7f444001228e48e1d7,PennController,6,0,trial,NULL,TextInput,answer,Final,Friend(Christina),1750328727154.0,14,2,R,Intensional,English,the friend of Christina,1750328611673,37,0_R_f0,NULL,eeca59ecfa196d7f444001228e48e1d7,yes,other,South Africa,master,Female,english,,other,2,friend(christina),exp2,,Doctor,False,True,human,False
1750329712,eeca59ecfa196d7f444001228e48e1d7,PennController,4,0,trial,NULL,TextInput,answer,Final,W(t),1750328820142.0,7,2,R,Intensional,Abstract,the enemy of Bryan,1750328727163,37,0_R_e3,NULL,eeca59ecfa196d7f444001228e48e1d7,yes,other,South Africa,master,Female,english,,other,2,w(t),exp2,,Doctor,False,True,human,False
1750329712,eeca59ecfa196d7f444001228e48e1d7,PennController,7,0,trial,NULL,DropDown,answer,Selected,h,1750329007342.0,116,3,L,Extensional,Abstract,Felicia's enemy's enemy,1750328820150,37,0_L_ee5,0,eeca59ecfa196d7f444001228e48e1d7,yes,other,South Africa,master,Female,english,,other,3,q,exp2,,Doctor,False,False,human,False
1750329712,eeca59ecfa196d7f444001228e48e1d7,PennController,13,0,trial,NULL,TextInput,answer,Final,Enemy(child(Bryan),1750329138612.0,104,3,L,Intensional,English,Bryan's child's enemy,1750329008936,37,0_L_ec3,NULL,eeca59ecfa196d7f444001228e48e1d7,yes,other,South Africa,master,Female,english,,other,3,enemy(child(bryan)),exp2,,Doctor,False,True,human,False
1750329712,eeca59ecfa196d7f444001228e48e1d7,PennController,5,0,trial,NULL,DropDown,answer,Selected,Christina,1750329187089.0,8,2,R,Extensional,English,the friend of Amber,1750329138618,37,0_R_f1,2,eeca59ecfa196d7f444001228e48e1d7,yes,other,South Africa,master,Female,english,,other,2,Christina,exp2,,Doctor,True,True,human,False
1750329712,eeca59ecfa196d7f444001228e48e1d7,PennController,14,0,trial,NULL,TextInput,answer,Final,Enemy(friend(amber),1750329284721.0,28,3,R,Intensional,English,the enemy of the friend of Amber,1750329188594,37,0_R_ef1,NULL,eeca59ecfa196d7f444001228e48e1d7,yes,other,South Africa,master,Female,english,,other,3,enemy(friend(amber)),exp2,,Doctor,False,True,human,False
1750329712,eeca59ecfa196d7f444001228e48e1d7,PennController,3,0,trial,NULL,DropDown,answer,Selected,y,1750329321050.0,18,2,R,Extensional,Abstract,the parent of Elizabeth,1750329284726,37,0_R_p4,5,eeca59ecfa196d7f444001228e48e1d7,yes,other,South Africa,master,Female,english,,other,2,y,exp2,,Doctor,True,True,human,False
1750329712,eeca59ecfa196d7f444001228e48e1d7,PennController,12,0,trial,NULL,DropDown,answer,Selected,Felicia,1750329389628.0,40,3,R,Extensional,English,the child of the parent of Dana,1750329322751,37,0_R_cp2,5,eeca59ecfa196d7f444001228e48e1d7,yes,other,South Africa,master,Female,english,,other,3,Dana,exp2,,Doctor,False,False,human,False
1750329712,eeca59ecfa196d7f444001228e48e1d7,PennController,10,0,trial,NULL,TextInput,answer,Final,W(s(v),1750329492187.0,48,3,R,Intensional,Abstract,the friend of the enemy of Elizabeth,1750329391066,37,0_R_fe4,NULL,eeca59ecfa196d7f444001228e48e1d7,yes,other,South Africa,master,Female,english,,other,3,s(w(v)),exp2,,Doctor,False,False,human,False
1750329712,eeca59ecfa196d7f444001228e48e1d7,PennController,11,0,trial,NULL,DropDown,answer,Selected,Elizabeth,1750329556885.0,93,3,L,Extensional,English,Dana's friend's enemy,1750329492192,37,0_L_ef2,4,eeca59ecfa196d7f444001228e48e1d7,yes,other,South Africa,master,Female,english,,other,3,Amber,exp2,,Doctor,False,False,human,False
1750329712,eeca59ecfa196d7f444001228e48e1d7,PennController,9,0,trial,NULL,TextInput,answer,Final,T(s(a),1750329658609.0,103,3,L,Intensional,Abstract,Bryan's child's friend,1750329558272,37,0_L_fc3,NULL,eeca59ecfa196d7f444001228e48e1d7,yes,other,South Africa,master,Female,english,,other,3,s(t(t)),exp2,,Doctor,False,False,human,False
1750329712,eeca59ecfa196d7f444001228e48e1d7,PennController,8,0,trial,NULL,DropDown,answer,Selected,h,1750329710134.0,29,3,R,Extensional,Abstract,the child of the friend of Amber,1750329658615,37,0_R_cf1,0,eeca59ecfa196d7f444001228e48e1d7,yes,other,South Africa,master,Female,english,,other,3,v,exp2,,Doctor,False,False,human,False
1750329815,0ed796a53b27a134c852c08c2b3e76d4,PennController,5,0,trial,NULL,DropDown,answer,Selected,Felicia,1750328740623.0,16,2,R,Extensional,English,the enemy of Dana,1750328683561,24,0_R_e2,5,0ed796a53b27a134c852c08c2b3e76d4,yes,other,United States of America,bachelor,Female,english,,ai,2,Felicia,exp2,,,True,True,human,False
1750329815,0ed796a53b27a134c852c08c2b3e76d4,PennController,12,0,trial,NULL,DropDown,answer,Selected,Dana,1750328763398.0,56,3,R,Extensional,English,the enemy of the enemy of Felicia,1750328742494,24,0_R_ee5,3,0ed796a53b27a134c852c08c2b3e76d4,yes,other,United States of America,bachelor,Female,english,,ai,3,Felicia,exp2,,,False,False,human,False
1750329815,0ed796a53b27a134c852c08c2b3e76d4,PennController,6,0,trial,NULL,TextInput,answer,Final,child(felicia),1750328920568.0,1,2,R,Intensional,English,the child of Felicia,1750328764623,24,0_R_c5,NULL,0ed796a53b27a134c852c08c2b3e76d4,yes,other,United States of America,bachelor,Female,english,,ai,2,child(felicia),exp2,,,True,True,human,False
1750329815,0ed796a53b27a134c852c08c2b3e76d4,PennController,11,0,trial,NULL,DropDown,answer,Selected,Elizabeth,1750328952688.0,81,3,L,Extensional,English,Christina's friend's enemy,1750328920571,24,0_L_ef0,4,0ed796a53b27a134c852c08c2b3e76d4,yes,other,United States of America,bachelor,Female,english,,ai,3,Elizabeth,exp2,,,True,True,human,False
1750329815,0ed796a53b27a134c852c08c2b3e76d4,PennController,9,0,trial,NULL,TextInput,answer,Final,w(s(h)),1750329379859.0,88,3,L,Intensional,Abstract,Amber's friend's enemy,1750328953855,24,0_L_ef1,NULL,0ed796a53b27a134c852c08c2b3e76d4,yes,other,United States of America,bachelor,Female,english,,ai,3,w(s(h)),exp2,,,True,True,human,False
1750329815,0ed796a53b27a134c852c08c2b3e76d4,PennController,7,0,trial,NULL,DropDown,answer,Selected,t,1750329464091.0,111,3,L,Extensional,Abstract,Elizabeth's parent's enemy,1750329379863,24,0_L_ep4,3,0ed796a53b27a134c852c08c2b3e76d4,yes,other,United States of America,bachelor,Female,english,,ai,3,t,exp2,,,True,True,human,False
1750329815,0ed796a53b27a134c852c08c2b3e76d4,PennController,10,0,trial,NULL,TextInput,answer,Final,s(t(q)),1750329564308.0,58,3,R,Intensional,Abstract,the friend of the child of Felicia,1750329465288,24,0_R_fc5,NULL,0ed796a53b27a134c852c08c2b3e76d4,yes,other,United States of America,bachelor,Female,english,,ai,3,s(t(q)),exp2,,,True,True,human,False
1750329815,0ed796a53b27a134c852c08c2b3e76d4,PennController,4,0,trial,NULL,TextInput,answer,Final,s(y),1750329594003.0,15,2,R,Intensional,Abstract,the friend of Christina,1750329564312,24,0_R_f0,NULL,0ed796a53b27a134c852c08c2b3e76d4,yes,other,United States of America,bachelor,Female,english,,ai,2,s(y),exp2,,,True,True,human,False
1750329815,0ed796a53b27a134c852c08c2b3e76d4,PennController,13,0,trial,NULL,TextInput,answer,Final,enemy(enemy(amber)),1750329680133.0,90,3,L,Intensional,English,Amber's enemy's enemy,1750329594005,24,0_L_ee1,NULL,0ed796a53b27a134c852c08c2b3e76d4,yes,other,United States of America,bachelor,Female,english,,ai,3,enemy(enemy(amber)),exp2,,,True,True,human,False
1750329815,0ed796a53b27a134c852c08c2b3e76d4,PennController,8,0,trial,NULL,DropDown,answer,Selected,h,1750329699813.0,50,3,R,Extensional,Abstract,the friend of the parent of Elizabeth,1750329680135,24,0_R_fp4,0,0ed796a53b27a134c852c08c2b3e76d4,yes,other,United States of America,bachelor,Female,english,,ai,3,h,exp2,,,True,True,human,False
1750329815,0ed796a53b27a134c852c08c2b3e76d4,PennController,3,0,trial,NULL,DropDown,answer,Selected,y,1750329727533.0,10,2,R,Extensional,Abstract,the enemy of Bryan,1750329706440,24,0_R_e3,5,0ed796a53b27a134c852c08c2b3e76d4,yes,other,United States of America,bachelor,Female,english,,ai,2,y,exp2,,,True,True,human,False
1750329815,0ed796a53b27a134c852c08c2b3e76d4,PennController,14,0,trial,NULL,TextInput,answer,Final,parent(friend(elizabeth)),1750329811925.0,47,3,R,Intensional,English,the parent of the friend of Elizabeth,1750329730296,24,0_R_pf4,NULL,0ed796a53b27a134c852c08c2b3e76d4,yes,other,United States of America,bachelor,Female,english,,ai,3,parent(friend(elizabeth)),exp2,,,True,True,human,False
1750329964,f90eeb2998b2badc3d9e3928de0d6315,PennController,12,0,trial,NULL,DropDown,answer,Selected,Christina,1750328819611.0,48,3,R,Extensional,English,the friend of the enemy of Elizabeth,1750328653579,28,0_R_fe4,2,f90eeb2998b2badc3d9e3928de0d6315,yes,other,United States of America,bachelor,Female,english,,ai,3,Christina,exp2,,,True,True,human,False
1750329964,f90eeb2998b2badc3d9e3928de0d6315,PennController,13,0,trial,NULL,TextInput,answer,Final,enemy(Friend(amber)),1750328987686.0,88,3,L,Intensional,English,Amber's friend's enemy,1750328821298,28,0_L_ef1,NULL,f90eeb2998b2badc3d9e3928de0d6315,yes,other,United States of America,bachelor,Female,english,,ai,3,enemy(friend(amber)),exp2,,,False,True,human,False
1750329964,f90eeb2998b2badc3d9e3928de0d6315,PennController,5,0,trial,NULL,DropDown,answer,Selected,Felicia,1750329072271.0,13,2,R,Extensional,English,the enemy of Dana,1750328987689,28,0_R_e2,5,f90eeb2998b2badc3d9e3928de0d6315,yes,other,United States of America,bachelor,Female,english,,ai,2,Felicia,exp2,,,True,True,human,False
1750329964,f90eeb2998b2badc3d9e3928de0d6315,PennController,6,0,trial,NULL,TextInput,answer,Final,parent(elizabeth),1750329102648.0,18,2,R,Intensional,English,the parent of Elizabeth,1750329073442,28,0_R_p4,NULL,f90eeb2998b2badc3d9e3928de0d6315,yes,other,United States of America,bachelor,Female,english,,ai,2,parent(elizabeth),exp2,,,True,True,human,False
1750329964,f90eeb2998b2badc3d9e3928de0d6315,PennController,7,0,trial,NULL,DropDown,answer,Selected,v,1750329256972.0,115,3,L,Extensional,Abstract,Felicia's enemy's friend,1750329102649,28,0_L_fe5,4,f90eeb2998b2badc3d9e3928de0d6315,yes,other,United States of America,bachelor,Female,english,,ai,3,v,exp2,,,True,True,human,False
1750329964,f90eeb2998b2badc3d9e3928de0d6315,PennController,11,0,trial,NULL,DropDown,answer,Selected,Elizabeth,1750329278019.0,118,3,L,Extensional,English,Felicia's child's friend,1750329258143,28,0_L_fc5,4,f90eeb2998b2badc3d9e3928de0d6315,yes,other,United States of America,bachelor,Female,english,,ai,3,Elizabeth,exp2,,,True,True,human,False
1750329964,f90eeb2998b2badc3d9e3928de0d6315,PennController,9,0,trial,NULL,TextInput,answer,Final,w(w(S)),1750329612258.0,96,3,L,Intensional,Abstract,Dana's enemy's enemy,1750329279338,28,0_L_ee2,NULL,f90eeb2998b2badc3d9e3928de0d6315,yes,other,United States of America,bachelor,Female,english,,ai,3,w(w(s)),exp2,,,False,True,human,False
1750329964,f90eeb2998b2badc3d9e3928de0d6315,PennController,4,0,trial,NULL,TextInput,answer,Final,k(v),1750329697475.0,4,2,R,Intensional,Abstract,the parent of Elizabeth,1750329612261,28,0_R_p4,NULL,f90eeb2998b2badc3d9e3928de0d6315,yes,other,United States of America,bachelor,Female,english,,ai,2,k(v),exp2,,,True,True,human,False
1750329964,f90eeb2998b2badc3d9e3928de0d6315,PennController,14,0,trial,NULL,TextInput,answer,Final,parent(enemy(amber)),1750329795651.0,31,3,R,Intensional,English,the parent of the enemy of Amber,1750329697478,28,0_R_pe1,NULL,f90eeb2998b2badc3d9e3928de0d6315,yes,other,United States of America,bachelor,Female,english,,ai,3,parent(enemy(amber)),exp2,,,True,True,human,False
1750329964,f90eeb2998b2badc3d9e3928de0d6315,PennController,10,0,trial,NULL,TextInput,answer,Final,w(w(q)),1750329893839.0,56,3,R,Intensional,Abstract,the enemy of the enemy of Felicia,1750329795653,28,0_R_ee5,NULL,f90eeb2998b2badc3d9e3928de0d6315,yes,other,United States of America,bachelor,Female,english,,ai,3,w(w(q)),exp2,,,True,True,human,False
1750329964,f90eeb2998b2badc3d9e3928de0d6315,PennController,8,0,trial,NULL,DropDown,answer,Selected,h,1750329955605.0,54,3,R,Extensional,Abstract,the child of the friend of Felicia,1750329893841,28,0_R_cf5,0,f90eeb2998b2badc3d9e3928de0d6315,yes,other,United States of America,bachelor,Female,english,,ai,3,h,exp2,,,True,True,human,False
1750329964,f90eeb2998b2badc3d9e3928de0d6315,PennController,3,0,trial,NULL,DropDown,answer,Selected,s,1750329968618.0,5,2,R,Extensional,Abstract,the child of Felicia,1750329956624,28,0_R_c5,2,f90eeb2998b2badc3d9e3928de0d6315,yes,other,United States of America,bachelor,Female,english,,ai,2,s,exp2,,,True,True,human,False
1750330045,2e06b2d248aef6f49a9d3fb690f7859c,PennController,12,0,trial,NULL,DropDown,answer,Selected,Elizabeth,1750328720454.0,52,3,R,Extensional,English,the child of the parent of Elizabeth,1750328530548,38,0_R_cp4,4,2e06b2d248aef6f49a9d3fb690f7859c,yes,other,usa,master,Female,english,,other,3,Elizabeth,exp2,,bussiness,True,True,human,False
1750330045,2e06b2d248aef6f49a9d3fb690f7859c,PennController,3,0,trial,NULL,DropDown,answer,Selected,y,1750328772687.0,15,2,R,Extensional,Abstract,the friend of Amber,1750328722031,38,0_R_f1,5,2e06b2d248aef6f49a9d3fb690f7859c,yes,other,usa,master,Female,english,,other,2,y,exp2,,bussiness,True,True,human,False
1750330045,2e06b2d248aef6f49a9d3fb690f7859c,PennController,9,0,trial,NULL,TextInput,answer,Final,w(w(v)),1750329222892.0,109,3,L,Intensional,Abstract,Elizabeth's enemy's enemy,1750328774382,38,0_L_ee4,NULL,2e06b2d248aef6f49a9d3fb690f7859c,yes,other,usa,master,Female,english,,other,3,w(w(v)),exp2,,bussiness,True,True,human,False
1750330045,2e06b2d248aef6f49a9d3fb690f7859c,PennController,6,0,trial,NULL,TextInput,answer,Final,friend(christina),1750329303371.0,13,2,R,Intensional,English,the friend of Christina,1750329222912,38,0_R_f0,NULL,2e06b2d248aef6f49a9d3fb690f7859c,yes,other,usa,master,Female,english,,other,2,friend(christina),exp2,,bussiness,True,True,human,False
1750330045,2e06b2d248aef6f49a9d3fb690f7859c,PennController,11,0,trial,NULL,DropDown,answer,Selected,Elizabeth,1750329375096.0,115,3,L,Extensional,English,Felicia's enemy's friend,1750329303377,38,0_L_fe5,4,2e06b2d248aef6f49a9d3fb690f7859c,yes,other,usa,master,Female,english,,other,3,Elizabeth,exp2,,bussiness,True,True,human,False
1750330045,2e06b2d248aef6f49a9d3fb690f7859c,PennController,10,0,trial,NULL,TextInput,answer,Final,s(s(v)),1750329451414.0,45,3,R,Intensional,Abstract,the friend of the friend of Elizabeth,1750329376390,38,0_R_ff4,NULL,2e06b2d248aef6f49a9d3fb690f7859c,yes,other,usa,master,Female,english,,other,3,s(s(v)),exp2,,bussiness,True,True,human,False
1750330045,2e06b2d248aef6f49a9d3fb690f7859c,PennController,13,0,trial,NULL,TextInput,answer,Final,enemy(friend(elizabeth)),1750329578655.0,106,3,L,Intensional,English,Elizabeth's friend's enemy,1750329451430,38,0_L_ef4,NULL,2e06b2d248aef6f49a9d3fb690f7859c,yes,other,usa,master,Female,english,,other,3,enemy(friend(elizabeth)),exp2,,bussiness,True,True,human,False
1750330045,2e06b2d248aef6f49a9d3fb690f7859c,PennController,7,0,trial,NULL,DropDown,answer,Selected,y,1750329666368.0,103,3,L,Extensional,Abstract,Bryan's child's friend,1750329578659,38,0_L_fc3,5,2e06b2d248aef6f49a9d3fb690f7859c,yes,other,usa,master,Female,english,,other,3,y,exp2,,bussiness,True,True,human,False
1750330045,2e06b2d248aef6f49a9d3fb690f7859c,PennController,4,0,trial,NULL,TextInput,answer,Final,(h),1750329732719.0,19,2,R,Intensional,Abstract,the friend of Amber,1750329667960,38,0_R_f1,NULL,2e06b2d248aef6f49a9d3fb690f7859c,yes,other,usa,master,Female,english,,other,2,s(h),exp2,,bussiness,False,False,human,False
1750330045,2e06b2d248aef6f49a9d3fb690f7859c,PennController,5,0,trial,NULL,DropDown,answer,Selected,Dana,1750329787423.0,19,2,R,Extensional,English,the child of Felicia,1750329732730,38,0_R_c5,3,2e06b2d248aef6f49a9d3fb690f7859c,yes,other,usa,master,Female,english,,other,2,Dana,exp2,,bussiness,True,True,human,False
1750330045,2e06b2d248aef6f49a9d3fb690f7859c,PennController,8,0,trial,NULL,DropDown,answer,Selected,s,1750329958304.0,24,3,R,Extensional,Abstract,the friend of the child of Christina,1750329788688,38,0_R_fc0,2,2e06b2d248aef6f49a9d3fb690f7859c,yes,other,usa,master,Female,english,,other,3,s,exp2,,bussiness,True,True,human,False
1750330045,2e06b2d248aef6f49a9d3fb690f7859c,PennController,14,0,trial,NULL,TextInput,answer,Final,parent(child(felicia)),1750330034834.0,60,3,R,Intensional,English,the parent of the child of Felicia,1750329960395,38,0_R_pc5,NULL,2e06b2d248aef6f49a9d3fb690f7859c,yes,other,usa,master,Female,english,,other,3,parent(child(felicia)),exp2,,bussiness,True,True,human,False
1750330127,13ac3e40735f777e0b29deac540d9169,PennController,14,0,trial,NULL,TextInput,answer,Final,enemy(enemy(elizabeth),1750328610047.0,49,3,R,Intensional,English,the enemy of the enemy of Elizabeth,1750328405334,33,0_R_ee4,NULL,13ac3e40735f777e0b29deac540d9169,yes,other,United Kingdom,master,Female,english,,math,3,enemy(enemy(elizabeth)),exp2,,,False,True,human,False
1750330127,13ac3e40735f777e0b29deac540d9169,PennController,12,0,trial,NULL,DropDown,answer,Selected,Elizabeth,1750328745010.0,44,3,R,Extensional,English,the enemy of the child of Bryan,1750328610051,33,0_R_ec3,4,13ac3e40735f777e0b29deac540d9169,yes,other,United Kingdom,master,Female,english,,math,3,Elizabeth,exp2,,,True,True,human,False
1750330127,13ac3e40735f777e0b29deac540d9169,PennController,9,0,trial,NULL,TextInput,answer,Final,q(k(t),1750329029853.0,114,3,L,Intensional,Abstract,Felicia's friend's child,1750328746998,33,0_L_cf5,NULL,13ac3e40735f777e0b29deac540d9169,yes,other,United Kingdom,master,Female,english,,math,3,t(s(q)),exp2,,,False,False,human,False
1750330127,13ac3e40735f777e0b29deac540d9169,PennController,7,0,trial,NULL,DropDown,answer,Selected,h,1750329162104.0,83,3,L,Extensional,Abstract,Christina's enemy's child,1750329029856,33,0_L_ce0,0,13ac3e40735f777e0b29deac540d9169,yes,other,United Kingdom,master,Female,english,,math,3,h,exp2,,,True,True,human,False
1750330127,13ac3e40735f777e0b29deac540d9169,PennController,5,0,trial,NULL,DropDown,answer,Selected,Felicia,1750329261970.0,14,2,R,Extensional,English,the enemy of Dana,1750329163429,33,0_R_e2,5,13ac3e40735f777e0b29deac540d9169,yes,other,United Kingdom,master,Female,english,,math,2,Felicia,exp2,,,True,True,human,False
1750330127,13ac3e40735f777e0b29deac540d9169,PennController,6,0,trial,NULL,TextInput,answer,Final,child(felicia),1750329357062.0,3,2,R,Intensional,English,the child of Felicia,1750329267496,33,0_R_c5,NULL,13ac3e40735f777e0b29deac540d9169,yes,other,United Kingdom,master,Female,english,,math,2,child(felicia),exp2,,,True,True,human,False
1750330127,13ac3e40735f777e0b29deac540d9169,PennController,13,0,trial,NULL,TextInput,answer,Final,Friend(Felicia(enemy)),1750329454352.0,115,3,L,Intensional,English,Felicia's enemy's friend,1750329357065,33,0_L_fe5,NULL,13ac3e40735f777e0b29deac540d9169,yes,other,United Kingdom,master,Female,english,,math,3,friend(enemy(felicia)),exp2,,,False,False,human,False
1750330127,13ac3e40735f777e0b29deac540d9169,PennController,4,0,trial,NULL,TextInput,answer,Final,w(t),1750329576806.0,5,2,R,Intensional,Abstract,the enemy of Bryan,1750329454355,33,0_R_e3,NULL,13ac3e40735f777e0b29deac540d9169,yes,other,United Kingdom,master,Female,english,,math,2,w(t),exp2,,,True,True,human,False
1750330127,13ac3e40735f777e0b29deac540d9169,PennController,11,0,trial,NULL,DropDown,answer,Selected,Felicia,1750329632072.0,117,3,L,Extensional,English,Felicia's enemy's parent,1750329576809,33,0_L_pe5,5,13ac3e40735f777e0b29deac540d9169,yes,other,United Kingdom,master,Female,english,,math,3,Felicia,exp2,,,True,True,human,False
1750330127,13ac3e40735f777e0b29deac540d9169,PennController,3,0,trial,NULL,DropDown,answer,Selected,y,1750329707554.0,13,2,R,Extensional,Abstract,the friend of Amber,1750329637115,33,0_R_f1,5,13ac3e40735f777e0b29deac540d9169,yes,other,United Kingdom,master,Female,english,,math,2,y,exp2,,,True,True,human,False
1750330127,13ac3e40735f777e0b29deac540d9169,PennController,10,0,trial,NULL,TextInput,answer,Final,w(s(h)),1750329986869.0,28,3,R,Intensional,Abstract,the enemy of the friend of Amber,1750329734774,33,0_R_ef1,NULL,13ac3e40735f777e0b29deac540d9169,yes,other,United Kingdom,master,Female,english,,math,3,w(s(h)),exp2,,,True,True,human,False
1750330127,13ac3e40735f777e0b29deac540d9169,PennController,8,0,trial,NULL,DropDown,answer,Selected,h,1750330123134.0,33,3,R,Extensional,Abstract,the enemy of the friend of Dana,1750329986872,33,0_R_ef2,0,13ac3e40735f777e0b29deac540d9169,yes,other,United Kingdom,master,Female,english,,math,3,h,exp2,,,True,True,human,False
1750330197,e1555dc5bccce94204a11bf50d41cf34,PennController,8,0,trial,NULL,DropDown,answer,Selected,s,1750328834526.0,42,3,R,Extensional,Abstract,the enemy of the friend of Bryan,1750328644686,9,0_R_ef3,2,e1555dc5bccce94204a11bf50d41cf34,yes,other,South Africa,other,Male,english,,ai,3,s,exp2,,,True,True,human,False
1750330197,e1555dc5bccce94204a11bf50d41cf34,PennController,13,0,trial,NULL,TextInput,answer,Final,enemy(parent(felicia)),1750328982254.0,117,3,L,Intensional,English,Felicia's enemy's parent,1750328835733,9,0_L_pe5,NULL,e1555dc5bccce94204a11bf50d41cf34,yes,other,South Africa,other,Male,english,,ai,3,parent(enemy(felicia)),exp2,,,False,False,human,False
1750330197,e1555dc5bccce94204a11bf50d41cf34,PennController,7,0,trial,NULL,DropDown,answer,Selected,s,1750329221950.0,97,3,L,Extensional,Abstract,Dana's enemy's child,1750328982257,9,0_L_ce2,2,e1555dc5bccce94204a11bf50d41cf34,yes,other,South Africa,other,Male,english,,ai,3,s,exp2,,,True,True,human,False
1750330197,e1555dc5bccce94204a11bf50d41cf34,PennController,3,0,trial,NULL,DropDown,answer,Selected,y,1750329305174.0,77,2,L,Extensional,Abstract,Amber's friend,1750329222932,9,0_L_f1,5,e1555dc5bccce94204a11bf50d41cf34,yes,other,South Africa,other,Male,english,,ai,2,y,exp2,,,True,True,human,False
1750330197,e1555dc5bccce94204a11bf50d41cf34,PennController,6,0,trial,NULL,TextInput,answer,Final,parent(elizabeth),1750329392265.0,74,2,L,Intensional,English,Elizabeth's parent,1750329306411,9,0_L_p4,NULL,e1555dc5bccce94204a11bf50d41cf34,yes,other,South Africa,other,Male,english,,ai,2,parent(elizabeth),exp2,,,True,True,human,False
1750330197,e1555dc5bccce94204a11bf50d41cf34,PennController,5,0,trial,NULL,DropDown,answer,Selected,Felicia,1750329442702.0,63,2,L,Extensional,English,Dana's enemy,1750329392268,9,0_L_e2,5,e1555dc5bccce94204a11bf50d41cf34,yes,other,South Africa,other,Male,english,,ai,2,Felicia,exp2,,,True,True,human,False
1750330197,e1555dc5bccce94204a11bf50d41cf34,PennController,9,0,trial,NULL,TextInput,answer,Final,k(v(h)),1750329766621.0,91,3,L,Intensional,Abstract,Amber's enemy's parent,1750329444402,9,0_L_pe1,NULL,e1555dc5bccce94204a11bf50d41cf34,yes,other,South Africa,other,Male,english,,ai,3,k(w(h)),exp2,,,False,False,human,False
1750330197,e1555dc5bccce94204a11bf50d41cf34,PennController,14,0,trial,NULL,TextInput,answer,Final,enemy(parent(elizabeth)),1750329829947.0,51,3,R,Intensional,English,the enemy of the parent of Elizabeth,1750329766622,9,0_R_ep4,NULL,e1555dc5bccce94204a11bf50d41cf34,yes,other,South Africa,other,Male,english,,ai,3,enemy(parent(elizabeth)),exp2,,,True,True,human,False
1750330197,e1555dc5bccce94204a11bf50d41cf34,PennController,4,0,trial,NULL,TextInput,answer,Final,k(v),1750329890523.0,61,2,L,Intensional,Abstract,Elizabeth's parent,1750329829950,9,0_L_p4,NULL,e1555dc5bccce94204a11bf50d41cf34,yes,other,South Africa,other,Male,english,,ai,2,k(v),exp2,,,True,True,human,False
1750330197,e1555dc5bccce94204a11bf50d41cf34,PennController,10,0,trial,NULL,TextInput,answer,Final,s(y(h)),1750330022578.0,41,3,R,Intensional,Abstract,the friend of the friend of Bryan,1750329890525,9,0_R_ff3,NULL,e1555dc5bccce94204a11bf50d41cf34,yes,other,South Africa,other,Male,english,,ai,3,s(s(t)),exp2,,,False,False,human,False
1750330197,e1555dc5bccce94204a11bf50d41cf34,PennController,12,0,trial,NULL,DropDown,answer,Selected,Dana,1750330132909.0,37,3,R,Extensional,English,the child of the enemy of Dana,1750330022580,9,0_R_ce2,3,e1555dc5bccce94204a11bf50d41cf34,yes,other,South Africa,other,Male,english,,ai,3,Dana,exp2,,,True,True,human,False
1750330197,e1555dc5bccce94204a11bf50d41cf34,PennController,11,0,trial,NULL,DropDown,answer,Selected,Bryan,1750330198204.0,111,3,L,Extensional,English,Elizabeth's parent's enemy,1750330138042,9,0_L_ep4,1,e1555dc5bccce94204a11bf50d41cf34,yes,other,South Africa,other,Male,english,,ai,3,Bryan,exp2,,,True,True,human,False
1750330199,59716512b74884c02899ec74f11a5433,PennController,9,0,trial,NULL,TextInput,answer,Final,t(w(y),1750329383997.0,83,3,L,Intensional,Abstract,Christina's enemy's child,1750328541044,30,0_L_ce0,NULL,59716512b74884c02899ec74f11a5433,yes,other,United States of America,master,Male,english,,other,3,t(w(y)),exp2,,Business Administration,False,True,human,False
1750330199,59716512b74884c02899ec74f11a5433,PennController,12,0,trial,NULL,DropDown,answer,Selected,Felicia,1750329480792.0,60,3,R,Extensional,English,the parent of the child of Felicia,1750329384004,30,0_R_pc5,5,59716512b74884c02899ec74f11a5433,yes,other,United States of America,master,Male,english,,other,3,Felicia,exp2,,Business Administration,True,True,human,False
1750330199,59716512b74884c02899ec74f11a5433,PennController,6,0,trial,NULL,TextInput,answer,Final,child(felicia),1750329566104.0,2,2,R,Intensional,English,the child of Felicia,1750329482240,30,0_R_c5,NULL,59716512b74884c02899ec74f11a5433,yes,other,United States of America,master,Male,english,,other,2,child(felicia),exp2,,Business Administration,True,True,human,False
1750330199,59716512b74884c02899ec74f11a5433,PennController,4,0,trial,NULL,TextInput,answer,Final,s(h),1750329611964.0,17,2,R,Intensional,Abstract,the friend of Amber,1750329566106,30,0_R_f1,NULL,59716512b74884c02899ec74f11a5433,yes,other,United States of America,master,Male,english,,other,2,s(h),exp2,,Business Administration,True,True,human,False
1750330199,59716512b74884c02899ec74f11a5433,PennController,5,0,trial,NULL,DropDown,answer,Selected,Christina,1750329712043.0,4,2,R,Extensional,English,the enemy of Bryan,1750329611967,30,0_R_e3,2,59716512b74884c02899ec74f11a5433,yes,other,United States of America,master,Male,english,,other,2,Christina,exp2,,Business Administration,True,True,human,False
1750330199,59716512b74884c02899ec74f11a5433,PennController,7,0,trial,NULL,DropDown,answer,Selected,q,1750329820203.0,117,3,L,Extensional,Abstract,Felicia's enemy's parent,1750329714048,30,0_L_pe5,1,59716512b74884c02899ec74f11a5433,yes,other,United States of America,master,Male,english,,other,3,q,exp2,,Business Administration,True,True,human,False
1750330199,59716512b74884c02899ec74f11a5433,PennController,10,0,trial,NULL,TextInput,answer,Final,k(t(y),1750329932843.0,26,3,R,Intensional,Abstract,the parent of the child of Christina,1750329821726,30,0_R_pc0,NULL,59716512b74884c02899ec74f11a5433,yes,other,United States of America,master,Male,english,,other,3,k(t(y)),exp2,,Business Administration,False,True,human,False
1750330199,59716512b74884c02899ec74f11a5433,PennController,8,0,trial,NULL,DropDown,answer,Selected,q,1750329960245.0,57,3,R,Extensional,Abstract,the parent of the enemy of Felicia,1750329932845,30,0_R_pe5,1,59716512b74884c02899ec74f11a5433,yes,other,United States of America,master,Male,english,,other,3,q,exp2,,Business Administration,True,True,human,False
1750330199,59716512b74884c02899ec74f11a5433,PennController,11,0,trial,NULL,DropDown,answer,Selected,Bryan,1750329993310.0,88,3,L,Extensional,English,Amber's friend's enemy,1750329961332,30,0_L_ef1,1,59716512b74884c02899ec74f11a5433,yes,other,United States of America,master,Male,english,,other,3,Bryan,exp2,,Business Administration,True,True,human,False
1750330199,59716512b74884c02899ec74f11a5433,PennController,3,0,trial,NULL,DropDown,answer,Selected,q,1750330014177.0,1,2,R,Extensional,Abstract,the enemy of Dana,1750329994506,30,0_R_e2,1,59716512b74884c02899ec74f11a5433,yes,other,United States of America,master,Male,english,,other,2,q,exp2,,Business Administration,True,True,human,False
1750330199,59716512b74884c02899ec74f11a5433,PennController,14,0,trial,NULL,TextInput,answer,Final,enemy(enemy(amber),1750330121539.0,30,3,R,Intensional,English,the enemy of the enemy of Amber,1750330015602,30,0_R_ee1,NULL,59716512b74884c02899ec74f11a5433,yes,other,United States of America,master,Male,english,,other,3,enemy(enemy(amber)),exp2,,Business Administration,False,True,human,False
1750330199,59716512b74884c02899ec74f11a5433,PennController,13,0,trial,NULL,TextInput,answer,Final,friend(parent(dana),1750330197073.0,98,3,L,Intensional,English,Dana's parent's friend,1750330121542,30,0_L_fp2,NULL,59716512b74884c02899ec74f11a5433,yes,other,United States of America,master,Male,english,,other,3,friend(parent(dana)),exp2,,Business Administration,False,True,human,False
1750330765,46ccc6891af3664f4e427fccec99a236,PennController,8,0,trial,NULL,DropDown,answer,Selected,q,1750328966421.0,59,3,R,Extensional,Abstract,the enemy of the child of Felicia,1750328472076,20,0_R_ec5,1,46ccc6891af3664f4e427fccec99a236,yes,other,South Africa,master,Male,other,ZULU,other,3,q,exp2,,Medical,True,True,human,False
1750330765,46ccc6891af3664f4e427fccec99a236,PennController,4,0,trial,NULL,TextInput,answer,Final,W(S(H)),1750329437209.0,18,2,R,Intensional,Abstract,the friend of Amber,1750328968032,20,0_R_f1,NULL,46ccc6891af3664f4e427fccec99a236,yes,other,South Africa,master,Male,other,ZULU,other,2,s(h),exp2,,Medical,False,True,human,False
1750330765,46ccc6891af3664f4e427fccec99a236,PennController,6,0,trial,NULL,TextInput,answer,Final,enemy(dana),1750329544054.0,9,2,R,Intensional,English,the enemy of Dana,1750329437212,20,0_R_e2,NULL,46ccc6891af3664f4e427fccec99a236,yes,other,South Africa,master,Male,other,ZULU,other,2,enemy(dana),exp2,,Medical,True,True,human,False
1750330765,46ccc6891af3664f4e427fccec99a236,PennController,9,0,trial,NULL,TextInput,answer,Final,W(T(S)),1750330009236.0,102,3,L,Intensional,Abstract,Bryan's friend's enemy,1750329544057,20,0_L_ef3,NULL,46ccc6891af3664f4e427fccec99a236,yes,other,South Africa,master,Male,other,ZULU,other,3,w(s(t)),exp2,,Medical,False,False,human,False
1750330765,46ccc6891af3664f4e427fccec99a236,PennController,14,0,trial,NULL,TextInput,answer,Final,Child(Parent(Dana)),1750330112239.0,40,3,R,Intensional,English,the child of the parent of Dana,1750330009239,20,0_R_cp2,NULL,46ccc6891af3664f4e427fccec99a236,yes,other,South Africa,master,Male,other,ZULU,other,3,child(parent(dana)),exp2,,Medical,False,True,human,False
1750330765,46ccc6891af3664f4e427fccec99a236,PennController,7,0,trial,NULL,DropDown,answer,Selected,q,1750330247759.0,106,3,L,Extensional,Abstract,Elizabeth's friend's enemy,1750330112242,20,0_L_ef4,1,46ccc6891af3664f4e427fccec99a236,yes,other,South Africa,master,Male,other,ZULU,other,3,q,exp2,,Medical,True,True,human,False
1750330765,46ccc6891af3664f4e427fccec99a236,PennController,11,0,trial,NULL,DropDown,answer,Selected,Amber,1750330328187.0,90,3,L,Extensional,English,Amber's enemy's enemy,1750330249062,20,0_L_ee1,0,46ccc6891af3664f4e427fccec99a236,yes,other,South Africa,master,Male,other,ZULU,other,3,Amber,exp2,,Medical,True,True,human,False
1750330765,46ccc6891af3664f4e427fccec99a236,PennController,3,0,trial,NULL,DropDown,answer,Selected,q,1750330420115.0,3,2,R,Extensional,Abstract,the enemy of Dana,1750330329060,20,0_R_e2,1,46ccc6891af3664f4e427fccec99a236,yes,other,South Africa,master,Male,other,ZULU,other,2,q,exp2,,Medical,True,True,human,False
1750330765,46ccc6891af3664f4e427fccec99a236,PennController,5,0,trial,NULL,DropDown,answer,Selected,Christina,1750330438565.0,3,2,R,Extensional,English,the enemy of Bryan,1750330421378,20,0_R_e3,2,46ccc6891af3664f4e427fccec99a236,yes,other,South Africa,master,Male,other,ZULU,other,2,Christina,exp2,,Medical,True,True,human,False
1750330765,46ccc6891af3664f4e427fccec99a236,PennController,12,0,trial,NULL,DropDown,answer,Selected,Dana,1750330480866.0,39,3,R,Extensional,English,the enemy of the parent of Dana,1750330439433,20,0_R_ep2,3,46ccc6891af3664f4e427fccec99a236,yes,other,South Africa,master,Male,other,ZULU,other,3,Dana,exp2,,Medical,True,True,human,False
1750330765,46ccc6891af3664f4e427fccec99a236,PennController,13,0,trial,NULL,TextInput,answer,Final,Enemy(Friend's(Bryan)),1750330593735.0,102,3,L,Intensional,English,Bryan's friend's enemy,1750330482629,20,0_L_ef3,NULL,46ccc6891af3664f4e427fccec99a236,yes,other,South Africa,master,Male,other,ZULU,other,3,enemy(friend(bryan)),exp2,,Medical,False,False,human,False
1750330765,46ccc6891af3664f4e427fccec99a236,PennController,10,0,trial,NULL,TextInput,answer,Final,t(s(h)),1750330763550.0,29,3,R,Intensional,Abstract,the child of the friend of Amber,1750330593738,20,0_R_cf1,NULL,46ccc6891af3664f4e427fccec99a236,yes,other,South Africa,master,Male,other,ZULU,other,3,t(s(h)),exp2,,Medical,True,True,human,False
1750330885,afc8a05780f3908e89621fa8d33a3330,PennController,8,0,trial,NULL,DropDown,answer,Selected,s,1750329071947.0,56,3,R,Extensional,Abstract,the enemy of the enemy of Felicia,1750328968251,11,0_R_ee5,2,afc8a05780f3908e89621fa8d33a3330,yes,other,USA,bachelor,Male,english,,other,3,q,exp2,,Medicine,False,False,human,False
1750330885,afc8a05780f3908e89621fa8d33a3330,PennController,14,0,trial,NULL,TextInput,answer,Final,friend(friend(Bryan),1750329389567.0,41,3,R,Intensional,English,the friend of the friend of Bryan,1750329102080,11,0_R_ff3,NULL,afc8a05780f3908e89621fa8d33a3330,yes,other,USA,bachelor,Male,english,,other,3,friend(friend(bryan)),exp2,,Medicine,False,True,human,False
1750330885,afc8a05780f3908e89621fa8d33a3330,PennController,12,0,trial,NULL,DropDown,answer,Selected,Dana,1750329574812.0,32,3,R,Extensional,English,the friend of the friend of Dana,1750329389570,11,0_R_ff2,3,afc8a05780f3908e89621fa8d33a3330,yes,other,USA,bachelor,Male,english,,other,3,Dana,exp2,,Medicine,True,True,human,False
1750330885,afc8a05780f3908e89621fa8d33a3330,PennController,7,0,trial,NULL,DropDown,answer,Selected,t,1750329836539.0,101,3,L,Extensional,Abstract,Bryan's friend's friend,1750329577289,11,0_L_ff3,3,afc8a05780f3908e89621fa8d33a3330,yes,other,USA,bachelor,Male,english,,other,3,t,exp2,,Medicine,True,True,human,False
1750330885,afc8a05780f3908e89621fa8d33a3330,PennController,6,0,trial,NULL,TextInput,answer,Final,enemy(Dana),1750329901862.0,61,2,L,Intensional,English,Dana's enemy,1750329837986,11,0_L_e2,NULL,afc8a05780f3908e89621fa8d33a3330,yes,other,USA,bachelor,Male,english,,other,2,enemy(dana),exp2,,Medicine,False,True,human,False
1750330885,afc8a05780f3908e89621fa8d33a3330,PennController,9,0,trial,NULL,TextInput,answer,Final,y(s(h),1750330248264.0,92,3,L,Intensional,Abstract,Dana's friend's friend,1750329901866,11,0_L_ff2,NULL,afc8a05780f3908e89621fa8d33a3330,yes,other,USA,bachelor,Male,english,,other,3,s(s(s)),exp2,,Medicine,False,False,human,False
1750330885,afc8a05780f3908e89621fa8d33a3330,PennController,5,0,trial,NULL,DropDown,answer,Selected,Christina,1750330268226.0,68,2,L,Extensional,English,Elizabeth's parent,1750330248267,11,0_L_p4,2,afc8a05780f3908e89621fa8d33a3330,yes,other,USA,bachelor,Male,english,,other,2,Christina,exp2,,Medicine,True,True,human,False
1750330885,afc8a05780f3908e89621fa8d33a3330,PennController,4,0,trial,NULL,TextInput,answer,Final,s(h),1750330333098.0,71,2,L,Intensional,Abstract,Amber's friend,1750330269313,11,0_L_f1,NULL,afc8a05780f3908e89621fa8d33a3330,yes,other,USA,bachelor,Male,english,,other,2,s(h),exp2,,Medicine,True,True,human,False
1750330885,afc8a05780f3908e89621fa8d33a3330,PennController,11,0,trial,NULL,DropDown,answer,Selected,Christina,1750330605258.0,105,3,L,Extensional,English,Elizabeth's friend's friend,1750330333102,11,0_L_ff4,2,afc8a05780f3908e89621fa8d33a3330,yes,other,USA,bachelor,Male,english,,other,3,Elizabeth,exp2,,Medicine,False,False,human,False
1750330885,afc8a05780f3908e89621fa8d33a3330,PennController,3,0,trial,NULL,DropDown,answer,Selected,y,1750330618200.0,79,2,L,Extensional,Abstract,Amber's friend,1750330606513,11,0_L_f1,5,afc8a05780f3908e89621fa8d33a3330,yes,other,USA,bachelor,Male,english,,other,2,y,exp2,,Medicine,True,True,human,False
1750330885,afc8a05780f3908e89621fa8d33a3330,PennController,10,0,trial,NULL,TextInput,answer,Final,t(w(s),1750330743600.0,35,3,R,Intensional,Abstract,the friend of the enemy of Dana,1750330619834,11,0_R_fe2,NULL,afc8a05780f3908e89621fa8d33a3330,yes,other,USA,bachelor,Male,english,,other,3,s(w(s)),exp2,,Medicine,False,False,human,False
1750330885,afc8a05780f3908e89621fa8d33a3330,PennController,13,0,trial,NULL,TextInput,answer,Final,enemy(child(christina),1750330883604.0,85,3,L,Intensional,English,Christina's child's enemy,1750330743604,11,0_L_ec0,NULL,afc8a05780f3908e89621fa8d33a3330,yes,other,USA,bachelor,Male,english,,other,3,enemy(child(christina)),exp2,,Medicine,False,True,human,False
