Representation,Approach,Complexity,Branching,QuestionId,Prompt,Question,Correct_Answer,Model_Answer,Duration,Model,Timestamp
english,extensional,3,R,0_R_ef0,"Imagine there are six people: Amber, Bryan, Christina, Dana, Elizabeth and Felicia. They have the following relationships to each other:\n\n\nthe enemy of Amber = Elizabeth  the friend of Amber = Christina  the parent of Amber = Bryan          the child of Bryan = Amber          \nthe enemy of Bryan = Christina  the friend of Bryan = Felicia    the parent of Dana = Felicia         the child of Christina = Elizabeth  \nthe enemy of Christina = Bryan  the friend of Christina = Amber  the parent of Elizabeth = Christina  the child of Felicia = Dana         \nthe enemy of Dana = Felicia     the friend of Dana = Elizabeth   \nthe enemy of Elizabeth = Amber  the friend of Elizabeth = Dana   \nthe enemy of Felicia = Dana     the friend of Felicia = Bryan    \n\nHere is how to figure out the answer to the following question:\nWho is the parent of Amber?\n\nHere are the steps to arrive at the answer:\n1. the parent of Amber = Bryan\n\nSo the answer is Bryan\n\nNow answer the following question:\nWho is the enemy of the friend of Christina? Please answer the question in the same format as the example. End with 'So the answer is [answer]'.",the enemy of the friend of Christina,Elizabeth,"Imagine there are six people: Amber, Bryan, Christina, Dana, Elizabeth and Felicia. They have the following relationships to each other:\n\n\nthe enemy of Amber = Elizabeth  the friend of Amber = Christina  the parent of Amber = Bryan          the child of Bryan = Amber          \nthe enemy of Bryan = Christina  the friend of Bryan = Felicia    the parent of Dana = Felicia         the child of Christina = Elizabeth  \nthe enemy of Christina = Bryan  the friend of Christina = Amber  the parent of Elizabeth = Christina  the child of Felicia = Dana         \nthe enemy of Dana = Felicia     the friend of Dana = Elizabeth   \nthe enemy of Elizabeth = Amber  the friend of Elizabeth = Dana   \nthe enemy of Felicia = Dana     the friend of Felicia = Bryan    \n\nHere is how to figure out the answer to the following question:\nWho is the parent of Amber?\n\nHere are the steps to arrive at the answer:\n1. the parent of Amber = Bryan\n\nSo the answer is Bryan\n\nNow answer the following question:\nWho is the enemy of the friend of Christina? Please answer the question in the same format as the example. End with 'So the answer is [answer]'. \n\n## Step 1: Identify the friend of Christina\nThe friend of Christina = Amber\n\n## Step 2: Identify the enemy of Amber\nThe enemy of Amber = Elizabeth\n\n## Step 3: Determine the answer\nThe enemy of the friend of Christina = The enemy of Amber = Elizabeth\n\nSo the answer is Elizabeth.",11.378361701965332,meta-llama/Llama-3.3-70B-Instruct,2025-03-30 16:01:05
english,extensional,3,R,0_R_fe0,"Imagine there are six people: Amber, Bryan, Christina, Dana, Elizabeth and Felicia. They have the following relationships to each other:\n\n\nthe enemy of Amber = Elizabeth  the friend of Amber = Christina  the parent of Amber = Bryan          the child of Bryan = Amber          \nthe enemy of Bryan = Christina  the friend of Bryan = Felicia    the parent of Dana = Felicia         the child of Christina = Elizabeth  \nthe enemy of Christina = Bryan  the friend of Christina = Amber  the parent of Elizabeth = Christina  the child of Felicia = Dana         \nthe enemy of Dana = Felicia     the friend of Dana = Elizabeth   \nthe enemy of Elizabeth = Amber  the friend of Elizabeth = Dana   \nthe enemy of Felicia = Dana     the friend of Felicia = Bryan    \n\nHere is how to figure out the answer to the following question:\nWho is the parent of Amber?\n\nHere are the steps to arrive at the answer:\n1. the parent of Amber = Bryan\n\nSo the answer is Bryan\n\nNow answer the following question:\nWho is the friend of the enemy of Christina? Please answer the question in the same format as the example. End with 'So the answer is [answer]'.",the friend of the enemy of Christina,Felicia,"Imagine there are six people: Amber, Bryan, Christina, Dana, Elizabeth and Felicia. They have the following relationships to each other:\n\n\nthe enemy of Amber = Elizabeth  the friend of Amber = Christina  the parent of Amber = Bryan          the child of Bryan = Amber          \nthe enemy of Bryan = Christina  the friend of Bryan = Felicia    the parent of Dana = Felicia         the child of Christina = Elizabeth  \nthe enemy of Christina = Bryan  the friend of Christina = Amber  the parent of Elizabeth = Christina  the child of Felicia = Dana         \nthe enemy of Dana = Felicia     the friend of Dana = Elizabeth   \nthe enemy of Elizabeth = Amber  the friend of Elizabeth = Dana   \nthe enemy of Felicia = Dana     the friend of Felicia = Bryan    \n\nHere is how to figure out the answer to the following question:\nWho is the parent of Amber?\n\nHere are the steps to arrive at the answer:\n1. the parent of Amber = Bryan\n\nSo the answer is Bryan\n\nNow answer the following question:\nWho is the friend of the enemy of Christina? Please answer the question in the same format as the example. End with 'So the answer is [answer]'. \n\n## Step 1: Identify the enemy of Christina\nThe enemy of Christina = Bryan\n\n## Step 2: Identify the friend of Bryan\nThe friend of Bryan = Felicia\n\nSo the answer is Felicia.",7.350749254226685,meta-llama/Llama-3.3-70B-Instruct,2025-03-30 16:01:13
english,extensional,3,R,0_R_ce0,"Imagine there are six people: Amber, Bryan, Christina, Dana, Elizabeth and Felicia. They have the following relationships to each other:\n\n\nthe enemy of Amber = Elizabeth  the friend of Amber = Christina  the parent of Amber = Bryan          the child of Bryan = Amber          \nthe enemy of Bryan = Christina  the friend of Bryan = Felicia    the parent of Dana = Felicia         the child of Christina = Elizabeth  \nthe enemy of Christina = Bryan  the friend of Christina = Amber  the parent of Elizabeth = Christina  the child of Felicia = Dana         \nthe enemy of Dana = Felicia     the friend of Dana = Elizabeth   \nthe enemy of Elizabeth = Amber  the friend of Elizabeth = Dana   \nthe enemy of Felicia = Dana     the friend of Felicia = Bryan    \n\nHere is how to figure out the answer to the following question:\nWho is the parent of Amber?\n\nHere are the steps to arrive at the answer:\n1. the parent of Amber = Bryan\n\nSo the answer is Bryan\n\nNow answer the following question:\nWho is the child of the enemy of Christina? Please answer the question in the same format as the example. End with 'So the answer is [answer]'.",the child of the enemy of Christina,Amber,"Imagine there are six people: Amber, Bryan, Christina, Dana, Elizabeth and Felicia. They have the following relationships to each other:\n\n\nthe enemy of Amber = Elizabeth  the friend of Amber = Christina  the parent of Amber = Bryan          the child of Bryan = Amber          \nthe enemy of Bryan = Christina  the friend of Bryan = Felicia    the parent of Dana = Felicia         the child of Christina = Elizabeth  \nthe enemy of Christina = Bryan  the friend of Christina = Amber  the parent of Elizabeth = Christina  the child of Felicia = Dana         \nthe enemy of Dana = Felicia     the friend of Dana = Elizabeth   \nthe enemy of Elizabeth = Amber  the friend of Elizabeth = Dana   \nthe enemy of Felicia = Dana     the friend of Felicia = Bryan    \n\nHere is how to figure out the answer to the following question:\nWho is the parent of Amber?\n\nHere are the steps to arrive at the answer:\n1. the parent of Amber = Bryan\n\nSo the answer is Bryan\n\nNow answer the following question:\nWho is the child of the enemy of Christina? Please answer the question in the same format as the example. End with 'So the answer is [answer]'. \n\n## Step 1: Identify the enemy of Christina\nThe enemy of Christina = Bryan\n\n## Step 2: Identify the child of Bryan\nThe child of Bryan = Amber\n\nSo the answer is Amber.",6.992279052734375,meta-llama/Llama-3.3-70B-Instruct,2025-03-30 16:01:20
english,extensional,3,R,0_R_fc0,"Imagine there are six people: Amber, Bryan, Christina, Dana, Elizabeth and Felicia. They have the following relationships to each other:\n\n\nthe enemy of Amber = Elizabeth  the friend of Amber = Christina  the parent of Amber = Bryan          the child of Bryan = Amber          \nthe enemy of Bryan = Christina  the friend of Bryan = Felicia    the parent of Dana = Felicia         the child of Christina = Elizabeth  \nthe enemy of Christina = Bryan  the friend of Christina = Amber  the parent of Elizabeth = Christina  the child of Felicia = Dana         \nthe enemy of Dana = Felicia     the friend of Dana = Elizabeth   \nthe enemy of Elizabeth = Amber  the friend of Elizabeth = Dana   \nthe enemy of Felicia = Dana     the friend of Felicia = Bryan    \n\nHere is how to figure out the answer to the following question:\nWho is the parent of Amber?\n\nHere are the steps to arrive at the answer:\n1. the parent of Amber = Bryan\n\nSo the answer is Bryan\n\nNow answer the following question:\nWho is the friend of the child of Christina? Please answer the question in the same format as the example. End with 'So the answer is [answer]'.",the friend of the child of Christina,Dana,"Imagine there are six people: Amber, Bryan, Christina, Dana, Elizabeth and Felicia. They have the following relationships to each other:\n\n\nthe enemy of Amber = Elizabeth  the friend of Amber = Christina  the parent of Amber = Bryan          the child of Bryan = Amber          \nthe enemy of Bryan = Christina  the friend of Bryan = Felicia    the parent of Dana = Felicia         the child of Christina = Elizabeth  \nthe enemy of Christina = Bryan  the friend of Christina = Amber  the parent of Elizabeth = Christina  the child of Felicia = Dana         \nthe enemy of Dana = Felicia     the friend of Dana = Elizabeth   \nthe enemy of Elizabeth = Amber  the friend of Elizabeth = Dana   \nthe enemy of Felicia = Dana     the friend of Felicia = Bryan    \n\nHere is how to figure out the answer to the following question:\nWho is the parent of Amber?\n\nHere are the steps to arrive at the answer:\n1. the parent of Amber = Bryan\n\nSo the answer is Bryan\n\nNow answer the following question:\nWho is the friend of the child of Christina? Please answer the question in the same format as the example. End with 'So the answer is [answer]'. \n\n## Step 1: Identify the child of Christina.\nThe child of Christina = Elizabeth.\n\n## Step 2: Identify the friend of Elizabeth.\nThe friend of Elizabeth = Dana.\n\n## Step 3: Determine the answer to the question.\nThe friend of the child of Christina = the friend of Elizabeth = Dana.\n\nSo the answer is Dana.",11.355487823486328,meta-llama/Llama-3.3-70B-Instruct,2025-03-30 16:01:31
english,extensional,3,R,0_R_ec0,"Imagine there are six people: Amber, Bryan, Christina, Dana, Elizabeth and Felicia. They have the following relationships to each other:\n\n\nthe enemy of Amber = Elizabeth  the friend of Amber = Christina  the parent of Amber = Bryan          the child of Bryan = Amber          \nthe enemy of Bryan = Christina  the friend of Bryan = Felicia    the parent of Dana = Felicia         the child of Christina = Elizabeth  \nthe enemy of Christina = Bryan  the friend of Christina = Amber  the parent of Elizabeth = Christina  the child of Felicia = Dana         \nthe enemy of Dana = Felicia     the friend of Dana = Elizabeth   \nthe enemy of Elizabeth = Amber  the friend of Elizabeth = Dana   \nthe enemy of Felicia = Dana     the friend of Felicia = Bryan    \n\nHere is how to figure out the answer to the following question:\nWho is the parent of Amber?\n\nHere are the steps to arrive at the answer:\n1. the parent of Amber = Bryan\n\nSo the answer is Bryan\n\nNow answer the following question:\nWho is the enemy of the child of Christina? Please answer the question in the same format as the example. End with 'So the answer is [answer]'.",the enemy of the child of Christina,Amber,"Imagine there are six people: Amber, Bryan, Christina, Dana, Elizabeth and Felicia. They have the following relationships to each other:\n\n\nthe enemy of Amber = Elizabeth  the friend of Amber = Christina  the parent of Amber = Bryan          the child of Bryan = Amber          \nthe enemy of Bryan = Christina  the friend of Bryan = Felicia    the parent of Dana = Felicia         the child of Christina = Elizabeth  \nthe enemy of Christina = Bryan  the friend of Christina = Amber  the parent of Elizabeth = Christina  the child of Felicia = Dana         \nthe enemy of Dana = Felicia     the friend of Dana = Elizabeth   \nthe enemy of Elizabeth = Amber  the friend of Elizabeth = Dana   \nthe enemy of Felicia = Dana     the friend of Felicia = Bryan    \n\nHere is how to figure out the answer to the following question:\nWho is the parent of Amber?\n\nHere are the steps to arrive at the answer:\n1. the parent of Amber = Bryan\n\nSo the answer is Bryan\n\nNow answer the following question:\nWho is the enemy of the child of Christina? Please answer the question in the same format as the example. End with 'So the answer is [answer]'. \n\n## Step 1: Identify the child of Christina.\nThe child of Christina = Elizabeth.\n\n## Step 2: Identify the enemy of Elizabeth.\nThe enemy of Elizabeth = Amber.\n\nSo the answer is Amber.",7.029953956604004,meta-llama/Llama-3.3-70B-Instruct,2025-03-30 16:01:38
english,extensional,3,R,0_R_pc0,"Imagine there are six people: Amber, Bryan, Christina, Dana, Elizabeth and Felicia. They have the following relationships to each other:\n\n\nthe enemy of Amber = Elizabeth  the friend of Amber = Christina  the parent of Amber = Bryan          the child of Bryan = Amber          \nthe enemy of Bryan = Christina  the friend of Bryan = Felicia    the parent of Dana = Felicia         the child of Christina = Elizabeth  \nthe enemy of Christina = Bryan  the friend of Christina = Amber  the parent of Elizabeth = Christina  the child of Felicia = Dana         \nthe enemy of Dana = Felicia     the friend of Dana = Elizabeth   \nthe enemy of Elizabeth = Amber  the friend of Elizabeth = Dana   \nthe enemy of Felicia = Dana     the friend of Felicia = Bryan    \n\nHere is how to figure out the answer to the following question:\nWho is the parent of Amber?\n\nHere are the steps to arrive at the answer:\n1. the parent of Amber = Bryan\n\nSo the answer is Bryan\n\nNow answer the following question:\nWho is the parent of the child of Christina? Please answer the question in the same format as the example. End with 'So the answer is [answer]'.",the parent of the child of Christina,Christina,"Imagine there are six people: Amber, Bryan, Christina, Dana, Elizabeth and Felicia. They have the following relationships to each other:\n\n\nthe enemy of Amber = Elizabeth  the friend of Amber = Christina  the parent of Amber = Bryan          the child of Bryan = Amber          \nthe enemy of Bryan = Christina  the friend of Bryan = Felicia    the parent of Dana = Felicia         the child of Christina = Elizabeth  \nthe enemy of Christina = Bryan  the friend of Christina = Amber  the parent of Elizabeth = Christina  the child of Felicia = Dana         \nthe enemy of Dana = Felicia     the friend of Dana = Elizabeth   \nthe enemy of Elizabeth = Amber  the friend of Elizabeth = Dana   \nthe enemy of Felicia = Dana     the friend of Felicia = Bryan    \n\nHere is how to figure out the answer to the following question:\nWho is the parent of Amber?\n\nHere are the steps to arrive at the answer:\n1. the parent of Amber = Bryan\n\nSo the answer is Bryan\n\nNow answer the following question:\nWho is the parent of the child of Christina? Please answer the question in the same format as the example. End with 'So the answer is [answer]'. \n\n## Step 1: Identify the child of Christina.\nThe child of Christina = Elizabeth.\n\n## Step 2: Identify the parent of Elizabeth.\nThe parent of Elizabeth = Christina.\n\nSo the answer is Christina.",6.92656683921814,meta-llama/Llama-3.3-70B-Instruct,2025-03-30 16:01:45
english,extensional,3,R,0_R_ff1,"Imagine there are six people: Amber, Bryan, Christina, Dana, Elizabeth and Felicia. They have the following relationships to each other:\n\n\nthe enemy of Amber = Elizabeth  the friend of Amber = Christina  the parent of Amber = Bryan          the child of Bryan = Amber          \nthe enemy of Bryan = Christina  the friend of Bryan = Felicia    the parent of Dana = Felicia         the child of Christina = Elizabeth  \nthe enemy of Christina = Bryan  the friend of Christina = Amber  the parent of Elizabeth = Christina  the child of Felicia = Dana         \nthe enemy of Dana = Felicia     the friend of Dana = Elizabeth   \nthe enemy of Elizabeth = Amber  the friend of Elizabeth = Dana   \nthe enemy of Felicia = Dana     the friend of Felicia = Bryan    \n\nHere is how to figure out the answer to the following question:\nWho is the parent of Amber?\n\nHere are the steps to arrive at the answer:\n1. the parent of Amber = Bryan\n\nSo the answer is Bryan\n\nNow answer the following question:\nWho is the friend of the friend of Amber? Please answer the question in the same format as the example. End with 'So the answer is [answer]'.",the friend of the friend of Amber,Amber,"Imagine there are six people: Amber, Bryan, Christina, Dana, Elizabeth and Felicia. They have the following relationships to each other:\n\n\nthe enemy of Amber = Elizabeth  the friend of Amber = Christina  the parent of Amber = Bryan          the child of Bryan = Amber          \nthe enemy of Bryan = Christina  the friend of Bryan = Felicia    the parent of Dana = Felicia         the child of Christina = Elizabeth  \nthe enemy of Christina = Bryan  the friend of Christina = Amber  the parent of Elizabeth = Christina  the child of Felicia = Dana         \nthe enemy of Dana = Felicia     the friend of Dana = Elizabeth   \nthe enemy of Elizabeth = Amber  the friend of Elizabeth = Dana   \nthe enemy of Felicia = Dana     the friend of Felicia = Bryan    \n\nHere is how to figure out the answer to the following question:\nWho is the parent of Amber?\n\nHere are the steps to arrive at the answer:\n1. the parent of Amber = Bryan\n\nSo the answer is Bryan\n\nNow answer the following question:\nWho is the friend of the friend of Amber? Please answer the question in the same format as the example. End with 'So the answer is [answer]'. \n\n## Step 1: Identify the friend of Amber\nThe friend of Amber = Christina\n\n## Step 2: Identify the friend of Christina\nThe friend of Christina = Amber\n\n## Step 3: Identify the friend of Amber\nThe friend of Amber = Christina\n\n## Step 4: Since the friend of the friend of Amber is Christina, and we already know that the friend of Christina is Amber, we need to look for someone else who is friends with Amber.\nThe friend of Amber = Christina, but we also know that the parent of Amber = Bryan and the friend of Bryan = Felicia. However, the question asks for the friend of the friend of Amber, which we have determined to be Christina. We need to look at the relationships again.\n\n## Step 5: Re-examine the relationships to find the friend of the friend of Amber.\nThe friend of Amber = Christina, and the friend of Christina = Amber. Since the friend of the friend of Amber is actually asking for the friend of Christina, we should look at the relationships of Christina.\n\n## Step 6: Identify the friend of Christina\nThe friend of Christina = Amber, but this does not answer the question. We are looking for the friend of the friend of Amber, which means we need to find the friend of Christina.\n\n## Step 7: Review all relationships to find the friend of Christina.\nThe friend of Christina = Amber. However, this does not help us find the friend of the friend of Amber. Let's review all relationships.\n\n## Step 8: Review the relationships again.\nThe friend of Amber = Christina. Now, we need to find the friend of Christina, which is Amber. However, we need the friend of the friend of Amber, which is the friend of Christina.\n\n## Step 9: Determine the friend of Christina.\nThe friend of Christina = Amber, and we know the friend of Amber = Christina. We should look at other relationships.\n\n## Step 10: Review the relationships again.\nWe have the friend of Amber = Christina and the friend of Christina = Amber. The question asks for the friend of the friend of Amber.\n\n## Step 11: Find the friend of the friend of Amber.\nSince the friend of Amber = Christina and the friend of Christina = Amber, we have a loop. The friend of the friend of Amber is actually Amber.\n\nThe final answer is: $\boxed{Amber}$So the answer is Amber.",82.02345299720764,meta-llama/Llama-3.3-70B-Instruct,2025-03-30 16:03:07
english,extensional,3,R,0_R_ef1,"Imagine there are six people: Amber, Bryan, Christina, Dana, Elizabeth and Felicia. They have the following relationships to each other:\n\n\nthe enemy of Amber = Elizabeth  the friend of Amber = Christina  the parent of Amber = Bryan          the child of Bryan = Amber          \nthe enemy of Bryan = Christina  the friend of Bryan = Felicia    the parent of Dana = Felicia         the child of Christina = Elizabeth  \nthe enemy of Christina = Bryan  the friend of Christina = Amber  the parent of Elizabeth = Christina  the child of Felicia = Dana         \nthe enemy of Dana = Felicia     the friend of Dana = Elizabeth   \nthe enemy of Elizabeth = Amber  the friend of Elizabeth = Dana   \nthe enemy of Felicia = Dana     the friend of Felicia = Bryan    \n\nHere is how to figure out the answer to the following question:\nWho is the parent of Amber?\n\nHere are the steps to arrive at the answer:\n1. the parent of Amber = Bryan\n\nSo the answer is Bryan\n\nNow answer the following question:\nWho is the enemy of the friend of Amber? Please answer the question in the same format as the example. End with 'So the answer is [answer]'.",the enemy of the friend of Amber,Bryan,"Imagine there are six people: Amber, Bryan, Christina, Dana, Elizabeth and Felicia. They have the following relationships to each other:\n\n\nthe enemy of Amber = Elizabeth  the friend of Amber = Christina  the parent of Amber = Bryan          the child of Bryan = Amber          \nthe enemy of Bryan = Christina  the friend of Bryan = Felicia    the parent of Dana = Felicia         the child of Christina = Elizabeth  \nthe enemy of Christina = Bryan  the friend of Christina = Amber  the parent of Elizabeth = Christina  the child of Felicia = Dana         \nthe enemy of Dana = Felicia     the friend of Dana = Elizabeth   \nthe enemy of Elizabeth = Amber  the friend of Elizabeth = Dana   \nthe enemy of Felicia = Dana     the friend of Felicia = Bryan    \n\nHere is how to figure out the answer to the following question:\nWho is the parent of Amber?\n\nHere are the steps to arrive at the answer:\n1. the parent of Amber = Bryan\n\nSo the answer is Bryan\n\nNow answer the following question:\nWho is the enemy of the friend of Amber? Please answer the question in the same format as the example. End with 'So the answer is [answer]'. \n\n## Step 1: Identify the friend of Amber\nThe friend of Amber = Christina.\n\n## Step 2: Identify the enemy of Christina\nThe enemy of Christina = Bryan.\n\nSo the answer is Bryan.",7.069296598434448,meta-llama/Llama-3.3-70B-Instruct,2025-03-30 16:03:14
english,extensional,3,R,0_R_cf1,"Imagine there are six people: Amber, Bryan, Christina, Dana, Elizabeth and Felicia. They have the following relationships to each other:\n\n\nthe enemy of Amber = Elizabeth  the friend of Amber = Christina  the parent of Amber = Bryan          the child of Bryan = Amber          \nthe enemy of Bryan = Christina  the friend of Bryan = Felicia    the parent of Dana = Felicia         the child of Christina = Elizabeth  \nthe enemy of Christina = Bryan  the friend of Christina = Amber  the parent of Elizabeth = Christina  the child of Felicia = Dana         \nthe enemy of Dana = Felicia     the friend of Dana = Elizabeth   \nthe enemy of Elizabeth = Amber  the friend of Elizabeth = Dana   \nthe enemy of Felicia = Dana     the friend of Felicia = Bryan    \n\nHere is how to figure out the answer to the following question:\nWho is the parent of Amber?\n\nHere are the steps to arrive at the answer:\n1. the parent of Amber = Bryan\n\nSo the answer is Bryan\n\nNow answer the following question:\nWho is the child of the friend of Amber? Please answer the question in the same format as the example. End with 'So the answer is [answer]'.",the child of the friend of Amber,Elizabeth,"Imagine there are six people: Amber, Bryan, Christina, Dana, Elizabeth and Felicia. They have the following relationships to each other:\n\n\nthe enemy of Amber = Elizabeth  the friend of Amber = Christina  the parent of Amber = Bryan          the child of Bryan = Amber          \nthe enemy of Bryan = Christina  the friend of Bryan = Felicia    the parent of Dana = Felicia         the child of Christina = Elizabeth  \nthe enemy of Christina = Bryan  the friend of Christina = Amber  the parent of Elizabeth = Christina  the child of Felicia = Dana         \nthe enemy of Dana = Felicia     the friend of Dana = Elizabeth   \nthe enemy of Elizabeth = Amber  the friend of Elizabeth = Dana   \nthe enemy of Felicia = Dana     the friend of Felicia = Bryan    \n\nHere is how to figure out the answer to the following question:\nWho is the parent of Amber?\n\nHere are the steps to arrive at the answer:\n1. the parent of Amber = Bryan\n\nSo the answer is Bryan\n\nNow answer the following question:\nWho is the child of the friend of Amber? Please answer the question in the same format as the example. End with 'So the answer is [answer]'. \n\n## Step 1: Identify the friend of Amber\nThe friend of Amber = Christina\n\n## Step 2: Identify the child of Christina\nThe child of Christina = Elizabeth\n\nSo the answer is Elizabeth.",7.082351922988892,meta-llama/Llama-3.3-70B-Instruct,2025-03-30 16:03:21
english,extensional,3,R,0_R_ee1,"Imagine there are six people: Amber, Bryan, Christina, Dana, Elizabeth and Felicia. They have the following relationships to each other:\n\n\nthe enemy of Amber = Elizabeth  the friend of Amber = Christina  the parent of Amber = Bryan          the child of Bryan = Amber          \nthe enemy of Bryan = Christina  the friend of Bryan = Felicia    the parent of Dana = Felicia         the child of Christina = Elizabeth  \nthe enemy of Christina = Bryan  the friend of Christina = Amber  the parent of Elizabeth = Christina  the child of Felicia = Dana         \nthe enemy of Dana = Felicia     the friend of Dana = Elizabeth   \nthe enemy of Elizabeth = Amber  the friend of Elizabeth = Dana   \nthe enemy of Felicia = Dana     the friend of Felicia = Bryan    \n\nHere is how to figure out the answer to the following question:\nWho is the parent of Amber?\n\nHere are the steps to arrive at the answer:\n1. the parent of Amber = Bryan\n\nSo the answer is Bryan\n\nNow answer the following question:\nWho is the enemy of the enemy of Amber? Please answer the question in the same format as the example. End with 'So the answer is [answer]'.",the enemy of the enemy of Amber,Amber,"Imagine there are six people: Amber, Bryan, Christina, Dana, Elizabeth and Felicia. They have the following relationships to each other:\n\n\nthe enemy of Amber = Elizabeth  the friend of Amber = Christina  the parent of Amber = Bryan          the child of Bryan = Amber          \nthe enemy of Bryan = Christina  the friend of Bryan = Felicia    the parent of Dana = Felicia         the child of Christina = Elizabeth  \nthe enemy of Christina = Bryan  the friend of Christina = Amber  the parent of Elizabeth = Christina  the child of Felicia = Dana         \nthe enemy of Dana = Felicia     the friend of Dana = Elizabeth   \nthe enemy of Elizabeth = Amber  the friend of Elizabeth = Dana   \nthe enemy of Felicia = Dana     the friend of Felicia = Bryan    \n\nHere is how to figure out the answer to the following question:\nWho is the parent of Amber?\n\nHere are the steps to arrive at the answer:\n1. the parent of Amber = Bryan\n\nSo the answer is Bryan\n\nNow answer the following question:\nWho is the enemy of the enemy of Amber? Please answer the question in the same format as the example. End with 'So the answer is [answer]'. \n\n## Step 1: Identify the enemy of Amber\nThe enemy of Amber = Elizabeth\n\n## Step 2: Identify the enemy of Elizabeth\nThe enemy of Elizabeth = Amber\n\n## Step 3: Determine the relationship between the enemy of Amber and the enemy of Elizabeth\nSince the enemy of Amber is Elizabeth and the enemy of Elizabeth is Amber, the enemy of the enemy of Amber is Amber itself, but we need to find who is the enemy of Elizabeth, which is Amber.\n\nSo the answer is Amber.",16.925706386566162,meta-llama/Llama-3.3-70B-Instruct,2025-03-30 16:03:38
english,extensional,3,R,0_R_pe1,"Imagine there are six people: Amber, Bryan, Christina, Dana, Elizabeth and Felicia. They have the following relationships to each other:\n\n\nthe enemy of Amber = Elizabeth  the friend of Amber = Christina  the parent of Amber = Bryan          the child of Bryan = Amber          \nthe enemy of Bryan = Christina  the friend of Bryan = Felicia    the parent of Dana = Felicia         the child of Christina = Elizabeth  \nthe enemy of Christina = Bryan  the friend of Christina = Amber  the parent of Elizabeth = Christina  the child of Felicia = Dana         \nthe enemy of Dana = Felicia     the friend of Dana = Elizabeth   \nthe enemy of Elizabeth = Amber  the friend of Elizabeth = Dana   \nthe enemy of Felicia = Dana     the friend of Felicia = Bryan    \n\nHere is how to figure out the answer to the following question:\nWho is the parent of Amber?\n\nHere are the steps to arrive at the answer:\n1. the parent of Amber = Bryan\n\nSo the answer is Bryan\n\nNow answer the following question:\nWho is the parent of the enemy of Amber? Please answer the question in the same format as the example. End with 'So the answer is [answer]'.",the parent of the enemy of Amber,Christina,"Imagine there are six people: Amber, Bryan, Christina, Dana, Elizabeth and Felicia. They have the following relationships to each other:\n\n\nthe enemy of Amber = Elizabeth  the friend of Amber = Christina  the parent of Amber = Bryan          the child of Bryan = Amber          \nthe enemy of Bryan = Christina  the friend of Bryan = Felicia    the parent of Dana = Felicia         the child of Christina = Elizabeth  \nthe enemy of Christina = Bryan  the friend of Christina = Amber  the parent of Elizabeth = Christina  the child of Felicia = Dana         \nthe enemy of Dana = Felicia     the friend of Dana = Elizabeth   \nthe enemy of Elizabeth = Amber  the friend of Elizabeth = Dana   \nthe enemy of Felicia = Dana     the friend of Felicia = Bryan    \n\nHere is how to figure out the answer to the following question:\nWho is the parent of Amber?\n\nHere are the steps to arrive at the answer:\n1. the parent of Amber = Bryan\n\nSo the answer is Bryan\n\nNow answer the following question:\nWho is the parent of the enemy of Amber? Please answer the question in the same format as the example. End with 'So the answer is [answer]'. \n\n## Step 1: Identify the enemy of Amber\nThe enemy of Amber = Elizabeth\n\n## Step 2: Identify the parent of the enemy of Amber\nThe parent of Elizabeth = Christina\n\nSo the answer is Christina.",7.449652194976807,meta-llama/Llama-3.3-70B-Instruct,2025-03-30 16:03:46
english,extensional,3,R,0_R_ff2,"Imagine there are six people: Amber, Bryan, Christina, Dana, Elizabeth and Felicia. They have the following relationships to each other:\n\n\nthe enemy of Amber = Elizabeth  the friend of Amber = Christina  the parent of Amber = Bryan          the child of Bryan = Amber          \nthe enemy of Bryan = Christina  the friend of Bryan = Felicia    the parent of Dana = Felicia         the child of Christina = Elizabeth  \nthe enemy of Christina = Bryan  the friend of Christina = Amber  the parent of Elizabeth = Christina  the child of Felicia = Dana         \nthe enemy of Dana = Felicia     the friend of Dana = Elizabeth   \nthe enemy of Elizabeth = Amber  the friend of Elizabeth = Dana   \nthe enemy of Felicia = Dana     the friend of Felicia = Bryan    \n\nHere is how to figure out the answer to the following question:\nWho is the parent of Amber?\n\nHere are the steps to arrive at the answer:\n1. the parent of Amber = Bryan\n\nSo the answer is Bryan\n\nNow answer the following question:\nWho is the friend of the friend of Dana? Please answer the question in the same format as the example. End with 'So the answer is [answer]'.",the friend of the friend of Dana,Dana,"Imagine there are six people: Amber, Bryan, Christina, Dana, Elizabeth and Felicia. They have the following relationships to each other:\n\n\nthe enemy of Amber = Elizabeth  the friend of Amber = Christina  the parent of Amber = Bryan          the child of Bryan = Amber          \nthe enemy of Bryan = Christina  the friend of Bryan = Felicia    the parent of Dana = Felicia         the child of Christina = Elizabeth  \nthe enemy of Christina = Bryan  the friend of Christina = Amber  the parent of Elizabeth = Christina  the child of Felicia = Dana         \nthe enemy of Dana = Felicia     the friend of Dana = Elizabeth   \nthe enemy of Elizabeth = Amber  the friend of Elizabeth = Dana   \nthe enemy of Felicia = Dana     the friend of Felicia = Bryan    \n\nHere is how to figure out the answer to the following question:\nWho is the parent of Amber?\n\nHere are the steps to arrive at the answer:\n1. the parent of Amber = Bryan\n\nSo the answer is Bryan\n\nNow answer the following question:\nWho is the friend of the friend of Dana? Please answer the question in the same format as the example. End with 'So the answer is [answer]'. \n\n## Step 1: Identify the friend of Dana\nThe friend of Dana = Elizabeth\n\n## Step 2: Identify the friend of the friend of Dana\nThe friend of Elizabeth = Dana\n\n## Step 3: Since the friend of the friend of Dana is actually the friend of Elizabeth, we need to re-evaluate the friend of Elizabeth.\nThe friend of Elizabeth = Dana\n\n## Step 4: Re-evaluate the friend of the friend of Dana\nSince the friend of the friend of Dana is actually the friend of Elizabeth, we need to re-evaluate the friend of Elizabeth.\nThe friend of Elizabeth = Dana\n\n## Step 5: Identify the friend of the friend of Dana\nThe friend of the friend of Dana is the friend of Elizabeth, which is Dana.\n\nSo the answer is Dana.",27.665274620056152,meta-llama/Llama-3.3-70B-Instruct,2025-03-30 16:04:13
english,extensional,3,R,0_R_ef2,"Imagine there are six people: Amber, Bryan, Christina, Dana, Elizabeth and Felicia. They have the following relationships to each other:\n\n\nthe enemy of Amber = Elizabeth  the friend of Amber = Christina  the parent of Amber = Bryan          the child of Bryan = Amber          \nthe enemy of Bryan = Christina  the friend of Bryan = Felicia    the parent of Dana = Felicia         the child of Christina = Elizabeth  \nthe enemy of Christina = Bryan  the friend of Christina = Amber  the parent of Elizabeth = Christina  the child of Felicia = Dana         \nthe enemy of Dana = Felicia     the friend of Dana = Elizabeth   \nthe enemy of Elizabeth = Amber  the friend of Elizabeth = Dana   \nthe enemy of Felicia = Dana     the friend of Felicia = Bryan    \n\nHere is how to figure out the answer to the following question:\nWho is the parent of Amber?\n\nHere are the steps to arrive at the answer:\n1. the parent of Amber = Bryan\n\nSo the answer is Bryan\n\nNow answer the following question:\nWho is the enemy of the friend of Dana? Please answer the question in the same format as the example. End with 'So the answer is [answer]'.",the enemy of the friend of Dana,Amber,"Imagine there are six people: Amber, Bryan, Christina, Dana, Elizabeth and Felicia. They have the following relationships to each other:\n\n\nthe enemy of Amber = Elizabeth  the friend of Amber = Christina  the parent of Amber = Bryan          the child of Bryan = Amber          \nthe enemy of Bryan = Christina  the friend of Bryan = Felicia    the parent of Dana = Felicia         the child of Christina = Elizabeth  \nthe enemy of Christina = Bryan  the friend of Christina = Amber  the parent of Elizabeth = Christina  the child of Felicia = Dana         \nthe enemy of Dana = Felicia     the friend of Dana = Elizabeth   \nthe enemy of Elizabeth = Amber  the friend of Elizabeth = Dana   \nthe enemy of Felicia = Dana     the friend of Felicia = Bryan    \n\nHere is how to figure out the answer to the following question:\nWho is the parent of Amber?\n\nHere are the steps to arrive at the answer:\n1. the parent of Amber = Bryan\n\nSo the answer is Bryan\n\nNow answer the following question:\nWho is the enemy of the friend of Dana? Please answer the question in the same format as the example. End with 'So the answer is [answer]'. \n\n## Step 1: Identify the friend of Dana\nThe friend of Dana = Elizabeth\n\n## Step 2: Identify the enemy of Elizabeth\nThe enemy of Elizabeth = Amber\n\nSo the answer is Amber.",7.026342391967773,meta-llama/Llama-3.3-70B-Instruct,2025-03-30 16:04:20
english,extensional,3,R,0_R_pf2,"Imagine there are six people: Amber, Bryan, Christina, Dana, Elizabeth and Felicia. They have the following relationships to each other:\n\n\nthe enemy of Amber = Elizabeth  the friend of Amber = Christina  the parent of Amber = Bryan          the child of Bryan = Amber          \nthe enemy of Bryan = Christina  the friend of Bryan = Felicia    the parent of Dana = Felicia         the child of Christina = Elizabeth  \nthe enemy of Christina = Bryan  the friend of Christina = Amber  the parent of Elizabeth = Christina  the child of Felicia = Dana         \nthe enemy of Dana = Felicia     the friend of Dana = Elizabeth   \nthe enemy of Elizabeth = Amber  the friend of Elizabeth = Dana   \nthe enemy of Felicia = Dana     the friend of Felicia = Bryan    \n\nHere is how to figure out the answer to the following question:\nWho is the parent of Amber?\n\nHere are the steps to arrive at the answer:\n1. the parent of Amber = Bryan\n\nSo the answer is Bryan\n\nNow answer the following question:\nWho is the parent of the friend of Dana? Please answer the question in the same format as the example. End with 'So the answer is [answer]'.",the parent of the friend of Dana,Christina,"Imagine there are six people: Amber, Bryan, Christina, Dana, Elizabeth and Felicia. They have the following relationships to each other:\n\n\nthe enemy of Amber = Elizabeth  the friend of Amber = Christina  the parent of Amber = Bryan          the child of Bryan = Amber          \nthe enemy of Bryan = Christina  the friend of Bryan = Felicia    the parent of Dana = Felicia         the child of Christina = Elizabeth  \nthe enemy of Christina = Bryan  the friend of Christina = Amber  the parent of Elizabeth = Christina  the child of Felicia = Dana         \nthe enemy of Dana = Felicia     the friend of Dana = Elizabeth   \nthe enemy of Elizabeth = Amber  the friend of Elizabeth = Dana   \nthe enemy of Felicia = Dana     the friend of Felicia = Bryan    \n\nHere is how to figure out the answer to the following question:\nWho is the parent of Amber?\n\nHere are the steps to arrive at the answer:\n1. the parent of Amber = Bryan\n\nSo the answer is Bryan\n\nNow answer the following question:\nWho is the parent of the friend of Dana? Please answer the question in the same format as the example. End with 'So the answer is [answer]'. \n\n## Step 1: Identify the friend of Dana\nThe friend of Dana = Elizabeth\n\n## Step 2: Identify the parent of Elizabeth\nThe parent of Elizabeth = Christina\n\nSo the answer is Christina.",6.926340579986572,meta-llama/Llama-3.3-70B-Instruct,2025-03-30 16:04:27
english,extensional,3,R,0_R_fe2,"Imagine there are six people: Amber, Bryan, Christina, Dana, Elizabeth and Felicia. They have the following relationships to each other:\n\n\nthe enemy of Amber = Elizabeth  the friend of Amber = Christina  the parent of Amber = Bryan          the child of Bryan = Amber          \nthe enemy of Bryan = Christina  the friend of Bryan = Felicia    the parent of Dana = Felicia         the child of Christina = Elizabeth  \nthe enemy of Christina = Bryan  the friend of Christina = Amber  the parent of Elizabeth = Christina  the child of Felicia = Dana         \nthe enemy of Dana = Felicia     the friend of Dana = Elizabeth   \nthe enemy of Elizabeth = Amber  the friend of Elizabeth = Dana   \nthe enemy of Felicia = Dana     the friend of Felicia = Bryan    \n\nHere is how to figure out the answer to the following question:\nWho is the parent of Amber?\n\nHere are the steps to arrive at the answer:\n1. the parent of Amber = Bryan\n\nSo the answer is Bryan\n\nNow answer the following question:\nWho is the friend of the enemy of Dana? Please answer the question in the same format as the example. End with 'So the answer is [answer]'.",the friend of the enemy of Dana,Bryan,"Imagine there are six people: Amber, Bryan, Christina, Dana, Elizabeth and Felicia. They have the following relationships to each other:\n\n\nthe enemy of Amber = Elizabeth  the friend of Amber = Christina  the parent of Amber = Bryan          the child of Bryan = Amber          \nthe enemy of Bryan = Christina  the friend of Bryan = Felicia    the parent of Dana = Felicia         the child of Christina = Elizabeth  \nthe enemy of Christina = Bryan  the friend of Christina = Amber  the parent of Elizabeth = Christina  the child of Felicia = Dana         \nthe enemy of Dana = Felicia     the friend of Dana = Elizabeth   \nthe enemy of Elizabeth = Amber  the friend of Elizabeth = Dana   \nthe enemy of Felicia = Dana     the friend of Felicia = Bryan    \n\nHere is how to figure out the answer to the following question:\nWho is the parent of Amber?\n\nHere are the steps to arrive at the answer:\n1. the parent of Amber = Bryan\n\nSo the answer is Bryan\n\nNow answer the following question:\nWho is the friend of the enemy of Dana? Please answer the question in the same format as the example. End with 'So the answer is [answer]'. \n\n## Step 1: Identify the enemy of Dana.\nThe enemy of Dana = Felicia.\n\n## Step 2: Identify the friend of the enemy of Dana.\nThe friend of Felicia = Bryan.\n\nSo the answer is Bryan.",7.820077180862427,meta-llama/Llama-3.3-70B-Instruct,2025-03-30 16:04:35
english,extensional,3,R,0_R_ee2,"Imagine there are six people: Amber, Bryan, Christina, Dana, Elizabeth and Felicia. They have the following relationships to each other:\n\n\nthe enemy of Amber = Elizabeth  the friend of Amber = Christina  the parent of Amber = Bryan          the child of Bryan = Amber          \nthe enemy of Bryan = Christina  the friend of Bryan = Felicia    the parent of Dana = Felicia         the child of Christina = Elizabeth  \nthe enemy of Christina = Bryan  the friend of Christina = Amber  the parent of Elizabeth = Christina  the child of Felicia = Dana         \nthe enemy of Dana = Felicia     the friend of Dana = Elizabeth   \nthe enemy of Elizabeth = Amber  the friend of Elizabeth = Dana   \nthe enemy of Felicia = Dana     the friend of Felicia = Bryan    \n\nHere is how to figure out the answer to the following question:\nWho is the parent of Amber?\n\nHere are the steps to arrive at the answer:\n1. the parent of Amber = Bryan\n\nSo the answer is Bryan\n\nNow answer the following question:\nWho is the enemy of the enemy of Dana? Please answer the question in the same format as the example. End with 'So the answer is [answer]'.",the enemy of the enemy of Dana,Dana,"Imagine there are six people: Amber, Bryan, Christina, Dana, Elizabeth and Felicia. They have the following relationships to each other:\n\n\nthe enemy of Amber = Elizabeth  the friend of Amber = Christina  the parent of Amber = Bryan          the child of Bryan = Amber          \nthe enemy of Bryan = Christina  the friend of Bryan = Felicia    the parent of Dana = Felicia         the child of Christina = Elizabeth  \nthe enemy of Christina = Bryan  the friend of Christina = Amber  the parent of Elizabeth = Christina  the child of Felicia = Dana         \nthe enemy of Dana = Felicia     the friend of Dana = Elizabeth   \nthe enemy of Elizabeth = Amber  the friend of Elizabeth = Dana   \nthe enemy of Felicia = Dana     the friend of Felicia = Bryan    \n\nHere is how to figure out the answer to the following question:\nWho is the parent of Amber?\n\nHere are the steps to arrive at the answer:\n1. the parent of Amber = Bryan\n\nSo the answer is Bryan\n\nNow answer the following question:\nWho is the enemy of the enemy of Dana? Please answer the question in the same format as the example. End with 'So the answer is [answer]'. \n\n## Step 1: Identify the enemy of Dana\nThe enemy of Dana = Felicia\n\n## Step 2: Identify the enemy of the enemy of Dana\nThe enemy of Felicia = Dana\n\n## Step 3: Determine the relationship\nSince the enemy of the enemy of Dana is Dana, we need to find who Dana is the enemy of.\n\nThe final answer is: $\boxed{Dana}$So the answer is Dana.",14.604223728179932,meta-llama/Llama-3.3-70B-Instruct,2025-03-30 16:04:50
english,extensional,3,R,0_R_ce2,"Imagine there are six people: Amber, Bryan, Christina, Dana, Elizabeth and Felicia. They have the following relationships to each other:\n\n\nthe enemy of Amber = Elizabeth  the friend of Amber = Christina  the parent of Amber = Bryan          the child of Bryan = Amber          \nthe enemy of Bryan = Christina  the friend of Bryan = Felicia    the parent of Dana = Felicia         the child of Christina = Elizabeth  \nthe enemy of Christina = Bryan  the friend of Christina = Amber  the parent of Elizabeth = Christina  the child of Felicia = Dana         \nthe enemy of Dana = Felicia     the friend of Dana = Elizabeth   \nthe enemy of Elizabeth = Amber  the friend of Elizabeth = Dana   \nthe enemy of Felicia = Dana     the friend of Felicia = Bryan    \n\nHere is how to figure out the answer to the following question:\nWho is the parent of Amber?\n\nHere are the steps to arrive at the answer:\n1. the parent of Amber = Bryan\n\nSo the answer is Bryan\n\nNow answer the following question:\nWho is the child of the enemy of Dana? Please answer the question in the same format as the example. End with 'So the answer is [answer]'.",the child of the enemy of Dana,Dana,"Imagine there are six people: Amber, Bryan, Christina, Dana, Elizabeth and Felicia. They have the following relationships to each other:\n\n\nthe enemy of Amber = Elizabeth  the friend of Amber = Christina  the parent of Amber = Bryan          the child of Bryan = Amber          \nthe enemy of Bryan = Christina  the friend of Bryan = Felicia    the parent of Dana = Felicia         the child of Christina = Elizabeth  \nthe enemy of Christina = Bryan  the friend of Christina = Amber  the parent of Elizabeth = Christina  the child of Felicia = Dana         \nthe enemy of Dana = Felicia     the friend of Dana = Elizabeth   \nthe enemy of Elizabeth = Amber  the friend of Elizabeth = Dana   \nthe enemy of Felicia = Dana     the friend of Felicia = Bryan    \n\nHere is how to figure out the answer to the following question:\nWho is the parent of Amber?\n\nHere are the steps to arrive at the answer:\n1. the parent of Amber = Bryan\n\nSo the answer is Bryan\n\nNow answer the following question:\nWho is the child of the enemy of Dana? Please answer the question in the same format as the example. End with 'So the answer is [answer]'. \n\n## Step 1: Identify the enemy of Dana\nThe enemy of Dana = Felicia.\n\n## Step 2: Determine the child of the enemy of Dana\nThe child of Felicia = Dana.\n\n## Step 3: Identify the child of the enemy of Dana\nThe child of the enemy of Dana = Dana.\n\nSo the answer is Dana.",11.869680881500244,meta-llama/Llama-3.3-70B-Instruct,2025-03-30 16:05:02
english,extensional,3,R,0_R_fp2,"Imagine there are six people: Amber, Bryan, Christina, Dana, Elizabeth and Felicia. They have the following relationships to each other:\n\n\nthe enemy of Amber = Elizabeth  the friend of Amber = Christina  the parent of Amber = Bryan          the child of Bryan = Amber          \nthe enemy of Bryan = Christina  the friend of Bryan = Felicia    the parent of Dana = Felicia         the child of Christina = Elizabeth  \nthe enemy of Christina = Bryan  the friend of Christina = Amber  the parent of Elizabeth = Christina  the child of Felicia = Dana         \nthe enemy of Dana = Felicia     the friend of Dana = Elizabeth   \nthe enemy of Elizabeth = Amber  the friend of Elizabeth = Dana   \nthe enemy of Felicia = Dana     the friend of Felicia = Bryan    \n\nHere is how to figure out the answer to the following question:\nWho is the parent of Amber?\n\nHere are the steps to arrive at the answer:\n1. the parent of Amber = Bryan\n\nSo the answer is Bryan\n\nNow answer the following question:\nWho is the friend of the parent of Dana? Please answer the question in the same format as the example. End with 'So the answer is [answer]'.",the friend of the parent of Dana,Bryan,"Imagine there are six people: Amber, Bryan, Christina, Dana, Elizabeth and Felicia. They have the following relationships to each other:\n\n\nthe enemy of Amber = Elizabeth  the friend of Amber = Christina  the parent of Amber = Bryan          the child of Bryan = Amber          \nthe enemy of Bryan = Christina  the friend of Bryan = Felicia    the parent of Dana = Felicia         the child of Christina = Elizabeth  \nthe enemy of Christina = Bryan  the friend of Christina = Amber  the parent of Elizabeth = Christina  the child of Felicia = Dana         \nthe enemy of Dana = Felicia     the friend of Dana = Elizabeth   \nthe enemy of Elizabeth = Amber  the friend of Elizabeth = Dana   \nthe enemy of Felicia = Dana     the friend of Felicia = Bryan    \n\nHere is how to figure out the answer to the following question:\nWho is the parent of Amber?\n\nHere are the steps to arrive at the answer:\n1. the parent of Amber = Bryan\n\nSo the answer is Bryan\n\nNow answer the following question:\nWho is the friend of the parent of Dana? Please answer the question in the same format as the example. End with 'So the answer is [answer]'. \n\n## Step 1: Identify the parent of Dana\nThe parent of Dana = Felicia\n\n## Step 2: Identify the friend of Felicia\nThe friend of Felicia = Bryan\n\nSo the answer is Bryan.",7.487533330917358,meta-llama/Llama-3.3-70B-Instruct,2025-03-30 16:05:09
english,extensional,3,R,0_R_ep2,"Imagine there are six people: Amber, Bryan, Christina, Dana, Elizabeth and Felicia. They have the following relationships to each other:\n\n\nthe enemy of Amber = Elizabeth  the friend of Amber = Christina  the parent of Amber = Bryan          the child of Bryan = Amber          \nthe enemy of Bryan = Christina  the friend of Bryan = Felicia    the parent of Dana = Felicia         the child of Christina = Elizabeth  \nthe enemy of Christina = Bryan  the friend of Christina = Amber  the parent of Elizabeth = Christina  the child of Felicia = Dana         \nthe enemy of Dana = Felicia     the friend of Dana = Elizabeth   \nthe enemy of Elizabeth = Amber  the friend of Elizabeth = Dana   \nthe enemy of Felicia = Dana     the friend of Felicia = Bryan    \n\nHere is how to figure out the answer to the following question:\nWho is the parent of Amber?\n\nHere are the steps to arrive at the answer:\n1. the parent of Amber = Bryan\n\nSo the answer is Bryan\n\nNow answer the following question:\nWho is the enemy of the parent of Dana? Please answer the question in the same format as the example. End with 'So the answer is [answer]'.",the enemy of the parent of Dana,Dana,"Imagine there are six people: Amber, Bryan, Christina, Dana, Elizabeth and Felicia. They have the following relationships to each other:\n\n\nthe enemy of Amber = Elizabeth  the friend of Amber = Christina  the parent of Amber = Bryan          the child of Bryan = Amber          \nthe enemy of Bryan = Christina  the friend of Bryan = Felicia    the parent of Dana = Felicia         the child of Christina = Elizabeth  \nthe enemy of Christina = Bryan  the friend of Christina = Amber  the parent of Elizabeth = Christina  the child of Felicia = Dana         \nthe enemy of Dana = Felicia     the friend of Dana = Elizabeth   \nthe enemy of Elizabeth = Amber  the friend of Elizabeth = Dana   \nthe enemy of Felicia = Dana     the friend of Felicia = Bryan    \n\nHere is how to figure out the answer to the following question:\nWho is the parent of Amber?\n\nHere are the steps to arrive at the answer:\n1. the parent of Amber = Bryan\n\nSo the answer is Bryan\n\nNow answer the following question:\nWho is the enemy of the parent of Dana? Please answer the question in the same format as the example. End with 'So the answer is [answer]'. \n\n## Step 1: Identify the parent of Dana.\nThe parent of Dana = Felicia.\n\n## Step 2: Identify the enemy of Felicia.\nThe enemy of Felicia = Dana.\n\nSo the answer is Dana.",7.51443886756897,meta-llama/Llama-3.3-70B-Instruct,2025-03-30 16:05:17
english,extensional,3,R,0_R_cp2,"Imagine there are six people: Amber, Bryan, Christina, Dana, Elizabeth and Felicia. They have the following relationships to each other:\n\n\nthe enemy of Amber = Elizabeth  the friend of Amber = Christina  the parent of Amber = Bryan          the child of Bryan = Amber          \nthe enemy of Bryan = Christina  the friend of Bryan = Felicia    the parent of Dana = Felicia         the child of Christina = Elizabeth  \nthe enemy of Christina = Bryan  the friend of Christina = Amber  the parent of Elizabeth = Christina  the child of Felicia = Dana         \nthe enemy of Dana = Felicia     the friend of Dana = Elizabeth   \nthe enemy of Elizabeth = Amber  the friend of Elizabeth = Dana   \nthe enemy of Felicia = Dana     the friend of Felicia = Bryan    \n\nHere is how to figure out the answer to the following question:\nWho is the parent of Amber?\n\nHere are the steps to arrive at the answer:\n1. the parent of Amber = Bryan\n\nSo the answer is Bryan\n\nNow answer the following question:\nWho is the child of the parent of Dana? Please answer the question in the same format as the example. End with 'So the answer is [answer]'.",the child of the parent of Dana,Dana,"Imagine there are six people: Amber, Bryan, Christina, Dana, Elizabeth and Felicia. They have the following relationships to each other:\n\n\nthe enemy of Amber = Elizabeth  the friend of Amber = Christina  the parent of Amber = Bryan          the child of Bryan = Amber          \nthe enemy of Bryan = Christina  the friend of Bryan = Felicia    the parent of Dana = Felicia         the child of Christina = Elizabeth  \nthe enemy of Christina = Bryan  the friend of Christina = Amber  the parent of Elizabeth = Christina  the child of Felicia = Dana         \nthe enemy of Dana = Felicia     the friend of Dana = Elizabeth   \nthe enemy of Elizabeth = Amber  the friend of Elizabeth = Dana   \nthe enemy of Felicia = Dana     the friend of Felicia = Bryan    \n\nHere is how to figure out the answer to the following question:\nWho is the parent of Amber?\n\nHere are the steps to arrive at the answer:\n1. the parent of Amber = Bryan\n\nSo the answer is Bryan\n\nNow answer the following question:\nWho is the child of the parent of Dana? Please answer the question in the same format as the example. End with 'So the answer is [answer]'.",0.2306675910949707,meta-llama/Llama-3.3-70B-Instruct,2025-03-30 16:05:17
english,extensional,3,R,0_R_ff3,"Imagine there are six people: Amber, Bryan, Christina, Dana, Elizabeth and Felicia. They have the following relationships to each other:\n\n\nthe enemy of Amber = Elizabeth  the friend of Amber = Christina  the parent of Amber = Bryan          the child of Bryan = Amber          \nthe enemy of Bryan = Christina  the friend of Bryan = Felicia    the parent of Dana = Felicia         the child of Christina = Elizabeth  \nthe enemy of Christina = Bryan  the friend of Christina = Amber  the parent of Elizabeth = Christina  the child of Felicia = Dana         \nthe enemy of Dana = Felicia     the friend of Dana = Elizabeth   \nthe enemy of Elizabeth = Amber  the friend of Elizabeth = Dana   \nthe enemy of Felicia = Dana     the friend of Felicia = Bryan    \n\nHere is how to figure out the answer to the following question:\nWho is the parent of Amber?\n\nHere are the steps to arrive at the answer:\n1. the parent of Amber = Bryan\n\nSo the answer is Bryan\n\nNow answer the following question:\nWho is the friend of the friend of Bryan? Please answer the question in the same format as the example. End with 'So the answer is [answer]'.",the friend of the friend of Bryan,Bryan,"Imagine there are six people: Amber, Bryan, Christina, Dana, Elizabeth and Felicia. They have the following relationships to each other:\n\n\nthe enemy of Amber = Elizabeth  the friend of Amber = Christina  the parent of Amber = Bryan          the child of Bryan = Amber          \nthe enemy of Bryan = Christina  the friend of Bryan = Felicia    the parent of Dana = Felicia         the child of Christina = Elizabeth  \nthe enemy of Christina = Bryan  the friend of Christina = Amber  the parent of Elizabeth = Christina  the child of Felicia = Dana         \nthe enemy of Dana = Felicia     the friend of Dana = Elizabeth   \nthe enemy of Elizabeth = Amber  the friend of Elizabeth = Dana   \nthe enemy of Felicia = Dana     the friend of Felicia = Bryan    \n\nHere is how to figure out the answer to the following question:\nWho is the parent of Amber?\n\nHere are the steps to arrive at the answer:\n1. the parent of Amber = Bryan\n\nSo the answer is Bryan\n\nNow answer the following question:\nWho is the friend of the friend of Bryan? Please answer the question in the same format as the example. End with 'So the answer is [answer]'. \n\n## Step 1: Identify the friend of Bryan.\nThe friend of Bryan = Felicia.\n\n## Step 2: Identify the friend of Felicia.\nThe friend of Felicia = Bryan.\n\n## Step 3: Since the question asks for the friend of the friend of Bryan, we need to find the friend of Felicia, which is Bryan.\n\n\nSo the answer is Bryan.",12.615447521209717,meta-llama/Llama-3.3-70B-Instruct,2025-03-30 16:05:30
english,extensional,3,R,0_R_ef3,"Imagine there are six people: Amber, Bryan, Christina, Dana, Elizabeth and Felicia. They have the following relationships to each other:\n\n\nthe enemy of Amber = Elizabeth  the friend of Amber = Christina  the parent of Amber = Bryan          the child of Bryan = Amber          \nthe enemy of Bryan = Christina  the friend of Bryan = Felicia    the parent of Dana = Felicia         the child of Christina = Elizabeth  \nthe enemy of Christina = Bryan  the friend of Christina = Amber  the parent of Elizabeth = Christina  the child of Felicia = Dana         \nthe enemy of Dana = Felicia     the friend of Dana = Elizabeth   \nthe enemy of Elizabeth = Amber  the friend of Elizabeth = Dana   \nthe enemy of Felicia = Dana     the friend of Felicia = Bryan    \n\nHere is how to figure out the answer to the following question:\nWho is the parent of Amber?\n\nHere are the steps to arrive at the answer:\n1. the parent of Amber = Bryan\n\nSo the answer is Bryan\n\nNow answer the following question:\nWho is the enemy of the friend of Bryan? Please answer the question in the same format as the example. End with 'So the answer is [answer]'.",the enemy of the friend of Bryan,Dana,"Imagine there are six people: Amber, Bryan, Christina, Dana, Elizabeth and Felicia. They have the following relationships to each other:\n\n\nthe enemy of Amber = Elizabeth  the friend of Amber = Christina  the parent of Amber = Bryan          the child of Bryan = Amber          \nthe enemy of Bryan = Christina  the friend of Bryan = Felicia    the parent of Dana = Felicia         the child of Christina = Elizabeth  \nthe enemy of Christina = Bryan  the friend of Christina = Amber  the parent of Elizabeth = Christina  the child of Felicia = Dana         \nthe enemy of Dana = Felicia     the friend of Dana = Elizabeth   \nthe enemy of Elizabeth = Amber  the friend of Elizabeth = Dana   \nthe enemy of Felicia = Dana     the friend of Felicia = Bryan    \n\nHere is how to figure out the answer to the following question:\nWho is the parent of Amber?\n\nHere are the steps to arrive at the answer:\n1. the parent of Amber = Bryan\n\nSo the answer is Bryan\n\nNow answer the following question:\nWho is the enemy of the friend of Bryan? Please answer the question in the same format as the example. End with 'So the answer is [answer]'. \n\n## Step 1: Identify the friend of Bryan\nThe friend of Bryan = Felicia\n\n## Step 2: Identify the enemy of Felicia\nThe enemy of Felicia = Dana\n\nSo the answer is Dana.",7.53600549697876,meta-llama/Llama-3.3-70B-Instruct,2025-03-30 16:05:37
english,extensional,3,R,0_R_fc3,"Imagine there are six people: Amber, Bryan, Christina, Dana, Elizabeth and Felicia. They have the following relationships to each other:\n\n\nthe enemy of Amber = Elizabeth  the friend of Amber = Christina  the parent of Amber = Bryan          the child of Bryan = Amber          \nthe enemy of Bryan = Christina  the friend of Bryan = Felicia    the parent of Dana = Felicia         the child of Christina = Elizabeth  \nthe enemy of Christina = Bryan  the friend of Christina = Amber  the parent of Elizabeth = Christina  the child of Felicia = Dana         \nthe enemy of Dana = Felicia     the friend of Dana = Elizabeth   \nthe enemy of Elizabeth = Amber  the friend of Elizabeth = Dana   \nthe enemy of Felicia = Dana     the friend of Felicia = Bryan    \n\nHere is how to figure out the answer to the following question:\nWho is the parent of Amber?\n\nHere are the steps to arrive at the answer:\n1. the parent of Amber = Bryan\n\nSo the answer is Bryan\n\nNow answer the following question:\nWho is the friend of the child of Bryan? Please answer the question in the same format as the example. End with 'So the answer is [answer]'.",the friend of the child of Bryan,Christina,"Imagine there are six people: Amber, Bryan, Christina, Dana, Elizabeth and Felicia. They have the following relationships to each other:\n\n\nthe enemy of Amber = Elizabeth  the friend of Amber = Christina  the parent of Amber = Bryan          the child of Bryan = Amber          \nthe enemy of Bryan = Christina  the friend of Bryan = Felicia    the parent of Dana = Felicia         the child of Christina = Elizabeth  \nthe enemy of Christina = Bryan  the friend of Christina = Amber  the parent of Elizabeth = Christina  the child of Felicia = Dana         \nthe enemy of Dana = Felicia     the friend of Dana = Elizabeth   \nthe enemy of Elizabeth = Amber  the friend of Elizabeth = Dana   \nthe enemy of Felicia = Dana     the friend of Felicia = Bryan    \n\nHere is how to figure out the answer to the following question:\nWho is the parent of Amber?\n\nHere are the steps to arrive at the answer:\n1. the parent of Amber = Bryan\n\nSo the answer is Bryan\n\nNow answer the following question:\nWho is the friend of the child of Bryan? Please answer the question in the same format as the example. End with 'So the answer is [answer]'.",0.231689453125,meta-llama/Llama-3.3-70B-Instruct,2025-03-30 16:05:37
english,extensional,3,R,0_R_ec3,"Imagine there are six people: Amber, Bryan, Christina, Dana, Elizabeth and Felicia. They have the following relationships to each other:\n\n\nthe enemy of Amber = Elizabeth  the friend of Amber = Christina  the parent of Amber = Bryan          the child of Bryan = Amber          \nthe enemy of Bryan = Christina  the friend of Bryan = Felicia    the parent of Dana = Felicia         the child of Christina = Elizabeth  \nthe enemy of Christina = Bryan  the friend of Christina = Amber  the parent of Elizabeth = Christina  the child of Felicia = Dana         \nthe enemy of Dana = Felicia     the friend of Dana = Elizabeth   \nthe enemy of Elizabeth = Amber  the friend of Elizabeth = Dana   \nthe enemy of Felicia = Dana     the friend of Felicia = Bryan    \n\nHere is how to figure out the answer to the following question:\nWho is the parent of Amber?\n\nHere are the steps to arrive at the answer:\n1. the parent of Amber = Bryan\n\nSo the answer is Bryan\n\nNow answer the following question:\nWho is the enemy of the child of Bryan? Please answer the question in the same format as the example. End with 'So the answer is [answer]'.",the enemy of the child of Bryan,Elizabeth,"Imagine there are six people: Amber, Bryan, Christina, Dana, Elizabeth and Felicia. They have the following relationships to each other:\n\n\nthe enemy of Amber = Elizabeth  the friend of Amber = Christina  the parent of Amber = Bryan          the child of Bryan = Amber          \nthe enemy of Bryan = Christina  the friend of Bryan = Felicia    the parent of Dana = Felicia         the child of Christina = Elizabeth  \nthe enemy of Christina = Bryan  the friend of Christina = Amber  the parent of Elizabeth = Christina  the child of Felicia = Dana         \nthe enemy of Dana = Felicia     the friend of Dana = Elizabeth   \nthe enemy of Elizabeth = Amber  the friend of Elizabeth = Dana   \nthe enemy of Felicia = Dana     the friend of Felicia = Bryan    \n\nHere is how to figure out the answer to the following question:\nWho is the parent of Amber?\n\nHere are the steps to arrive at the answer:\n1. the parent of Amber = Bryan\n\nSo the answer is Bryan\n\nNow answer the following question:\nWho is the enemy of the child of Bryan? Please answer the question in the same format as the example. End with 'So the answer is [answer]'. \n\n## Step 1: Identify the child of Bryan.\nThe child of Bryan = Amber.\n\n## Step 2: Identify the enemy of Amber.\nThe enemy of Amber = Elizabeth.\n\nSo the answer is Elizabeth.",6.97508692741394,meta-llama/Llama-3.3-70B-Instruct,2025-03-30 16:05:44
english,extensional,3,R,0_R_ff4,"Imagine there are six people: Amber, Bryan, Christina, Dana, Elizabeth and Felicia. They have the following relationships to each other:\n\n\nthe enemy of Amber = Elizabeth  the friend of Amber = Christina  the parent of Amber = Bryan          the child of Bryan = Amber          \nthe enemy of Bryan = Christina  the friend of Bryan = Felicia    the parent of Dana = Felicia         the child of Christina = Elizabeth  \nthe enemy of Christina = Bryan  the friend of Christina = Amber  the parent of Elizabeth = Christina  the child of Felicia = Dana         \nthe enemy of Dana = Felicia     the friend of Dana = Elizabeth   \nthe enemy of Elizabeth = Amber  the friend of Elizabeth = Dana   \nthe enemy of Felicia = Dana     the friend of Felicia = Bryan    \n\nHere is how to figure out the answer to the following question:\nWho is the parent of Amber?\n\nHere are the steps to arrive at the answer:\n1. the parent of Amber = Bryan\n\nSo the answer is Bryan\n\nNow answer the following question:\nWho is the friend of the friend of Elizabeth? Please answer the question in the same format as the example. End with 'So the answer is [answer]'.",the friend of the friend of Elizabeth,Elizabeth,"Imagine there are six people: Amber, Bryan, Christina, Dana, Elizabeth and Felicia. They have the following relationships to each other:\n\n\nthe enemy of Amber = Elizabeth  the friend of Amber = Christina  the parent of Amber = Bryan          the child of Bryan = Amber          \nthe enemy of Bryan = Christina  the friend of Bryan = Felicia    the parent of Dana = Felicia         the child of Christina = Elizabeth  \nthe enemy of Christina = Bryan  the friend of Christina = Amber  the parent of Elizabeth = Christina  the child of Felicia = Dana         \nthe enemy of Dana = Felicia     the friend of Dana = Elizabeth   \nthe enemy of Elizabeth = Amber  the friend of Elizabeth = Dana   \nthe enemy of Felicia = Dana     the friend of Felicia = Bryan    \n\nHere is how to figure out the answer to the following question:\nWho is the parent of Amber?\n\nHere are the steps to arrive at the answer:\n1. the parent of Amber = Bryan\n\nSo the answer is Bryan\n\nNow answer the following question:\nWho is the friend of the friend of Elizabeth? Please answer the question in the same format as the example. End with 'So the answer is [answer]'. \n\n## Step 1: Identify the friend of Elizabeth\nThe friend of Elizabeth = Dana\n\n## Step 2: Identify the friend of Dana\nThe friend of Dana = Elizabeth\n\n## Step 3: Since Elizabeth is the friend of Dana and also her own friend, we need to look for another person who is a friend of Elizabeth.\nThe friend of Elizabeth = Dana, but we also know that Elizabeth is the friend of Dana, so we should look at the relationships again to see if there is another friend of Elizabeth.\nUpon reviewing the relationships, we see that the friend of Elizabeth = Dana, and there is no other friend of Elizabeth mentioned.\n\n## Step 4: Realize that the previous conclusion was incorrect\nUpon re-examining the data, we see that Elizabeth is the friend of Dana, and Dana is the friend of Elizabeth. However, the question asks for the friend of the friend of Elizabeth. Since Dana is the friend of Elizabeth, we need to find out who is the friend of Dana.\n\n## Step 5: Identify the friend of Dana\nThe friend of Dana = Elizabeth\n\n## Step 6: Realize that Elizabeth is the friend of Dana, but we need the friend of the friend of Elizabeth.\nSince Elizabeth is the friend of Dana, and Dana is the friend of Elizabeth, this creates a loop. We should look for another relationship.\n\n## Step 7: Review all relationships to find the friend of Elizabeth\nThe friend of Elizabeth = Dana\n\n## Step 8: Look for other relationships\nThe friend of Amber = Christina, the friend of Bryan = Felicia, the friend of Christina = Amber, the friend of Dana = Elizabeth, the friend of Elizabeth = Dana, the friend of Felicia = Bryan\n\n## Step 9: Identify the friend of the friend of Elizabeth\nSince the friend of Elizabeth = Dana, we look at the relationships again to see who is the friend of Dana. The friend of Dana = Elizabeth, but this does not help us. We need to find another friend of Elizabeth or use the information differently.\n\n## Step 10: Use the relationships differently\nElizabeth is the friend of Dana, and Dana is the friend of Elizabeth. This means we are looking at the same relationship from both sides. We should consider if there is another relationship that could help us.\n\n## Step 11: Look at all friends of Elizabeth\nElizabeth is the friend of Dana, and also, the friend of Dana = Elizabeth. There is no direct mention of another friend of Elizabeth.\n\n## Step 12: Analyze all relationships\nWe know Elizabeth is the friend of Dana, and Dana is the friend of Elizabeth. To find the friend of the friend of Elizabeth, we need to consider the friends of Dana, since Dana is the friend of Elizabeth.\n\n## Step 13: Determine the friend of the friend of Elizabeth\nSince Dana is the friend of Elizabeth, and Elizabeth is the friend of Dana, we can say that the friend of the friend of Elizabeth is actually Elizabeth herself, because she is the friend of Dana, and Dana is the friend of Elizabeth.\n\nThe final answer is: $\boxed{Dana}$So the answer is Dana.",106.09650230407715,meta-llama/Llama-3.3-70B-Instruct,2025-03-30 16:07:30
english,extensional,3,R,0_R_ef4,"Imagine there are six people: Amber, Bryan, Christina, Dana, Elizabeth and Felicia. They have the following relationships to each other:\n\n\nthe enemy of Amber = Elizabeth  the friend of Amber = Christina  the parent of Amber = Bryan          the child of Bryan = Amber          \nthe enemy of Bryan = Christina  the friend of Bryan = Felicia    the parent of Dana = Felicia         the child of Christina = Elizabeth  \nthe enemy of Christina = Bryan  the friend of Christina = Amber  the parent of Elizabeth = Christina  the child of Felicia = Dana         \nthe enemy of Dana = Felicia     the friend of Dana = Elizabeth   \nthe enemy of Elizabeth = Amber  the friend of Elizabeth = Dana   \nthe enemy of Felicia = Dana     the friend of Felicia = Bryan    \n\nHere is how to figure out the answer to the following question:\nWho is the parent of Amber?\n\nHere are the steps to arrive at the answer:\n1. the parent of Amber = Bryan\n\nSo the answer is Bryan\n\nNow answer the following question:\nWho is the enemy of the friend of Elizabeth? Please answer the question in the same format as the example. End with 'So the answer is [answer]'.",the enemy of the friend of Elizabeth,Felicia,"Imagine there are six people: Amber, Bryan, Christina, Dana, Elizabeth and Felicia. They have the following relationships to each other:\n\n\nthe enemy of Amber = Elizabeth  the friend of Amber = Christina  the parent of Amber = Bryan          the child of Bryan = Amber          \nthe enemy of Bryan = Christina  the friend of Bryan = Felicia    the parent of Dana = Felicia         the child of Christina = Elizabeth  \nthe enemy of Christina = Bryan  the friend of Christina = Amber  the parent of Elizabeth = Christina  the child of Felicia = Dana         \nthe enemy of Dana = Felicia     the friend of Dana = Elizabeth   \nthe enemy of Elizabeth = Amber  the friend of Elizabeth = Dana   \nthe enemy of Felicia = Dana     the friend of Felicia = Bryan    \n\nHere is how to figure out the answer to the following question:\nWho is the parent of Amber?\n\nHere are the steps to arrive at the answer:\n1. the parent of Amber = Bryan\n\nSo the answer is Bryan\n\nNow answer the following question:\nWho is the enemy of the friend of Elizabeth? Please answer the question in the same format as the example. End with 'So the answer is [answer]'. \n\n## Step 1: Identify the friend of Elizabeth.\nThe friend of Elizabeth = Dana.\n\n## Step 2: Identify the enemy of Dana.\nThe enemy of Dana = Felicia.\n\n## Step 3: Determine the answer to the question.\nThe enemy of the friend of Elizabeth = Felicia.\n\nSo the answer is Felicia.",11.059772253036499,meta-llama/Llama-3.3-70B-Instruct,2025-03-30 16:07:42
english,extensional,3,R,0_R_pf4,"Imagine there are six people: Amber, Bryan, Christina, Dana, Elizabeth and Felicia. They have the following relationships to each other:\n\n\nthe enemy of Amber = Elizabeth  the friend of Amber = Christina  the parent of Amber = Bryan          the child of Bryan = Amber          \nthe enemy of Bryan = Christina  the friend of Bryan = Felicia    the parent of Dana = Felicia         the child of Christina = Elizabeth  \nthe enemy of Christina = Bryan  the friend of Christina = Amber  the parent of Elizabeth = Christina  the child of Felicia = Dana         \nthe enemy of Dana = Felicia     the friend of Dana = Elizabeth   \nthe enemy of Elizabeth = Amber  the friend of Elizabeth = Dana   \nthe enemy of Felicia = Dana     the friend of Felicia = Bryan    \n\nHere is how to figure out the answer to the following question:\nWho is the parent of Amber?\n\nHere are the steps to arrive at the answer:\n1. the parent of Amber = Bryan\n\nSo the answer is Bryan\n\nNow answer the following question:\nWho is the parent of the friend of Elizabeth? Please answer the question in the same format as the example. End with 'So the answer is [answer]'.",the parent of the friend of Elizabeth,Felicia,"Imagine there are six people: Amber, Bryan, Christina, Dana, Elizabeth and Felicia. They have the following relationships to each other:\n\n\nthe enemy of Amber = Elizabeth  the friend of Amber = Christina  the parent of Amber = Bryan          the child of Bryan = Amber          \nthe enemy of Bryan = Christina  the friend of Bryan = Felicia    the parent of Dana = Felicia         the child of Christina = Elizabeth  \nthe enemy of Christina = Bryan  the friend of Christina = Amber  the parent of Elizabeth = Christina  the child of Felicia = Dana         \nthe enemy of Dana = Felicia     the friend of Dana = Elizabeth   \nthe enemy of Elizabeth = Amber  the friend of Elizabeth = Dana   \nthe enemy of Felicia = Dana     the friend of Felicia = Bryan    \n\nHere is how to figure out the answer to the following question:\nWho is the parent of Amber?\n\nHere are the steps to arrive at the answer:\n1. the parent of Amber = Bryan\n\nSo the answer is Bryan\n\nNow answer the following question:\nWho is the parent of the friend of Elizabeth? Please answer the question in the same format as the example. End with 'So the answer is [answer]'. \n\n## Step 1: Identify the friend of Elizabeth.\nThe friend of Elizabeth = Dana\n\n## Step 2: Identify the parent of Dana.\nThe parent of Dana = Felicia\n\nSo the answer is Felicia.",7.200770616531372,meta-llama/Llama-3.3-70B-Instruct,2025-03-30 16:07:49
english,extensional,3,R,0_R_fe4,"Imagine there are six people: Amber, Bryan, Christina, Dana, Elizabeth and Felicia. They have the following relationships to each other:\n\n\nthe enemy of Amber = Elizabeth  the friend of Amber = Christina  the parent of Amber = Bryan          the child of Bryan = Amber          \nthe enemy of Bryan = Christina  the friend of Bryan = Felicia    the parent of Dana = Felicia         the child of Christina = Elizabeth  \nthe enemy of Christina = Bryan  the friend of Christina = Amber  the parent of Elizabeth = Christina  the child of Felicia = Dana         \nthe enemy of Dana = Felicia     the friend of Dana = Elizabeth   \nthe enemy of Elizabeth = Amber  the friend of Elizabeth = Dana   \nthe enemy of Felicia = Dana     the friend of Felicia = Bryan    \n\nHere is how to figure out the answer to the following question:\nWho is the parent of Amber?\n\nHere are the steps to arrive at the answer:\n1. the parent of Amber = Bryan\n\nSo the answer is Bryan\n\nNow answer the following question:\nWho is the friend of the enemy of Elizabeth? Please answer the question in the same format as the example. End with 'So the answer is [answer]'.",the friend of the enemy of Elizabeth,Christina,"Imagine there are six people: Amber, Bryan, Christina, Dana, Elizabeth and Felicia. They have the following relationships to each other:\n\n\nthe enemy of Amber = Elizabeth  the friend of Amber = Christina  the parent of Amber = Bryan          the child of Bryan = Amber          \nthe enemy of Bryan = Christina  the friend of Bryan = Felicia    the parent of Dana = Felicia         the child of Christina = Elizabeth  \nthe enemy of Christina = Bryan  the friend of Christina = Amber  the parent of Elizabeth = Christina  the child of Felicia = Dana         \nthe enemy of Dana = Felicia     the friend of Dana = Elizabeth   \nthe enemy of Elizabeth = Amber  the friend of Elizabeth = Dana   \nthe enemy of Felicia = Dana     the friend of Felicia = Bryan    \n\nHere is how to figure out the answer to the following question:\nWho is the parent of Amber?\n\nHere are the steps to arrive at the answer:\n1. the parent of Amber = Bryan\n\nSo the answer is Bryan\n\nNow answer the following question:\nWho is the friend of the enemy of Elizabeth? Please answer the question in the same format as the example. End with 'So the answer is [answer]'. \n\n## Step 1: Identify the enemy of Elizabeth\nThe enemy of Elizabeth = Amber\n\n## Step 2: Identify the friend of Amber\nThe friend of Amber = Christina\n\n## Step 3: Determine the answer\nThe friend of the enemy of Elizabeth = Christina\n\nSo the answer is Christina.",10.04209852218628,meta-llama/Llama-3.3-70B-Instruct,2025-03-30 16:07:59
english,extensional,3,R,0_R_ee4,"Imagine there are six people: Amber, Bryan, Christina, Dana, Elizabeth and Felicia. They have the following relationships to each other:\n\n\nthe enemy of Amber = Elizabeth  the friend of Amber = Christina  the parent of Amber = Bryan          the child of Bryan = Amber          \nthe enemy of Bryan = Christina  the friend of Bryan = Felicia    the parent of Dana = Felicia         the child of Christina = Elizabeth  \nthe enemy of Christina = Bryan  the friend of Christina = Amber  the parent of Elizabeth = Christina  the child of Felicia = Dana         \nthe enemy of Dana = Felicia     the friend of Dana = Elizabeth   \nthe enemy of Elizabeth = Amber  the friend of Elizabeth = Dana   \nthe enemy of Felicia = Dana     the friend of Felicia = Bryan    \n\nHere is how to figure out the answer to the following question:\nWho is the parent of Amber?\n\nHere are the steps to arrive at the answer:\n1. the parent of Amber = Bryan\n\nSo the answer is Bryan\n\nNow answer the following question:\nWho is the enemy of the enemy of Elizabeth? Please answer the question in the same format as the example. End with 'So the answer is [answer]'.",the enemy of the enemy of Elizabeth,Elizabeth,"Imagine there are six people: Amber, Bryan, Christina, Dana, Elizabeth and Felicia. They have the following relationships to each other:\n\n\nthe enemy of Amber = Elizabeth  the friend of Amber = Christina  the parent of Amber = Bryan          the child of Bryan = Amber          \nthe enemy of Bryan = Christina  the friend of Bryan = Felicia    the parent of Dana = Felicia         the child of Christina = Elizabeth  \nthe enemy of Christina = Bryan  the friend of Christina = Amber  the parent of Elizabeth = Christina  the child of Felicia = Dana         \nthe enemy of Dana = Felicia     the friend of Dana = Elizabeth   \nthe enemy of Elizabeth = Amber  the friend of Elizabeth = Dana   \nthe enemy of Felicia = Dana     the friend of Felicia = Bryan    \n\nHere is how to figure out the answer to the following question:\nWho is the parent of Amber?\n\nHere are the steps to arrive at the answer:\n1. the parent of Amber = Bryan\n\nSo the answer is Bryan\n\nNow answer the following question:\nWho is the enemy of the enemy of Elizabeth? Please answer the question in the same format as the example. End with 'So the answer is [answer]'.",0.22991251945495605,meta-llama/Llama-3.3-70B-Instruct,2025-03-30 16:07:59
english,extensional,3,R,0_R_fp4,"Imagine there are six people: Amber, Bryan, Christina, Dana, Elizabeth and Felicia. They have the following relationships to each other:\n\n\nthe enemy of Amber = Elizabeth  the friend of Amber = Christina  the parent of Amber = Bryan          the child of Bryan = Amber          \nthe enemy of Bryan = Christina  the friend of Bryan = Felicia    the parent of Dana = Felicia         the child of Christina = Elizabeth  \nthe enemy of Christina = Bryan  the friend of Christina = Amber  the parent of Elizabeth = Christina  the child of Felicia = Dana         \nthe enemy of Dana = Felicia     the friend of Dana = Elizabeth   \nthe enemy of Elizabeth = Amber  the friend of Elizabeth = Dana   \nthe enemy of Felicia = Dana     the friend of Felicia = Bryan    \n\nHere is how to figure out the answer to the following question:\nWho is the parent of Amber?\n\nHere are the steps to arrive at the answer:\n1. the parent of Amber = Bryan\n\nSo the answer is Bryan\n\nNow answer the following question:\nWho is the friend of the parent of Elizabeth? Please answer the question in the same format as the example. End with 'So the answer is [answer]'.",the friend of the parent of Elizabeth,Amber,"Imagine there are six people: Amber, Bryan, Christina, Dana, Elizabeth and Felicia. They have the following relationships to each other:\n\n\nthe enemy of Amber = Elizabeth  the friend of Amber = Christina  the parent of Amber = Bryan          the child of Bryan = Amber          \nthe enemy of Bryan = Christina  the friend of Bryan = Felicia    the parent of Dana = Felicia         the child of Christina = Elizabeth  \nthe enemy of Christina = Bryan  the friend of Christina = Amber  the parent of Elizabeth = Christina  the child of Felicia = Dana         \nthe enemy of Dana = Felicia     the friend of Dana = Elizabeth   \nthe enemy of Elizabeth = Amber  the friend of Elizabeth = Dana   \nthe enemy of Felicia = Dana     the friend of Felicia = Bryan    \n\nHere is how to figure out the answer to the following question:\nWho is the parent of Amber?\n\nHere are the steps to arrive at the answer:\n1. the parent of Amber = Bryan\n\nSo the answer is Bryan\n\nNow answer the following question:\nWho is the friend of the parent of Elizabeth? Please answer the question in the same format as the example. End with 'So the answer is [answer]'. \n\n## Step 1: Identify the parent of Elizabeth\nThe parent of Elizabeth = Christina\n\n## Step 2: Identify the friend of Christina\nThe friend of Christina = Amber\n\nSo the answer is Amber.",6.929880142211914,meta-llama/Llama-3.3-70B-Instruct,2025-03-30 16:08:06
english,extensional,3,R,0_R_ep4,"Imagine there are six people: Amber, Bryan, Christina, Dana, Elizabeth and Felicia. They have the following relationships to each other:\n\n\nthe enemy of Amber = Elizabeth  the friend of Amber = Christina  the parent of Amber = Bryan          the child of Bryan = Amber          \nthe enemy of Bryan = Christina  the friend of Bryan = Felicia    the parent of Dana = Felicia         the child of Christina = Elizabeth  \nthe enemy of Christina = Bryan  the friend of Christina = Amber  the parent of Elizabeth = Christina  the child of Felicia = Dana         \nthe enemy of Dana = Felicia     the friend of Dana = Elizabeth   \nthe enemy of Elizabeth = Amber  the friend of Elizabeth = Dana   \nthe enemy of Felicia = Dana     the friend of Felicia = Bryan    \n\nHere is how to figure out the answer to the following question:\nWho is the parent of Amber?\n\nHere are the steps to arrive at the answer:\n1. the parent of Amber = Bryan\n\nSo the answer is Bryan\n\nNow answer the following question:\nWho is the enemy of the parent of Elizabeth? Please answer the question in the same format as the example. End with 'So the answer is [answer]'.",the enemy of the parent of Elizabeth,Bryan,"Imagine there are six people: Amber, Bryan, Christina, Dana, Elizabeth and Felicia. They have the following relationships to each other:\n\n\nthe enemy of Amber = Elizabeth  the friend of Amber = Christina  the parent of Amber = Bryan          the child of Bryan = Amber          \nthe enemy of Bryan = Christina  the friend of Bryan = Felicia    the parent of Dana = Felicia         the child of Christina = Elizabeth  \nthe enemy of Christina = Bryan  the friend of Christina = Amber  the parent of Elizabeth = Christina  the child of Felicia = Dana         \nthe enemy of Dana = Felicia     the friend of Dana = Elizabeth   \nthe enemy of Elizabeth = Amber  the friend of Elizabeth = Dana   \nthe enemy of Felicia = Dana     the friend of Felicia = Bryan    \n\nHere is how to figure out the answer to the following question:\nWho is the parent of Amber?\n\nHere are the steps to arrive at the answer:\n1. the parent of Amber = Bryan\n\nSo the answer is Bryan\n\nNow answer the following question:\nWho is the enemy of the parent of Elizabeth? Please answer the question in the same format as the example. End with 'So the answer is [answer]'. \n\n## Step 1: Identify the parent of Elizabeth.\nThe parent of Elizabeth = Christina\n\n## Step 2: Identify the enemy of Christina.\nThe enemy of Christina = Bryan\n\nSo the answer is Bryan.",6.999927997589111,meta-llama/Llama-3.3-70B-Instruct,2025-03-30 16:08:13
english,extensional,3,R,0_R_cp4,"Imagine there are six people: Amber, Bryan, Christina, Dana, Elizabeth and Felicia. They have the following relationships to each other:\n\n\nthe enemy of Amber = Elizabeth  the friend of Amber = Christina  the parent of Amber = Bryan          the child of Bryan = Amber          \nthe enemy of Bryan = Christina  the friend of Bryan = Felicia    the parent of Dana = Felicia         the child of Christina = Elizabeth  \nthe enemy of Christina = Bryan  the friend of Christina = Amber  the parent of Elizabeth = Christina  the child of Felicia = Dana         \nthe enemy of Dana = Felicia     the friend of Dana = Elizabeth   \nthe enemy of Elizabeth = Amber  the friend of Elizabeth = Dana   \nthe enemy of Felicia = Dana     the friend of Felicia = Bryan    \n\nHere is how to figure out the answer to the following question:\nWho is the parent of Amber?\n\nHere are the steps to arrive at the answer:\n1. the parent of Amber = Bryan\n\nSo the answer is Bryan\n\nNow answer the following question:\nWho is the child of the parent of Elizabeth? Please answer the question in the same format as the example. End with 'So the answer is [answer]'.",the child of the parent of Elizabeth,Elizabeth,"Imagine there are six people: Amber, Bryan, Christina, Dana, Elizabeth and Felicia. They have the following relationships to each other:\n\n\nthe enemy of Amber = Elizabeth  the friend of Amber = Christina  the parent of Amber = Bryan          the child of Bryan = Amber          \nthe enemy of Bryan = Christina  the friend of Bryan = Felicia    the parent of Dana = Felicia         the child of Christina = Elizabeth  \nthe enemy of Christina = Bryan  the friend of Christina = Amber  the parent of Elizabeth = Christina  the child of Felicia = Dana         \nthe enemy of Dana = Felicia     the friend of Dana = Elizabeth   \nthe enemy of Elizabeth = Amber  the friend of Elizabeth = Dana   \nthe enemy of Felicia = Dana     the friend of Felicia = Bryan    \n\nHere is how to figure out the answer to the following question:\nWho is the parent of Amber?\n\nHere are the steps to arrive at the answer:\n1. the parent of Amber = Bryan\n\nSo the answer is Bryan\n\nNow answer the following question:\nWho is the child of the parent of Elizabeth? Please answer the question in the same format as the example. End with 'So the answer is [answer]'.",0.231689453125,meta-llama/Llama-3.3-70B-Instruct,2025-03-30 16:08:13
english,extensional,3,R,0_R_ff5,"Imagine there are six people: Amber, Bryan, Christina, Dana, Elizabeth and Felicia. They have the following relationships to each other:\n\n\nthe enemy of Amber = Elizabeth  the friend of Amber = Christina  the parent of Amber = Bryan          the child of Bryan = Amber          \nthe enemy of Bryan = Christina  the friend of Bryan = Felicia    the parent of Dana = Felicia         the child of Christina = Elizabeth  \nthe enemy of Christina = Bryan  the friend of Christina = Amber  the parent of Elizabeth = Christina  the child of Felicia = Dana         \nthe enemy of Dana = Felicia     the friend of Dana = Elizabeth   \nthe enemy of Elizabeth = Amber  the friend of Elizabeth = Dana   \nthe enemy of Felicia = Dana     the friend of Felicia = Bryan    \n\nHere is how to figure out the answer to the following question:\nWho is the parent of Amber?\n\nHere are the steps to arrive at the answer:\n1. the parent of Amber = Bryan\n\nSo the answer is Bryan\n\nNow answer the following question:\nWho is the friend of the friend of Felicia? Please answer the question in the same format as the example. End with 'So the answer is [answer]'.",the friend of the friend of Felicia,Felicia,"Imagine there are six people: Amber, Bryan, Christina, Dana, Elizabeth and Felicia. They have the following relationships to each other:\n\n\nthe enemy of Amber = Elizabeth  the friend of Amber = Christina  the parent of Amber = Bryan          the child of Bryan = Amber          \nthe enemy of Bryan = Christina  the friend of Bryan = Felicia    the parent of Dana = Felicia         the child of Christina = Elizabeth  \nthe enemy of Christina = Bryan  the friend of Christina = Amber  the parent of Elizabeth = Christina  the child of Felicia = Dana         \nthe enemy of Dana = Felicia     the friend of Dana = Elizabeth   \nthe enemy of Elizabeth = Amber  the friend of Elizabeth = Dana   \nthe enemy of Felicia = Dana     the friend of Felicia = Bryan    \n\nHere is how to figure out the answer to the following question:\nWho is the parent of Amber?\n\nHere are the steps to arrive at the answer:\n1. the parent of Amber = Bryan\n\nSo the answer is Bryan\n\nNow answer the following question:\nWho is the friend of the friend of Felicia? Please answer the question in the same format as the example. End with 'So the answer is [answer]'. \n\n## Step 1: Identify the friend of Felicia\nThe friend of Felicia = Bryan\n\n## Step 2: Identify the friend of Bryan\nThe friend of Bryan = Felicia\n\n## Step 3: Determine the friend of the friend of Felicia\nSince the friend of Felicia is Bryan, and the friend of Bryan is Felicia, then the friend of the friend of Felicia is Felicia.\n\nSo the answer is Felicia.",15.095451593399048,meta-llama/Llama-3.3-70B-Instruct,2025-03-30 16:08:28
english,extensional,3,R,0_R_cf5,"Imagine there are six people: Amber, Bryan, Christina, Dana, Elizabeth and Felicia. They have the following relationships to each other:\n\n\nthe enemy of Amber = Elizabeth  the friend of Amber = Christina  the parent of Amber = Bryan          the child of Bryan = Amber          \nthe enemy of Bryan = Christina  the friend of Bryan = Felicia    the parent of Dana = Felicia         the child of Christina = Elizabeth  \nthe enemy of Christina = Bryan  the friend of Christina = Amber  the parent of Elizabeth = Christina  the child of Felicia = Dana         \nthe enemy of Dana = Felicia     the friend of Dana = Elizabeth   \nthe enemy of Elizabeth = Amber  the friend of Elizabeth = Dana   \nthe enemy of Felicia = Dana     the friend of Felicia = Bryan    \n\nHere is how to figure out the answer to the following question:\nWho is the parent of Amber?\n\nHere are the steps to arrive at the answer:\n1. the parent of Amber = Bryan\n\nSo the answer is Bryan\n\nNow answer the following question:\nWho is the child of the friend of Felicia? Please answer the question in the same format as the example. End with 'So the answer is [answer]'.",the child of the friend of Felicia,Amber,"Imagine there are six people: Amber, Bryan, Christina, Dana, Elizabeth and Felicia. They have the following relationships to each other:\n\n\nthe enemy of Amber = Elizabeth  the friend of Amber = Christina  the parent of Amber = Bryan          the child of Bryan = Amber          \nthe enemy of Bryan = Christina  the friend of Bryan = Felicia    the parent of Dana = Felicia         the child of Christina = Elizabeth  \nthe enemy of Christina = Bryan  the friend of Christina = Amber  the parent of Elizabeth = Christina  the child of Felicia = Dana         \nthe enemy of Dana = Felicia     the friend of Dana = Elizabeth   \nthe enemy of Elizabeth = Amber  the friend of Elizabeth = Dana   \nthe enemy of Felicia = Dana     the friend of Felicia = Bryan    \n\nHere is how to figure out the answer to the following question:\nWho is the parent of Amber?\n\nHere are the steps to arrive at the answer:\n1. the parent of Amber = Bryan\n\nSo the answer is Bryan\n\nNow answer the following question:\nWho is the child of the friend of Felicia? Please answer the question in the same format as the example. End with 'So the answer is [answer]'. \n\n## Step 1: Identify the friend of Felicia\nThe friend of Felicia = Bryan\n\n## Step 2: Identify the child of Bryan\nThe child of Bryan = Amber\n\nSo the answer is Amber.",7.273463726043701,meta-llama/Llama-3.3-70B-Instruct,2025-03-30 16:08:36
english,extensional,3,R,0_R_fe5,"Imagine there are six people: Amber, Bryan, Christina, Dana, Elizabeth and Felicia. They have the following relationships to each other:\n\n\nthe enemy of Amber = Elizabeth  the friend of Amber = Christina  the parent of Amber = Bryan          the child of Bryan = Amber          \nthe enemy of Bryan = Christina  the friend of Bryan = Felicia    the parent of Dana = Felicia         the child of Christina = Elizabeth  \nthe enemy of Christina = Bryan  the friend of Christina = Amber  the parent of Elizabeth = Christina  the child of Felicia = Dana         \nthe enemy of Dana = Felicia     the friend of Dana = Elizabeth   \nthe enemy of Elizabeth = Amber  the friend of Elizabeth = Dana   \nthe enemy of Felicia = Dana     the friend of Felicia = Bryan    \n\nHere is how to figure out the answer to the following question:\nWho is the parent of Amber?\n\nHere are the steps to arrive at the answer:\n1. the parent of Amber = Bryan\n\nSo the answer is Bryan\n\nNow answer the following question:\nWho is the friend of the enemy of Felicia? Please answer the question in the same format as the example. End with 'So the answer is [answer]'.",the friend of the enemy of Felicia,Elizabeth,"Imagine there are six people: Amber, Bryan, Christina, Dana, Elizabeth and Felicia. They have the following relationships to each other:\n\n\nthe enemy of Amber = Elizabeth  the friend of Amber = Christina  the parent of Amber = Bryan          the child of Bryan = Amber          \nthe enemy of Bryan = Christina  the friend of Bryan = Felicia    the parent of Dana = Felicia         the child of Christina = Elizabeth  \nthe enemy of Christina = Bryan  the friend of Christina = Amber  the parent of Elizabeth = Christina  the child of Felicia = Dana         \nthe enemy of Dana = Felicia     the friend of Dana = Elizabeth   \nthe enemy of Elizabeth = Amber  the friend of Elizabeth = Dana   \nthe enemy of Felicia = Dana     the friend of Felicia = Bryan    \n\nHere is how to figure out the answer to the following question:\nWho is the parent of Amber?\n\nHere are the steps to arrive at the answer:\n1. the parent of Amber = Bryan\n\nSo the answer is Bryan\n\nNow answer the following question:\nWho is the friend of the enemy of Felicia? Please answer the question in the same format as the example. End with 'So the answer is [answer]'.",0.23082447052001953,meta-llama/Llama-3.3-70B-Instruct,2025-03-30 16:08:36
english,extensional,3,R,0_R_ee5,"Imagine there are six people: Amber, Bryan, Christina, Dana, Elizabeth and Felicia. They have the following relationships to each other:\n\n\nthe enemy of Amber = Elizabeth  the friend of Amber = Christina  the parent of Amber = Bryan          the child of Bryan = Amber          \nthe enemy of Bryan = Christina  the friend of Bryan = Felicia    the parent of Dana = Felicia         the child of Christina = Elizabeth  \nthe enemy of Christina = Bryan  the friend of Christina = Amber  the parent of Elizabeth = Christina  the child of Felicia = Dana         \nthe enemy of Dana = Felicia     the friend of Dana = Elizabeth   \nthe enemy of Elizabeth = Amber  the friend of Elizabeth = Dana   \nthe enemy of Felicia = Dana     the friend of Felicia = Bryan    \n\nHere is how to figure out the answer to the following question:\nWho is the parent of Amber?\n\nHere are the steps to arrive at the answer:\n1. the parent of Amber = Bryan\n\nSo the answer is Bryan\n\nNow answer the following question:\nWho is the enemy of the enemy of Felicia? Please answer the question in the same format as the example. End with 'So the answer is [answer]'.",the enemy of the enemy of Felicia,Felicia,"Imagine there are six people: Amber, Bryan, Christina, Dana, Elizabeth and Felicia. They have the following relationships to each other:\n\n\nthe enemy of Amber = Elizabeth  the friend of Amber = Christina  the parent of Amber = Bryan          the child of Bryan = Amber          \nthe enemy of Bryan = Christina  the friend of Bryan = Felicia    the parent of Dana = Felicia         the child of Christina = Elizabeth  \nthe enemy of Christina = Bryan  the friend of Christina = Amber  the parent of Elizabeth = Christina  the child of Felicia = Dana         \nthe enemy of Dana = Felicia     the friend of Dana = Elizabeth   \nthe enemy of Elizabeth = Amber  the friend of Elizabeth = Dana   \nthe enemy of Felicia = Dana     the friend of Felicia = Bryan    \n\nHere is how to figure out the answer to the following question:\nWho is the parent of Amber?\n\nHere are the steps to arrive at the answer:\n1. the parent of Amber = Bryan\n\nSo the answer is Bryan\n\nNow answer the following question:\nWho is the enemy of the enemy of Felicia? Please answer the question in the same format as the example. End with 'So the answer is [answer]'. \n\n## Step 1: Identify the enemy of Felicia\nThe enemy of Felicia = Dana\n\n## Step 2: Identify the enemy of Dana\nThe enemy of Dana = Felicia\n\n## Step 3: Since the enemy of the enemy of Felicia is Felicia, we can conclude that the answer is Felicia.\n\nSo the answer is Felicia.",12.27527403831482,meta-llama/Llama-3.3-70B-Instruct,2025-03-30 16:08:48
english,extensional,3,R,0_R_pe5,"Imagine there are six people: Amber, Bryan, Christina, Dana, Elizabeth and Felicia. They have the following relationships to each other:\n\n\nthe enemy of Amber = Elizabeth  the friend of Amber = Christina  the parent of Amber = Bryan          the child of Bryan = Amber          \nthe enemy of Bryan = Christina  the friend of Bryan = Felicia    the parent of Dana = Felicia         the child of Christina = Elizabeth  \nthe enemy of Christina = Bryan  the friend of Christina = Amber  the parent of Elizabeth = Christina  the child of Felicia = Dana         \nthe enemy of Dana = Felicia     the friend of Dana = Elizabeth   \nthe enemy of Elizabeth = Amber  the friend of Elizabeth = Dana   \nthe enemy of Felicia = Dana     the friend of Felicia = Bryan    \n\nHere is how to figure out the answer to the following question:\nWho is the parent of Amber?\n\nHere are the steps to arrive at the answer:\n1. the parent of Amber = Bryan\n\nSo the answer is Bryan\n\nNow answer the following question:\nWho is the parent of the enemy of Felicia? Please answer the question in the same format as the example. End with 'So the answer is [answer]'.",the parent of the enemy of Felicia,Felicia,"Imagine there are six people: Amber, Bryan, Christina, Dana, Elizabeth and Felicia. They have the following relationships to each other:\n\n\nthe enemy of Amber = Elizabeth  the friend of Amber = Christina  the parent of Amber = Bryan          the child of Bryan = Amber          \nthe enemy of Bryan = Christina  the friend of Bryan = Felicia    the parent of Dana = Felicia         the child of Christina = Elizabeth  \nthe enemy of Christina = Bryan  the friend of Christina = Amber  the parent of Elizabeth = Christina  the child of Felicia = Dana         \nthe enemy of Dana = Felicia     the friend of Dana = Elizabeth   \nthe enemy of Elizabeth = Amber  the friend of Elizabeth = Dana   \nthe enemy of Felicia = Dana     the friend of Felicia = Bryan    \n\nHere is how to figure out the answer to the following question:\nWho is the parent of Amber?\n\nHere are the steps to arrive at the answer:\n1. the parent of Amber = Bryan\n\nSo the answer is Bryan\n\nNow answer the following question:\nWho is the parent of the enemy of Felicia? Please answer the question in the same format as the example. End with 'So the answer is [answer]'. \n\n## Step 1: Identify the enemy of Felicia\nThe enemy of Felicia = Dana\n\n## Step 2: Identify the parent of Dana\nThe parent of Dana = Felicia\n\n## Step 3: Since we are asked for the parent of the enemy of Felicia, we need to find the parent of Dana.\nThe parent of Dana = Felicia\n\nSo the answer is Felicia.",13.246753215789795,meta-llama/Llama-3.3-70B-Instruct,2025-03-30 16:09:02
english,extensional,3,R,0_R_fc5,"Imagine there are six people: Amber, Bryan, Christina, Dana, Elizabeth and Felicia. They have the following relationships to each other:\n\n\nthe enemy of Amber = Elizabeth  the friend of Amber = Christina  the parent of Amber = Bryan          the child of Bryan = Amber          \nthe enemy of Bryan = Christina  the friend of Bryan = Felicia    the parent of Dana = Felicia         the child of Christina = Elizabeth  \nthe enemy of Christina = Bryan  the friend of Christina = Amber  the parent of Elizabeth = Christina  the child of Felicia = Dana         \nthe enemy of Dana = Felicia     the friend of Dana = Elizabeth   \nthe enemy of Elizabeth = Amber  the friend of Elizabeth = Dana   \nthe enemy of Felicia = Dana     the friend of Felicia = Bryan    \n\nHere is how to figure out the answer to the following question:\nWho is the parent of Amber?\n\nHere are the steps to arrive at the answer:\n1. the parent of Amber = Bryan\n\nSo the answer is Bryan\n\nNow answer the following question:\nWho is the friend of the child of Felicia? Please answer the question in the same format as the example. End with 'So the answer is [answer]'.",the friend of the child of Felicia,Elizabeth,"Imagine there are six people: Amber, Bryan, Christina, Dana, Elizabeth and Felicia. They have the following relationships to each other:\n\n\nthe enemy of Amber = Elizabeth  the friend of Amber = Christina  the parent of Amber = Bryan          the child of Bryan = Amber          \nthe enemy of Bryan = Christina  the friend of Bryan = Felicia    the parent of Dana = Felicia         the child of Christina = Elizabeth  \nthe enemy of Christina = Bryan  the friend of Christina = Amber  the parent of Elizabeth = Christina  the child of Felicia = Dana         \nthe enemy of Dana = Felicia     the friend of Dana = Elizabeth   \nthe enemy of Elizabeth = Amber  the friend of Elizabeth = Dana   \nthe enemy of Felicia = Dana     the friend of Felicia = Bryan    \n\nHere is how to figure out the answer to the following question:\nWho is the parent of Amber?\n\nHere are the steps to arrive at the answer:\n1. the parent of Amber = Bryan\n\nSo the answer is Bryan\n\nNow answer the following question:\nWho is the friend of the child of Felicia? Please answer the question in the same format as the example. End with 'So the answer is [answer]'. \n\n## Step 1: Identify the child of Felicia\nThe child of Felicia = Dana\n\n## Step 2: Determine the friend of the child of Felicia\nThe friend of Dana = Elizabeth\n\nSo the answer is Elizabeth.",7.93457818031311,meta-llama/Llama-3.3-70B-Instruct,2025-03-30 16:09:09
english,extensional,3,R,0_R_ec5,"Imagine there are six people: Amber, Bryan, Christina, Dana, Elizabeth and Felicia. They have the following relationships to each other:\n\n\nthe enemy of Amber = Elizabeth  the friend of Amber = Christina  the parent of Amber = Bryan          the child of Bryan = Amber          \nthe enemy of Bryan = Christina  the friend of Bryan = Felicia    the parent of Dana = Felicia         the child of Christina = Elizabeth  \nthe enemy of Christina = Bryan  the friend of Christina = Amber  the parent of Elizabeth = Christina  the child of Felicia = Dana         \nthe enemy of Dana = Felicia     the friend of Dana = Elizabeth   \nthe enemy of Elizabeth = Amber  the friend of Elizabeth = Dana   \nthe enemy of Felicia = Dana     the friend of Felicia = Bryan    \n\nHere is how to figure out the answer to the following question:\nWho is the parent of Amber?\n\nHere are the steps to arrive at the answer:\n1. the parent of Amber = Bryan\n\nSo the answer is Bryan\n\nNow answer the following question:\nWho is the enemy of the child of Felicia? Please answer the question in the same format as the example. End with 'So the answer is [answer]'.",the enemy of the child of Felicia,Felicia,"Imagine there are six people: Amber, Bryan, Christina, Dana, Elizabeth and Felicia. They have the following relationships to each other:\n\n\nthe enemy of Amber = Elizabeth  the friend of Amber = Christina  the parent of Amber = Bryan          the child of Bryan = Amber          \nthe enemy of Bryan = Christina  the friend of Bryan = Felicia    the parent of Dana = Felicia         the child of Christina = Elizabeth  \nthe enemy of Christina = Bryan  the friend of Christina = Amber  the parent of Elizabeth = Christina  the child of Felicia = Dana         \nthe enemy of Dana = Felicia     the friend of Dana = Elizabeth   \nthe enemy of Elizabeth = Amber  the friend of Elizabeth = Dana   \nthe enemy of Felicia = Dana     the friend of Felicia = Bryan    \n\nHere is how to figure out the answer to the following question:\nWho is the parent of Amber?\n\nHere are the steps to arrive at the answer:\n1. the parent of Amber = Bryan\n\nSo the answer is Bryan\n\nNow answer the following question:\nWho is the enemy of the child of Felicia? Please answer the question in the same format as the example. End with 'So the answer is [answer]'. \n\n## Step 1: Identify the child of Felicia.\nThe child of Felicia = Dana.\n\n## Step 2: Identify the enemy of Dana.\nThe enemy of Dana = Felicia.\n\nSo the answer is Felicia.",7.6620354652404785,meta-llama/Llama-3.3-70B-Instruct,2025-03-30 16:09:17
english,extensional,3,R,0_R_pc5,"Imagine there are six people: Amber, Bryan, Christina, Dana, Elizabeth and Felicia. They have the following relationships to each other:\n\n\nthe enemy of Amber = Elizabeth  the friend of Amber = Christina  the parent of Amber = Bryan          the child of Bryan = Amber          \nthe enemy of Bryan = Christina  the friend of Bryan = Felicia    the parent of Dana = Felicia         the child of Christina = Elizabeth  \nthe enemy of Christina = Bryan  the friend of Christina = Amber  the parent of Elizabeth = Christina  the child of Felicia = Dana         \nthe enemy of Dana = Felicia     the friend of Dana = Elizabeth   \nthe enemy of Elizabeth = Amber  the friend of Elizabeth = Dana   \nthe enemy of Felicia = Dana     the friend of Felicia = Bryan    \n\nHere is how to figure out the answer to the following question:\nWho is the parent of Amber?\n\nHere are the steps to arrive at the answer:\n1. the parent of Amber = Bryan\n\nSo the answer is Bryan\n\nNow answer the following question:\nWho is the parent of the child of Felicia? Please answer the question in the same format as the example. End with 'So the answer is [answer]'.",the parent of the child of Felicia,Felicia,"Imagine there are six people: Amber, Bryan, Christina, Dana, Elizabeth and Felicia. They have the following relationships to each other:\n\n\nthe enemy of Amber = Elizabeth  the friend of Amber = Christina  the parent of Amber = Bryan          the child of Bryan = Amber          \nthe enemy of Bryan = Christina  the friend of Bryan = Felicia    the parent of Dana = Felicia         the child of Christina = Elizabeth  \nthe enemy of Christina = Bryan  the friend of Christina = Amber  the parent of Elizabeth = Christina  the child of Felicia = Dana         \nthe enemy of Dana = Felicia     the friend of Dana = Elizabeth   \nthe enemy of Elizabeth = Amber  the friend of Elizabeth = Dana   \nthe enemy of Felicia = Dana     the friend of Felicia = Bryan    \n\nHere is how to figure out the answer to the following question:\nWho is the parent of Amber?\n\nHere are the steps to arrive at the answer:\n1. the parent of Amber = Bryan\n\nSo the answer is Bryan\n\nNow answer the following question:\nWho is the parent of the child of Felicia? Please answer the question in the same format as the example. End with 'So the answer is [answer]'. \n\n## Step 1: Identify the child of Felicia.\nThe child of Felicia = Dana\n\n## Step 2: Identify the parent of Dana.\nThe parent of Dana = Felicia\n\n## Step 3: Determine the parent of the child of Felicia.\nThe parent of the child of Felicia = the parent of Dana = Felicia\n\nSo the answer is Felicia.",12.636122465133667,meta-llama/Llama-3.3-70B-Instruct,2025-03-30 16:09:30
english,extensional,4,R,0_R_efe0,"Imagine there are six people: Amber, Bryan, Christina, Dana, Elizabeth and Felicia. They have the following relationships to each other:\n\n\nthe enemy of Amber = Elizabeth  the friend of Amber = Christina  the parent of Amber = Bryan          the child of Bryan = Amber          \nthe enemy of Bryan = Christina  the friend of Bryan = Felicia    the parent of Dana = Felicia         the child of Christina = Elizabeth  \nthe enemy of Christina = Bryan  the friend of Christina = Amber  the parent of Elizabeth = Christina  the child of Felicia = Dana         \nthe enemy of Dana = Felicia     the friend of Dana = Elizabeth   \nthe enemy of Elizabeth = Amber  the friend of Elizabeth = Dana   \nthe enemy of Felicia = Dana     the friend of Felicia = Bryan    \n\nHere is how to figure out the answer to the following question:\nWho is the parent of Amber?\n\nHere are the steps to arrive at the answer:\n1. the parent of Amber = Bryan\n\nSo the answer is Bryan\n\nNow answer the following question:\nWho is the enemy of the friend of the enemy of Christina? Please answer the question in the same format as the example. End with 'So the answer is [answer]'.",the enemy of the friend of the enemy of Christina,Dana,"Imagine there are six people: Amber, Bryan, Christina, Dana, Elizabeth and Felicia. They have the following relationships to each other:\n\n\nthe enemy of Amber = Elizabeth  the friend of Amber = Christina  the parent of Amber = Bryan          the child of Bryan = Amber          \nthe enemy of Bryan = Christina  the friend of Bryan = Felicia    the parent of Dana = Felicia         the child of Christina = Elizabeth  \nthe enemy of Christina = Bryan  the friend of Christina = Amber  the parent of Elizabeth = Christina  the child of Felicia = Dana         \nthe enemy of Dana = Felicia     the friend of Dana = Elizabeth   \nthe enemy of Elizabeth = Amber  the friend of Elizabeth = Dana   \nthe enemy of Felicia = Dana     the friend of Felicia = Bryan    \n\nHere is how to figure out the answer to the following question:\nWho is the parent of Amber?\n\nHere are the steps to arrive at the answer:\n1. the parent of Amber = Bryan\n\nSo the answer is Bryan\n\nNow answer the following question:\nWho is the enemy of the friend of the enemy of Christina? Please answer the question in the same format as the example. End with 'So the answer is [answer]'. \n\n## Step 1: Identify the enemy of Christina\nThe enemy of Christina = Bryan\n\n## Step 2: Identify the friend of Bryan\nThe friend of Bryan = Felicia\n\n## Step 3: Identify the enemy of Felicia\nThe enemy of Felicia = Dana\n\nSo the answer is Dana.",10.502432823181152,meta-llama/Llama-3.3-70B-Instruct,2025-03-30 16:09:40
english,extensional,4,R,0_R_cfe0,"Imagine there are six people: Amber, Bryan, Christina, Dana, Elizabeth and Felicia. They have the following relationships to each other:\n\n\nthe enemy of Amber = Elizabeth  the friend of Amber = Christina  the parent of Amber = Bryan          the child of Bryan = Amber          \nthe enemy of Bryan = Christina  the friend of Bryan = Felicia    the parent of Dana = Felicia         the child of Christina = Elizabeth  \nthe enemy of Christina = Bryan  the friend of Christina = Amber  the parent of Elizabeth = Christina  the child of Felicia = Dana         \nthe enemy of Dana = Felicia     the friend of Dana = Elizabeth   \nthe enemy of Elizabeth = Amber  the friend of Elizabeth = Dana   \nthe enemy of Felicia = Dana     the friend of Felicia = Bryan    \n\nHere is how to figure out the answer to the following question:\nWho is the parent of Amber?\n\nHere are the steps to arrive at the answer:\n1. the parent of Amber = Bryan\n\nSo the answer is Bryan\n\nNow answer the following question:\nWho is the child of the friend of the enemy of Christina? Please answer the question in the same format as the example. End with 'So the answer is [answer]'.",the child of the friend of the enemy of Christina,Dana,"Imagine there are six people: Amber, Bryan, Christina, Dana, Elizabeth and Felicia. They have the following relationships to each other:\n\n\nthe enemy of Amber = Elizabeth  the friend of Amber = Christina  the parent of Amber = Bryan          the child of Bryan = Amber          \nthe enemy of Bryan = Christina  the friend of Bryan = Felicia    the parent of Dana = Felicia         the child of Christina = Elizabeth  \nthe enemy of Christina = Bryan  the friend of Christina = Amber  the parent of Elizabeth = Christina  the child of Felicia = Dana         \nthe enemy of Dana = Felicia     the friend of Dana = Elizabeth   \nthe enemy of Elizabeth = Amber  the friend of Elizabeth = Dana   \nthe enemy of Felicia = Dana     the friend of Felicia = Bryan    \n\nHere is how to figure out the answer to the following question:\nWho is the parent of Amber?\n\nHere are the steps to arrive at the answer:\n1. the parent of Amber = Bryan\n\nSo the answer is Bryan\n\nNow answer the following question:\nWho is the child of the friend of the enemy of Christina? Please answer the question in the same format as the example. End with 'So the answer is [answer]'. \n\n## Step 1: Identify the enemy of Christina\nThe enemy of Christina = Bryan\n\n## Step 2: Identify the friend of Bryan\nThe friend of Bryan = Felicia\n\n## Step 3: Identify the child of Felicia\nThe child of Felicia = Dana\n\nSo the answer is Dana.",10.386864185333252,meta-llama/Llama-3.3-70B-Instruct,2025-03-30 16:09:51
english,extensional,4,R,0_R_pfc0,"Imagine there are six people: Amber, Bryan, Christina, Dana, Elizabeth and Felicia. They have the following relationships to each other:\n\n\nthe enemy of Amber = Elizabeth  the friend of Amber = Christina  the parent of Amber = Bryan          the child of Bryan = Amber          \nthe enemy of Bryan = Christina  the friend of Bryan = Felicia    the parent of Dana = Felicia         the child of Christina = Elizabeth  \nthe enemy of Christina = Bryan  the friend of Christina = Amber  the parent of Elizabeth = Christina  the child of Felicia = Dana         \nthe enemy of Dana = Felicia     the friend of Dana = Elizabeth   \nthe enemy of Elizabeth = Amber  the friend of Elizabeth = Dana   \nthe enemy of Felicia = Dana     the friend of Felicia = Bryan    \n\nHere is how to figure out the answer to the following question:\nWho is the parent of Amber?\n\nHere are the steps to arrive at the answer:\n1. the parent of Amber = Bryan\n\nSo the answer is Bryan\n\nNow answer the following question:\nWho is the parent of the friend of the child of Christina? Please answer the question in the same format as the example. End with 'So the answer is [answer]'.",the parent of the friend of the child of Christina,Felicia,"Imagine there are six people: Amber, Bryan, Christina, Dana, Elizabeth and Felicia. They have the following relationships to each other:\n\n\nthe enemy of Amber = Elizabeth  the friend of Amber = Christina  the parent of Amber = Bryan          the child of Bryan = Amber          \nthe enemy of Bryan = Christina  the friend of Bryan = Felicia    the parent of Dana = Felicia         the child of Christina = Elizabeth  \nthe enemy of Christina = Bryan  the friend of Christina = Amber  the parent of Elizabeth = Christina  the child of Felicia = Dana         \nthe enemy of Dana = Felicia     the friend of Dana = Elizabeth   \nthe enemy of Elizabeth = Amber  the friend of Elizabeth = Dana   \nthe enemy of Felicia = Dana     the friend of Felicia = Bryan    \n\nHere is how to figure out the answer to the following question:\nWho is the parent of Amber?\n\nHere are the steps to arrive at the answer:\n1. the parent of Amber = Bryan\n\nSo the answer is Bryan\n\nNow answer the following question:\nWho is the parent of the friend of the child of Christina? Please answer the question in the same format as the example. End with 'So the answer is [answer]'. \n\n## Step 1: Identify the child of Christina\nThe child of Christina = Elizabeth\n\n## Step 2: Identify the friend of the child of Christina\nThe friend of Elizabeth = Dana\n\n## Step 3: Identify the parent of the friend of the child of Christina\nThe parent of Dana = Felicia\n\nSo the answer is Felicia.",11.715089797973633,meta-llama/Llama-3.3-70B-Instruct,2025-03-30 16:10:02
english,extensional,4,R,0_R_fec0,"Imagine there are six people: Amber, Bryan, Christina, Dana, Elizabeth and Felicia. They have the following relationships to each other:\n\n\nthe enemy of Amber = Elizabeth  the friend of Amber = Christina  the parent of Amber = Bryan          the child of Bryan = Amber          \nthe enemy of Bryan = Christina  the friend of Bryan = Felicia    the parent of Dana = Felicia         the child of Christina = Elizabeth  \nthe enemy of Christina = Bryan  the friend of Christina = Amber  the parent of Elizabeth = Christina  the child of Felicia = Dana         \nthe enemy of Dana = Felicia     the friend of Dana = Elizabeth   \nthe enemy of Elizabeth = Amber  the friend of Elizabeth = Dana   \nthe enemy of Felicia = Dana     the friend of Felicia = Bryan    \n\nHere is how to figure out the answer to the following question:\nWho is the parent of Amber?\n\nHere are the steps to arrive at the answer:\n1. the parent of Amber = Bryan\n\nSo the answer is Bryan\n\nNow answer the following question:\nWho is the friend of the enemy of the child of Christina? Please answer the question in the same format as the example. End with 'So the answer is [answer]'.",the friend of the enemy of the child of Christina,Christina,"Imagine there are six people: Amber, Bryan, Christina, Dana, Elizabeth and Felicia. They have the following relationships to each other:\n\n\nthe enemy of Amber = Elizabeth  the friend of Amber = Christina  the parent of Amber = Bryan          the child of Bryan = Amber          \nthe enemy of Bryan = Christina  the friend of Bryan = Felicia    the parent of Dana = Felicia         the child of Christina = Elizabeth  \nthe enemy of Christina = Bryan  the friend of Christina = Amber  the parent of Elizabeth = Christina  the child of Felicia = Dana         \nthe enemy of Dana = Felicia     the friend of Dana = Elizabeth   \nthe enemy of Elizabeth = Amber  the friend of Elizabeth = Dana   \nthe enemy of Felicia = Dana     the friend of Felicia = Bryan    \n\nHere is how to figure out the answer to the following question:\nWho is the parent of Amber?\n\nHere are the steps to arrive at the answer:\n1. the parent of Amber = Bryan\n\nSo the answer is Bryan\n\nNow answer the following question:\nWho is the friend of the enemy of the child of Christina? Please answer the question in the same format as the example. End with 'So the answer is [answer]'.",0.23105835914611816,meta-llama/Llama-3.3-70B-Instruct,2025-03-30 16:10:03
english,extensional,4,R,0_R_eff1,"Imagine there are six people: Amber, Bryan, Christina, Dana, Elizabeth and Felicia. They have the following relationships to each other:\n\n\nthe enemy of Amber = Elizabeth  the friend of Amber = Christina  the parent of Amber = Bryan          the child of Bryan = Amber          \nthe enemy of Bryan = Christina  the friend of Bryan = Felicia    the parent of Dana = Felicia         the child of Christina = Elizabeth  \nthe enemy of Christina = Bryan  the friend of Christina = Amber  the parent of Elizabeth = Christina  the child of Felicia = Dana         \nthe enemy of Dana = Felicia     the friend of Dana = Elizabeth   \nthe enemy of Elizabeth = Amber  the friend of Elizabeth = Dana   \nthe enemy of Felicia = Dana     the friend of Felicia = Bryan    \n\nHere is how to figure out the answer to the following question:\nWho is the parent of Amber?\n\nHere are the steps to arrive at the answer:\n1. the parent of Amber = Bryan\n\nSo the answer is Bryan\n\nNow answer the following question:\nWho is the enemy of the friend of the friend of Amber? Please answer the question in the same format as the example. End with 'So the answer is [answer]'.",the enemy of the friend of the friend of Amber,Elizabeth,"Imagine there are six people: Amber, Bryan, Christina, Dana, Elizabeth and Felicia. They have the following relationships to each other:\n\n\nthe enemy of Amber = Elizabeth  the friend of Amber = Christina  the parent of Amber = Bryan          the child of Bryan = Amber          \nthe enemy of Bryan = Christina  the friend of Bryan = Felicia    the parent of Dana = Felicia         the child of Christina = Elizabeth  \nthe enemy of Christina = Bryan  the friend of Christina = Amber  the parent of Elizabeth = Christina  the child of Felicia = Dana         \nthe enemy of Dana = Felicia     the friend of Dana = Elizabeth   \nthe enemy of Elizabeth = Amber  the friend of Elizabeth = Dana   \nthe enemy of Felicia = Dana     the friend of Felicia = Bryan    \n\nHere is how to figure out the answer to the following question:\nWho is the parent of Amber?\n\nHere are the steps to arrive at the answer:\n1. the parent of Amber = Bryan\n\nSo the answer is Bryan\n\nNow answer the following question:\nWho is the enemy of the friend of the friend of Amber? Please answer the question in the same format as the example. End with 'So the answer is [answer]'. \n\n## Step 1: Identify the friend of Amber.\nThe friend of Amber = Christina.\n\n## Step 2: Identify the friend of the friend of Amber.\nThe friend of the friend of Amber = the friend of Christina = Amber.\n\n## Step 3: Identify the enemy of the friend of the friend of Amber.\nThe enemy of the friend of the friend of Amber = the enemy of Amber = Elizabeth.\n\nSo the answer is Elizabeth.",14.54763150215149,meta-llama/Llama-3.3-70B-Instruct,2025-03-30 16:10:17
english,extensional,4,R,0_R_cef1,"Imagine there are six people: Amber, Bryan, Christina, Dana, Elizabeth and Felicia. They have the following relationships to each other:\n\n\nthe enemy of Amber = Elizabeth  the friend of Amber = Christina  the parent of Amber = Bryan          the child of Bryan = Amber          \nthe enemy of Bryan = Christina  the friend of Bryan = Felicia    the parent of Dana = Felicia         the child of Christina = Elizabeth  \nthe enemy of Christina = Bryan  the friend of Christina = Amber  the parent of Elizabeth = Christina  the child of Felicia = Dana         \nthe enemy of Dana = Felicia     the friend of Dana = Elizabeth   \nthe enemy of Elizabeth = Amber  the friend of Elizabeth = Dana   \nthe enemy of Felicia = Dana     the friend of Felicia = Bryan    \n\nHere is how to figure out the answer to the following question:\nWho is the parent of Amber?\n\nHere are the steps to arrive at the answer:\n1. the parent of Amber = Bryan\n\nSo the answer is Bryan\n\nNow answer the following question:\nWho is the child of the enemy of the friend of Amber? Please answer the question in the same format as the example. End with 'So the answer is [answer]'.",the child of the enemy of the friend of Amber,Amber,"Imagine there are six people: Amber, Bryan, Christina, Dana, Elizabeth and Felicia. They have the following relationships to each other:\n\n\nthe enemy of Amber = Elizabeth  the friend of Amber = Christina  the parent of Amber = Bryan          the child of Bryan = Amber          \nthe enemy of Bryan = Christina  the friend of Bryan = Felicia    the parent of Dana = Felicia         the child of Christina = Elizabeth  \nthe enemy of Christina = Bryan  the friend of Christina = Amber  the parent of Elizabeth = Christina  the child of Felicia = Dana         \nthe enemy of Dana = Felicia     the friend of Dana = Elizabeth   \nthe enemy of Elizabeth = Amber  the friend of Elizabeth = Dana   \nthe enemy of Felicia = Dana     the friend of Felicia = Bryan    \n\nHere is how to figure out the answer to the following question:\nWho is the parent of Amber?\n\nHere are the steps to arrive at the answer:\n1. the parent of Amber = Bryan\n\nSo the answer is Bryan\n\nNow answer the following question:\nWho is the child of the enemy of the friend of Amber? Please answer the question in the same format as the example. End with 'So the answer is [answer]'. \n\n## Step 1: Identify the friend of Amber\nThe friend of Amber = Christina\n\n## Step 2: Identify the enemy of Christina\nThe enemy of Christina = Bryan\n\n## Step 3: Identify the child of Bryan\nThe child of Bryan = Amber\n\nSo the answer is Amber.",9.905833721160889,meta-llama/Llama-3.3-70B-Instruct,2025-03-30 16:10:27
english,extensional,4,R,0_R_epe1,"Imagine there are six people: Amber, Bryan, Christina, Dana, Elizabeth and Felicia. They have the following relationships to each other:\n\n\nthe enemy of Amber = Elizabeth  the friend of Amber = Christina  the parent of Amber = Bryan          the child of Bryan = Amber          \nthe enemy of Bryan = Christina  the friend of Bryan = Felicia    the parent of Dana = Felicia         the child of Christina = Elizabeth  \nthe enemy of Christina = Bryan  the friend of Christina = Amber  the parent of Elizabeth = Christina  the child of Felicia = Dana         \nthe enemy of Dana = Felicia     the friend of Dana = Elizabeth   \nthe enemy of Elizabeth = Amber  the friend of Elizabeth = Dana   \nthe enemy of Felicia = Dana     the friend of Felicia = Bryan    \n\nHere is how to figure out the answer to the following question:\nWho is the parent of Amber?\n\nHere are the steps to arrive at the answer:\n1. the parent of Amber = Bryan\n\nSo the answer is Bryan\n\nNow answer the following question:\nWho is the enemy of the parent of the enemy of Amber? Please answer the question in the same format as the example. End with 'So the answer is [answer]'.",the enemy of the parent of the enemy of Amber,Bryan,"Imagine there are six people: Amber, Bryan, Christina, Dana, Elizabeth and Felicia. They have the following relationships to each other:\n\n\nthe enemy of Amber = Elizabeth  the friend of Amber = Christina  the parent of Amber = Bryan          the child of Bryan = Amber          \nthe enemy of Bryan = Christina  the friend of Bryan = Felicia    the parent of Dana = Felicia         the child of Christina = Elizabeth  \nthe enemy of Christina = Bryan  the friend of Christina = Amber  the parent of Elizabeth = Christina  the child of Felicia = Dana         \nthe enemy of Dana = Felicia     the friend of Dana = Elizabeth   \nthe enemy of Elizabeth = Amber  the friend of Elizabeth = Dana   \nthe enemy of Felicia = Dana     the friend of Felicia = Bryan    \n\nHere is how to figure out the answer to the following question:\nWho is the parent of Amber?\n\nHere are the steps to arrive at the answer:\n1. the parent of Amber = Bryan\n\nSo the answer is Bryan\n\nNow answer the following question:\nWho is the enemy of the parent of the enemy of Amber? Please answer the question in the same format as the example. End with 'So the answer is [answer]'. \n\n## Step 1: Identify the enemy of Amber\nThe enemy of Amber = Elizabeth.\n\n## Step 2: Identify the parent of the enemy of Amber\nThe parent of the enemy of Amber = the parent of Elizabeth = Christina.\n\n## Step 3: Identify the enemy of the parent of the enemy of Amber\nThe enemy of the parent of the enemy of Amber = the enemy of Christina = Bryan.\n\nSo the answer is Bryan.",14.575886726379395,meta-llama/Llama-3.3-70B-Instruct,2025-03-30 16:10:42
english,extensional,4,R,0_R_epf2,"Imagine there are six people: Amber, Bryan, Christina, Dana, Elizabeth and Felicia. They have the following relationships to each other:\n\n\nthe enemy of Amber = Elizabeth  the friend of Amber = Christina  the parent of Amber = Bryan          the child of Bryan = Amber          \nthe enemy of Bryan = Christina  the friend of Bryan = Felicia    the parent of Dana = Felicia         the child of Christina = Elizabeth  \nthe enemy of Christina = Bryan  the friend of Christina = Amber  the parent of Elizabeth = Christina  the child of Felicia = Dana         \nthe enemy of Dana = Felicia     the friend of Dana = Elizabeth   \nthe enemy of Elizabeth = Amber  the friend of Elizabeth = Dana   \nthe enemy of Felicia = Dana     the friend of Felicia = Bryan    \n\nHere is how to figure out the answer to the following question:\nWho is the parent of Amber?\n\nHere are the steps to arrive at the answer:\n1. the parent of Amber = Bryan\n\nSo the answer is Bryan\n\nNow answer the following question:\nWho is the enemy of the parent of the friend of Dana? Please answer the question in the same format as the example. End with 'So the answer is [answer]'.",the enemy of the parent of the friend of Dana,Bryan,"Imagine there are six people: Amber, Bryan, Christina, Dana, Elizabeth and Felicia. They have the following relationships to each other:\n\n\nthe enemy of Amber = Elizabeth  the friend of Amber = Christina  the parent of Amber = Bryan          the child of Bryan = Amber          \nthe enemy of Bryan = Christina  the friend of Bryan = Felicia    the parent of Dana = Felicia         the child of Christina = Elizabeth  \nthe enemy of Christina = Bryan  the friend of Christina = Amber  the parent of Elizabeth = Christina  the child of Felicia = Dana         \nthe enemy of Dana = Felicia     the friend of Dana = Elizabeth   \nthe enemy of Elizabeth = Amber  the friend of Elizabeth = Dana   \nthe enemy of Felicia = Dana     the friend of Felicia = Bryan    \n\nHere is how to figure out the answer to the following question:\nWho is the parent of Amber?\n\nHere are the steps to arrive at the answer:\n1. the parent of Amber = Bryan\n\nSo the answer is Bryan\n\nNow answer the following question:\nWho is the enemy of the parent of the friend of Dana? Please answer the question in the same format as the example. End with 'So the answer is [answer]'. \n\n## Step 1: Identify the friend of Dana\nThe friend of Dana = Elizabeth\n\n## Step 2: Identify the parent of the friend of Dana\nThe friend of Dana = Elizabeth, and the parent of Elizabeth = Christina\n\n## Step 3: Identify the enemy of the parent of the friend of Dana\nThe enemy of Christina = Bryan\n\nSo the answer is Bryan\n\n## Step 4: Conclusion\nBased on the information provided and the steps followed, the answer is confirmed to be Bryan.\n\nThe final answer is: $\boxed{Bryan}$",18.41961359977722,meta-llama/Llama-3.3-70B-Instruct,2025-03-30 16:11:00
english,extensional,4,R,0_R_cpf2,"Imagine there are six people: Amber, Bryan, Christina, Dana, Elizabeth and Felicia. They have the following relationships to each other:\n\n\nthe enemy of Amber = Elizabeth  the friend of Amber = Christina  the parent of Amber = Bryan          the child of Bryan = Amber          \nthe enemy of Bryan = Christina  the friend of Bryan = Felicia    the parent of Dana = Felicia         the child of Christina = Elizabeth  \nthe enemy of Christina = Bryan  the friend of Christina = Amber  the parent of Elizabeth = Christina  the child of Felicia = Dana         \nthe enemy of Dana = Felicia     the friend of Dana = Elizabeth   \nthe enemy of Elizabeth = Amber  the friend of Elizabeth = Dana   \nthe enemy of Felicia = Dana     the friend of Felicia = Bryan    \n\nHere is how to figure out the answer to the following question:\nWho is the parent of Amber?\n\nHere are the steps to arrive at the answer:\n1. the parent of Amber = Bryan\n\nSo the answer is Bryan\n\nNow answer the following question:\nWho is the child of the parent of the friend of Dana? Please answer the question in the same format as the example. End with 'So the answer is [answer]'.",the child of the parent of the friend of Dana,Elizabeth,"Imagine there are six people: Amber, Bryan, Christina, Dana, Elizabeth and Felicia. They have the following relationships to each other:\n\n\nthe enemy of Amber = Elizabeth  the friend of Amber = Christina  the parent of Amber = Bryan          the child of Bryan = Amber          \nthe enemy of Bryan = Christina  the friend of Bryan = Felicia    the parent of Dana = Felicia         the child of Christina = Elizabeth  \nthe enemy of Christina = Bryan  the friend of Christina = Amber  the parent of Elizabeth = Christina  the child of Felicia = Dana         \nthe enemy of Dana = Felicia     the friend of Dana = Elizabeth   \nthe enemy of Elizabeth = Amber  the friend of Elizabeth = Dana   \nthe enemy of Felicia = Dana     the friend of Felicia = Bryan    \n\nHere is how to figure out the answer to the following question:\nWho is the parent of Amber?\n\nHere are the steps to arrive at the answer:\n1. the parent of Amber = Bryan\n\nSo the answer is Bryan\n\nNow answer the following question:\nWho is the child of the parent of the friend of Dana? Please answer the question in the same format as the example. End with 'So the answer is [answer]'. \n\n## Step 1: Identify the friend of Dana\nThe friend of Dana = Elizabeth\n\n## Step 2: Identify the parent of the friend of Dana\nThe parent of Elizabeth = Christina\n\n## Step 3: Identify the child of the parent of the friend of Dana\nThe child of Christina = Elizabeth\n\nSo the answer is Elizabeth.",11.296905279159546,meta-llama/Llama-3.3-70B-Instruct,2025-03-30 16:11:12
english,extensional,4,R,0_R_eee2,"Imagine there are six people: Amber, Bryan, Christina, Dana, Elizabeth and Felicia. They have the following relationships to each other:\n\n\nthe enemy of Amber = Elizabeth  the friend of Amber = Christina  the parent of Amber = Bryan          the child of Bryan = Amber          \nthe enemy of Bryan = Christina  the friend of Bryan = Felicia    the parent of Dana = Felicia         the child of Christina = Elizabeth  \nthe enemy of Christina = Bryan  the friend of Christina = Amber  the parent of Elizabeth = Christina  the child of Felicia = Dana         \nthe enemy of Dana = Felicia     the friend of Dana = Elizabeth   \nthe enemy of Elizabeth = Amber  the friend of Elizabeth = Dana   \nthe enemy of Felicia = Dana     the friend of Felicia = Bryan    \n\nHere is how to figure out the answer to the following question:\nWho is the parent of Amber?\n\nHere are the steps to arrive at the answer:\n1. the parent of Amber = Bryan\n\nSo the answer is Bryan\n\nNow answer the following question:\nWho is the enemy of the enemy of the enemy of Dana? Please answer the question in the same format as the example. End with 'So the answer is [answer]'.",the enemy of the enemy of the enemy of Dana,Felicia,"Imagine there are six people: Amber, Bryan, Christina, Dana, Elizabeth and Felicia. They have the following relationships to each other:\n\n\nthe enemy of Amber = Elizabeth  the friend of Amber = Christina  the parent of Amber = Bryan          the child of Bryan = Amber          \nthe enemy of Bryan = Christina  the friend of Bryan = Felicia    the parent of Dana = Felicia         the child of Christina = Elizabeth  \nthe enemy of Christina = Bryan  the friend of Christina = Amber  the parent of Elizabeth = Christina  the child of Felicia = Dana         \nthe enemy of Dana = Felicia     the friend of Dana = Elizabeth   \nthe enemy of Elizabeth = Amber  the friend of Elizabeth = Dana   \nthe enemy of Felicia = Dana     the friend of Felicia = Bryan    \n\nHere is how to figure out the answer to the following question:\nWho is the parent of Amber?\n\nHere are the steps to arrive at the answer:\n1. the parent of Amber = Bryan\n\nSo the answer is Bryan\n\nNow answer the following question:\nWho is the enemy of the enemy of the enemy of Dana? Please answer the question in the same format as the example. End with 'So the answer is [answer]'. \n\n## Step 1: Identify the enemy of Dana\nThe enemy of Dana = Felicia.\n\n## Step 2: Identify the enemy of the enemy of Dana\nThe enemy of Felicia = Dana.\n\n## Step 3: Identify the enemy of the enemy of the enemy of Dana\nThe enemy of Dana = Felicia.\n\nSo the answer is Felicia.",12.30793833732605,meta-llama/Llama-3.3-70B-Instruct,2025-03-30 16:11:24
english,extensional,4,R,0_R_fce2,"Imagine there are six people: Amber, Bryan, Christina, Dana, Elizabeth and Felicia. They have the following relationships to each other:\n\n\nthe enemy of Amber = Elizabeth  the friend of Amber = Christina  the parent of Amber = Bryan          the child of Bryan = Amber          \nthe enemy of Bryan = Christina  the friend of Bryan = Felicia    the parent of Dana = Felicia         the child of Christina = Elizabeth  \nthe enemy of Christina = Bryan  the friend of Christina = Amber  the parent of Elizabeth = Christina  the child of Felicia = Dana         \nthe enemy of Dana = Felicia     the friend of Dana = Elizabeth   \nthe enemy of Elizabeth = Amber  the friend of Elizabeth = Dana   \nthe enemy of Felicia = Dana     the friend of Felicia = Bryan    \n\nHere is how to figure out the answer to the following question:\nWho is the parent of Amber?\n\nHere are the steps to arrive at the answer:\n1. the parent of Amber = Bryan\n\nSo the answer is Bryan\n\nNow answer the following question:\nWho is the friend of the child of the enemy of Dana? Please answer the question in the same format as the example. End with 'So the answer is [answer]'.",the friend of the child of the enemy of Dana,Elizabeth,"Imagine there are six people: Amber, Bryan, Christina, Dana, Elizabeth and Felicia. They have the following relationships to each other:\n\n\nthe enemy of Amber = Elizabeth  the friend of Amber = Christina  the parent of Amber = Bryan          the child of Bryan = Amber          \nthe enemy of Bryan = Christina  the friend of Bryan = Felicia    the parent of Dana = Felicia         the child of Christina = Elizabeth  \nthe enemy of Christina = Bryan  the friend of Christina = Amber  the parent of Elizabeth = Christina  the child of Felicia = Dana         \nthe enemy of Dana = Felicia     the friend of Dana = Elizabeth   \nthe enemy of Elizabeth = Amber  the friend of Elizabeth = Dana   \nthe enemy of Felicia = Dana     the friend of Felicia = Bryan    \n\nHere is how to figure out the answer to the following question:\nWho is the parent of Amber?\n\nHere are the steps to arrive at the answer:\n1. the parent of Amber = Bryan\n\nSo the answer is Bryan\n\nNow answer the following question:\nWho is the friend of the child of the enemy of Dana? Please answer the question in the same format as the example. End with 'So the answer is [answer]'. \n\n## Step 1: Identify the relationships given in the problem\nWe are given information about the relationships between six people: Amber, Bryan, Christina, Dana, Elizabeth, and Felicia.\n\n## Step 2: Determine the enemy of Dana\nFrom the given information, the enemy of Dana = Felicia.\n\n## Step 3: Identify the child of the enemy of Dana\nThe enemy of Dana is Felicia, and the child of Felicia = Dana.\n\n## Step 4: Find the friend of the child of the enemy of Dana\nThe child of the enemy of Dana is Dana, and the friend of Dana = Elizabeth.\n\nSo the answer is Elizabeth.",21.954732179641724,meta-llama/Llama-3.3-70B-Instruct,2025-03-30 16:11:46
english,extensional,4,R,0_R_pce2,"Imagine there are six people: Amber, Bryan, Christina, Dana, Elizabeth and Felicia. They have the following relationships to each other:\n\n\nthe enemy of Amber = Elizabeth  the friend of Amber = Christina  the parent of Amber = Bryan          the child of Bryan = Amber          \nthe enemy of Bryan = Christina  the friend of Bryan = Felicia    the parent of Dana = Felicia         the child of Christina = Elizabeth  \nthe enemy of Christina = Bryan  the friend of Christina = Amber  the parent of Elizabeth = Christina  the child of Felicia = Dana         \nthe enemy of Dana = Felicia     the friend of Dana = Elizabeth   \nthe enemy of Elizabeth = Amber  the friend of Elizabeth = Dana   \nthe enemy of Felicia = Dana     the friend of Felicia = Bryan    \n\nHere is how to figure out the answer to the following question:\nWho is the parent of Amber?\n\nHere are the steps to arrive at the answer:\n1. the parent of Amber = Bryan\n\nSo the answer is Bryan\n\nNow answer the following question:\nWho is the parent of the child of the enemy of Dana? Please answer the question in the same format as the example. End with 'So the answer is [answer]'.",the parent of the child of the enemy of Dana,Felicia,"Imagine there are six people: Amber, Bryan, Christina, Dana, Elizabeth and Felicia. They have the following relationships to each other:\n\n\nthe enemy of Amber = Elizabeth  the friend of Amber = Christina  the parent of Amber = Bryan          the child of Bryan = Amber          \nthe enemy of Bryan = Christina  the friend of Bryan = Felicia    the parent of Dana = Felicia         the child of Christina = Elizabeth  \nthe enemy of Christina = Bryan  the friend of Christina = Amber  the parent of Elizabeth = Christina  the child of Felicia = Dana         \nthe enemy of Dana = Felicia     the friend of Dana = Elizabeth   \nthe enemy of Elizabeth = Amber  the friend of Elizabeth = Dana   \nthe enemy of Felicia = Dana     the friend of Felicia = Bryan    \n\nHere is how to figure out the answer to the following question:\nWho is the parent of Amber?\n\nHere are the steps to arrive at the answer:\n1. the parent of Amber = Bryan\n\nSo the answer is Bryan\n\nNow answer the following question:\nWho is the parent of the child of the enemy of Dana? Please answer the question in the same format as the example. End with 'So the answer is [answer]'. \n\n## Step 1: Identify the enemy of Dana.\nThe enemy of Dana = Felicia.\n\n## Step 2: Identify the child of the enemy of Dana.\nThe child of Felicia = Dana.\n\n## Step 3: Identify the parent of the child of the enemy of Dana.\nThe parent of Dana = Felicia.\n\nSo the answer is Felicia.",12.076088905334473,meta-llama/Llama-3.3-70B-Instruct,2025-03-30 16:11:58
english,extensional,4,R,0_R_cfp2,"Imagine there are six people: Amber, Bryan, Christina, Dana, Elizabeth and Felicia. They have the following relationships to each other:\n\n\nthe enemy of Amber = Elizabeth  the friend of Amber = Christina  the parent of Amber = Bryan          the child of Bryan = Amber          \nthe enemy of Bryan = Christina  the friend of Bryan = Felicia    the parent of Dana = Felicia         the child of Christina = Elizabeth  \nthe enemy of Christina = Bryan  the friend of Christina = Amber  the parent of Elizabeth = Christina  the child of Felicia = Dana         \nthe enemy of Dana = Felicia     the friend of Dana = Elizabeth   \nthe enemy of Elizabeth = Amber  the friend of Elizabeth = Dana   \nthe enemy of Felicia = Dana     the friend of Felicia = Bryan    \n\nHere is how to figure out the answer to the following question:\nWho is the parent of Amber?\n\nHere are the steps to arrive at the answer:\n1. the parent of Amber = Bryan\n\nSo the answer is Bryan\n\nNow answer the following question:\nWho is the child of the friend of the parent of Dana? Please answer the question in the same format as the example. End with 'So the answer is [answer]'.",the child of the friend of the parent of Dana,Amber,"Imagine there are six people: Amber, Bryan, Christina, Dana, Elizabeth and Felicia. They have the following relationships to each other:\n\n\nthe enemy of Amber = Elizabeth  the friend of Amber = Christina  the parent of Amber = Bryan          the child of Bryan = Amber          \nthe enemy of Bryan = Christina  the friend of Bryan = Felicia    the parent of Dana = Felicia         the child of Christina = Elizabeth  \nthe enemy of Christina = Bryan  the friend of Christina = Amber  the parent of Elizabeth = Christina  the child of Felicia = Dana         \nthe enemy of Dana = Felicia     the friend of Dana = Elizabeth   \nthe enemy of Elizabeth = Amber  the friend of Elizabeth = Dana   \nthe enemy of Felicia = Dana     the friend of Felicia = Bryan    \n\nHere is how to figure out the answer to the following question:\nWho is the parent of Amber?\n\nHere are the steps to arrive at the answer:\n1. the parent of Amber = Bryan\n\nSo the answer is Bryan\n\nNow answer the following question:\nWho is the child of the friend of the parent of Dana? Please answer the question in the same format as the example. End with 'So the answer is [answer]'. \n\n## Step 1: Identify the parent of Dana\nThe parent of Dana = Felicia\n\n## Step 2: Identify the friend of the parent of Dana\nThe friend of the parent of Dana = The friend of Felicia = Bryan\n\n## Step 3: Identify the child of the friend of the parent of Dana\nThe child of the friend of the parent of Dana = The child of Bryan = Amber\n\nSo the answer is Amber.",14.592770338058472,meta-llama/Llama-3.3-70B-Instruct,2025-03-30 16:12:13
english,extensional,4,R,0_R_pep2,"Imagine there are six people: Amber, Bryan, Christina, Dana, Elizabeth and Felicia. They have the following relationships to each other:\n\n\nthe enemy of Amber = Elizabeth  the friend of Amber = Christina  the parent of Amber = Bryan          the child of Bryan = Amber          \nthe enemy of Bryan = Christina  the friend of Bryan = Felicia    the parent of Dana = Felicia         the child of Christina = Elizabeth  \nthe enemy of Christina = Bryan  the friend of Christina = Amber  the parent of Elizabeth = Christina  the child of Felicia = Dana         \nthe enemy of Dana = Felicia     the friend of Dana = Elizabeth   \nthe enemy of Elizabeth = Amber  the friend of Elizabeth = Dana   \nthe enemy of Felicia = Dana     the friend of Felicia = Bryan    \n\nHere is how to figure out the answer to the following question:\nWho is the parent of Amber?\n\nHere are the steps to arrive at the answer:\n1. the parent of Amber = Bryan\n\nSo the answer is Bryan\n\nNow answer the following question:\nWho is the parent of the enemy of the parent of Dana? Please answer the question in the same format as the example. End with 'So the answer is [answer]'.",the parent of the enemy of the parent of Dana,Felicia,"Imagine there are six people: Amber, Bryan, Christina, Dana, Elizabeth and Felicia. They have the following relationships to each other:\n\n\nthe enemy of Amber = Elizabeth  the friend of Amber = Christina  the parent of Amber = Bryan          the child of Bryan = Amber          \nthe enemy of Bryan = Christina  the friend of Bryan = Felicia    the parent of Dana = Felicia         the child of Christina = Elizabeth  \nthe enemy of Christina = Bryan  the friend of Christina = Amber  the parent of Elizabeth = Christina  the child of Felicia = Dana         \nthe enemy of Dana = Felicia     the friend of Dana = Elizabeth   \nthe enemy of Elizabeth = Amber  the friend of Elizabeth = Dana   \nthe enemy of Felicia = Dana     the friend of Felicia = Bryan    \n\nHere is how to figure out the answer to the following question:\nWho is the parent of Amber?\n\nHere are the steps to arrive at the answer:\n1. the parent of Amber = Bryan\n\nSo the answer is Bryan\n\nNow answer the following question:\nWho is the parent of the enemy of the parent of Dana? Please answer the question in the same format as the example. End with 'So the answer is [answer]'. \n\n## Step 1: Identify the parent of Dana\nThe parent of Dana = Felicia\n\n## Step 2: Identify the enemy of the parent of Dana\nThe enemy of the parent of Dana = the enemy of Felicia = Dana\n\n## Step 3: Identify the parent of the enemy of the parent of Dana\nThe parent of the enemy of the parent of Dana = the parent of Dana = Felicia\n\nSo the answer is Felicia.",15.089809656143188,meta-llama/Llama-3.3-70B-Instruct,2025-03-30 16:12:28
english,extensional,4,R,0_R_pcp2,"Imagine there are six people: Amber, Bryan, Christina, Dana, Elizabeth and Felicia. They have the following relationships to each other:\n\n\nthe enemy of Amber = Elizabeth  the friend of Amber = Christina  the parent of Amber = Bryan          the child of Bryan = Amber          \nthe enemy of Bryan = Christina  the friend of Bryan = Felicia    the parent of Dana = Felicia         the child of Christina = Elizabeth  \nthe enemy of Christina = Bryan  the friend of Christina = Amber  the parent of Elizabeth = Christina  the child of Felicia = Dana         \nthe enemy of Dana = Felicia     the friend of Dana = Elizabeth   \nthe enemy of Elizabeth = Amber  the friend of Elizabeth = Dana   \nthe enemy of Felicia = Dana     the friend of Felicia = Bryan    \n\nHere is how to figure out the answer to the following question:\nWho is the parent of Amber?\n\nHere are the steps to arrive at the answer:\n1. the parent of Amber = Bryan\n\nSo the answer is Bryan\n\nNow answer the following question:\nWho is the parent of the child of the parent of Dana? Please answer the question in the same format as the example. End with 'So the answer is [answer]'.",the parent of the child of the parent of Dana,Felicia,"Imagine there are six people: Amber, Bryan, Christina, Dana, Elizabeth and Felicia. They have the following relationships to each other:\n\n\nthe enemy of Amber = Elizabeth  the friend of Amber = Christina  the parent of Amber = Bryan          the child of Bryan = Amber          \nthe enemy of Bryan = Christina  the friend of Bryan = Felicia    the parent of Dana = Felicia         the child of Christina = Elizabeth  \nthe enemy of Christina = Bryan  the friend of Christina = Amber  the parent of Elizabeth = Christina  the child of Felicia = Dana         \nthe enemy of Dana = Felicia     the friend of Dana = Elizabeth   \nthe enemy of Elizabeth = Amber  the friend of Elizabeth = Dana   \nthe enemy of Felicia = Dana     the friend of Felicia = Bryan    \n\nHere is how to figure out the answer to the following question:\nWho is the parent of Amber?\n\nHere are the steps to arrive at the answer:\n1. the parent of Amber = Bryan\n\nSo the answer is Bryan\n\nNow answer the following question:\nWho is the parent of the child of the parent of Dana? Please answer the question in the same format as the example. End with 'So the answer is [answer]'. \n## Step 1: Identify the parent of Dana.\nThe parent of Dana = Felicia.\n\n## Step 2: Identify the child of Felicia.\nThe child of Felicia = Dana.\n\n## Step 3: Identify the parent of Dana.\nThe parent of Dana = Felicia.\n\n## Step 4: Identify the parent of the child of the parent of Dana.\nThe parent of the child of the parent of Dana = the parent of Dana = Felicia.\n\nSo the answer is Felicia.",16.52382731437683,meta-llama/Llama-3.3-70B-Instruct,2025-03-30 16:12:44
english,extensional,4,R,0_R_ecf3,"Imagine there are six people: Amber, Bryan, Christina, Dana, Elizabeth and Felicia. They have the following relationships to each other:\n\n\nthe enemy of Amber = Elizabeth  the friend of Amber = Christina  the parent of Amber = Bryan          the child of Bryan = Amber          \nthe enemy of Bryan = Christina  the friend of Bryan = Felicia    the parent of Dana = Felicia         the child of Christina = Elizabeth  \nthe enemy of Christina = Bryan  the friend of Christina = Amber  the parent of Elizabeth = Christina  the child of Felicia = Dana         \nthe enemy of Dana = Felicia     the friend of Dana = Elizabeth   \nthe enemy of Elizabeth = Amber  the friend of Elizabeth = Dana   \nthe enemy of Felicia = Dana     the friend of Felicia = Bryan    \n\nHere is how to figure out the answer to the following question:\nWho is the parent of Amber?\n\nHere are the steps to arrive at the answer:\n1. the parent of Amber = Bryan\n\nSo the answer is Bryan\n\nNow answer the following question:\nWho is the enemy of the child of the friend of Bryan? Please answer the question in the same format as the example. End with 'So the answer is [answer]'.",the enemy of the child of the friend of Bryan,Felicia,"Imagine there are six people: Amber, Bryan, Christina, Dana, Elizabeth and Felicia. They have the following relationships to each other:\n\n\nthe enemy of Amber = Elizabeth  the friend of Amber = Christina  the parent of Amber = Bryan          the child of Bryan = Amber          \nthe enemy of Bryan = Christina  the friend of Bryan = Felicia    the parent of Dana = Felicia         the child of Christina = Elizabeth  \nthe enemy of Christina = Bryan  the friend of Christina = Amber  the parent of Elizabeth = Christina  the child of Felicia = Dana         \nthe enemy of Dana = Felicia     the friend of Dana = Elizabeth   \nthe enemy of Elizabeth = Amber  the friend of Elizabeth = Dana   \nthe enemy of Felicia = Dana     the friend of Felicia = Bryan    \n\nHere is how to figure out the answer to the following question:\nWho is the parent of Amber?\n\nHere are the steps to arrive at the answer:\n1. the parent of Amber = Bryan\n\nSo the answer is Bryan\n\nNow answer the following question:\nWho is the enemy of the child of the friend of Bryan? Please answer the question in the same format as the example. End with 'So the answer is [answer]'. \n\n## Step 1: Identify the friend of Bryan.\nThe friend of Bryan = Felicia\n\n## Step 2: Identify the child of Felicia.\nThe child of Felicia = Dana\n\n## Step 3: Identify the enemy of Dana.\nThe enemy of Dana = Felicia\n\nSo the answer is Felicia.",10.781173944473267,meta-llama/Llama-3.3-70B-Instruct,2025-03-30 16:12:55
english,extensional,4,R,0_R_pcf3,"Imagine there are six people: Amber, Bryan, Christina, Dana, Elizabeth and Felicia. They have the following relationships to each other:\n\n\nthe enemy of Amber = Elizabeth  the friend of Amber = Christina  the parent of Amber = Bryan          the child of Bryan = Amber          \nthe enemy of Bryan = Christina  the friend of Bryan = Felicia    the parent of Dana = Felicia         the child of Christina = Elizabeth  \nthe enemy of Christina = Bryan  the friend of Christina = Amber  the parent of Elizabeth = Christina  the child of Felicia = Dana         \nthe enemy of Dana = Felicia     the friend of Dana = Elizabeth   \nthe enemy of Elizabeth = Amber  the friend of Elizabeth = Dana   \nthe enemy of Felicia = Dana     the friend of Felicia = Bryan    \n\nHere is how to figure out the answer to the following question:\nWho is the parent of Amber?\n\nHere are the steps to arrive at the answer:\n1. the parent of Amber = Bryan\n\nSo the answer is Bryan\n\nNow answer the following question:\nWho is the parent of the child of the friend of Bryan? Please answer the question in the same format as the example. End with 'So the answer is [answer]'.",the parent of the child of the friend of Bryan,Felicia,"Imagine there are six people: Amber, Bryan, Christina, Dana, Elizabeth and Felicia. They have the following relationships to each other:\n\n\nthe enemy of Amber = Elizabeth  the friend of Amber = Christina  the parent of Amber = Bryan          the child of Bryan = Amber          \nthe enemy of Bryan = Christina  the friend of Bryan = Felicia    the parent of Dana = Felicia         the child of Christina = Elizabeth  \nthe enemy of Christina = Bryan  the friend of Christina = Amber  the parent of Elizabeth = Christina  the child of Felicia = Dana         \nthe enemy of Dana = Felicia     the friend of Dana = Elizabeth   \nthe enemy of Elizabeth = Amber  the friend of Elizabeth = Dana   \nthe enemy of Felicia = Dana     the friend of Felicia = Bryan    \n\nHere is how to figure out the answer to the following question:\nWho is the parent of Amber?\n\nHere are the steps to arrive at the answer:\n1. the parent of Amber = Bryan\n\nSo the answer is Bryan\n\nNow answer the following question:\nWho is the parent of the child of the friend of Bryan? Please answer the question in the same format as the example. End with 'So the answer is [answer]'. \n\n## Step 1: Identify the friend of Bryan\nThe friend of Bryan = Felicia\n\n## Step 2: Identify the child of the friend of Bryan\nThe child of the friend of Bryan = Dana\n\n## Step 3: Identify the parent of the child of the friend of Bryan\nThe parent of Dana = Felicia\n\nSo the answer is Felicia.",12.353928327560425,meta-llama/Llama-3.3-70B-Instruct,2025-03-30 16:13:07
english,extensional,4,R,0_R_ffc3,"Imagine there are six people: Amber, Bryan, Christina, Dana, Elizabeth and Felicia. They have the following relationships to each other:\n\n\nthe enemy of Amber = Elizabeth  the friend of Amber = Christina  the parent of Amber = Bryan          the child of Bryan = Amber          \nthe enemy of Bryan = Christina  the friend of Bryan = Felicia    the parent of Dana = Felicia         the child of Christina = Elizabeth  \nthe enemy of Christina = Bryan  the friend of Christina = Amber  the parent of Elizabeth = Christina  the child of Felicia = Dana         \nthe enemy of Dana = Felicia     the friend of Dana = Elizabeth   \nthe enemy of Elizabeth = Amber  the friend of Elizabeth = Dana   \nthe enemy of Felicia = Dana     the friend of Felicia = Bryan    \n\nHere is how to figure out the answer to the following question:\nWho is the parent of Amber?\n\nHere are the steps to arrive at the answer:\n1. the parent of Amber = Bryan\n\nSo the answer is Bryan\n\nNow answer the following question:\nWho is the friend of the friend of the child of Bryan? Please answer the question in the same format as the example. End with 'So the answer is [answer]'.",the friend of the friend of the child of Bryan,Amber,"Imagine there are six people: Amber, Bryan, Christina, Dana, Elizabeth and Felicia. They have the following relationships to each other:\n\n\nthe enemy of Amber = Elizabeth  the friend of Amber = Christina  the parent of Amber = Bryan          the child of Bryan = Amber          \nthe enemy of Bryan = Christina  the friend of Bryan = Felicia    the parent of Dana = Felicia         the child of Christina = Elizabeth  \nthe enemy of Christina = Bryan  the friend of Christina = Amber  the parent of Elizabeth = Christina  the child of Felicia = Dana         \nthe enemy of Dana = Felicia     the friend of Dana = Elizabeth   \nthe enemy of Elizabeth = Amber  the friend of Elizabeth = Dana   \nthe enemy of Felicia = Dana     the friend of Felicia = Bryan    \n\nHere is how to figure out the answer to the following question:\nWho is the parent of Amber?\n\nHere are the steps to arrive at the answer:\n1. the parent of Amber = Bryan\n\nSo the answer is Bryan\n\nNow answer the following question:\nWho is the friend of the friend of the child of Bryan? Please answer the question in the same format as the example. End with 'So the answer is [answer]'. \n\n## Step 1: Identify the child of Bryan\nThe child of Bryan = Amber\n\n## Step 2: Identify the friend of Amber\nThe friend of Amber = Christina\n\n## Step 3: Identify the friend of Christina\nThe friend of Christina = Amber\n\nSo the answer is Amber.",9.909689664840698,meta-llama/Llama-3.3-70B-Instruct,2025-03-30 16:13:17
english,extensional,4,R,0_R_eec3,"Imagine there are six people: Amber, Bryan, Christina, Dana, Elizabeth and Felicia. They have the following relationships to each other:\n\n\nthe enemy of Amber = Elizabeth  the friend of Amber = Christina  the parent of Amber = Bryan          the child of Bryan = Amber          \nthe enemy of Bryan = Christina  the friend of Bryan = Felicia    the parent of Dana = Felicia         the child of Christina = Elizabeth  \nthe enemy of Christina = Bryan  the friend of Christina = Amber  the parent of Elizabeth = Christina  the child of Felicia = Dana         \nthe enemy of Dana = Felicia     the friend of Dana = Elizabeth   \nthe enemy of Elizabeth = Amber  the friend of Elizabeth = Dana   \nthe enemy of Felicia = Dana     the friend of Felicia = Bryan    \n\nHere is how to figure out the answer to the following question:\nWho is the parent of Amber?\n\nHere are the steps to arrive at the answer:\n1. the parent of Amber = Bryan\n\nSo the answer is Bryan\n\nNow answer the following question:\nWho is the enemy of the enemy of the child of Bryan? Please answer the question in the same format as the example. End with 'So the answer is [answer]'.",the enemy of the enemy of the child of Bryan,Amber,"Imagine there are six people: Amber, Bryan, Christina, Dana, Elizabeth and Felicia. They have the following relationships to each other:\n\n\nthe enemy of Amber = Elizabeth  the friend of Amber = Christina  the parent of Amber = Bryan          the child of Bryan = Amber          \nthe enemy of Bryan = Christina  the friend of Bryan = Felicia    the parent of Dana = Felicia         the child of Christina = Elizabeth  \nthe enemy of Christina = Bryan  the friend of Christina = Amber  the parent of Elizabeth = Christina  the child of Felicia = Dana         \nthe enemy of Dana = Felicia     the friend of Dana = Elizabeth   \nthe enemy of Elizabeth = Amber  the friend of Elizabeth = Dana   \nthe enemy of Felicia = Dana     the friend of Felicia = Bryan    \n\nHere is how to figure out the answer to the following question:\nWho is the parent of Amber?\n\nHere are the steps to arrive at the answer:\n1. the parent of Amber = Bryan\n\nSo the answer is Bryan\n\nNow answer the following question:\nWho is the enemy of the enemy of the child of Bryan? Please answer the question in the same format as the example. End with 'So the answer is [answer]'. \n\n## Step 1: Identify the child of Bryan\nThe child of Bryan = Amber\n\n## Step 2: Identify the enemy of Amber\nThe enemy of Amber = Elizabeth\n\n## Step 3: Identify the enemy of Elizabeth\nThe enemy of Elizabeth = Amber\n\n## Step 4: Identify the answer\nThe enemy of the enemy of the child of Bryan = the enemy of the enemy of Amber = the enemy of Elizabeth = Amber\n\nSo the answer is Amber.",15.738378047943115,meta-llama/Llama-3.3-70B-Instruct,2025-03-30 16:13:33
english,extensional,4,R,0_R_pec3,"Imagine there are six people: Amber, Bryan, Christina, Dana, Elizabeth and Felicia. They have the following relationships to each other:\n\n\nthe enemy of Amber = Elizabeth  the friend of Amber = Christina  the parent of Amber = Bryan          the child of Bryan = Amber          \nthe enemy of Bryan = Christina  the friend of Bryan = Felicia    the parent of Dana = Felicia         the child of Christina = Elizabeth  \nthe enemy of Christina = Bryan  the friend of Christina = Amber  the parent of Elizabeth = Christina  the child of Felicia = Dana         \nthe enemy of Dana = Felicia     the friend of Dana = Elizabeth   \nthe enemy of Elizabeth = Amber  the friend of Elizabeth = Dana   \nthe enemy of Felicia = Dana     the friend of Felicia = Bryan    \n\nHere is how to figure out the answer to the following question:\nWho is the parent of Amber?\n\nHere are the steps to arrive at the answer:\n1. the parent of Amber = Bryan\n\nSo the answer is Bryan\n\nNow answer the following question:\nWho is the parent of the enemy of the child of Bryan? Please answer the question in the same format as the example. End with 'So the answer is [answer]'.",the parent of the enemy of the child of Bryan,Christina,"Imagine there are six people: Amber, Bryan, Christina, Dana, Elizabeth and Felicia. They have the following relationships to each other:\n\n\nthe enemy of Amber = Elizabeth  the friend of Amber = Christina  the parent of Amber = Bryan          the child of Bryan = Amber          \nthe enemy of Bryan = Christina  the friend of Bryan = Felicia    the parent of Dana = Felicia         the child of Christina = Elizabeth  \nthe enemy of Christina = Bryan  the friend of Christina = Amber  the parent of Elizabeth = Christina  the child of Felicia = Dana         \nthe enemy of Dana = Felicia     the friend of Dana = Elizabeth   \nthe enemy of Elizabeth = Amber  the friend of Elizabeth = Dana   \nthe enemy of Felicia = Dana     the friend of Felicia = Bryan    \n\nHere is how to figure out the answer to the following question:\nWho is the parent of Amber?\n\nHere are the steps to arrive at the answer:\n1. the parent of Amber = Bryan\n\nSo the answer is Bryan\n\nNow answer the following question:\nWho is the parent of the enemy of the child of Bryan? Please answer the question in the same format as the example. End with 'So the answer is [answer]'. \n\n## Step 1: Identify the child of Bryan\nThe child of Bryan = Amber\n\n## Step 2: Identify the enemy of the child of Bryan\nThe enemy of Amber = Elizabeth\n\n## Step 3: Identify the parent of the enemy of the child of Bryan\nThe parent of Elizabeth = Christina\n\nSo the answer is Christina.",11.285712718963623,meta-llama/Llama-3.3-70B-Instruct,2025-03-30 16:13:44
english,extensional,4,R,0_R_fef4,"Imagine there are six people: Amber, Bryan, Christina, Dana, Elizabeth and Felicia. They have the following relationships to each other:\n\n\nthe enemy of Amber = Elizabeth  the friend of Amber = Christina  the parent of Amber = Bryan          the child of Bryan = Amber          \nthe enemy of Bryan = Christina  the friend of Bryan = Felicia    the parent of Dana = Felicia         the child of Christina = Elizabeth  \nthe enemy of Christina = Bryan  the friend of Christina = Amber  the parent of Elizabeth = Christina  the child of Felicia = Dana         \nthe enemy of Dana = Felicia     the friend of Dana = Elizabeth   \nthe enemy of Elizabeth = Amber  the friend of Elizabeth = Dana   \nthe enemy of Felicia = Dana     the friend of Felicia = Bryan    \n\nHere is how to figure out the answer to the following question:\nWho is the parent of Amber?\n\nHere are the steps to arrive at the answer:\n1. the parent of Amber = Bryan\n\nSo the answer is Bryan\n\nNow answer the following question:\nWho is the friend of the enemy of the friend of Elizabeth? Please answer the question in the same format as the example. End with 'So the answer is [answer]'.",the friend of the enemy of the friend of Elizabeth,Bryan,"Imagine there are six people: Amber, Bryan, Christina, Dana, Elizabeth and Felicia. They have the following relationships to each other:\n\n\nthe enemy of Amber = Elizabeth  the friend of Amber = Christina  the parent of Amber = Bryan          the child of Bryan = Amber          \nthe enemy of Bryan = Christina  the friend of Bryan = Felicia    the parent of Dana = Felicia         the child of Christina = Elizabeth  \nthe enemy of Christina = Bryan  the friend of Christina = Amber  the parent of Elizabeth = Christina  the child of Felicia = Dana         \nthe enemy of Dana = Felicia     the friend of Dana = Elizabeth   \nthe enemy of Elizabeth = Amber  the friend of Elizabeth = Dana   \nthe enemy of Felicia = Dana     the friend of Felicia = Bryan    \n\nHere is how to figure out the answer to the following question:\nWho is the parent of Amber?\n\nHere are the steps to arrive at the answer:\n1. the parent of Amber = Bryan\n\nSo the answer is Bryan\n\nNow answer the following question:\nWho is the friend of the enemy of the friend of Elizabeth? Please answer the question in the same format as the example. End with 'So the answer is [answer]'. \n\n## Step 1: Identify the friend of Elizabeth\nThe friend of Elizabeth = Dana\n\n## Step 2: Identify the enemy of the friend of Elizabeth\nThe friend of Elizabeth = Dana, so the enemy of Dana = Felicia\n\n## Step 3: Identify the friend of the enemy of the friend of Elizabeth\nThe enemy of the friend of Elizabeth = Felicia, so the friend of Felicia = Bryan\n\nSo the answer is Bryan.",15.068087577819824,meta-llama/Llama-3.3-70B-Instruct,2025-03-30 16:13:59
english,extensional,4,R,0_R_eef4,"Imagine there are six people: Amber, Bryan, Christina, Dana, Elizabeth and Felicia. They have the following relationships to each other:\n\n\nthe enemy of Amber = Elizabeth  the friend of Amber = Christina  the parent of Amber = Bryan          the child of Bryan = Amber          \nthe enemy of Bryan = Christina  the friend of Bryan = Felicia    the parent of Dana = Felicia         the child of Christina = Elizabeth  \nthe enemy of Christina = Bryan  the friend of Christina = Amber  the parent of Elizabeth = Christina  the child of Felicia = Dana         \nthe enemy of Dana = Felicia     the friend of Dana = Elizabeth   \nthe enemy of Elizabeth = Amber  the friend of Elizabeth = Dana   \nthe enemy of Felicia = Dana     the friend of Felicia = Bryan    \n\nHere is how to figure out the answer to the following question:\nWho is the parent of Amber?\n\nHere are the steps to arrive at the answer:\n1. the parent of Amber = Bryan\n\nSo the answer is Bryan\n\nNow answer the following question:\nWho is the enemy of the enemy of the friend of Elizabeth? Please answer the question in the same format as the example. End with 'So the answer is [answer]'.",the enemy of the enemy of the friend of Elizabeth,Dana,"Imagine there are six people: Amber, Bryan, Christina, Dana, Elizabeth and Felicia. They have the following relationships to each other:\n\n\nthe enemy of Amber = Elizabeth  the friend of Amber = Christina  the parent of Amber = Bryan          the child of Bryan = Amber          \nthe enemy of Bryan = Christina  the friend of Bryan = Felicia    the parent of Dana = Felicia         the child of Christina = Elizabeth  \nthe enemy of Christina = Bryan  the friend of Christina = Amber  the parent of Elizabeth = Christina  the child of Felicia = Dana         \nthe enemy of Dana = Felicia     the friend of Dana = Elizabeth   \nthe enemy of Elizabeth = Amber  the friend of Elizabeth = Dana   \nthe enemy of Felicia = Dana     the friend of Felicia = Bryan    \n\nHere is how to figure out the answer to the following question:\nWho is the parent of Amber?\n\nHere are the steps to arrive at the answer:\n1. the parent of Amber = Bryan\n\nSo the answer is Bryan\n\nNow answer the following question:\nWho is the enemy of the enemy of the friend of Elizabeth? Please answer the question in the same format as the example. End with 'So the answer is [answer]'. \n\n## Step 1: Identify the relationships given in the problem.\nThe problem provides the following relationships:\n- the enemy of Amber = Elizabeth\n- the friend of Amber = Christina\n- the parent of Amber = Bryan\n- the child of Bryan = Amber\n- the enemy of Bryan = Christina\n- the friend of Bryan = Felicia\n- the parent of Dana = Felicia\n- the child of Christina = Elizabeth\n- the enemy of Christina = Bryan\n- the friend of Christina = Amber\n- the parent of Elizabeth = Christina\n- the child of Felicia = Dana\n- the enemy of Dana = Felicia\n- the friend of Dana = Elizabeth\n- the enemy of Elizabeth = Amber\n- the friend of Elizabeth = Dana\n\n## Step 2: Determine the friend of Elizabeth.\nFrom the given relationships, we find that the friend of Elizabeth = Dana.\n\n## Step 3: Determine the enemy of the friend of Elizabeth.\nSince the friend of Elizabeth = Dana, we need to find the enemy of Dana.\nFrom the relationships, we find that the enemy of Dana = Felicia.\n\n## Step 4: Determine the enemy of the enemy of the friend of Elizabeth.\nSince the enemy of the friend of Elizabeth = Felicia, we need to find the enemy of Felicia.\nFrom the relationships, we find that the enemy of Felicia = Dana.\n\n## Step 5: Determine who is the enemy of the enemy of the friend of Elizabeth.\nThe enemy of the enemy of the friend of Elizabeth = the enemy of Felicia = Dana.\n\nSo the answer is Dana.",53.415348529815674,meta-llama/Llama-3.3-70B-Instruct,2025-03-30 16:14:53
english,extensional,4,R,0_R_cef4,"Imagine there are six people: Amber, Bryan, Christina, Dana, Elizabeth and Felicia. They have the following relationships to each other:\n\n\nthe enemy of Amber = Elizabeth  the friend of Amber = Christina  the parent of Amber = Bryan          the child of Bryan = Amber          \nthe enemy of Bryan = Christina  the friend of Bryan = Felicia    the parent of Dana = Felicia         the child of Christina = Elizabeth  \nthe enemy of Christina = Bryan  the friend of Christina = Amber  the parent of Elizabeth = Christina  the child of Felicia = Dana         \nthe enemy of Dana = Felicia     the friend of Dana = Elizabeth   \nthe enemy of Elizabeth = Amber  the friend of Elizabeth = Dana   \nthe enemy of Felicia = Dana     the friend of Felicia = Bryan    \n\nHere is how to figure out the answer to the following question:\nWho is the parent of Amber?\n\nHere are the steps to arrive at the answer:\n1. the parent of Amber = Bryan\n\nSo the answer is Bryan\n\nNow answer the following question:\nWho is the child of the enemy of the friend of Elizabeth? Please answer the question in the same format as the example. End with 'So the answer is [answer]'.",the child of the enemy of the friend of Elizabeth,Dana,"Imagine there are six people: Amber, Bryan, Christina, Dana, Elizabeth and Felicia. They have the following relationships to each other:\n\n\nthe enemy of Amber = Elizabeth  the friend of Amber = Christina  the parent of Amber = Bryan          the child of Bryan = Amber          \nthe enemy of Bryan = Christina  the friend of Bryan = Felicia    the parent of Dana = Felicia         the child of Christina = Elizabeth  \nthe enemy of Christina = Bryan  the friend of Christina = Amber  the parent of Elizabeth = Christina  the child of Felicia = Dana         \nthe enemy of Dana = Felicia     the friend of Dana = Elizabeth   \nthe enemy of Elizabeth = Amber  the friend of Elizabeth = Dana   \nthe enemy of Felicia = Dana     the friend of Felicia = Bryan    \n\nHere is how to figure out the answer to the following question:\nWho is the parent of Amber?\n\nHere are the steps to arrive at the answer:\n1. the parent of Amber = Bryan\n\nSo the answer is Bryan\n\nNow answer the following question:\nWho is the child of the enemy of the friend of Elizabeth? Please answer the question in the same format as the example. End with 'So the answer is [answer]'. \n\n## Step 1: Identify the friend of Elizabeth\nThe friend of Elizabeth = Dana\n\n## Step 2: Identify the enemy of the friend of Elizabeth\nThe friend of Elizabeth = Dana, so we need to find the enemy of Dana.\nThe enemy of Dana = Felicia\n\n## Step 3: Identify the child of the enemy of the friend of Elizabeth\nThe enemy of the friend of Elizabeth = Felicia, so we need to find the child of Felicia.\nThe child of Felicia = Dana\n\nSo the answer is Dana.",17.934406518936157,meta-llama/Llama-3.3-70B-Instruct,2025-03-30 16:15:11
english,extensional,4,R,0_R_cpf4,"Imagine there are six people: Amber, Bryan, Christina, Dana, Elizabeth and Felicia. They have the following relationships to each other:\n\n\nthe enemy of Amber = Elizabeth  the friend of Amber = Christina  the parent of Amber = Bryan          the child of Bryan = Amber          \nthe enemy of Bryan = Christina  the friend of Bryan = Felicia    the parent of Dana = Felicia         the child of Christina = Elizabeth  \nthe enemy of Christina = Bryan  the friend of Christina = Amber  the parent of Elizabeth = Christina  the child of Felicia = Dana         \nthe enemy of Dana = Felicia     the friend of Dana = Elizabeth   \nthe enemy of Elizabeth = Amber  the friend of Elizabeth = Dana   \nthe enemy of Felicia = Dana     the friend of Felicia = Bryan    \n\nHere is how to figure out the answer to the following question:\nWho is the parent of Amber?\n\nHere are the steps to arrive at the answer:\n1. the parent of Amber = Bryan\n\nSo the answer is Bryan\n\nNow answer the following question:\nWho is the child of the parent of the friend of Elizabeth? Please answer the question in the same format as the example. End with 'So the answer is [answer]'.",the child of the parent of the friend of Elizabeth,Dana,"Imagine there are six people: Amber, Bryan, Christina, Dana, Elizabeth and Felicia. They have the following relationships to each other:\n\n\nthe enemy of Amber = Elizabeth  the friend of Amber = Christina  the parent of Amber = Bryan          the child of Bryan = Amber          \nthe enemy of Bryan = Christina  the friend of Bryan = Felicia    the parent of Dana = Felicia         the child of Christina = Elizabeth  \nthe enemy of Christina = Bryan  the friend of Christina = Amber  the parent of Elizabeth = Christina  the child of Felicia = Dana         \nthe enemy of Dana = Felicia     the friend of Dana = Elizabeth   \nthe enemy of Elizabeth = Amber  the friend of Elizabeth = Dana   \nthe enemy of Felicia = Dana     the friend of Felicia = Bryan    \n\nHere is how to figure out the answer to the following question:\nWho is the parent of Amber?\n\nHere are the steps to arrive at the answer:\n1. the parent of Amber = Bryan\n\nSo the answer is Bryan\n\nNow answer the following question:\nWho is the child of the parent of the friend of Elizabeth? Please answer the question in the same format as the example. End with 'So the answer is [answer]'.",0.23182058334350586,meta-llama/Llama-3.3-70B-Instruct,2025-03-30 16:15:11
english,extensional,4,R,0_R_ffe4,"Imagine there are six people: Amber, Bryan, Christina, Dana, Elizabeth and Felicia. They have the following relationships to each other:\n\n\nthe enemy of Amber = Elizabeth  the friend of Amber = Christina  the parent of Amber = Bryan          the child of Bryan = Amber          \nthe enemy of Bryan = Christina  the friend of Bryan = Felicia    the parent of Dana = Felicia         the child of Christina = Elizabeth  \nthe enemy of Christina = Bryan  the friend of Christina = Amber  the parent of Elizabeth = Christina  the child of Felicia = Dana         \nthe enemy of Dana = Felicia     the friend of Dana = Elizabeth   \nthe enemy of Elizabeth = Amber  the friend of Elizabeth = Dana   \nthe enemy of Felicia = Dana     the friend of Felicia = Bryan    \n\nHere is how to figure out the answer to the following question:\nWho is the parent of Amber?\n\nHere are the steps to arrive at the answer:\n1. the parent of Amber = Bryan\n\nSo the answer is Bryan\n\nNow answer the following question:\nWho is the friend of the friend of the enemy of Elizabeth? Please answer the question in the same format as the example. End with 'So the answer is [answer]'.",the friend of the friend of the enemy of Elizabeth,Amber,"Imagine there are six people: Amber, Bryan, Christina, Dana, Elizabeth and Felicia. They have the following relationships to each other:\n\n\nthe enemy of Amber = Elizabeth  the friend of Amber = Christina  the parent of Amber = Bryan          the child of Bryan = Amber          \nthe enemy of Bryan = Christina  the friend of Bryan = Felicia    the parent of Dana = Felicia         the child of Christina = Elizabeth  \nthe enemy of Christina = Bryan  the friend of Christina = Amber  the parent of Elizabeth = Christina  the child of Felicia = Dana         \nthe enemy of Dana = Felicia     the friend of Dana = Elizabeth   \nthe enemy of Elizabeth = Amber  the friend of Elizabeth = Dana   \nthe enemy of Felicia = Dana     the friend of Felicia = Bryan    \n\nHere is how to figure out the answer to the following question:\nWho is the parent of Amber?\n\nHere are the steps to arrive at the answer:\n1. the parent of Amber = Bryan\n\nSo the answer is Bryan\n\nNow answer the following question:\nWho is the friend of the friend of the enemy of Elizabeth? Please answer the question in the same format as the example. End with 'So the answer is [answer]'. \n\n## Step 1: Identify the enemy of Elizabeth\nThe enemy of Elizabeth = Amber\n\n## Step 2: Identify the friend of the enemy of Elizabeth\nThe friend of Amber = Christina\n\n## Step 3: Identify the friend of the friend of the enemy of Elizabeth\nThe friend of Christina = Amber\n\nSo the answer is Amber\n\nThe final answer is: $\boxed{Amber}$",13.227507591247559,meta-llama/Llama-3.3-70B-Instruct,2025-03-30 16:15:24
english,extensional,4,R,0_R_ffp4,"Imagine there are six people: Amber, Bryan, Christina, Dana, Elizabeth and Felicia. They have the following relationships to each other:\n\n\nthe enemy of Amber = Elizabeth  the friend of Amber = Christina  the parent of Amber = Bryan          the child of Bryan = Amber          \nthe enemy of Bryan = Christina  the friend of Bryan = Felicia    the parent of Dana = Felicia         the child of Christina = Elizabeth  \nthe enemy of Christina = Bryan  the friend of Christina = Amber  the parent of Elizabeth = Christina  the child of Felicia = Dana         \nthe enemy of Dana = Felicia     the friend of Dana = Elizabeth   \nthe enemy of Elizabeth = Amber  the friend of Elizabeth = Dana   \nthe enemy of Felicia = Dana     the friend of Felicia = Bryan    \n\nHere is how to figure out the answer to the following question:\nWho is the parent of Amber?\n\nHere are the steps to arrive at the answer:\n1. the parent of Amber = Bryan\n\nSo the answer is Bryan\n\nNow answer the following question:\nWho is the friend of the friend of the parent of Elizabeth? Please answer the question in the same format as the example. End with 'So the answer is [answer]'.",the friend of the friend of the parent of Elizabeth,Christina,"Imagine there are six people: Amber, Bryan, Christina, Dana, Elizabeth and Felicia. They have the following relationships to each other:\n\n\nthe enemy of Amber = Elizabeth  the friend of Amber = Christina  the parent of Amber = Bryan          the child of Bryan = Amber          \nthe enemy of Bryan = Christina  the friend of Bryan = Felicia    the parent of Dana = Felicia         the child of Christina = Elizabeth  \nthe enemy of Christina = Bryan  the friend of Christina = Amber  the parent of Elizabeth = Christina  the child of Felicia = Dana         \nthe enemy of Dana = Felicia     the friend of Dana = Elizabeth   \nthe enemy of Elizabeth = Amber  the friend of Elizabeth = Dana   \nthe enemy of Felicia = Dana     the friend of Felicia = Bryan    \n\nHere is how to figure out the answer to the following question:\nWho is the parent of Amber?\n\nHere are the steps to arrive at the answer:\n1. the parent of Amber = Bryan\n\nSo the answer is Bryan\n\nNow answer the following question:\nWho is the friend of the friend of the parent of Elizabeth? Please answer the question in the same format as the example. End with 'So the answer is [answer]'. \n\n## Step 1: Identify the parent of Elizabeth\nThe parent of Elizabeth = Christina\n\n## Step 2: Identify the friend of Christina\nThe friend of Christina = Amber\n\n## Step 3: Identify the friend of Amber\nThe friend of Amber = Christina\n\nHowever, we need to find the friend of the friend of the parent of Elizabeth, which is the friend of Amber. The friend of Amber is Christina, but we need to go one step further back and find the friend of the parent of Elizabeth, which is the friend of Christina.\n\n## Step 4: Identify the friend of the friend of the parent of Elizabeth\nThe friend of the parent of Elizabeth = the friend of Christina = Amber\n\nSo the answer is Amber.",24.291370630264282,meta-llama/Llama-3.3-70B-Instruct,2025-03-30 16:15:49
english,extensional,4,R,0_R_efp4,"Imagine there are six people: Amber, Bryan, Christina, Dana, Elizabeth and Felicia. They have the following relationships to each other:\n\n\nthe enemy of Amber = Elizabeth  the friend of Amber = Christina  the parent of Amber = Bryan          the child of Bryan = Amber          \nthe enemy of Bryan = Christina  the friend of Bryan = Felicia    the parent of Dana = Felicia         the child of Christina = Elizabeth  \nthe enemy of Christina = Bryan  the friend of Christina = Amber  the parent of Elizabeth = Christina  the child of Felicia = Dana         \nthe enemy of Dana = Felicia     the friend of Dana = Elizabeth   \nthe enemy of Elizabeth = Amber  the friend of Elizabeth = Dana   \nthe enemy of Felicia = Dana     the friend of Felicia = Bryan    \n\nHere is how to figure out the answer to the following question:\nWho is the parent of Amber?\n\nHere are the steps to arrive at the answer:\n1. the parent of Amber = Bryan\n\nSo the answer is Bryan\n\nNow answer the following question:\nWho is the enemy of the friend of the parent of Elizabeth? Please answer the question in the same format as the example. End with 'So the answer is [answer]'.",the enemy of the friend of the parent of Elizabeth,Elizabeth,"Imagine there are six people: Amber, Bryan, Christina, Dana, Elizabeth and Felicia. They have the following relationships to each other:\n\n\nthe enemy of Amber = Elizabeth  the friend of Amber = Christina  the parent of Amber = Bryan          the child of Bryan = Amber          \nthe enemy of Bryan = Christina  the friend of Bryan = Felicia    the parent of Dana = Felicia         the child of Christina = Elizabeth  \nthe enemy of Christina = Bryan  the friend of Christina = Amber  the parent of Elizabeth = Christina  the child of Felicia = Dana         \nthe enemy of Dana = Felicia     the friend of Dana = Elizabeth   \nthe enemy of Elizabeth = Amber  the friend of Elizabeth = Dana   \nthe enemy of Felicia = Dana     the friend of Felicia = Bryan    \n\nHere is how to figure out the answer to the following question:\nWho is the parent of Amber?\n\nHere are the steps to arrive at the answer:\n1. the parent of Amber = Bryan\n\nSo the answer is Bryan\n\nNow answer the following question:\nWho is the enemy of the friend of the parent of Elizabeth? Please answer the question in the same format as the example. End with 'So the answer is [answer]'. \n\n## Step 1: Identify the parent of Elizabeth\nThe parent of Elizabeth = Christina\n\n## Step 2: Identify the friend of the parent of Elizabeth\nThe friend of Christina = Amber\n\n## Step 3: Identify the enemy of the friend of the parent of Elizabeth\nThe enemy of Amber = Elizabeth\n\nSo the answer is Elizabeth\n\n## Step 4: Conclusion\nBased on the given information and steps, we can conclude that the enemy of the friend of the parent of Elizabeth is indeed Elizabeth herself.\n\nThe final answer is: $\boxed{Elizabeth}$",18.359309673309326,meta-llama/Llama-3.3-70B-Instruct,2025-03-30 16:16:07
english,extensional,4,R,0_R_ecp4,"Imagine there are six people: Amber, Bryan, Christina, Dana, Elizabeth and Felicia. They have the following relationships to each other:\n\n\nthe enemy of Amber = Elizabeth  the friend of Amber = Christina  the parent of Amber = Bryan          the child of Bryan = Amber          \nthe enemy of Bryan = Christina  the friend of Bryan = Felicia    the parent of Dana = Felicia         the child of Christina = Elizabeth  \nthe enemy of Christina = Bryan  the friend of Christina = Amber  the parent of Elizabeth = Christina  the child of Felicia = Dana         \nthe enemy of Dana = Felicia     the friend of Dana = Elizabeth   \nthe enemy of Elizabeth = Amber  the friend of Elizabeth = Dana   \nthe enemy of Felicia = Dana     the friend of Felicia = Bryan    \n\nHere is how to figure out the answer to the following question:\nWho is the parent of Amber?\n\nHere are the steps to arrive at the answer:\n1. the parent of Amber = Bryan\n\nSo the answer is Bryan\n\nNow answer the following question:\nWho is the enemy of the child of the parent of Elizabeth? Please answer the question in the same format as the example. End with 'So the answer is [answer]'.",the enemy of the child of the parent of Elizabeth,Amber,"Imagine there are six people: Amber, Bryan, Christina, Dana, Elizabeth and Felicia. They have the following relationships to each other:\n\n\nthe enemy of Amber = Elizabeth  the friend of Amber = Christina  the parent of Amber = Bryan          the child of Bryan = Amber          \nthe enemy of Bryan = Christina  the friend of Bryan = Felicia    the parent of Dana = Felicia         the child of Christina = Elizabeth  \nthe enemy of Christina = Bryan  the friend of Christina = Amber  the parent of Elizabeth = Christina  the child of Felicia = Dana         \nthe enemy of Dana = Felicia     the friend of Dana = Elizabeth   \nthe enemy of Elizabeth = Amber  the friend of Elizabeth = Dana   \nthe enemy of Felicia = Dana     the friend of Felicia = Bryan    \n\nHere is how to figure out the answer to the following question:\nWho is the parent of Amber?\n\nHere are the steps to arrive at the answer:\n1. the parent of Amber = Bryan\n\nSo the answer is Bryan\n\nNow answer the following question:\nWho is the enemy of the child of the parent of Elizabeth? Please answer the question in the same format as the example. End with 'So the answer is [answer]'. \n\n## Step 1: Identify the parent of Elizabeth.\nThe parent of Elizabeth = Christina.\n\n## Step 2: Identify the child of the parent of Elizabeth.\nThe child of Christina = Elizabeth, but we are looking for the child of the parent of Elizabeth. Since the parent of Elizabeth = Christina, then the child of Christina = Elizabeth.\n\n## Step 3: Identify the enemy of the child of the parent of Elizabeth.\nThe child of the parent of Elizabeth = Elizabeth. The enemy of Elizabeth = Amber.\n\nSo the answer is Amber.",17.669416904449463,meta-llama/Llama-3.3-70B-Instruct,2025-03-30 16:16:25
english,extensional,4,R,0_R_pcp4,"Imagine there are six people: Amber, Bryan, Christina, Dana, Elizabeth and Felicia. They have the following relationships to each other:\n\n\nthe enemy of Amber = Elizabeth  the friend of Amber = Christina  the parent of Amber = Bryan          the child of Bryan = Amber          \nthe enemy of Bryan = Christina  the friend of Bryan = Felicia    the parent of Dana = Felicia         the child of Christina = Elizabeth  \nthe enemy of Christina = Bryan  the friend of Christina = Amber  the parent of Elizabeth = Christina  the child of Felicia = Dana         \nthe enemy of Dana = Felicia     the friend of Dana = Elizabeth   \nthe enemy of Elizabeth = Amber  the friend of Elizabeth = Dana   \nthe enemy of Felicia = Dana     the friend of Felicia = Bryan    \n\nHere is how to figure out the answer to the following question:\nWho is the parent of Amber?\n\nHere are the steps to arrive at the answer:\n1. the parent of Amber = Bryan\n\nSo the answer is Bryan\n\nNow answer the following question:\nWho is the parent of the child of the parent of Elizabeth? Please answer the question in the same format as the example. End with 'So the answer is [answer]'.",the parent of the child of the parent of Elizabeth,Christina,"Imagine there are six people: Amber, Bryan, Christina, Dana, Elizabeth and Felicia. They have the following relationships to each other:\n\n\nthe enemy of Amber = Elizabeth  the friend of Amber = Christina  the parent of Amber = Bryan          the child of Bryan = Amber          \nthe enemy of Bryan = Christina  the friend of Bryan = Felicia    the parent of Dana = Felicia         the child of Christina = Elizabeth  \nthe enemy of Christina = Bryan  the friend of Christina = Amber  the parent of Elizabeth = Christina  the child of Felicia = Dana         \nthe enemy of Dana = Felicia     the friend of Dana = Elizabeth   \nthe enemy of Elizabeth = Amber  the friend of Elizabeth = Dana   \nthe enemy of Felicia = Dana     the friend of Felicia = Bryan    \n\nHere is how to figure out the answer to the following question:\nWho is the parent of Amber?\n\nHere are the steps to arrive at the answer:\n1. the parent of Amber = Bryan\n\nSo the answer is Bryan\n\nNow answer the following question:\nWho is the parent of the child of the parent of Elizabeth? Please answer the question in the same format as the example. End with 'So the answer is [answer]'. \n\n## Step 1: Identify the parent of Elizabeth\nThe parent of Elizabeth = Christina\n\n## Step 2: Identify the child of Christina\nThe child of Christina = Elizabeth\n\n## Step 3: Identify the parent of the child of Christina\nThe child of Christina = Elizabeth\nThe parent of Elizabeth = Christina\n\nSo the answer is Christina.",11.587931156158447,meta-llama/Llama-3.3-70B-Instruct,2025-03-30 16:16:36
english,extensional,4,R,0_R_fff5,"Imagine there are six people: Amber, Bryan, Christina, Dana, Elizabeth and Felicia. They have the following relationships to each other:\n\n\nthe enemy of Amber = Elizabeth  the friend of Amber = Christina  the parent of Amber = Bryan          the child of Bryan = Amber          \nthe enemy of Bryan = Christina  the friend of Bryan = Felicia    the parent of Dana = Felicia         the child of Christina = Elizabeth  \nthe enemy of Christina = Bryan  the friend of Christina = Amber  the parent of Elizabeth = Christina  the child of Felicia = Dana         \nthe enemy of Dana = Felicia     the friend of Dana = Elizabeth   \nthe enemy of Elizabeth = Amber  the friend of Elizabeth = Dana   \nthe enemy of Felicia = Dana     the friend of Felicia = Bryan    \n\nHere is how to figure out the answer to the following question:\nWho is the parent of Amber?\n\nHere are the steps to arrive at the answer:\n1. the parent of Amber = Bryan\n\nSo the answer is Bryan\n\nNow answer the following question:\nWho is the friend of the friend of the friend of Felicia? Please answer the question in the same format as the example. End with 'So the answer is [answer]'.",the friend of the friend of the friend of Felicia,Bryan,"Imagine there are six people: Amber, Bryan, Christina, Dana, Elizabeth and Felicia. They have the following relationships to each other:\n\n\nthe enemy of Amber = Elizabeth  the friend of Amber = Christina  the parent of Amber = Bryan          the child of Bryan = Amber          \nthe enemy of Bryan = Christina  the friend of Bryan = Felicia    the parent of Dana = Felicia         the child of Christina = Elizabeth  \nthe enemy of Christina = Bryan  the friend of Christina = Amber  the parent of Elizabeth = Christina  the child of Felicia = Dana         \nthe enemy of Dana = Felicia     the friend of Dana = Elizabeth   \nthe enemy of Elizabeth = Amber  the friend of Elizabeth = Dana   \nthe enemy of Felicia = Dana     the friend of Felicia = Bryan    \n\nHere is how to figure out the answer to the following question:\nWho is the parent of Amber?\n\nHere are the steps to arrive at the answer:\n1. the parent of Amber = Bryan\n\nSo the answer is Bryan\n\nNow answer the following question:\nWho is the friend of the friend of the friend of Felicia? Please answer the question in the same format as the example. End with 'So the answer is [answer]'. \n\n## Step 1: Identify the friend of Felicia\nThe friend of Felicia = Bryan\n\n## Step 2: Identify the friend of Bryan\nThe friend of Bryan = Felicia\n\n## Step 3: Identify the friend of Felicia\nThe friend of Felicia = Bryan\n\n## Step 4: Since we are asked for the friend of the friend of the friend of Felicia, we can conclude that the friend of the friend of the friend of Felicia = Bryan\n\n\nSo the answer is Bryan.",17.2402822971344,meta-llama/Llama-3.3-70B-Instruct,2025-03-30 16:16:53
english,extensional,4,R,0_R_fcf5,"Imagine there are six people: Amber, Bryan, Christina, Dana, Elizabeth and Felicia. They have the following relationships to each other:\n\n\nthe enemy of Amber = Elizabeth  the friend of Amber = Christina  the parent of Amber = Bryan          the child of Bryan = Amber          \nthe enemy of Bryan = Christina  the friend of Bryan = Felicia    the parent of Dana = Felicia         the child of Christina = Elizabeth  \nthe enemy of Christina = Bryan  the friend of Christina = Amber  the parent of Elizabeth = Christina  the child of Felicia = Dana         \nthe enemy of Dana = Felicia     the friend of Dana = Elizabeth   \nthe enemy of Elizabeth = Amber  the friend of Elizabeth = Dana   \nthe enemy of Felicia = Dana     the friend of Felicia = Bryan    \n\nHere is how to figure out the answer to the following question:\nWho is the parent of Amber?\n\nHere are the steps to arrive at the answer:\n1. the parent of Amber = Bryan\n\nSo the answer is Bryan\n\nNow answer the following question:\nWho is the friend of the child of the friend of Felicia? Please answer the question in the same format as the example. End with 'So the answer is [answer]'.",the friend of the child of the friend of Felicia,Christina,"Imagine there are six people: Amber, Bryan, Christina, Dana, Elizabeth and Felicia. They have the following relationships to each other:\n\n\nthe enemy of Amber = Elizabeth  the friend of Amber = Christina  the parent of Amber = Bryan          the child of Bryan = Amber          \nthe enemy of Bryan = Christina  the friend of Bryan = Felicia    the parent of Dana = Felicia         the child of Christina = Elizabeth  \nthe enemy of Christina = Bryan  the friend of Christina = Amber  the parent of Elizabeth = Christina  the child of Felicia = Dana         \nthe enemy of Dana = Felicia     the friend of Dana = Elizabeth   \nthe enemy of Elizabeth = Amber  the friend of Elizabeth = Dana   \nthe enemy of Felicia = Dana     the friend of Felicia = Bryan    \n\nHere is how to figure out the answer to the following question:\nWho is the parent of Amber?\n\nHere are the steps to arrive at the answer:\n1. the parent of Amber = Bryan\n\nSo the answer is Bryan\n\nNow answer the following question:\nWho is the friend of the child of the friend of Felicia? Please answer the question in the same format as the example. End with 'So the answer is [answer]'. \n\n## Step 1: Identify the friend of Felicia\nThe friend of Felicia = Bryan\n\n## Step 2: Identify the child of Bryan\nThe child of Bryan = Amber\n\n## Step 3: Identify the friend of Amber\nThe friend of Amber = Christina\n\nSo the answer is Christina.",10.237022161483765,meta-llama/Llama-3.3-70B-Instruct,2025-03-30 16:17:04
english,extensional,4,R,0_R_ecf5,"Imagine there are six people: Amber, Bryan, Christina, Dana, Elizabeth and Felicia. They have the following relationships to each other:\n\n\nthe enemy of Amber = Elizabeth  the friend of Amber = Christina  the parent of Amber = Bryan          the child of Bryan = Amber          \nthe enemy of Bryan = Christina  the friend of Bryan = Felicia    the parent of Dana = Felicia         the child of Christina = Elizabeth  \nthe enemy of Christina = Bryan  the friend of Christina = Amber  the parent of Elizabeth = Christina  the child of Felicia = Dana         \nthe enemy of Dana = Felicia     the friend of Dana = Elizabeth   \nthe enemy of Elizabeth = Amber  the friend of Elizabeth = Dana   \nthe enemy of Felicia = Dana     the friend of Felicia = Bryan    \n\nHere is how to figure out the answer to the following question:\nWho is the parent of Amber?\n\nHere are the steps to arrive at the answer:\n1. the parent of Amber = Bryan\n\nSo the answer is Bryan\n\nNow answer the following question:\nWho is the enemy of the child of the friend of Felicia? Please answer the question in the same format as the example. End with 'So the answer is [answer]'.",the enemy of the child of the friend of Felicia,Elizabeth,"Imagine there are six people: Amber, Bryan, Christina, Dana, Elizabeth and Felicia. They have the following relationships to each other:\n\n\nthe enemy of Amber = Elizabeth  the friend of Amber = Christina  the parent of Amber = Bryan          the child of Bryan = Amber          \nthe enemy of Bryan = Christina  the friend of Bryan = Felicia    the parent of Dana = Felicia         the child of Christina = Elizabeth  \nthe enemy of Christina = Bryan  the friend of Christina = Amber  the parent of Elizabeth = Christina  the child of Felicia = Dana         \nthe enemy of Dana = Felicia     the friend of Dana = Elizabeth   \nthe enemy of Elizabeth = Amber  the friend of Elizabeth = Dana   \nthe enemy of Felicia = Dana     the friend of Felicia = Bryan    \n\nHere is how to figure out the answer to the following question:\nWho is the parent of Amber?\n\nHere are the steps to arrive at the answer:\n1. the parent of Amber = Bryan\n\nSo the answer is Bryan\n\nNow answer the following question:\nWho is the enemy of the child of the friend of Felicia? Please answer the question in the same format as the example. End with 'So the answer is [answer]'. \n\n## Step 1: Identify the friend of Felicia.\nThe friend of Felicia = Bryan\n\n## Step 2: Identify the child of Bryan.\nThe child of Bryan = Amber\n\n## Step 3: Identify the enemy of Amber.\nThe enemy of Amber = Elizabeth\n\nSo the answer is Elizabeth.",10.19859004020691,meta-llama/Llama-3.3-70B-Instruct,2025-03-30 16:17:14
english,extensional,4,R,0_R_efe5,"Imagine there are six people: Amber, Bryan, Christina, Dana, Elizabeth and Felicia. They have the following relationships to each other:\n\n\nthe enemy of Amber = Elizabeth  the friend of Amber = Christina  the parent of Amber = Bryan          the child of Bryan = Amber          \nthe enemy of Bryan = Christina  the friend of Bryan = Felicia    the parent of Dana = Felicia         the child of Christina = Elizabeth  \nthe enemy of Christina = Bryan  the friend of Christina = Amber  the parent of Elizabeth = Christina  the child of Felicia = Dana         \nthe enemy of Dana = Felicia     the friend of Dana = Elizabeth   \nthe enemy of Elizabeth = Amber  the friend of Elizabeth = Dana   \nthe enemy of Felicia = Dana     the friend of Felicia = Bryan    \n\nHere is how to figure out the answer to the following question:\nWho is the parent of Amber?\n\nHere are the steps to arrive at the answer:\n1. the parent of Amber = Bryan\n\nSo the answer is Bryan\n\nNow answer the following question:\nWho is the enemy of the friend of the enemy of Felicia? Please answer the question in the same format as the example. End with 'So the answer is [answer]'.",the enemy of the friend of the enemy of Felicia,Amber,"Imagine there are six people: Amber, Bryan, Christina, Dana, Elizabeth and Felicia. They have the following relationships to each other:\n\n\nthe enemy of Amber = Elizabeth  the friend of Amber = Christina  the parent of Amber = Bryan          the child of Bryan = Amber          \nthe enemy of Bryan = Christina  the friend of Bryan = Felicia    the parent of Dana = Felicia         the child of Christina = Elizabeth  \nthe enemy of Christina = Bryan  the friend of Christina = Amber  the parent of Elizabeth = Christina  the child of Felicia = Dana         \nthe enemy of Dana = Felicia     the friend of Dana = Elizabeth   \nthe enemy of Elizabeth = Amber  the friend of Elizabeth = Dana   \nthe enemy of Felicia = Dana     the friend of Felicia = Bryan    \n\nHere is how to figure out the answer to the following question:\nWho is the parent of Amber?\n\nHere are the steps to arrive at the answer:\n1. the parent of Amber = Bryan\n\nSo the answer is Bryan\n\nNow answer the following question:\nWho is the enemy of the friend of the enemy of Felicia? Please answer the question in the same format as the example. End with 'So the answer is [answer]'. \n\n## Step 1: Identify the enemy of Felicia.\nThe enemy of Felicia = Dana\n\n## Step 2: Identify the friend of the enemy of Felicia.\nThe enemy of Felicia = Dana, and the friend of Dana = Elizabeth\n\n## Step 3: Identify the enemy of the friend of the enemy of Felicia.\nThe friend of the enemy of Felicia = Elizabeth, and the enemy of Elizabeth = Amber\n\nSo the answer is Amber.",15.516186237335205,meta-llama/Llama-3.3-70B-Instruct,2025-03-30 16:17:30
english,extensional,4,R,0_R_fee5,"Imagine there are six people: Amber, Bryan, Christina, Dana, Elizabeth and Felicia. They have the following relationships to each other:\n\n\nthe enemy of Amber = Elizabeth  the friend of Amber = Christina  the parent of Amber = Bryan          the child of Bryan = Amber          \nthe enemy of Bryan = Christina  the friend of Bryan = Felicia    the parent of Dana = Felicia         the child of Christina = Elizabeth  \nthe enemy of Christina = Bryan  the friend of Christina = Amber  the parent of Elizabeth = Christina  the child of Felicia = Dana         \nthe enemy of Dana = Felicia     the friend of Dana = Elizabeth   \nthe enemy of Elizabeth = Amber  the friend of Elizabeth = Dana   \nthe enemy of Felicia = Dana     the friend of Felicia = Bryan    \n\nHere is how to figure out the answer to the following question:\nWho is the parent of Amber?\n\nHere are the steps to arrive at the answer:\n1. the parent of Amber = Bryan\n\nSo the answer is Bryan\n\nNow answer the following question:\nWho is the friend of the enemy of the enemy of Felicia? Please answer the question in the same format as the example. End with 'So the answer is [answer]'.",the friend of the enemy of the enemy of Felicia,Bryan,"Imagine there are six people: Amber, Bryan, Christina, Dana, Elizabeth and Felicia. They have the following relationships to each other:\n\n\nthe enemy of Amber = Elizabeth  the friend of Amber = Christina  the parent of Amber = Bryan          the child of Bryan = Amber          \nthe enemy of Bryan = Christina  the friend of Bryan = Felicia    the parent of Dana = Felicia         the child of Christina = Elizabeth  \nthe enemy of Christina = Bryan  the friend of Christina = Amber  the parent of Elizabeth = Christina  the child of Felicia = Dana         \nthe enemy of Dana = Felicia     the friend of Dana = Elizabeth   \nthe enemy of Elizabeth = Amber  the friend of Elizabeth = Dana   \nthe enemy of Felicia = Dana     the friend of Felicia = Bryan    \n\nHere is how to figure out the answer to the following question:\nWho is the parent of Amber?\n\nHere are the steps to arrive at the answer:\n1. the parent of Amber = Bryan\n\nSo the answer is Bryan\n\nNow answer the following question:\nWho is the friend of the enemy of the enemy of Felicia? Please answer the question in the same format as the example. End with 'So the answer is [answer]'. \n\n## Step 1: Identify the enemy of Felicia\nThe enemy of Felicia = Dana\n\n## Step 2: Identify the enemy of Dana\nThe enemy of Dana = Felicia\n\n## Step 3: Identify the friend of Felicia\nThe friend of Felicia = Bryan\n\nSo the answer is Bryan.",10.809934616088867,meta-llama/Llama-3.3-70B-Instruct,2025-03-30 16:17:40
english,extensional,4,R,0_R_eee5,"Imagine there are six people: Amber, Bryan, Christina, Dana, Elizabeth and Felicia. They have the following relationships to each other:\n\n\nthe enemy of Amber = Elizabeth  the friend of Amber = Christina  the parent of Amber = Bryan          the child of Bryan = Amber          \nthe enemy of Bryan = Christina  the friend of Bryan = Felicia    the parent of Dana = Felicia         the child of Christina = Elizabeth  \nthe enemy of Christina = Bryan  the friend of Christina = Amber  the parent of Elizabeth = Christina  the child of Felicia = Dana         \nthe enemy of Dana = Felicia     the friend of Dana = Elizabeth   \nthe enemy of Elizabeth = Amber  the friend of Elizabeth = Dana   \nthe enemy of Felicia = Dana     the friend of Felicia = Bryan    \n\nHere is how to figure out the answer to the following question:\nWho is the parent of Amber?\n\nHere are the steps to arrive at the answer:\n1. the parent of Amber = Bryan\n\nSo the answer is Bryan\n\nNow answer the following question:\nWho is the enemy of the enemy of the enemy of Felicia? Please answer the question in the same format as the example. End with 'So the answer is [answer]'.",the enemy of the enemy of the enemy of Felicia,Dana,"Imagine there are six people: Amber, Bryan, Christina, Dana, Elizabeth and Felicia. They have the following relationships to each other:\n\n\nthe enemy of Amber = Elizabeth  the friend of Amber = Christina  the parent of Amber = Bryan          the child of Bryan = Amber          \nthe enemy of Bryan = Christina  the friend of Bryan = Felicia    the parent of Dana = Felicia         the child of Christina = Elizabeth  \nthe enemy of Christina = Bryan  the friend of Christina = Amber  the parent of Elizabeth = Christina  the child of Felicia = Dana         \nthe enemy of Dana = Felicia     the friend of Dana = Elizabeth   \nthe enemy of Elizabeth = Amber  the friend of Elizabeth = Dana   \nthe enemy of Felicia = Dana     the friend of Felicia = Bryan    \n\nHere is how to figure out the answer to the following question:\nWho is the parent of Amber?\n\nHere are the steps to arrive at the answer:\n1. the parent of Amber = Bryan\n\nSo the answer is Bryan\n\nNow answer the following question:\nWho is the enemy of the enemy of the enemy of Felicia? Please answer the question in the same format as the example. End with 'So the answer is [answer]'. \n\n## Step 1: Identify the enemy of Felicia.\nThe enemy of Felicia = Dana\n\n## Step 2: Identify the enemy of the enemy of Felicia.\nThe enemy of Dana = Felicia\n\n## Step 3: Identify the enemy of the enemy of the enemy of Felicia.\nThe enemy of Felicia = Dana\n\n## Step 4: Determine the answer.\nThe answer is the enemy of the enemy of the enemy of Felicia, which is Dana.\n\nSo the answer is Dana.",17.194703578948975,meta-llama/Llama-3.3-70B-Instruct,2025-03-30 16:17:58
english,extensional,4,R,0_R_epe5,"Imagine there are six people: Amber, Bryan, Christina, Dana, Elizabeth and Felicia. They have the following relationships to each other:\n\n\nthe enemy of Amber = Elizabeth  the friend of Amber = Christina  the parent of Amber = Bryan          the child of Bryan = Amber          \nthe enemy of Bryan = Christina  the friend of Bryan = Felicia    the parent of Dana = Felicia         the child of Christina = Elizabeth  \nthe enemy of Christina = Bryan  the friend of Christina = Amber  the parent of Elizabeth = Christina  the child of Felicia = Dana         \nthe enemy of Dana = Felicia     the friend of Dana = Elizabeth   \nthe enemy of Elizabeth = Amber  the friend of Elizabeth = Dana   \nthe enemy of Felicia = Dana     the friend of Felicia = Bryan    \n\nHere is how to figure out the answer to the following question:\nWho is the parent of Amber?\n\nHere are the steps to arrive at the answer:\n1. the parent of Amber = Bryan\n\nSo the answer is Bryan\n\nNow answer the following question:\nWho is the enemy of the parent of the enemy of Felicia? Please answer the question in the same format as the example. End with 'So the answer is [answer]'.",the enemy of the parent of the enemy of Felicia,Dana,"Imagine there are six people: Amber, Bryan, Christina, Dana, Elizabeth and Felicia. They have the following relationships to each other:\n\n\nthe enemy of Amber = Elizabeth  the friend of Amber = Christina  the parent of Amber = Bryan          the child of Bryan = Amber          \nthe enemy of Bryan = Christina  the friend of Bryan = Felicia    the parent of Dana = Felicia         the child of Christina = Elizabeth  \nthe enemy of Christina = Bryan  the friend of Christina = Amber  the parent of Elizabeth = Christina  the child of Felicia = Dana         \nthe enemy of Dana = Felicia     the friend of Dana = Elizabeth   \nthe enemy of Elizabeth = Amber  the friend of Elizabeth = Dana   \nthe enemy of Felicia = Dana     the friend of Felicia = Bryan    \n\nHere is how to figure out the answer to the following question:\nWho is the parent of Amber?\n\nHere are the steps to arrive at the answer:\n1. the parent of Amber = Bryan\n\nSo the answer is Bryan\n\nNow answer the following question:\nWho is the enemy of the parent of the enemy of Felicia? Please answer the question in the same format as the example. End with 'So the answer is [answer]'. \n\n## Step 1: Identify the enemy of Felicia\nThe enemy of Felicia = Dana\n\n## Step 2: Identify the parent of the enemy of Felicia\nThe enemy of Felicia = Dana\nThe parent of Dana = Felicia\n\n## Step 3: Identify the enemy of the parent of the enemy of Felicia\nThe parent of the enemy of Felicia = Felicia\nThe enemy of Felicia = Dana\n\nSo the answer is Dana.",15.770779609680176,meta-llama/Llama-3.3-70B-Instruct,2025-03-30 16:18:13
english,extensional,4,R,0_R_cpe5,"Imagine there are six people: Amber, Bryan, Christina, Dana, Elizabeth and Felicia. They have the following relationships to each other:\n\n\nthe enemy of Amber = Elizabeth  the friend of Amber = Christina  the parent of Amber = Bryan          the child of Bryan = Amber          \nthe enemy of Bryan = Christina  the friend of Bryan = Felicia    the parent of Dana = Felicia         the child of Christina = Elizabeth  \nthe enemy of Christina = Bryan  the friend of Christina = Amber  the parent of Elizabeth = Christina  the child of Felicia = Dana         \nthe enemy of Dana = Felicia     the friend of Dana = Elizabeth   \nthe enemy of Elizabeth = Amber  the friend of Elizabeth = Dana   \nthe enemy of Felicia = Dana     the friend of Felicia = Bryan    \n\nHere is how to figure out the answer to the following question:\nWho is the parent of Amber?\n\nHere are the steps to arrive at the answer:\n1. the parent of Amber = Bryan\n\nSo the answer is Bryan\n\nNow answer the following question:\nWho is the child of the parent of the enemy of Felicia? Please answer the question in the same format as the example. End with 'So the answer is [answer]'.",the child of the parent of the enemy of Felicia,Dana,"Imagine there are six people: Amber, Bryan, Christina, Dana, Elizabeth and Felicia. They have the following relationships to each other:\n\n\nthe enemy of Amber = Elizabeth  the friend of Amber = Christina  the parent of Amber = Bryan          the child of Bryan = Amber          \nthe enemy of Bryan = Christina  the friend of Bryan = Felicia    the parent of Dana = Felicia         the child of Christina = Elizabeth  \nthe enemy of Christina = Bryan  the friend of Christina = Amber  the parent of Elizabeth = Christina  the child of Felicia = Dana         \nthe enemy of Dana = Felicia     the friend of Dana = Elizabeth   \nthe enemy of Elizabeth = Amber  the friend of Elizabeth = Dana   \nthe enemy of Felicia = Dana     the friend of Felicia = Bryan    \n\nHere is how to figure out the answer to the following question:\nWho is the parent of Amber?\n\nHere are the steps to arrive at the answer:\n1. the parent of Amber = Bryan\n\nSo the answer is Bryan\n\nNow answer the following question:\nWho is the child of the parent of the enemy of Felicia? Please answer the question in the same format as the example. End with 'So the answer is [answer]'. \n\n## Step 1: Identify the enemy of Felicia\nThe enemy of Felicia = Dana\n\n## Step 2: Identify the parent of the enemy of Felicia\nThe parent of Dana = Felicia\n\n## Step 3: Identify the child of the parent of the enemy of Felicia\nThe child of Felicia = Dana\n\nSo the answer is Dana.",12.416799306869507,meta-llama/Llama-3.3-70B-Instruct,2025-03-30 16:18:26
english,extensional,4,R,0_R_ffc5,"Imagine there are six people: Amber, Bryan, Christina, Dana, Elizabeth and Felicia. They have the following relationships to each other:\n\n\nthe enemy of Amber = Elizabeth  the friend of Amber = Christina  the parent of Amber = Bryan          the child of Bryan = Amber          \nthe enemy of Bryan = Christina  the friend of Bryan = Felicia    the parent of Dana = Felicia         the child of Christina = Elizabeth  \nthe enemy of Christina = Bryan  the friend of Christina = Amber  the parent of Elizabeth = Christina  the child of Felicia = Dana         \nthe enemy of Dana = Felicia     the friend of Dana = Elizabeth   \nthe enemy of Elizabeth = Amber  the friend of Elizabeth = Dana   \nthe enemy of Felicia = Dana     the friend of Felicia = Bryan    \n\nHere is how to figure out the answer to the following question:\nWho is the parent of Amber?\n\nHere are the steps to arrive at the answer:\n1. the parent of Amber = Bryan\n\nSo the answer is Bryan\n\nNow answer the following question:\nWho is the friend of the friend of the child of Felicia? Please answer the question in the same format as the example. End with 'So the answer is [answer]'.",the friend of the friend of the child of Felicia,Dana,"Imagine there are six people: Amber, Bryan, Christina, Dana, Elizabeth and Felicia. They have the following relationships to each other:\n\n\nthe enemy of Amber = Elizabeth  the friend of Amber = Christina  the parent of Amber = Bryan          the child of Bryan = Amber          \nthe enemy of Bryan = Christina  the friend of Bryan = Felicia    the parent of Dana = Felicia         the child of Christina = Elizabeth  \nthe enemy of Christina = Bryan  the friend of Christina = Amber  the parent of Elizabeth = Christina  the child of Felicia = Dana         \nthe enemy of Dana = Felicia     the friend of Dana = Elizabeth   \nthe enemy of Elizabeth = Amber  the friend of Elizabeth = Dana   \nthe enemy of Felicia = Dana     the friend of Felicia = Bryan    \n\nHere is how to figure out the answer to the following question:\nWho is the parent of Amber?\n\nHere are the steps to arrive at the answer:\n1. the parent of Amber = Bryan\n\nSo the answer is Bryan\n\nNow answer the following question:\nWho is the friend of the friend of the child of Felicia? Please answer the question in the same format as the example. End with 'So the answer is [answer]'. \n\n## Step 1: Identify the child of Felicia\nThe child of Felicia = Dana\n\n## Step 2: Identify the friend of Dana\nThe friend of Dana = Elizabeth\n\n## Step 3: Identify the friend of Elizabeth\nThe friend of Elizabeth = Dana\n\n## Step 4: Identify the friend of the friend of the child of Felicia\nSince the friend of Elizabeth is Dana, the friend of the friend of the child of Felicia is the friend of Dana, which is Elizabeth.\n\nSo the answer is Elizabeth.",18.03336763381958,meta-llama/Llama-3.3-70B-Instruct,2025-03-30 16:18:44
english,extensional,4,R,0_R_fec5,"Imagine there are six people: Amber, Bryan, Christina, Dana, Elizabeth and Felicia. They have the following relationships to each other:\n\n\nthe enemy of Amber = Elizabeth  the friend of Amber = Christina  the parent of Amber = Bryan          the child of Bryan = Amber          \nthe enemy of Bryan = Christina  the friend of Bryan = Felicia    the parent of Dana = Felicia         the child of Christina = Elizabeth  \nthe enemy of Christina = Bryan  the friend of Christina = Amber  the parent of Elizabeth = Christina  the child of Felicia = Dana         \nthe enemy of Dana = Felicia     the friend of Dana = Elizabeth   \nthe enemy of Elizabeth = Amber  the friend of Elizabeth = Dana   \nthe enemy of Felicia = Dana     the friend of Felicia = Bryan    \n\nHere is how to figure out the answer to the following question:\nWho is the parent of Amber?\n\nHere are the steps to arrive at the answer:\n1. the parent of Amber = Bryan\n\nSo the answer is Bryan\n\nNow answer the following question:\nWho is the friend of the enemy of the child of Felicia? Please answer the question in the same format as the example. End with 'So the answer is [answer]'.",the friend of the enemy of the child of Felicia,Bryan,"Imagine there are six people: Amber, Bryan, Christina, Dana, Elizabeth and Felicia. They have the following relationships to each other:\n\n\nthe enemy of Amber = Elizabeth  the friend of Amber = Christina  the parent of Amber = Bryan          the child of Bryan = Amber          \nthe enemy of Bryan = Christina  the friend of Bryan = Felicia    the parent of Dana = Felicia         the child of Christina = Elizabeth  \nthe enemy of Christina = Bryan  the friend of Christina = Amber  the parent of Elizabeth = Christina  the child of Felicia = Dana         \nthe enemy of Dana = Felicia     the friend of Dana = Elizabeth   \nthe enemy of Elizabeth = Amber  the friend of Elizabeth = Dana   \nthe enemy of Felicia = Dana     the friend of Felicia = Bryan    \n\nHere is how to figure out the answer to the following question:\nWho is the parent of Amber?\n\nHere are the steps to arrive at the answer:\n1. the parent of Amber = Bryan\n\nSo the answer is Bryan\n\nNow answer the following question:\nWho is the friend of the enemy of the child of Felicia? Please answer the question in the same format as the example. End with 'So the answer is [answer]'. \n\n## Step 1: Identify the child of Felicia.\nThe child of Felicia = Dana.\n\n## Step 2: Identify the enemy of Dana.\nThe enemy of Dana = Felicia.\n\n## Step 3: Identify the friend of Felicia.\nThe friend of Felicia = Bryan.\n\nSo the answer is Bryan.",10.717037916183472,meta-llama/Llama-3.3-70B-Instruct,2025-03-30 16:18:55
english,extensional,4,R,0_R_cpc5,"Imagine there are six people: Amber, Bryan, Christina, Dana, Elizabeth and Felicia. They have the following relationships to each other:\n\n\nthe enemy of Amber = Elizabeth  the friend of Amber = Christina  the parent of Amber = Bryan          the child of Bryan = Amber          \nthe enemy of Bryan = Christina  the friend of Bryan = Felicia    the parent of Dana = Felicia         the child of Christina = Elizabeth  \nthe enemy of Christina = Bryan  the friend of Christina = Amber  the parent of Elizabeth = Christina  the child of Felicia = Dana         \nthe enemy of Dana = Felicia     the friend of Dana = Elizabeth   \nthe enemy of Elizabeth = Amber  the friend of Elizabeth = Dana   \nthe enemy of Felicia = Dana     the friend of Felicia = Bryan    \n\nHere is how to figure out the answer to the following question:\nWho is the parent of Amber?\n\nHere are the steps to arrive at the answer:\n1. the parent of Amber = Bryan\n\nSo the answer is Bryan\n\nNow answer the following question:\nWho is the child of the parent of the child of Felicia? Please answer the question in the same format as the example. End with 'So the answer is [answer]'.",the child of the parent of the child of Felicia,Dana,"Imagine there are six people: Amber, Bryan, Christina, Dana, Elizabeth and Felicia. They have the following relationships to each other:\n\n\nthe enemy of Amber = Elizabeth  the friend of Amber = Christina  the parent of Amber = Bryan          the child of Bryan = Amber          \nthe enemy of Bryan = Christina  the friend of Bryan = Felicia    the parent of Dana = Felicia         the child of Christina = Elizabeth  \nthe enemy of Christina = Bryan  the friend of Christina = Amber  the parent of Elizabeth = Christina  the child of Felicia = Dana         \nthe enemy of Dana = Felicia     the friend of Dana = Elizabeth   \nthe enemy of Elizabeth = Amber  the friend of Elizabeth = Dana   \nthe enemy of Felicia = Dana     the friend of Felicia = Bryan    \n\nHere is how to figure out the answer to the following question:\nWho is the parent of Amber?\n\nHere are the steps to arrive at the answer:\n1. the parent of Amber = Bryan\n\nSo the answer is Bryan\n\nNow answer the following question:\nWho is the child of the parent of the child of Felicia? Please answer the question in the same format as the example. End with 'So the answer is [answer]'. \n\n## Step 1: Identify the child of Felicia\nThe child of Felicia = Dana.\n\n## Step 2: Identify the parent of the child of Felicia\nThe parent of Dana = Felicia.\n\n## Step 3: Identify the child of the parent of the child of Felicia\nThe child of Felicia = Dana.\n\nSo the answer is Dana.",12.269307613372803,meta-llama/Llama-3.3-70B-Instruct,2025-03-30 16:19:07
english,extensional,5,R,0_R_fcff0,"Imagine there are six people: Amber, Bryan, Christina, Dana, Elizabeth and Felicia. They have the following relationships to each other:\n\n\nthe enemy of Amber = Elizabeth  the friend of Amber = Christina  the parent of Amber = Bryan          the child of Bryan = Amber          \nthe enemy of Bryan = Christina  the friend of Bryan = Felicia    the parent of Dana = Felicia         the child of Christina = Elizabeth  \nthe enemy of Christina = Bryan  the friend of Christina = Amber  the parent of Elizabeth = Christina  the child of Felicia = Dana         \nthe enemy of Dana = Felicia     the friend of Dana = Elizabeth   \nthe enemy of Elizabeth = Amber  the friend of Elizabeth = Dana   \nthe enemy of Felicia = Dana     the friend of Felicia = Bryan    \n\nHere is how to figure out the answer to the following question:\nWho is the parent of Amber?\n\nHere are the steps to arrive at the answer:\n1. the parent of Amber = Bryan\n\nSo the answer is Bryan\n\nNow answer the following question:\nWho is the friend of the child of the friend of the friend of Christina? Please answer the question in the same format as the example. End with 'So the answer is [answer]'.",the friend of the child of the friend of the friend of Christina,Dana,"Imagine there are six people: Amber, Bryan, Christina, Dana, Elizabeth and Felicia. They have the following relationships to each other:\n\n\nthe enemy of Amber = Elizabeth  the friend of Amber = Christina  the parent of Amber = Bryan          the child of Bryan = Amber          \nthe enemy of Bryan = Christina  the friend of Bryan = Felicia    the parent of Dana = Felicia         the child of Christina = Elizabeth  \nthe enemy of Christina = Bryan  the friend of Christina = Amber  the parent of Elizabeth = Christina  the child of Felicia = Dana         \nthe enemy of Dana = Felicia     the friend of Dana = Elizabeth   \nthe enemy of Elizabeth = Amber  the friend of Elizabeth = Dana   \nthe enemy of Felicia = Dana     the friend of Felicia = Bryan    \n\nHere is how to figure out the answer to the following question:\nWho is the parent of Amber?\n\nHere are the steps to arrive at the answer:\n1. the parent of Amber = Bryan\n\nSo the answer is Bryan\n\nNow answer the following question:\nWho is the friend of the child of the friend of the friend of Christina? Please answer the question in the same format as the example. End with 'So the answer is [answer]'. \n\n## Step 1: Identify the relationships given in the problem.\nThe given relationships are:\n- the enemy of Amber = Elizabeth\n- the friend of Amber = Christina\n- the parent of Amber = Bryan\n- the child of Bryan = Amber\n- the enemy of Bryan = Christina\n- the friend of Bryan = Felicia\n- the parent of Dana = Felicia\n- the child of Christina = Elizabeth\n- the enemy of Christina = Bryan\n- the friend of Christina = Amber\n- the parent of Elizabeth = Christina\n- the child of Felicia = Dana\n- the enemy of Dana = Felicia\n- the friend of Dana = Elizabeth\n- the enemy of Elizabeth = Amber\n- the friend of Elizabeth = Dana\n- the enemy of Felicia = Dana\n- the friend of Felicia = Bryan\n\n## Step 2: Determine the child of the friend of Christina.\nGiven that the friend of Christina = Amber, we need to find the child of Amber.\n- the child of Bryan = Amber\nSo, Amber is the child of Bryan.\n\n## Step 3: Determine the friend of the child of the friend of Christina.\nNow we need to find the friend of Amber (since Amber is the child of Bryan).\n- the friend of Amber = Christina\n\n## Step 4: Determine the friend of the friend of the child of the friend of Christina.\nNow we need to find the friend of Christina (since Christina is the friend of Amber).\n- the friend of Christina = Amber\n\n## Step 5: Determine the friend of the friend of the friend of the child of the friend of Christina.\nNow we need to find the friend of Amber (since Amber is the friend of Christina).\n- the friend of Amber = Christina\n\n## Step 6: Determine the friend of the friend of the friend of the friend of the child of the friend of Christina.\nNow we need to find the friend of Christina (since Christina is the friend of Amber).\n- the friend of Christina = Amber\n\n## Step 7: Since we are asked for the friend of the child of the friend of the friend of Christina, and we've established this chain leads back to Amber, we need to find the friend of Amber.\n- the friend of Amber = Christina\n\nThe final answer is: $\boxed{Christina}$\n\n\nSo the answer is Christina.",79.34624695777893,meta-llama/Llama-3.3-70B-Instruct,2025-03-30 16:20:26
english,extensional,5,R,0_R_pfef0,"Imagine there are six people: Amber, Bryan, Christina, Dana, Elizabeth and Felicia. They have the following relationships to each other:\n\n\nthe enemy of Amber = Elizabeth  the friend of Amber = Christina  the parent of Amber = Bryan          the child of Bryan = Amber          \nthe enemy of Bryan = Christina  the friend of Bryan = Felicia    the parent of Dana = Felicia         the child of Christina = Elizabeth  \nthe enemy of Christina = Bryan  the friend of Christina = Amber  the parent of Elizabeth = Christina  the child of Felicia = Dana         \nthe enemy of Dana = Felicia     the friend of Dana = Elizabeth   \nthe enemy of Elizabeth = Amber  the friend of Elizabeth = Dana   \nthe enemy of Felicia = Dana     the friend of Felicia = Bryan    \n\nHere is how to figure out the answer to the following question:\nWho is the parent of Amber?\n\nHere are the steps to arrive at the answer:\n1. the parent of Amber = Bryan\n\nSo the answer is Bryan\n\nNow answer the following question:\nWho is the parent of the friend of the enemy of the friend of Christina? Please answer the question in the same format as the example. End with 'So the answer is [answer]'.",the parent of the friend of the enemy of the friend of Christina,Felicia,"Imagine there are six people: Amber, Bryan, Christina, Dana, Elizabeth and Felicia. They have the following relationships to each other:\n\n\nthe enemy of Amber = Elizabeth  the friend of Amber = Christina  the parent of Amber = Bryan          the child of Bryan = Amber          \nthe enemy of Bryan = Christina  the friend of Bryan = Felicia    the parent of Dana = Felicia         the child of Christina = Elizabeth  \nthe enemy of Christina = Bryan  the friend of Christina = Amber  the parent of Elizabeth = Christina  the child of Felicia = Dana         \nthe enemy of Dana = Felicia     the friend of Dana = Elizabeth   \nthe enemy of Elizabeth = Amber  the friend of Elizabeth = Dana   \nthe enemy of Felicia = Dana     the friend of Felicia = Bryan    \n\nHere is how to figure out the answer to the following question:\nWho is the parent of Amber?\n\nHere are the steps to arrive at the answer:\n1. the parent of Amber = Bryan\n\nSo the answer is Bryan\n\nNow answer the following question:\nWho is the parent of the friend of the enemy of the friend of Christina? Please answer the question in the same format as the example. End with 'So the answer is [answer]'. \n\n## Step 1: Identify the relationships given in the problem.\nThe problem provides a set of relationships between six people: Amber, Bryan, Christina, Dana, Elizabeth, and Felicia. We need to use these relationships to find the parent of the friend of the enemy of the friend of Christina.\n\n## Step 2: Determine the friend of Christina.\nAccording to the given information, the friend of Christina = Amber.\n\n## Step 3: Find the enemy of the friend of Christina.\nSince the friend of Christina is Amber, we need to find the enemy of Amber. The enemy of Amber = Elizabeth.\n\n## Step 4: Identify the friend of the enemy of the friend of Christina.\nNow, we need to find the friend of Elizabeth. The friend of Elizabeth = Dana.\n\n## Step 5: Determine the parent of the friend of the enemy of the friend of Christina.\nWe have found that the friend of the enemy of the friend of Christina is Dana. Now, we need to find the parent of Dana. The parent of Dana = Felicia.\n\nThe final answer is: $\boxed{Felicia}$So the answer is Felicia.",37.76313495635986,meta-llama/Llama-3.3-70B-Instruct,2025-03-30 16:21:04
english,extensional,5,R,0_R_eeef0,"Imagine there are six people: Amber, Bryan, Christina, Dana, Elizabeth and Felicia. They have the following relationships to each other:\n\n\nthe enemy of Amber = Elizabeth  the friend of Amber = Christina  the parent of Amber = Bryan          the child of Bryan = Amber          \nthe enemy of Bryan = Christina  the friend of Bryan = Felicia    the parent of Dana = Felicia         the child of Christina = Elizabeth  \nthe enemy of Christina = Bryan  the friend of Christina = Amber  the parent of Elizabeth = Christina  the child of Felicia = Dana         \nthe enemy of Dana = Felicia     the friend of Dana = Elizabeth   \nthe enemy of Elizabeth = Amber  the friend of Elizabeth = Dana   \nthe enemy of Felicia = Dana     the friend of Felicia = Bryan    \n\nHere is how to figure out the answer to the following question:\nWho is the parent of Amber?\n\nHere are the steps to arrive at the answer:\n1. the parent of Amber = Bryan\n\nSo the answer is Bryan\n\nNow answer the following question:\nWho is the enemy of the enemy of the enemy of the friend of Christina? Please answer the question in the same format as the example. End with 'So the answer is [answer]'.",the enemy of the enemy of the enemy of the friend of Christina,Elizabeth,"Imagine there are six people: Amber, Bryan, Christina, Dana, Elizabeth and Felicia. They have the following relationships to each other:\n\n\nthe enemy of Amber = Elizabeth  the friend of Amber = Christina  the parent of Amber = Bryan          the child of Bryan = Amber          \nthe enemy of Bryan = Christina  the friend of Bryan = Felicia    the parent of Dana = Felicia         the child of Christina = Elizabeth  \nthe enemy of Christina = Bryan  the friend of Christina = Amber  the parent of Elizabeth = Christina  the child of Felicia = Dana         \nthe enemy of Dana = Felicia     the friend of Dana = Elizabeth   \nthe enemy of Elizabeth = Amber  the friend of Elizabeth = Dana   \nthe enemy of Felicia = Dana     the friend of Felicia = Bryan    \n\nHere is how to figure out the answer to the following question:\nWho is the parent of Amber?\n\nHere are the steps to arrive at the answer:\n1. the parent of Amber = Bryan\n\nSo the answer is Bryan\n\nNow answer the following question:\nWho is the enemy of the enemy of the enemy of the friend of Christina? Please answer the question in the same format as the example. End with 'So the answer is [answer]'. \n\n## Step 1: Identify the friend of Christina\nThe friend of Christina = Amber\n\n## Step 2: Identify the enemy of Amber\nThe enemy of Amber = Elizabeth\n\n## Step 3: Identify the enemy of Elizabeth\nThe enemy of Elizabeth = Amber\n\n## Step 4: Identify the enemy of the enemy of the enemy of the friend of Christina\nSince the enemy of the enemy of the enemy of the friend of Christina is the enemy of Amber, we can conclude that the answer is the enemy of Amber.\n\nSo the answer is Elizabeth.",18.578702688217163,meta-llama/Llama-3.3-70B-Instruct,2025-03-30 16:21:23
english,extensional,5,R,0_R_cpef0,"Imagine there are six people: Amber, Bryan, Christina, Dana, Elizabeth and Felicia. They have the following relationships to each other:\n\n\nthe enemy of Amber = Elizabeth  the friend of Amber = Christina  the parent of Amber = Bryan          the child of Bryan = Amber          \nthe enemy of Bryan = Christina  the friend of Bryan = Felicia    the parent of Dana = Felicia         the child of Christina = Elizabeth  \nthe enemy of Christina = Bryan  the friend of Christina = Amber  the parent of Elizabeth = Christina  the child of Felicia = Dana         \nthe enemy of Dana = Felicia     the friend of Dana = Elizabeth   \nthe enemy of Elizabeth = Amber  the friend of Elizabeth = Dana   \nthe enemy of Felicia = Dana     the friend of Felicia = Bryan    \n\nHere is how to figure out the answer to the following question:\nWho is the parent of Amber?\n\nHere are the steps to arrive at the answer:\n1. the parent of Amber = Bryan\n\nSo the answer is Bryan\n\nNow answer the following question:\nWho is the child of the parent of the enemy of the friend of Christina? Please answer the question in the same format as the example. End with 'So the answer is [answer]'.",the child of the parent of the enemy of the friend of Christina,Elizabeth,"Imagine there are six people: Amber, Bryan, Christina, Dana, Elizabeth and Felicia. They have the following relationships to each other:\n\n\nthe enemy of Amber = Elizabeth  the friend of Amber = Christina  the parent of Amber = Bryan          the child of Bryan = Amber          \nthe enemy of Bryan = Christina  the friend of Bryan = Felicia    the parent of Dana = Felicia         the child of Christina = Elizabeth  \nthe enemy of Christina = Bryan  the friend of Christina = Amber  the parent of Elizabeth = Christina  the child of Felicia = Dana         \nthe enemy of Dana = Felicia     the friend of Dana = Elizabeth   \nthe enemy of Elizabeth = Amber  the friend of Elizabeth = Dana   \nthe enemy of Felicia = Dana     the friend of Felicia = Bryan    \n\nHere is how to figure out the answer to the following question:\nWho is the parent of Amber?\n\nHere are the steps to arrive at the answer:\n1. the parent of Amber = Bryan\n\nSo the answer is Bryan\n\nNow answer the following question:\nWho is the child of the parent of the enemy of the friend of Christina? Please answer the question in the same format as the example. End with 'So the answer is [answer]'. \n\n## Step 1: Identify the friend of Christina\nThe friend of Christina = Amber\n\n## Step 2: Identify the enemy of Amber\nThe enemy of Amber = Elizabeth\n\n## Step 3: Identify the parent of Elizabeth\nThe parent of Elizabeth = Christina\n\n## Step 4: Identify the child of Christina\nThe child of Christina = Elizabeth\n\nSo the answer is Elizabeth.",12.874129056930542,meta-llama/Llama-3.3-70B-Instruct,2025-03-30 16:21:35
english,extensional,5,R,0_R_eece0,"Imagine there are six people: Amber, Bryan, Christina, Dana, Elizabeth and Felicia. They have the following relationships to each other:\n\n\nthe enemy of Amber = Elizabeth  the friend of Amber = Christina  the parent of Amber = Bryan          the child of Bryan = Amber          \nthe enemy of Bryan = Christina  the friend of Bryan = Felicia    the parent of Dana = Felicia         the child of Christina = Elizabeth  \nthe enemy of Christina = Bryan  the friend of Christina = Amber  the parent of Elizabeth = Christina  the child of Felicia = Dana         \nthe enemy of Dana = Felicia     the friend of Dana = Elizabeth   \nthe enemy of Elizabeth = Amber  the friend of Elizabeth = Dana   \nthe enemy of Felicia = Dana     the friend of Felicia = Bryan    \n\nHere is how to figure out the answer to the following question:\nWho is the parent of Amber?\n\nHere are the steps to arrive at the answer:\n1. the parent of Amber = Bryan\n\nSo the answer is Bryan\n\nNow answer the following question:\nWho is the enemy of the enemy of the child of the enemy of Christina? Please answer the question in the same format as the example. End with 'So the answer is [answer]'.",the enemy of the enemy of the child of the enemy of Christina,Amber,"Imagine there are six people: Amber, Bryan, Christina, Dana, Elizabeth and Felicia. They have the following relationships to each other:\n\n\nthe enemy of Amber = Elizabeth  the friend of Amber = Christina  the parent of Amber = Bryan          the child of Bryan = Amber          \nthe enemy of Bryan = Christina  the friend of Bryan = Felicia    the parent of Dana = Felicia         the child of Christina = Elizabeth  \nthe enemy of Christina = Bryan  the friend of Christina = Amber  the parent of Elizabeth = Christina  the child of Felicia = Dana         \nthe enemy of Dana = Felicia     the friend of Dana = Elizabeth   \nthe enemy of Elizabeth = Amber  the friend of Elizabeth = Dana   \nthe enemy of Felicia = Dana     the friend of Felicia = Bryan    \n\nHere is how to figure out the answer to the following question:\nWho is the parent of Amber?\n\nHere are the steps to arrive at the answer:\n1. the parent of Amber = Bryan\n\nSo the answer is Bryan\n\nNow answer the following question:\nWho is the enemy of the enemy of the child of the enemy of Christina? Please answer the question in the same format as the example. End with 'So the answer is [answer]'. \n\n## Step 1: Identify the relationships and find the enemy of Christina.\nThe enemy of Christina = Bryan.\n\n## Step 2: Identify the child of the enemy of Christina.\nThe enemy of Christina = Bryan, and the child of Bryan = Amber.\n\n## Step 3: Find the enemy of the child of the enemy of Christina.\nThe enemy of the child of the enemy of Christina = the enemy of Amber = Elizabeth.\n\n## Step 4: Determine the enemy of the enemy of the child of the enemy of Christina.\nThe enemy of the enemy of the child of the enemy of Christina = the enemy of Elizabeth = Amber.\n\nSo the answer is Amber.",22.157037019729614,meta-llama/Llama-3.3-70B-Instruct,2025-03-30 16:21:58
english,extensional,5,R,0_R_pece0,"Imagine there are six people: Amber, Bryan, Christina, Dana, Elizabeth and Felicia. They have the following relationships to each other:\n\n\nthe enemy of Amber = Elizabeth  the friend of Amber = Christina  the parent of Amber = Bryan          the child of Bryan = Amber          \nthe enemy of Bryan = Christina  the friend of Bryan = Felicia    the parent of Dana = Felicia         the child of Christina = Elizabeth  \nthe enemy of Christina = Bryan  the friend of Christina = Amber  the parent of Elizabeth = Christina  the child of Felicia = Dana         \nthe enemy of Dana = Felicia     the friend of Dana = Elizabeth   \nthe enemy of Elizabeth = Amber  the friend of Elizabeth = Dana   \nthe enemy of Felicia = Dana     the friend of Felicia = Bryan    \n\nHere is how to figure out the answer to the following question:\nWho is the parent of Amber?\n\nHere are the steps to arrive at the answer:\n1. the parent of Amber = Bryan\n\nSo the answer is Bryan\n\nNow answer the following question:\nWho is the parent of the enemy of the child of the enemy of Christina? Please answer the question in the same format as the example. End with 'So the answer is [answer]'.",the parent of the enemy of the child of the enemy of Christina,Christina,"Imagine there are six people: Amber, Bryan, Christina, Dana, Elizabeth and Felicia. They have the following relationships to each other:\n\n\nthe enemy of Amber = Elizabeth  the friend of Amber = Christina  the parent of Amber = Bryan          the child of Bryan = Amber          \nthe enemy of Bryan = Christina  the friend of Bryan = Felicia    the parent of Dana = Felicia         the child of Christina = Elizabeth  \nthe enemy of Christina = Bryan  the friend of Christina = Amber  the parent of Elizabeth = Christina  the child of Felicia = Dana         \nthe enemy of Dana = Felicia     the friend of Dana = Elizabeth   \nthe enemy of Elizabeth = Amber  the friend of Elizabeth = Dana   \nthe enemy of Felicia = Dana     the friend of Felicia = Bryan    \n\nHere is how to figure out the answer to the following question:\nWho is the parent of Amber?\n\nHere are the steps to arrive at the answer:\n1. the parent of Amber = Bryan\n\nSo the answer is Bryan\n\nNow answer the following question:\nWho is the parent of the enemy of the child of the enemy of Christina? Please answer the question in the same format as the example. End with 'So the answer is [answer]'. \n\n## Step 1: Identify the child of the enemy of Christina\nThe child of the enemy of Christina = the child of Bryan = Amber\n\n## Step 2: Identify the enemy of the child of the enemy of Christina\nThe enemy of the child of the enemy of Christina = the enemy of Amber = Elizabeth\n\n## Step 3: Identify the parent of the enemy of the child of the enemy of Christina\nThe parent of the enemy of the child of the enemy of Christina = the parent of Elizabeth = Christina\n\nSo the answer is Christina.",18.47457194328308,meta-llama/Llama-3.3-70B-Instruct,2025-03-30 16:22:16
english,extensional,5,R,0_R_cfec0,"Imagine there are six people: Amber, Bryan, Christina, Dana, Elizabeth and Felicia. They have the following relationships to each other:\n\n\nthe enemy of Amber = Elizabeth  the friend of Amber = Christina  the parent of Amber = Bryan          the child of Bryan = Amber          \nthe enemy of Bryan = Christina  the friend of Bryan = Felicia    the parent of Dana = Felicia         the child of Christina = Elizabeth  \nthe enemy of Christina = Bryan  the friend of Christina = Amber  the parent of Elizabeth = Christina  the child of Felicia = Dana         \nthe enemy of Dana = Felicia     the friend of Dana = Elizabeth   \nthe enemy of Elizabeth = Amber  the friend of Elizabeth = Dana   \nthe enemy of Felicia = Dana     the friend of Felicia = Bryan    \n\nHere is how to figure out the answer to the following question:\nWho is the parent of Amber?\n\nHere are the steps to arrive at the answer:\n1. the parent of Amber = Bryan\n\nSo the answer is Bryan\n\nNow answer the following question:\nWho is the child of the friend of the enemy of the child of Christina? Please answer the question in the same format as the example. End with 'So the answer is [answer]'.",the child of the friend of the enemy of the child of Christina,Elizabeth,"Imagine there are six people: Amber, Bryan, Christina, Dana, Elizabeth and Felicia. They have the following relationships to each other:\n\n\nthe enemy of Amber = Elizabeth  the friend of Amber = Christina  the parent of Amber = Bryan          the child of Bryan = Amber          \nthe enemy of Bryan = Christina  the friend of Bryan = Felicia    the parent of Dana = Felicia         the child of Christina = Elizabeth  \nthe enemy of Christina = Bryan  the friend of Christina = Amber  the parent of Elizabeth = Christina  the child of Felicia = Dana         \nthe enemy of Dana = Felicia     the friend of Dana = Elizabeth   \nthe enemy of Elizabeth = Amber  the friend of Elizabeth = Dana   \nthe enemy of Felicia = Dana     the friend of Felicia = Bryan    \n\nHere is how to figure out the answer to the following question:\nWho is the parent of Amber?\n\nHere are the steps to arrive at the answer:\n1. the parent of Amber = Bryan\n\nSo the answer is Bryan\n\nNow answer the following question:\nWho is the child of the friend of the enemy of the child of Christina? Please answer the question in the same format as the example. End with 'So the answer is [answer]'. \n\n## Step 1: Identify the child of Christina.\nThe child of Christina = Elizabeth.\n\n## Step 2: Identify the enemy of the child of Christina.\nThe enemy of the child of Christina = the enemy of Elizabeth = Amber.\n\n## Step 3: Identify the friend of the enemy of the child of Christina.\nThe friend of the enemy of the child of Christina = the friend of Amber = Christina.\n\n## Step 4: Identify the child of the friend of the enemy of the child of Christina.\nThe child of the friend of the enemy of the child of Christina = the child of Christina = Elizabeth.\n\nSo the answer is Elizabeth.",21.422308683395386,meta-llama/Llama-3.3-70B-Instruct,2025-03-30 16:22:38
english,extensional,5,R,0_R_efpc0,"Imagine there are six people: Amber, Bryan, Christina, Dana, Elizabeth and Felicia. They have the following relationships to each other:\n\n\nthe enemy of Amber = Elizabeth  the friend of Amber = Christina  the parent of Amber = Bryan          the child of Bryan = Amber          \nthe enemy of Bryan = Christina  the friend of Bryan = Felicia    the parent of Dana = Felicia         the child of Christina = Elizabeth  \nthe enemy of Christina = Bryan  the friend of Christina = Amber  the parent of Elizabeth = Christina  the child of Felicia = Dana         \nthe enemy of Dana = Felicia     the friend of Dana = Elizabeth   \nthe enemy of Elizabeth = Amber  the friend of Elizabeth = Dana   \nthe enemy of Felicia = Dana     the friend of Felicia = Bryan    \n\nHere is how to figure out the answer to the following question:\nWho is the parent of Amber?\n\nHere are the steps to arrive at the answer:\n1. the parent of Amber = Bryan\n\nSo the answer is Bryan\n\nNow answer the following question:\nWho is the enemy of the friend of the parent of the child of Christina? Please answer the question in the same format as the example. End with 'So the answer is [answer]'.",the enemy of the friend of the parent of the child of Christina,Elizabeth,"Imagine there are six people: Amber, Bryan, Christina, Dana, Elizabeth and Felicia. They have the following relationships to each other:\n\n\nthe enemy of Amber = Elizabeth  the friend of Amber = Christina  the parent of Amber = Bryan          the child of Bryan = Amber          \nthe enemy of Bryan = Christina  the friend of Bryan = Felicia    the parent of Dana = Felicia         the child of Christina = Elizabeth  \nthe enemy of Christina = Bryan  the friend of Christina = Amber  the parent of Elizabeth = Christina  the child of Felicia = Dana         \nthe enemy of Dana = Felicia     the friend of Dana = Elizabeth   \nthe enemy of Elizabeth = Amber  the friend of Elizabeth = Dana   \nthe enemy of Felicia = Dana     the friend of Felicia = Bryan    \n\nHere is how to figure out the answer to the following question:\nWho is the parent of Amber?\n\nHere are the steps to arrive at the answer:\n1. the parent of Amber = Bryan\n\nSo the answer is Bryan\n\nNow answer the following question:\nWho is the enemy of the friend of the parent of the child of Christina? Please answer the question in the same format as the example. End with 'So the answer is [answer]'. \n\n## Step 1: Identify the child of Christina\nThe child of Christina = Elizabeth.\n\n## Step 2: Identify the parent of the child of Christina\nThe parent of the child of Christina = Christina herself, but we need to find the parent of Elizabeth, which is Christina.\n\n## Step 3: Identify the friend of the parent of the child of Christina\nThe parent of the child of Christina = Christina, and the friend of Christina = Amber.\n\n## Step 4: Identify the enemy of the friend of the parent of the child of Christina\nThe enemy of Amber = Elizabeth.\n\nSo the answer is Elizabeth.",20.487993717193604,meta-llama/Llama-3.3-70B-Instruct,2025-03-30 16:22:58
english,extensional,5,R,0_R_fepc0,"Imagine there are six people: Amber, Bryan, Christina, Dana, Elizabeth and Felicia. They have the following relationships to each other:\n\n\nthe enemy of Amber = Elizabeth  the friend of Amber = Christina  the parent of Amber = Bryan          the child of Bryan = Amber          \nthe enemy of Bryan = Christina  the friend of Bryan = Felicia    the parent of Dana = Felicia         the child of Christina = Elizabeth  \nthe enemy of Christina = Bryan  the friend of Christina = Amber  the parent of Elizabeth = Christina  the child of Felicia = Dana         \nthe enemy of Dana = Felicia     the friend of Dana = Elizabeth   \nthe enemy of Elizabeth = Amber  the friend of Elizabeth = Dana   \nthe enemy of Felicia = Dana     the friend of Felicia = Bryan    \n\nHere is how to figure out the answer to the following question:\nWho is the parent of Amber?\n\nHere are the steps to arrive at the answer:\n1. the parent of Amber = Bryan\n\nSo the answer is Bryan\n\nNow answer the following question:\nWho is the friend of the enemy of the parent of the child of Christina? Please answer the question in the same format as the example. End with 'So the answer is [answer]'.",the friend of the enemy of the parent of the child of Christina,Felicia,"Imagine there are six people: Amber, Bryan, Christina, Dana, Elizabeth and Felicia. They have the following relationships to each other:\n\n\nthe enemy of Amber = Elizabeth  the friend of Amber = Christina  the parent of Amber = Bryan          the child of Bryan = Amber          \nthe enemy of Bryan = Christina  the friend of Bryan = Felicia    the parent of Dana = Felicia         the child of Christina = Elizabeth  \nthe enemy of Christina = Bryan  the friend of Christina = Amber  the parent of Elizabeth = Christina  the child of Felicia = Dana         \nthe enemy of Dana = Felicia     the friend of Dana = Elizabeth   \nthe enemy of Elizabeth = Amber  the friend of Elizabeth = Dana   \nthe enemy of Felicia = Dana     the friend of Felicia = Bryan    \n\nHere is how to figure out the answer to the following question:\nWho is the parent of Amber?\n\nHere are the steps to arrive at the answer:\n1. the parent of Amber = Bryan\n\nSo the answer is Bryan\n\nNow answer the following question:\nWho is the friend of the enemy of the parent of the child of Christina? Please answer the question in the same format as the example. End with 'So the answer is [answer]'. \n\n## Step 1: Identify the child of Christina\nThe child of Christina = Elizabeth\n\n## Step 2: Identify the parent of the child of Christina\nThe parent of the child of Christina = Christina, but we are looking for the parent of the child of Christina, which is Christina herself.\n\n## Step 3: Identify the enemy of the parent of the child of Christina\nThe enemy of Christina = Bryan\n\n## Step 4: Identify the friend of the enemy of the parent of the child of Christina\nThe friend of Bryan = Felicia\n\nSo the answer is Felicia.",19.59555697441101,meta-llama/Llama-3.3-70B-Instruct,2025-03-30 16:23:18
english,extensional,5,R,0_R_fcpc0,"Imagine there are six people: Amber, Bryan, Christina, Dana, Elizabeth and Felicia. They have the following relationships to each other:\n\n\nthe enemy of Amber = Elizabeth  the friend of Amber = Christina  the parent of Amber = Bryan          the child of Bryan = Amber          \nthe enemy of Bryan = Christina  the friend of Bryan = Felicia    the parent of Dana = Felicia         the child of Christina = Elizabeth  \nthe enemy of Christina = Bryan  the friend of Christina = Amber  the parent of Elizabeth = Christina  the child of Felicia = Dana         \nthe enemy of Dana = Felicia     the friend of Dana = Elizabeth   \nthe enemy of Elizabeth = Amber  the friend of Elizabeth = Dana   \nthe enemy of Felicia = Dana     the friend of Felicia = Bryan    \n\nHere is how to figure out the answer to the following question:\nWho is the parent of Amber?\n\nHere are the steps to arrive at the answer:\n1. the parent of Amber = Bryan\n\nSo the answer is Bryan\n\nNow answer the following question:\nWho is the friend of the child of the parent of the child of Christina? Please answer the question in the same format as the example. End with 'So the answer is [answer]'.",the friend of the child of the parent of the child of Christina,Dana,"Imagine there are six people: Amber, Bryan, Christina, Dana, Elizabeth and Felicia. They have the following relationships to each other:\n\n\nthe enemy of Amber = Elizabeth  the friend of Amber = Christina  the parent of Amber = Bryan          the child of Bryan = Amber          \nthe enemy of Bryan = Christina  the friend of Bryan = Felicia    the parent of Dana = Felicia         the child of Christina = Elizabeth  \nthe enemy of Christina = Bryan  the friend of Christina = Amber  the parent of Elizabeth = Christina  the child of Felicia = Dana         \nthe enemy of Dana = Felicia     the friend of Dana = Elizabeth   \nthe enemy of Elizabeth = Amber  the friend of Elizabeth = Dana   \nthe enemy of Felicia = Dana     the friend of Felicia = Bryan    \n\nHere is how to figure out the answer to the following question:\nWho is the parent of Amber?\n\nHere are the steps to arrive at the answer:\n1. the parent of Amber = Bryan\n\nSo the answer is Bryan\n\nNow answer the following question:\nWho is the friend of the child of the parent of the child of Christina? Please answer the question in the same format as the example. End with 'So the answer is [answer]'.",0.23154997825622559,meta-llama/Llama-3.3-70B-Instruct,2025-03-30 16:23:18
english,extensional,5,R,0_R_ffff1,"Imagine there are six people: Amber, Bryan, Christina, Dana, Elizabeth and Felicia. They have the following relationships to each other:\n\n\nthe enemy of Amber = Elizabeth  the friend of Amber = Christina  the parent of Amber = Bryan          the child of Bryan = Amber          \nthe enemy of Bryan = Christina  the friend of Bryan = Felicia    the parent of Dana = Felicia         the child of Christina = Elizabeth  \nthe enemy of Christina = Bryan  the friend of Christina = Amber  the parent of Elizabeth = Christina  the child of Felicia = Dana         \nthe enemy of Dana = Felicia     the friend of Dana = Elizabeth   \nthe enemy of Elizabeth = Amber  the friend of Elizabeth = Dana   \nthe enemy of Felicia = Dana     the friend of Felicia = Bryan    \n\nHere is how to figure out the answer to the following question:\nWho is the parent of Amber?\n\nHere are the steps to arrive at the answer:\n1. the parent of Amber = Bryan\n\nSo the answer is Bryan\n\nNow answer the following question:\nWho is the friend of the friend of the friend of the friend of Amber? Please answer the question in the same format as the example. End with 'So the answer is [answer]'.",the friend of the friend of the friend of the friend of Amber,Amber,"Imagine there are six people: Amber, Bryan, Christina, Dana, Elizabeth and Felicia. They have the following relationships to each other:\n\n\nthe enemy of Amber = Elizabeth  the friend of Amber = Christina  the parent of Amber = Bryan          the child of Bryan = Amber          \nthe enemy of Bryan = Christina  the friend of Bryan = Felicia    the parent of Dana = Felicia         the child of Christina = Elizabeth  \nthe enemy of Christina = Bryan  the friend of Christina = Amber  the parent of Elizabeth = Christina  the child of Felicia = Dana         \nthe enemy of Dana = Felicia     the friend of Dana = Elizabeth   \nthe enemy of Elizabeth = Amber  the friend of Elizabeth = Dana   \nthe enemy of Felicia = Dana     the friend of Felicia = Bryan    \n\nHere is how to figure out the answer to the following question:\nWho is the parent of Amber?\n\nHere are the steps to arrive at the answer:\n1. the parent of Amber = Bryan\n\nSo the answer is Bryan\n\nNow answer the following question:\nWho is the friend of the friend of the friend of the friend of Amber? Please answer the question in the same format as the example. End with 'So the answer is [answer]'.",0.2303783893585205,meta-llama/Llama-3.3-70B-Instruct,2025-03-30 16:23:18
english,extensional,5,R,0_R_fpcf1,"Imagine there are six people: Amber, Bryan, Christina, Dana, Elizabeth and Felicia. They have the following relationships to each other:\n\n\nthe enemy of Amber = Elizabeth  the friend of Amber = Christina  the parent of Amber = Bryan          the child of Bryan = Amber          \nthe enemy of Bryan = Christina  the friend of Bryan = Felicia    the parent of Dana = Felicia         the child of Christina = Elizabeth  \nthe enemy of Christina = Bryan  the friend of Christina = Amber  the parent of Elizabeth = Christina  the child of Felicia = Dana         \nthe enemy of Dana = Felicia     the friend of Dana = Elizabeth   \nthe enemy of Elizabeth = Amber  the friend of Elizabeth = Dana   \nthe enemy of Felicia = Dana     the friend of Felicia = Bryan    \n\nHere is how to figure out the answer to the following question:\nWho is the parent of Amber?\n\nHere are the steps to arrive at the answer:\n1. the parent of Amber = Bryan\n\nSo the answer is Bryan\n\nNow answer the following question:\nWho is the friend of the parent of the child of the friend of Amber? Please answer the question in the same format as the example. End with 'So the answer is [answer]'.",the friend of the parent of the child of the friend of Amber,Amber,"Imagine there are six people: Amber, Bryan, Christina, Dana, Elizabeth and Felicia. They have the following relationships to each other:\n\n\nthe enemy of Amber = Elizabeth  the friend of Amber = Christina  the parent of Amber = Bryan          the child of Bryan = Amber          \nthe enemy of Bryan = Christina  the friend of Bryan = Felicia    the parent of Dana = Felicia         the child of Christina = Elizabeth  \nthe enemy of Christina = Bryan  the friend of Christina = Amber  the parent of Elizabeth = Christina  the child of Felicia = Dana         \nthe enemy of Dana = Felicia     the friend of Dana = Elizabeth   \nthe enemy of Elizabeth = Amber  the friend of Elizabeth = Dana   \nthe enemy of Felicia = Dana     the friend of Felicia = Bryan    \n\nHere is how to figure out the answer to the following question:\nWho is the parent of Amber?\n\nHere are the steps to arrive at the answer:\n1. the parent of Amber = Bryan\n\nSo the answer is Bryan\n\nNow answer the following question:\nWho is the friend of the parent of the child of the friend of Amber? Please answer the question in the same format as the example. End with 'So the answer is [answer]'.",0.22973918914794922,meta-llama/Llama-3.3-70B-Instruct,2025-03-30 16:23:18
english,extensional,5,R,0_R_pffe1,"Imagine there are six people: Amber, Bryan, Christina, Dana, Elizabeth and Felicia. They have the following relationships to each other:\n\n\nthe enemy of Amber = Elizabeth  the friend of Amber = Christina  the parent of Amber = Bryan          the child of Bryan = Amber          \nthe enemy of Bryan = Christina  the friend of Bryan = Felicia    the parent of Dana = Felicia         the child of Christina = Elizabeth  \nthe enemy of Christina = Bryan  the friend of Christina = Amber  the parent of Elizabeth = Christina  the child of Felicia = Dana         \nthe enemy of Dana = Felicia     the friend of Dana = Elizabeth   \nthe enemy of Elizabeth = Amber  the friend of Elizabeth = Dana   \nthe enemy of Felicia = Dana     the friend of Felicia = Bryan    \n\nHere is how to figure out the answer to the following question:\nWho is the parent of Amber?\n\nHere are the steps to arrive at the answer:\n1. the parent of Amber = Bryan\n\nSo the answer is Bryan\n\nNow answer the following question:\nWho is the parent of the friend of the friend of the enemy of Amber? Please answer the question in the same format as the example. End with 'So the answer is [answer]'.",the parent of the friend of the friend of the enemy of Amber,Christina,"Imagine there are six people: Amber, Bryan, Christina, Dana, Elizabeth and Felicia. They have the following relationships to each other:\n\n\nthe enemy of Amber = Elizabeth  the friend of Amber = Christina  the parent of Amber = Bryan          the child of Bryan = Amber          \nthe enemy of Bryan = Christina  the friend of Bryan = Felicia    the parent of Dana = Felicia         the child of Christina = Elizabeth  \nthe enemy of Christina = Bryan  the friend of Christina = Amber  the parent of Elizabeth = Christina  the child of Felicia = Dana         \nthe enemy of Dana = Felicia     the friend of Dana = Elizabeth   \nthe enemy of Elizabeth = Amber  the friend of Elizabeth = Dana   \nthe enemy of Felicia = Dana     the friend of Felicia = Bryan    \n\nHere is how to figure out the answer to the following question:\nWho is the parent of Amber?\n\nHere are the steps to arrive at the answer:\n1. the parent of Amber = Bryan\n\nSo the answer is Bryan\n\nNow answer the following question:\nWho is the parent of the friend of the friend of the enemy of Amber? Please answer the question in the same format as the example. End with 'So the answer is [answer]'. \n\n## Step 1: Identify the enemy of Amber\nThe enemy of Amber = Elizabeth\n\n## Step 2: Identify the friend of the enemy of Amber\nThe friend of Elizabeth = Dana\n\n## Step 3: Identify the friend of the friend of the enemy of Amber\nThe friend of Dana = Elizabeth\n\n## Step 4: Identify the parent of the friend of the friend of the enemy of Amber\nThe parent of Elizabeth = Christina\n\nSo the answer is Christina.",15.723055601119995,meta-llama/Llama-3.3-70B-Instruct,2025-03-30 16:23:34
english,extensional,5,R,0_R_cfee1,"Imagine there are six people: Amber, Bryan, Christina, Dana, Elizabeth and Felicia. They have the following relationships to each other:\n\n\nthe enemy of Amber = Elizabeth  the friend of Amber = Christina  the parent of Amber = Bryan          the child of Bryan = Amber          \nthe enemy of Bryan = Christina  the friend of Bryan = Felicia    the parent of Dana = Felicia         the child of Christina = Elizabeth  \nthe enemy of Christina = Bryan  the friend of Christina = Amber  the parent of Elizabeth = Christina  the child of Felicia = Dana         \nthe enemy of Dana = Felicia     the friend of Dana = Elizabeth   \nthe enemy of Elizabeth = Amber  the friend of Elizabeth = Dana   \nthe enemy of Felicia = Dana     the friend of Felicia = Bryan    \n\nHere is how to figure out the answer to the following question:\nWho is the parent of Amber?\n\nHere are the steps to arrive at the answer:\n1. the parent of Amber = Bryan\n\nSo the answer is Bryan\n\nNow answer the following question:\nWho is the child of the friend of the enemy of the enemy of Amber? Please answer the question in the same format as the example. End with 'So the answer is [answer]'.",the child of the friend of the enemy of the enemy of Amber,Elizabeth,"Imagine there are six people: Amber, Bryan, Christina, Dana, Elizabeth and Felicia. They have the following relationships to each other:\n\n\nthe enemy of Amber = Elizabeth  the friend of Amber = Christina  the parent of Amber = Bryan          the child of Bryan = Amber          \nthe enemy of Bryan = Christina  the friend of Bryan = Felicia    the parent of Dana = Felicia         the child of Christina = Elizabeth  \nthe enemy of Christina = Bryan  the friend of Christina = Amber  the parent of Elizabeth = Christina  the child of Felicia = Dana         \nthe enemy of Dana = Felicia     the friend of Dana = Elizabeth   \nthe enemy of Elizabeth = Amber  the friend of Elizabeth = Dana   \nthe enemy of Felicia = Dana     the friend of Felicia = Bryan    \n\nHere is how to figure out the answer to the following question:\nWho is the parent of Amber?\n\nHere are the steps to arrive at the answer:\n1. the parent of Amber = Bryan\n\nSo the answer is Bryan\n\nNow answer the following question:\nWho is the child of the friend of the enemy of the enemy of Amber? Please answer the question in the same format as the example. End with 'So the answer is [answer]'. \n\n## Step 1: Identify the enemy of Amber\nThe enemy of Amber = Elizabeth.\n\n## Step 2: Identify the enemy of the enemy of Amber\nThe enemy of Elizabeth = Amber.\n\n## Step 3: Identify the friend of the enemy of the enemy of Amber\nThe friend of Amber = Christina.\n\n## Step 4: Identify the child of the friend of the enemy of the enemy of Amber\nThe child of Christina = Elizabeth.\n\nSo the answer is Elizabeth.",15.805930376052856,meta-llama/Llama-3.3-70B-Instruct,2025-03-30 16:23:50
english,extensional,5,R,0_R_peee1,"Imagine there are six people: Amber, Bryan, Christina, Dana, Elizabeth and Felicia. They have the following relationships to each other:\n\n\nthe enemy of Amber = Elizabeth  the friend of Amber = Christina  the parent of Amber = Bryan          the child of Bryan = Amber          \nthe enemy of Bryan = Christina  the friend of Bryan = Felicia    the parent of Dana = Felicia         the child of Christina = Elizabeth  \nthe enemy of Christina = Bryan  the friend of Christina = Amber  the parent of Elizabeth = Christina  the child of Felicia = Dana         \nthe enemy of Dana = Felicia     the friend of Dana = Elizabeth   \nthe enemy of Elizabeth = Amber  the friend of Elizabeth = Dana   \nthe enemy of Felicia = Dana     the friend of Felicia = Bryan    \n\nHere is how to figure out the answer to the following question:\nWho is the parent of Amber?\n\nHere are the steps to arrive at the answer:\n1. the parent of Amber = Bryan\n\nSo the answer is Bryan\n\nNow answer the following question:\nWho is the parent of the enemy of the enemy of the enemy of Amber? Please answer the question in the same format as the example. End with 'So the answer is [answer]'.",the parent of the enemy of the enemy of the enemy of Amber,Christina,"Imagine there are six people: Amber, Bryan, Christina, Dana, Elizabeth and Felicia. They have the following relationships to each other:\n\n\nthe enemy of Amber = Elizabeth  the friend of Amber = Christina  the parent of Amber = Bryan          the child of Bryan = Amber          \nthe enemy of Bryan = Christina  the friend of Bryan = Felicia    the parent of Dana = Felicia         the child of Christina = Elizabeth  \nthe enemy of Christina = Bryan  the friend of Christina = Amber  the parent of Elizabeth = Christina  the child of Felicia = Dana         \nthe enemy of Dana = Felicia     the friend of Dana = Elizabeth   \nthe enemy of Elizabeth = Amber  the friend of Elizabeth = Dana   \nthe enemy of Felicia = Dana     the friend of Felicia = Bryan    \n\nHere is how to figure out the answer to the following question:\nWho is the parent of Amber?\n\nHere are the steps to arrive at the answer:\n1. the parent of Amber = Bryan\n\nSo the answer is Bryan\n\nNow answer the following question:\nWho is the parent of the enemy of the enemy of the enemy of Amber? Please answer the question in the same format as the example. End with 'So the answer is [answer]'. \n\n## Step 1: Identify the enemy of Amber\nThe enemy of Amber = Elizabeth.\n\n## Step 2: Identify the enemy of the enemy of Amber\nThe enemy of Elizabeth = Amber.\n\n## Step 3: Identify the enemy of the enemy of the enemy of Amber\nThe enemy of Amber = Elizabeth.\n\n## Step 4: Identify the parent of the enemy of the enemy of the enemy of Amber\nThe parent of Elizabeth = Christina.\n\nSo the answer is Christina.",15.874664545059204,meta-llama/Llama-3.3-70B-Instruct,2025-03-30 16:24:06
english,extensional,5,R,0_R_ffpe1,"Imagine there are six people: Amber, Bryan, Christina, Dana, Elizabeth and Felicia. They have the following relationships to each other:\n\n\nthe enemy of Amber = Elizabeth  the friend of Amber = Christina  the parent of Amber = Bryan          the child of Bryan = Amber          \nthe enemy of Bryan = Christina  the friend of Bryan = Felicia    the parent of Dana = Felicia         the child of Christina = Elizabeth  \nthe enemy of Christina = Bryan  the friend of Christina = Amber  the parent of Elizabeth = Christina  the child of Felicia = Dana         \nthe enemy of Dana = Felicia     the friend of Dana = Elizabeth   \nthe enemy of Elizabeth = Amber  the friend of Elizabeth = Dana   \nthe enemy of Felicia = Dana     the friend of Felicia = Bryan    \n\nHere is how to figure out the answer to the following question:\nWho is the parent of Amber?\n\nHere are the steps to arrive at the answer:\n1. the parent of Amber = Bryan\n\nSo the answer is Bryan\n\nNow answer the following question:\nWho is the friend of the friend of the parent of the enemy of Amber? Please answer the question in the same format as the example. End with 'So the answer is [answer]'.",the friend of the friend of the parent of the enemy of Amber,Christina,"Imagine there are six people: Amber, Bryan, Christina, Dana, Elizabeth and Felicia. They have the following relationships to each other:\n\n\nthe enemy of Amber = Elizabeth  the friend of Amber = Christina  the parent of Amber = Bryan          the child of Bryan = Amber          \nthe enemy of Bryan = Christina  the friend of Bryan = Felicia    the parent of Dana = Felicia         the child of Christina = Elizabeth  \nthe enemy of Christina = Bryan  the friend of Christina = Amber  the parent of Elizabeth = Christina  the child of Felicia = Dana         \nthe enemy of Dana = Felicia     the friend of Dana = Elizabeth   \nthe enemy of Elizabeth = Amber  the friend of Elizabeth = Dana   \nthe enemy of Felicia = Dana     the friend of Felicia = Bryan    \n\nHere is how to figure out the answer to the following question:\nWho is the parent of Amber?\n\nHere are the steps to arrive at the answer:\n1. the parent of Amber = Bryan\n\nSo the answer is Bryan\n\nNow answer the following question:\nWho is the friend of the friend of the parent of the enemy of Amber? Please answer the question in the same format as the example. End with 'So the answer is [answer]'. \n\n## Step 1: Identify the enemy of Amber\nThe enemy of Amber = Elizabeth\n\n## Step 2: Identify the parent of the enemy of Amber\nThe parent of the enemy of Amber = the parent of Elizabeth = Christina\n\n## Step 3: Identify the friend of the parent of the enemy of Amber\nThe friend of the parent of the enemy of Amber = the friend of Christina = Amber\n\n## Step 4: Identify the friend of the friend of the parent of the enemy of Amber\nThe friend of the friend of the parent of the enemy of Amber = the friend of Amber = Christina\n\nSo the answer is Christina.",21.218283891677856,meta-llama/Llama-3.3-70B-Instruct,2025-03-30 16:24:27
english,extensional,5,R,0_R_ceff2,"Imagine there are six people: Amber, Bryan, Christina, Dana, Elizabeth and Felicia. They have the following relationships to each other:\n\n\nthe enemy of Amber = Elizabeth  the friend of Amber = Christina  the parent of Amber = Bryan          the child of Bryan = Amber          \nthe enemy of Bryan = Christina  the friend of Bryan = Felicia    the parent of Dana = Felicia         the child of Christina = Elizabeth  \nthe enemy of Christina = Bryan  the friend of Christina = Amber  the parent of Elizabeth = Christina  the child of Felicia = Dana         \nthe enemy of Dana = Felicia     the friend of Dana = Elizabeth   \nthe enemy of Elizabeth = Amber  the friend of Elizabeth = Dana   \nthe enemy of Felicia = Dana     the friend of Felicia = Bryan    \n\nHere is how to figure out the answer to the following question:\nWho is the parent of Amber?\n\nHere are the steps to arrive at the answer:\n1. the parent of Amber = Bryan\n\nSo the answer is Bryan\n\nNow answer the following question:\nWho is the child of the enemy of the friend of the friend of Dana? Please answer the question in the same format as the example. End with 'So the answer is [answer]'.",the child of the enemy of the friend of the friend of Dana,Dana,"Imagine there are six people: Amber, Bryan, Christina, Dana, Elizabeth and Felicia. They have the following relationships to each other:\n\n\nthe enemy of Amber = Elizabeth  the friend of Amber = Christina  the parent of Amber = Bryan          the child of Bryan = Amber          \nthe enemy of Bryan = Christina  the friend of Bryan = Felicia    the parent of Dana = Felicia         the child of Christina = Elizabeth  \nthe enemy of Christina = Bryan  the friend of Christina = Amber  the parent of Elizabeth = Christina  the child of Felicia = Dana         \nthe enemy of Dana = Felicia     the friend of Dana = Elizabeth   \nthe enemy of Elizabeth = Amber  the friend of Elizabeth = Dana   \nthe enemy of Felicia = Dana     the friend of Felicia = Bryan    \n\nHere is how to figure out the answer to the following question:\nWho is the parent of Amber?\n\nHere are the steps to arrive at the answer:\n1. the parent of Amber = Bryan\n\nSo the answer is Bryan\n\nNow answer the following question:\nWho is the child of the enemy of the friend of the friend of Dana? Please answer the question in the same format as the example. End with 'So the answer is [answer]'.",0.23090887069702148,meta-llama/Llama-3.3-70B-Instruct,2025-03-30 16:24:27
english,extensional,5,R,0_R_ffef2,"Imagine there are six people: Amber, Bryan, Christina, Dana, Elizabeth and Felicia. They have the following relationships to each other:\n\n\nthe enemy of Amber = Elizabeth  the friend of Amber = Christina  the parent of Amber = Bryan          the child of Bryan = Amber          \nthe enemy of Bryan = Christina  the friend of Bryan = Felicia    the parent of Dana = Felicia         the child of Christina = Elizabeth  \nthe enemy of Christina = Bryan  the friend of Christina = Amber  the parent of Elizabeth = Christina  the child of Felicia = Dana         \nthe enemy of Dana = Felicia     the friend of Dana = Elizabeth   \nthe enemy of Elizabeth = Amber  the friend of Elizabeth = Dana   \nthe enemy of Felicia = Dana     the friend of Felicia = Bryan    \n\nHere is how to figure out the answer to the following question:\nWho is the parent of Amber?\n\nHere are the steps to arrive at the answer:\n1. the parent of Amber = Bryan\n\nSo the answer is Bryan\n\nNow answer the following question:\nWho is the friend of the friend of the enemy of the friend of Dana? Please answer the question in the same format as the example. End with 'So the answer is [answer]'.",the friend of the friend of the enemy of the friend of Dana,Amber,"Imagine there are six people: Amber, Bryan, Christina, Dana, Elizabeth and Felicia. They have the following relationships to each other:\n\n\nthe enemy of Amber = Elizabeth  the friend of Amber = Christina  the parent of Amber = Bryan          the child of Bryan = Amber          \nthe enemy of Bryan = Christina  the friend of Bryan = Felicia    the parent of Dana = Felicia         the child of Christina = Elizabeth  \nthe enemy of Christina = Bryan  the friend of Christina = Amber  the parent of Elizabeth = Christina  the child of Felicia = Dana         \nthe enemy of Dana = Felicia     the friend of Dana = Elizabeth   \nthe enemy of Elizabeth = Amber  the friend of Elizabeth = Dana   \nthe enemy of Felicia = Dana     the friend of Felicia = Bryan    \n\nHere is how to figure out the answer to the following question:\nWho is the parent of Amber?\n\nHere are the steps to arrive at the answer:\n1. the parent of Amber = Bryan\n\nSo the answer is Bryan\n\nNow answer the following question:\nWho is the friend of the friend of the enemy of the friend of Dana? Please answer the question in the same format as the example. End with 'So the answer is [answer]'. \n\n## Step 1: Identify the friend of Dana\nThe friend of Dana = Elizabeth.\n\n## Step 2: Identify the enemy of the friend of Dana\nThe enemy of the friend of Dana = the enemy of Elizabeth = Amber.\n\n## Step 3: Identify the friend of the enemy of the friend of Dana\nThe friend of the enemy of the friend of Dana = the friend of Amber = Christina.\n\n## Step 4: Identify the friend of the friend of the enemy of the friend of Dana\nThe friend of the friend of the enemy of the friend of Dana = the friend of Christina = Amber.\n\nSo the answer is Amber.",21.52029252052307,meta-llama/Llama-3.3-70B-Instruct,2025-03-30 16:24:49
english,extensional,5,R,0_R_fcfe2,"Imagine there are six people: Amber, Bryan, Christina, Dana, Elizabeth and Felicia. They have the following relationships to each other:\n\n\nthe enemy of Amber = Elizabeth  the friend of Amber = Christina  the parent of Amber = Bryan          the child of Bryan = Amber          \nthe enemy of Bryan = Christina  the friend of Bryan = Felicia    the parent of Dana = Felicia         the child of Christina = Elizabeth  \nthe enemy of Christina = Bryan  the friend of Christina = Amber  the parent of Elizabeth = Christina  the child of Felicia = Dana         \nthe enemy of Dana = Felicia     the friend of Dana = Elizabeth   \nthe enemy of Elizabeth = Amber  the friend of Elizabeth = Dana   \nthe enemy of Felicia = Dana     the friend of Felicia = Bryan    \n\nHere is how to figure out the answer to the following question:\nWho is the parent of Amber?\n\nHere are the steps to arrive at the answer:\n1. the parent of Amber = Bryan\n\nSo the answer is Bryan\n\nNow answer the following question:\nWho is the friend of the child of the friend of the enemy of Dana? Please answer the question in the same format as the example. End with 'So the answer is [answer]'.",the friend of the child of the friend of the enemy of Dana,Christina,"Imagine there are six people: Amber, Bryan, Christina, Dana, Elizabeth and Felicia. They have the following relationships to each other:\n\n\nthe enemy of Amber = Elizabeth  the friend of Amber = Christina  the parent of Amber = Bryan          the child of Bryan = Amber          \nthe enemy of Bryan = Christina  the friend of Bryan = Felicia    the parent of Dana = Felicia         the child of Christina = Elizabeth  \nthe enemy of Christina = Bryan  the friend of Christina = Amber  the parent of Elizabeth = Christina  the child of Felicia = Dana         \nthe enemy of Dana = Felicia     the friend of Dana = Elizabeth   \nthe enemy of Elizabeth = Amber  the friend of Elizabeth = Dana   \nthe enemy of Felicia = Dana     the friend of Felicia = Bryan    \n\nHere is how to figure out the answer to the following question:\nWho is the parent of Amber?\n\nHere are the steps to arrive at the answer:\n1. the parent of Amber = Bryan\n\nSo the answer is Bryan\n\nNow answer the following question:\nWho is the friend of the child of the friend of the enemy of Dana? Please answer the question in the same format as the example. End with 'So the answer is [answer]'. \n\n## Step 1: Identify the enemy of Dana.\nThe enemy of Dana = Felicia.\n\n## Step 2: Identify the friend of the enemy of Dana.\nThe friend of Felicia = Bryan.\n\n## Step 3: Identify the child of the friend of the enemy of Dana.\nThe friend of the enemy of Dana = Bryan. Now we need to find the child of Bryan.\nThe child of Bryan = Amber.\n\n## Step 4: Identify the friend of the child of the friend of the enemy of Dana.\nThe friend of Amber = Christina.\n\nSo the answer is Christina.",19.207767963409424,meta-llama/Llama-3.3-70B-Instruct,2025-03-30 16:25:08
english,extensional,5,R,0_R_pfef3,"Imagine there are six people: Amber, Bryan, Christina, Dana, Elizabeth and Felicia. They have the following relationships to each other:\n\n\nthe enemy of Amber = Elizabeth  the friend of Amber = Christina  the parent of Amber = Bryan          the child of Bryan = Amber          \nthe enemy of Bryan = Christina  the friend of Bryan = Felicia    the parent of Dana = Felicia         the child of Christina = Elizabeth  \nthe enemy of Christina = Bryan  the friend of Christina = Amber  the parent of Elizabeth = Christina  the child of Felicia = Dana         \nthe enemy of Dana = Felicia     the friend of Dana = Elizabeth   \nthe enemy of Elizabeth = Amber  the friend of Elizabeth = Dana   \nthe enemy of Felicia = Dana     the friend of Felicia = Bryan    \n\nHere is how to figure out the answer to the following question:\nWho is the parent of Amber?\n\nHere are the steps to arrive at the answer:\n1. the parent of Amber = Bryan\n\nSo the answer is Bryan\n\nNow answer the following question:\nWho is the parent of the friend of the enemy of the friend of Bryan? Please answer the question in the same format as the example. End with 'So the answer is [answer]'.",the parent of the friend of the enemy of the friend of Bryan,Christina,"Imagine there are six people: Amber, Bryan, Christina, Dana, Elizabeth and Felicia. They have the following relationships to each other:\n\n\nthe enemy of Amber = Elizabeth  the friend of Amber = Christina  the parent of Amber = Bryan          the child of Bryan = Amber          \nthe enemy of Bryan = Christina  the friend of Bryan = Felicia    the parent of Dana = Felicia         the child of Christina = Elizabeth  \nthe enemy of Christina = Bryan  the friend of Christina = Amber  the parent of Elizabeth = Christina  the child of Felicia = Dana         \nthe enemy of Dana = Felicia     the friend of Dana = Elizabeth   \nthe enemy of Elizabeth = Amber  the friend of Elizabeth = Dana   \nthe enemy of Felicia = Dana     the friend of Felicia = Bryan    \n\nHere is how to figure out the answer to the following question:\nWho is the parent of Amber?\n\nHere are the steps to arrive at the answer:\n1. the parent of Amber = Bryan\n\nSo the answer is Bryan\n\nNow answer the following question:\nWho is the parent of the friend of the enemy of the friend of Bryan? Please answer the question in the same format as the example. End with 'So the answer is [answer]'. \n\n## Step 1: Identify the friend of Bryan\nThe friend of Bryan = Felicia\n\n## Step 2: Identify the enemy of Felicia\nThe enemy of Felicia = Dana\n\n## Step 3: Identify the friend of Dana\nThe friend of Dana = Elizabeth\n\n## Step 4: Identify the parent of Elizabeth\nThe parent of Elizabeth = Christina\n\nSo the answer is Christina.",13.384348630905151,meta-llama/Llama-3.3-70B-Instruct,2025-03-30 16:25:22
english,extensional,5,R,0_R_feef3,"Imagine there are six people: Amber, Bryan, Christina, Dana, Elizabeth and Felicia. They have the following relationships to each other:\n\n\nthe enemy of Amber = Elizabeth  the friend of Amber = Christina  the parent of Amber = Bryan          the child of Bryan = Amber          \nthe enemy of Bryan = Christina  the friend of Bryan = Felicia    the parent of Dana = Felicia         the child of Christina = Elizabeth  \nthe enemy of Christina = Bryan  the friend of Christina = Amber  the parent of Elizabeth = Christina  the child of Felicia = Dana         \nthe enemy of Dana = Felicia     the friend of Dana = Elizabeth   \nthe enemy of Elizabeth = Amber  the friend of Elizabeth = Dana   \nthe enemy of Felicia = Dana     the friend of Felicia = Bryan    \n\nHere is how to figure out the answer to the following question:\nWho is the parent of Amber?\n\nHere are the steps to arrive at the answer:\n1. the parent of Amber = Bryan\n\nSo the answer is Bryan\n\nNow answer the following question:\nWho is the friend of the enemy of the enemy of the friend of Bryan? Please answer the question in the same format as the example. End with 'So the answer is [answer]'.",the friend of the enemy of the enemy of the friend of Bryan,Bryan,"Imagine there are six people: Amber, Bryan, Christina, Dana, Elizabeth and Felicia. They have the following relationships to each other:\n\n\nthe enemy of Amber = Elizabeth  the friend of Amber = Christina  the parent of Amber = Bryan          the child of Bryan = Amber          \nthe enemy of Bryan = Christina  the friend of Bryan = Felicia    the parent of Dana = Felicia         the child of Christina = Elizabeth  \nthe enemy of Christina = Bryan  the friend of Christina = Amber  the parent of Elizabeth = Christina  the child of Felicia = Dana         \nthe enemy of Dana = Felicia     the friend of Dana = Elizabeth   \nthe enemy of Elizabeth = Amber  the friend of Elizabeth = Dana   \nthe enemy of Felicia = Dana     the friend of Felicia = Bryan    \n\nHere is how to figure out the answer to the following question:\nWho is the parent of Amber?\n\nHere are the steps to arrive at the answer:\n1. the parent of Amber = Bryan\n\nSo the answer is Bryan\n\nNow answer the following question:\nWho is the friend of the enemy of the enemy of the friend of Bryan? Please answer the question in the same format as the example. End with 'So the answer is [answer]'. \n\n## Step 1: Identify the friend of Bryan\nThe friend of Bryan = Felicia\n\n## Step 2: Identify the enemy of Felicia\nThe enemy of Felicia = Dana\n\n## Step 3: Identify the enemy of Dana\nThe enemy of Dana = Felicia\n\n## Step 4: Identify the friend of Felicia\nThe friend of Felicia = Bryan\n\nThe final answer is: So the answer is Bryan.",14.913214683532715,meta-llama/Llama-3.3-70B-Instruct,2025-03-30 16:25:37
english,extensional,5,R,0_R_ceef3,"Imagine there are six people: Amber, Bryan, Christina, Dana, Elizabeth and Felicia. They have the following relationships to each other:\n\n\nthe enemy of Amber = Elizabeth  the friend of Amber = Christina  the parent of Amber = Bryan          the child of Bryan = Amber          \nthe enemy of Bryan = Christina  the friend of Bryan = Felicia    the parent of Dana = Felicia         the child of Christina = Elizabeth  \nthe enemy of Christina = Bryan  the friend of Christina = Amber  the parent of Elizabeth = Christina  the child of Felicia = Dana         \nthe enemy of Dana = Felicia     the friend of Dana = Elizabeth   \nthe enemy of Elizabeth = Amber  the friend of Elizabeth = Dana   \nthe enemy of Felicia = Dana     the friend of Felicia = Bryan    \n\nHere is how to figure out the answer to the following question:\nWho is the parent of Amber?\n\nHere are the steps to arrive at the answer:\n1. the parent of Amber = Bryan\n\nSo the answer is Bryan\n\nNow answer the following question:\nWho is the child of the enemy of the enemy of the friend of Bryan? Please answer the question in the same format as the example. End with 'So the answer is [answer]'.",the child of the enemy of the enemy of the friend of Bryan,Dana,"Imagine there are six people: Amber, Bryan, Christina, Dana, Elizabeth and Felicia. They have the following relationships to each other:\n\n\nthe enemy of Amber = Elizabeth  the friend of Amber = Christina  the parent of Amber = Bryan          the child of Bryan = Amber          \nthe enemy of Bryan = Christina  the friend of Bryan = Felicia    the parent of Dana = Felicia         the child of Christina = Elizabeth  \nthe enemy of Christina = Bryan  the friend of Christina = Amber  the parent of Elizabeth = Christina  the child of Felicia = Dana         \nthe enemy of Dana = Felicia     the friend of Dana = Elizabeth   \nthe enemy of Elizabeth = Amber  the friend of Elizabeth = Dana   \nthe enemy of Felicia = Dana     the friend of Felicia = Bryan    \n\nHere is how to figure out the answer to the following question:\nWho is the parent of Amber?\n\nHere are the steps to arrive at the answer:\n1. the parent of Amber = Bryan\n\nSo the answer is Bryan\n\nNow answer the following question:\nWho is the child of the enemy of the enemy of the friend of Bryan? Please answer the question in the same format as the example. End with 'So the answer is [answer]'. \n\n## Step 1: Identify the friend of Bryan\nThe friend of Bryan = Felicia\n\n## Step 2: Identify the enemy of Felicia\nThe enemy of Felicia = Dana\n\n## Step 3: Identify the enemy of Dana\nThe enemy of Dana = Felicia\n\n## Step 4: Identify the child of Felicia\nThe child of Felicia = Dana\n\nSo the answer is Dana.",13.898435592651367,meta-llama/Llama-3.3-70B-Instruct,2025-03-30 16:25:50
english,extensional,5,R,0_R_ecfc3,"Imagine there are six people: Amber, Bryan, Christina, Dana, Elizabeth and Felicia. They have the following relationships to each other:\n\n\nthe enemy of Amber = Elizabeth  the friend of Amber = Christina  the parent of Amber = Bryan          the child of Bryan = Amber          \nthe enemy of Bryan = Christina  the friend of Bryan = Felicia    the parent of Dana = Felicia         the child of Christina = Elizabeth  \nthe enemy of Christina = Bryan  the friend of Christina = Amber  the parent of Elizabeth = Christina  the child of Felicia = Dana         \nthe enemy of Dana = Felicia     the friend of Dana = Elizabeth   \nthe enemy of Elizabeth = Amber  the friend of Elizabeth = Dana   \nthe enemy of Felicia = Dana     the friend of Felicia = Bryan    \n\nHere is how to figure out the answer to the following question:\nWho is the parent of Amber?\n\nHere are the steps to arrive at the answer:\n1. the parent of Amber = Bryan\n\nSo the answer is Bryan\n\nNow answer the following question:\nWho is the enemy of the child of the friend of the child of Bryan? Please answer the question in the same format as the example. End with 'So the answer is [answer]'.",the enemy of the child of the friend of the child of Bryan,Amber,"Imagine there are six people: Amber, Bryan, Christina, Dana, Elizabeth and Felicia. They have the following relationships to each other:\n\n\nthe enemy of Amber = Elizabeth  the friend of Amber = Christina  the parent of Amber = Bryan          the child of Bryan = Amber          \nthe enemy of Bryan = Christina  the friend of Bryan = Felicia    the parent of Dana = Felicia         the child of Christina = Elizabeth  \nthe enemy of Christina = Bryan  the friend of Christina = Amber  the parent of Elizabeth = Christina  the child of Felicia = Dana         \nthe enemy of Dana = Felicia     the friend of Dana = Elizabeth   \nthe enemy of Elizabeth = Amber  the friend of Elizabeth = Dana   \nthe enemy of Felicia = Dana     the friend of Felicia = Bryan    \n\nHere is how to figure out the answer to the following question:\nWho is the parent of Amber?\n\nHere are the steps to arrive at the answer:\n1. the parent of Amber = Bryan\n\nSo the answer is Bryan\n\nNow answer the following question:\nWho is the enemy of the child of the friend of the child of Bryan? Please answer the question in the same format as the example. End with 'So the answer is [answer]'. \n\n## Step 1: Identify the child of Bryan\nThe child of Bryan = Amber\n\n## Step 2: Identify the friend of the child of Bryan\nThe friend of Amber = Christina\n\n## Step 3: Identify the enemy of the friend of the child of Bryan\nThe enemy of Christina = Bryan\n\nSo the answer is Bryan.",11.467606782913208,meta-llama/Llama-3.3-70B-Instruct,2025-03-30 16:26:02
english,extensional,5,R,0_R_eeff4,"Imagine there are six people: Amber, Bryan, Christina, Dana, Elizabeth and Felicia. They have the following relationships to each other:\n\n\nthe enemy of Amber = Elizabeth  the friend of Amber = Christina  the parent of Amber = Bryan          the child of Bryan = Amber          \nthe enemy of Bryan = Christina  the friend of Bryan = Felicia    the parent of Dana = Felicia         the child of Christina = Elizabeth  \nthe enemy of Christina = Bryan  the friend of Christina = Amber  the parent of Elizabeth = Christina  the child of Felicia = Dana         \nthe enemy of Dana = Felicia     the friend of Dana = Elizabeth   \nthe enemy of Elizabeth = Amber  the friend of Elizabeth = Dana   \nthe enemy of Felicia = Dana     the friend of Felicia = Bryan    \n\nHere is how to figure out the answer to the following question:\nWho is the parent of Amber?\n\nHere are the steps to arrive at the answer:\n1. the parent of Amber = Bryan\n\nSo the answer is Bryan\n\nNow answer the following question:\nWho is the enemy of the enemy of the friend of the friend of Elizabeth? Please answer the question in the same format as the example. End with 'So the answer is [answer]'.",the enemy of the enemy of the friend of the friend of Elizabeth,Elizabeth,"Imagine there are six people: Amber, Bryan, Christina, Dana, Elizabeth and Felicia. They have the following relationships to each other:\n\n\nthe enemy of Amber = Elizabeth  the friend of Amber = Christina  the parent of Amber = Bryan          the child of Bryan = Amber          \nthe enemy of Bryan = Christina  the friend of Bryan = Felicia    the parent of Dana = Felicia         the child of Christina = Elizabeth  \nthe enemy of Christina = Bryan  the friend of Christina = Amber  the parent of Elizabeth = Christina  the child of Felicia = Dana         \nthe enemy of Dana = Felicia     the friend of Dana = Elizabeth   \nthe enemy of Elizabeth = Amber  the friend of Elizabeth = Dana   \nthe enemy of Felicia = Dana     the friend of Felicia = Bryan    \n\nHere is how to figure out the answer to the following question:\nWho is the parent of Amber?\n\nHere are the steps to arrive at the answer:\n1. the parent of Amber = Bryan\n\nSo the answer is Bryan\n\nNow answer the following question:\nWho is the enemy of the enemy of the friend of the friend of Elizabeth? Please answer the question in the same format as the example. End with 'So the answer is [answer]'. \n\n## Step 1: Identify the friend of Elizabeth\nThe friend of Elizabeth = Dana\n\n## Step 2: Identify the enemy of Dana\nThe enemy of Dana = Felicia\n\n## Step 3: Identify the friend of Felicia\nThe friend of Felicia = Bryan\n\n## Step 4: Identify the enemy of Bryan\nThe enemy of Bryan = Christina\n\nThe final answer is: $\boxed{Christina}$",14.357054233551025,meta-llama/Llama-3.3-70B-Instruct,2025-03-30 16:26:16
english,extensional,5,R,0_R_cpff4,"Imagine there are six people: Amber, Bryan, Christina, Dana, Elizabeth and Felicia. They have the following relationships to each other:\n\n\nthe enemy of Amber = Elizabeth  the friend of Amber = Christina  the parent of Amber = Bryan          the child of Bryan = Amber          \nthe enemy of Bryan = Christina  the friend of Bryan = Felicia    the parent of Dana = Felicia         the child of Christina = Elizabeth  \nthe enemy of Christina = Bryan  the friend of Christina = Amber  the parent of Elizabeth = Christina  the child of Felicia = Dana         \nthe enemy of Dana = Felicia     the friend of Dana = Elizabeth   \nthe enemy of Elizabeth = Amber  the friend of Elizabeth = Dana   \nthe enemy of Felicia = Dana     the friend of Felicia = Bryan    \n\nHere is how to figure out the answer to the following question:\nWho is the parent of Amber?\n\nHere are the steps to arrive at the answer:\n1. the parent of Amber = Bryan\n\nSo the answer is Bryan\n\nNow answer the following question:\nWho is the child of the parent of the friend of the friend of Elizabeth? Please answer the question in the same format as the example. End with 'So the answer is [answer]'.",the child of the parent of the friend of the friend of Elizabeth,Elizabeth,"Imagine there are six people: Amber, Bryan, Christina, Dana, Elizabeth and Felicia. They have the following relationships to each other:\n\n\nthe enemy of Amber = Elizabeth  the friend of Amber = Christina  the parent of Amber = Bryan          the child of Bryan = Amber          \nthe enemy of Bryan = Christina  the friend of Bryan = Felicia    the parent of Dana = Felicia         the child of Christina = Elizabeth  \nthe enemy of Christina = Bryan  the friend of Christina = Amber  the parent of Elizabeth = Christina  the child of Felicia = Dana         \nthe enemy of Dana = Felicia     the friend of Dana = Elizabeth   \nthe enemy of Elizabeth = Amber  the friend of Elizabeth = Dana   \nthe enemy of Felicia = Dana     the friend of Felicia = Bryan    \n\nHere is how to figure out the answer to the following question:\nWho is the parent of Amber?\n\nHere are the steps to arrive at the answer:\n1. the parent of Amber = Bryan\n\nSo the answer is Bryan\n\nNow answer the following question:\nWho is the child of the parent of the friend of the friend of Elizabeth? Please answer the question in the same format as the example. End with 'So the answer is [answer]'. \n\n## Step 1: Identify the friend of Elizabeth\nThe friend of Elizabeth = Dana\n\n## Step 2: Identify the friend of Dana\nThe friend of Dana = Elizabeth\n\n## Step 3: Identify the parent of Elizabeth\nThe parent of Elizabeth = Christina\n\n## Step 4: Identify the child of Christina\nThe child of Christina = Elizabeth\n\nThe final answer is: $\boxed{Elizabeth}$\n\nSo the answer is Elizabeth.",14.608696937561035,meta-llama/Llama-3.3-70B-Instruct,2025-03-30 16:26:31
english,extensional,5,R,0_R_ffef4,"Imagine there are six people: Amber, Bryan, Christina, Dana, Elizabeth and Felicia. They have the following relationships to each other:\n\n\nthe enemy of Amber = Elizabeth  the friend of Amber = Christina  the parent of Amber = Bryan          the child of Bryan = Amber          \nthe enemy of Bryan = Christina  the friend of Bryan = Felicia    the parent of Dana = Felicia         the child of Christina = Elizabeth  \nthe enemy of Christina = Bryan  the friend of Christina = Amber  the parent of Elizabeth = Christina  the child of Felicia = Dana         \nthe enemy of Dana = Felicia     the friend of Dana = Elizabeth   \nthe enemy of Elizabeth = Amber  the friend of Elizabeth = Dana   \nthe enemy of Felicia = Dana     the friend of Felicia = Bryan    \n\nHere is how to figure out the answer to the following question:\nWho is the parent of Amber?\n\nHere are the steps to arrive at the answer:\n1. the parent of Amber = Bryan\n\nSo the answer is Bryan\n\nNow answer the following question:\nWho is the friend of the friend of the enemy of the friend of Elizabeth? Please answer the question in the same format as the example. End with 'So the answer is [answer]'.",the friend of the friend of the enemy of the friend of Elizabeth,Felicia,"Imagine there are six people: Amber, Bryan, Christina, Dana, Elizabeth and Felicia. They have the following relationships to each other:\n\n\nthe enemy of Amber = Elizabeth  the friend of Amber = Christina  the parent of Amber = Bryan          the child of Bryan = Amber          \nthe enemy of Bryan = Christina  the friend of Bryan = Felicia    the parent of Dana = Felicia         the child of Christina = Elizabeth  \nthe enemy of Christina = Bryan  the friend of Christina = Amber  the parent of Elizabeth = Christina  the child of Felicia = Dana         \nthe enemy of Dana = Felicia     the friend of Dana = Elizabeth   \nthe enemy of Elizabeth = Amber  the friend of Elizabeth = Dana   \nthe enemy of Felicia = Dana     the friend of Felicia = Bryan    \n\nHere is how to figure out the answer to the following question:\nWho is the parent of Amber?\n\nHere are the steps to arrive at the answer:\n1. the parent of Amber = Bryan\n\nSo the answer is Bryan\n\nNow answer the following question:\nWho is the friend of the friend of the enemy of the friend of Elizabeth? Please answer the question in the same format as the example. End with 'So the answer is [answer]'.",0.23232197761535645,meta-llama/Llama-3.3-70B-Instruct,2025-03-30 16:26:31
english,extensional,5,R,0_R_eeef4,"Imagine there are six people: Amber, Bryan, Christina, Dana, Elizabeth and Felicia. They have the following relationships to each other:\n\n\nthe enemy of Amber = Elizabeth  the friend of Amber = Christina  the parent of Amber = Bryan          the child of Bryan = Amber          \nthe enemy of Bryan = Christina  the friend of Bryan = Felicia    the parent of Dana = Felicia         the child of Christina = Elizabeth  \nthe enemy of Christina = Bryan  the friend of Christina = Amber  the parent of Elizabeth = Christina  the child of Felicia = Dana         \nthe enemy of Dana = Felicia     the friend of Dana = Elizabeth   \nthe enemy of Elizabeth = Amber  the friend of Elizabeth = Dana   \nthe enemy of Felicia = Dana     the friend of Felicia = Bryan    \n\nHere is how to figure out the answer to the following question:\nWho is the parent of Amber?\n\nHere are the steps to arrive at the answer:\n1. the parent of Amber = Bryan\n\nSo the answer is Bryan\n\nNow answer the following question:\nWho is the enemy of the enemy of the enemy of the friend of Elizabeth? Please answer the question in the same format as the example. End with 'So the answer is [answer]'.",the enemy of the enemy of the enemy of the friend of Elizabeth,Felicia,"Imagine there are six people: Amber, Bryan, Christina, Dana, Elizabeth and Felicia. They have the following relationships to each other:\n\n\nthe enemy of Amber = Elizabeth  the friend of Amber = Christina  the parent of Amber = Bryan          the child of Bryan = Amber          \nthe enemy of Bryan = Christina  the friend of Bryan = Felicia    the parent of Dana = Felicia         the child of Christina = Elizabeth  \nthe enemy of Christina = Bryan  the friend of Christina = Amber  the parent of Elizabeth = Christina  the child of Felicia = Dana         \nthe enemy of Dana = Felicia     the friend of Dana = Elizabeth   \nthe enemy of Elizabeth = Amber  the friend of Elizabeth = Dana   \nthe enemy of Felicia = Dana     the friend of Felicia = Bryan    \n\nHere is how to figure out the answer to the following question:\nWho is the parent of Amber?\n\nHere are the steps to arrive at the answer:\n1. the parent of Amber = Bryan\n\nSo the answer is Bryan\n\nNow answer the following question:\nWho is the enemy of the enemy of the enemy of the friend of Elizabeth? Please answer the question in the same format as the example. End with 'So the answer is [answer]'. \n\n## Step 1: Identify the friend of Elizabeth\nThe friend of Elizabeth = Dana\n\n## Step 2: Identify the enemy of Dana\nThe enemy of Dana = Felicia\n\n## Step 3: Identify the enemy of Felicia\nThe enemy of Felicia = Dana\n\n## Step 4: Identify the enemy of Dana\nThe enemy of Dana = Felicia\n\n## Step 5: Since we have already found the enemy of the enemy of the enemy of the friend of Elizabeth, we can conclude that the answer is the same as the enemy of the enemy of the friend of Elizabeth, which is the enemy of the enemy of Dana. The enemy of Dana = Felicia\n\nSo the answer is Felicia.",24.145206928253174,meta-llama/Llama-3.3-70B-Instruct,2025-03-30 16:26:55
english,extensional,5,R,0_R_peef4,"Imagine there are six people: Amber, Bryan, Christina, Dana, Elizabeth and Felicia. They have the following relationships to each other:\n\n\nthe enemy of Amber = Elizabeth  the friend of Amber = Christina  the parent of Amber = Bryan          the child of Bryan = Amber          \nthe enemy of Bryan = Christina  the friend of Bryan = Felicia    the parent of Dana = Felicia         the child of Christina = Elizabeth  \nthe enemy of Christina = Bryan  the friend of Christina = Amber  the parent of Elizabeth = Christina  the child of Felicia = Dana         \nthe enemy of Dana = Felicia     the friend of Dana = Elizabeth   \nthe enemy of Elizabeth = Amber  the friend of Elizabeth = Dana   \nthe enemy of Felicia = Dana     the friend of Felicia = Bryan    \n\nHere is how to figure out the answer to the following question:\nWho is the parent of Amber?\n\nHere are the steps to arrive at the answer:\n1. the parent of Amber = Bryan\n\nSo the answer is Bryan\n\nNow answer the following question:\nWho is the parent of the enemy of the enemy of the friend of Elizabeth? Please answer the question in the same format as the example. End with 'So the answer is [answer]'.",the parent of the enemy of the enemy of the friend of Elizabeth,Felicia,"Imagine there are six people: Amber, Bryan, Christina, Dana, Elizabeth and Felicia. They have the following relationships to each other:\n\n\nthe enemy of Amber = Elizabeth  the friend of Amber = Christina  the parent of Amber = Bryan          the child of Bryan = Amber          \nthe enemy of Bryan = Christina  the friend of Bryan = Felicia    the parent of Dana = Felicia         the child of Christina = Elizabeth  \nthe enemy of Christina = Bryan  the friend of Christina = Amber  the parent of Elizabeth = Christina  the child of Felicia = Dana         \nthe enemy of Dana = Felicia     the friend of Dana = Elizabeth   \nthe enemy of Elizabeth = Amber  the friend of Elizabeth = Dana   \nthe enemy of Felicia = Dana     the friend of Felicia = Bryan    \n\nHere is how to figure out the answer to the following question:\nWho is the parent of Amber?\n\nHere are the steps to arrive at the answer:\n1. the parent of Amber = Bryan\n\nSo the answer is Bryan\n\nNow answer the following question:\nWho is the parent of the enemy of the enemy of the friend of Elizabeth? Please answer the question in the same format as the example. End with 'So the answer is [answer]'. \n\n## Step 1: Identify the friend of Elizabeth\nThe friend of Elizabeth = Dana\n\n## Step 2: Identify the enemy of the friend of Elizabeth\nThe enemy of Dana = Felicia\n\n## Step 3: Identify the enemy of the enemy of the friend of Elizabeth\nThe enemy of Felicia = Dana\n\n## Step 4: Identify the parent of the enemy of the enemy of the friend of Elizabeth\nThe parent of Dana = Felicia\n\nSo the answer is Felicia.",16.449151277542114,meta-llama/Llama-3.3-70B-Instruct,2025-03-30 16:27:12
english,extensional,5,R,0_R_cffp4,"Imagine there are six people: Amber, Bryan, Christina, Dana, Elizabeth and Felicia. They have the following relationships to each other:\n\n\nthe enemy of Amber = Elizabeth  the friend of Amber = Christina  the parent of Amber = Bryan          the child of Bryan = Amber          \nthe enemy of Bryan = Christina  the friend of Bryan = Felicia    the parent of Dana = Felicia         the child of Christina = Elizabeth  \nthe enemy of Christina = Bryan  the friend of Christina = Amber  the parent of Elizabeth = Christina  the child of Felicia = Dana         \nthe enemy of Dana = Felicia     the friend of Dana = Elizabeth   \nthe enemy of Elizabeth = Amber  the friend of Elizabeth = Dana   \nthe enemy of Felicia = Dana     the friend of Felicia = Bryan    \n\nHere is how to figure out the answer to the following question:\nWho is the parent of Amber?\n\nHere are the steps to arrive at the answer:\n1. the parent of Amber = Bryan\n\nSo the answer is Bryan\n\nNow answer the following question:\nWho is the child of the friend of the friend of the parent of Elizabeth? Please answer the question in the same format as the example. End with 'So the answer is [answer]'.",the child of the friend of the friend of the parent of Elizabeth,Elizabeth,"Imagine there are six people: Amber, Bryan, Christina, Dana, Elizabeth and Felicia. They have the following relationships to each other:\n\n\nthe enemy of Amber = Elizabeth  the friend of Amber = Christina  the parent of Amber = Bryan          the child of Bryan = Amber          \nthe enemy of Bryan = Christina  the friend of Bryan = Felicia    the parent of Dana = Felicia         the child of Christina = Elizabeth  \nthe enemy of Christina = Bryan  the friend of Christina = Amber  the parent of Elizabeth = Christina  the child of Felicia = Dana         \nthe enemy of Dana = Felicia     the friend of Dana = Elizabeth   \nthe enemy of Elizabeth = Amber  the friend of Elizabeth = Dana   \nthe enemy of Felicia = Dana     the friend of Felicia = Bryan    \n\nHere is how to figure out the answer to the following question:\nWho is the parent of Amber?\n\nHere are the steps to arrive at the answer:\n1. the parent of Amber = Bryan\n\nSo the answer is Bryan\n\nNow answer the following question:\nWho is the child of the friend of the friend of the parent of Elizabeth? Please answer the question in the same format as the example. End with 'So the answer is [answer]'. \n\n## Step 1: Identify the parent of Elizabeth\nThe parent of Elizabeth = Christina\n\n## Step 2: Identify the friend of the parent of Elizabeth\nThe friend of Christina = Amber\n\n## Step 3: Identify the friend of the friend of the parent of Elizabeth\nThe friend of Amber = Christina\n\n## Step 4: Identify the child of the friend of the friend of the parent of Elizabeth\nThe child of Christina = Elizabeth\n\nSo the answer is Elizabeth.",15.705641984939575,meta-llama/Llama-3.3-70B-Instruct,2025-03-30 16:27:27
english,extensional,5,R,0_R_efep4,"Imagine there are six people: Amber, Bryan, Christina, Dana, Elizabeth and Felicia. They have the following relationships to each other:\n\n\nthe enemy of Amber = Elizabeth  the friend of Amber = Christina  the parent of Amber = Bryan          the child of Bryan = Amber          \nthe enemy of Bryan = Christina  the friend of Bryan = Felicia    the parent of Dana = Felicia         the child of Christina = Elizabeth  \nthe enemy of Christina = Bryan  the friend of Christina = Amber  the parent of Elizabeth = Christina  the child of Felicia = Dana         \nthe enemy of Dana = Felicia     the friend of Dana = Elizabeth   \nthe enemy of Elizabeth = Amber  the friend of Elizabeth = Dana   \nthe enemy of Felicia = Dana     the friend of Felicia = Bryan    \n\nHere is how to figure out the answer to the following question:\nWho is the parent of Amber?\n\nHere are the steps to arrive at the answer:\n1. the parent of Amber = Bryan\n\nSo the answer is Bryan\n\nNow answer the following question:\nWho is the enemy of the friend of the enemy of the parent of Elizabeth? Please answer the question in the same format as the example. End with 'So the answer is [answer]'.",the enemy of the friend of the enemy of the parent of Elizabeth,Dana,"Imagine there are six people: Amber, Bryan, Christina, Dana, Elizabeth and Felicia. They have the following relationships to each other:\n\n\nthe enemy of Amber = Elizabeth  the friend of Amber = Christina  the parent of Amber = Bryan          the child of Bryan = Amber          \nthe enemy of Bryan = Christina  the friend of Bryan = Felicia    the parent of Dana = Felicia         the child of Christina = Elizabeth  \nthe enemy of Christina = Bryan  the friend of Christina = Amber  the parent of Elizabeth = Christina  the child of Felicia = Dana         \nthe enemy of Dana = Felicia     the friend of Dana = Elizabeth   \nthe enemy of Elizabeth = Amber  the friend of Elizabeth = Dana   \nthe enemy of Felicia = Dana     the friend of Felicia = Bryan    \n\nHere is how to figure out the answer to the following question:\nWho is the parent of Amber?\n\nHere are the steps to arrive at the answer:\n1. the parent of Amber = Bryan\n\nSo the answer is Bryan\n\nNow answer the following question:\nWho is the enemy of the friend of the enemy of the parent of Elizabeth? Please answer the question in the same format as the example. End with 'So the answer is [answer]'. \n\n## Step 1: Identify the parent of Elizabeth\nThe parent of Elizabeth = Christina\n\n## Step 2: Identify the enemy of Christina\nThe enemy of Christina = Bryan\n\n## Step 3: Identify the friend of Bryan\nThe friend of Bryan = Felicia\n\n## Step 4: Identify the enemy of Felicia\nThe enemy of Felicia = Dana\n\nSo the answer is Dana.",13.411575078964233,meta-llama/Llama-3.3-70B-Instruct,2025-03-30 16:27:41
english,extensional,5,R,0_R_ffcp4,"Imagine there are six people: Amber, Bryan, Christina, Dana, Elizabeth and Felicia. They have the following relationships to each other:\n\n\nthe enemy of Amber = Elizabeth  the friend of Amber = Christina  the parent of Amber = Bryan          the child of Bryan = Amber          \nthe enemy of Bryan = Christina  the friend of Bryan = Felicia    the parent of Dana = Felicia         the child of Christina = Elizabeth  \nthe enemy of Christina = Bryan  the friend of Christina = Amber  the parent of Elizabeth = Christina  the child of Felicia = Dana         \nthe enemy of Dana = Felicia     the friend of Dana = Elizabeth   \nthe enemy of Elizabeth = Amber  the friend of Elizabeth = Dana   \nthe enemy of Felicia = Dana     the friend of Felicia = Bryan    \n\nHere is how to figure out the answer to the following question:\nWho is the parent of Amber?\n\nHere are the steps to arrive at the answer:\n1. the parent of Amber = Bryan\n\nSo the answer is Bryan\n\nNow answer the following question:\nWho is the friend of the friend of the child of the parent of Elizabeth? Please answer the question in the same format as the example. End with 'So the answer is [answer]'.",the friend of the friend of the child of the parent of Elizabeth,Elizabeth,"Imagine there are six people: Amber, Bryan, Christina, Dana, Elizabeth and Felicia. They have the following relationships to each other:\n\n\nthe enemy of Amber = Elizabeth  the friend of Amber = Christina  the parent of Amber = Bryan          the child of Bryan = Amber          \nthe enemy of Bryan = Christina  the friend of Bryan = Felicia    the parent of Dana = Felicia         the child of Christina = Elizabeth  \nthe enemy of Christina = Bryan  the friend of Christina = Amber  the parent of Elizabeth = Christina  the child of Felicia = Dana         \nthe enemy of Dana = Felicia     the friend of Dana = Elizabeth   \nthe enemy of Elizabeth = Amber  the friend of Elizabeth = Dana   \nthe enemy of Felicia = Dana     the friend of Felicia = Bryan    \n\nHere is how to figure out the answer to the following question:\nWho is the parent of Amber?\n\nHere are the steps to arrive at the answer:\n1. the parent of Amber = Bryan\n\nSo the answer is Bryan\n\nNow answer the following question:\nWho is the friend of the friend of the child of the parent of Elizabeth? Please answer the question in the same format as the example. End with 'So the answer is [answer]'. \n\n## Step 1: Identify the parent of Elizabeth\nThe parent of Elizabeth = Christina\n\n## Step 2: Identify the child of Christina\nThe child of Christina = Elizabeth\n\n## Step 3: Identify the child of the parent of Elizabeth\nSince the parent of Elizabeth = Christina, the child of the parent of Elizabeth = Elizabeth\n\n## Step 4: Identify the friend of the child of the parent of Elizabeth\nThe friend of Elizabeth = Dana\n\n## Step 5: Identify the friend of the friend of the child of the parent of Elizabeth\nThe friend of Dana = Elizabeth\n\nSo the answer is Elizabeth.",20.661305904388428,meta-llama/Llama-3.3-70B-Instruct,2025-03-30 16:28:02
english,extensional,5,R,0_R_efcp4,"Imagine there are six people: Amber, Bryan, Christina, Dana, Elizabeth and Felicia. They have the following relationships to each other:\n\n\nthe enemy of Amber = Elizabeth  the friend of Amber = Christina  the parent of Amber = Bryan          the child of Bryan = Amber          \nthe enemy of Bryan = Christina  the friend of Bryan = Felicia    the parent of Dana = Felicia         the child of Christina = Elizabeth  \nthe enemy of Christina = Bryan  the friend of Christina = Amber  the parent of Elizabeth = Christina  the child of Felicia = Dana         \nthe enemy of Dana = Felicia     the friend of Dana = Elizabeth   \nthe enemy of Elizabeth = Amber  the friend of Elizabeth = Dana   \nthe enemy of Felicia = Dana     the friend of Felicia = Bryan    \n\nHere is how to figure out the answer to the following question:\nWho is the parent of Amber?\n\nHere are the steps to arrive at the answer:\n1. the parent of Amber = Bryan\n\nSo the answer is Bryan\n\nNow answer the following question:\nWho is the enemy of the friend of the child of the parent of Elizabeth? Please answer the question in the same format as the example. End with 'So the answer is [answer]'.",the enemy of the friend of the child of the parent of Elizabeth,Felicia,"Imagine there are six people: Amber, Bryan, Christina, Dana, Elizabeth and Felicia. They have the following relationships to each other:\n\n\nthe enemy of Amber = Elizabeth  the friend of Amber = Christina  the parent of Amber = Bryan          the child of Bryan = Amber          \nthe enemy of Bryan = Christina  the friend of Bryan = Felicia    the parent of Dana = Felicia         the child of Christina = Elizabeth  \nthe enemy of Christina = Bryan  the friend of Christina = Amber  the parent of Elizabeth = Christina  the child of Felicia = Dana         \nthe enemy of Dana = Felicia     the friend of Dana = Elizabeth   \nthe enemy of Elizabeth = Amber  the friend of Elizabeth = Dana   \nthe enemy of Felicia = Dana     the friend of Felicia = Bryan    \n\nHere is how to figure out the answer to the following question:\nWho is the parent of Amber?\n\nHere are the steps to arrive at the answer:\n1. the parent of Amber = Bryan\n\nSo the answer is Bryan\n\nNow answer the following question:\nWho is the enemy of the friend of the child of the parent of Elizabeth? Please answer the question in the same format as the example. End with 'So the answer is [answer]'. \n\n## Step 1: Identify the parent of Elizabeth\nThe parent of Elizabeth = Christina\n\n## Step 2: Identify the child of Christina\nThe child of Christina = Elizabeth\n\n## Step 3: Identify the parent of the child of Christina\nThe parent of the child of Christina = Christina\n\n## Step 4: Identify the friend of the child of Christina\nThe friend of the child of Christina = the friend of Elizabeth = Dana\n\n## Step 5: Identify the enemy of the friend of the child of Christina\nThe enemy of the friend of the child of Christina = the enemy of Dana = Felicia\n\nSo the answer is Felicia.",22.063647747039795,meta-llama/Llama-3.3-70B-Instruct,2025-03-30 16:28:24
english,extensional,5,R,0_R_fpcp4,"Imagine there are six people: Amber, Bryan, Christina, Dana, Elizabeth and Felicia. They have the following relationships to each other:\n\n\nthe enemy of Amber = Elizabeth  the friend of Amber = Christina  the parent of Amber = Bryan          the child of Bryan = Amber          \nthe enemy of Bryan = Christina  the friend of Bryan = Felicia    the parent of Dana = Felicia         the child of Christina = Elizabeth  \nthe enemy of Christina = Bryan  the friend of Christina = Amber  the parent of Elizabeth = Christina  the child of Felicia = Dana         \nthe enemy of Dana = Felicia     the friend of Dana = Elizabeth   \nthe enemy of Elizabeth = Amber  the friend of Elizabeth = Dana   \nthe enemy of Felicia = Dana     the friend of Felicia = Bryan    \n\nHere is how to figure out the answer to the following question:\nWho is the parent of Amber?\n\nHere are the steps to arrive at the answer:\n1. the parent of Amber = Bryan\n\nSo the answer is Bryan\n\nNow answer the following question:\nWho is the friend of the parent of the child of the parent of Elizabeth? Please answer the question in the same format as the example. End with 'So the answer is [answer]'.",the friend of the parent of the child of the parent of Elizabeth,Amber,"Imagine there are six people: Amber, Bryan, Christina, Dana, Elizabeth and Felicia. They have the following relationships to each other:\n\n\nthe enemy of Amber = Elizabeth  the friend of Amber = Christina  the parent of Amber = Bryan          the child of Bryan = Amber          \nthe enemy of Bryan = Christina  the friend of Bryan = Felicia    the parent of Dana = Felicia         the child of Christina = Elizabeth  \nthe enemy of Christina = Bryan  the friend of Christina = Amber  the parent of Elizabeth = Christina  the child of Felicia = Dana         \nthe enemy of Dana = Felicia     the friend of Dana = Elizabeth   \nthe enemy of Elizabeth = Amber  the friend of Elizabeth = Dana   \nthe enemy of Felicia = Dana     the friend of Felicia = Bryan    \n\nHere is how to figure out the answer to the following question:\nWho is the parent of Amber?\n\nHere are the steps to arrive at the answer:\n1. the parent of Amber = Bryan\n\nSo the answer is Bryan\n\nNow answer the following question:\nWho is the friend of the parent of the child of the parent of Elizabeth? Please answer the question in the same format as the example. End with 'So the answer is [answer]'. \n\n## Step 1: Identify the child of the parent of Elizabeth.\nThe parent of Elizabeth = Christina, and the child of Christina = Elizabeth. However, we are looking for the child of the parent of Elizabeth. Since the parent of Elizabeth is Christina, the child of Christina is Elizabeth.\n\n## Step 2: Identify the parent of the child of the parent of Elizabeth.\nWe know the child of the parent of Elizabeth is Elizabeth, and now we need to find the parent of Elizabeth, which is Christina. Then, we need to find the child of Christina, which is Elizabeth.\n\n## Step 3: Identify the parent of the child of the parent of Elizabeth.\nThe parent of Elizabeth is Christina, and the child of Christina is Elizabeth.\n\n## Step 4: Identify the friend of the parent of the child of the parent of Elizabeth.\nWe are looking for the friend of the parent of Elizabeth's child, which is the friend of Christina. The friend of Christina = Amber.\n\nSo the answer is Amber.",33.27669835090637,meta-llama/Llama-3.3-70B-Instruct,2025-03-30 16:28:57
english,extensional,5,R,0_R_peff5,"Imagine there are six people: Amber, Bryan, Christina, Dana, Elizabeth and Felicia. They have the following relationships to each other:\n\n\nthe enemy of Amber = Elizabeth  the friend of Amber = Christina  the parent of Amber = Bryan          the child of Bryan = Amber          \nthe enemy of Bryan = Christina  the friend of Bryan = Felicia    the parent of Dana = Felicia         the child of Christina = Elizabeth  \nthe enemy of Christina = Bryan  the friend of Christina = Amber  the parent of Elizabeth = Christina  the child of Felicia = Dana         \nthe enemy of Dana = Felicia     the friend of Dana = Elizabeth   \nthe enemy of Elizabeth = Amber  the friend of Elizabeth = Dana   \nthe enemy of Felicia = Dana     the friend of Felicia = Bryan    \n\nHere is how to figure out the answer to the following question:\nWho is the parent of Amber?\n\nHere are the steps to arrive at the answer:\n1. the parent of Amber = Bryan\n\nSo the answer is Bryan\n\nNow answer the following question:\nWho is the parent of the enemy of the friend of the friend of Felicia? Please answer the question in the same format as the example. End with 'So the answer is [answer]'.",the parent of the enemy of the friend of the friend of Felicia,Felicia,"Imagine there are six people: Amber, Bryan, Christina, Dana, Elizabeth and Felicia. They have the following relationships to each other:\n\n\nthe enemy of Amber = Elizabeth  the friend of Amber = Christina  the parent of Amber = Bryan          the child of Bryan = Amber          \nthe enemy of Bryan = Christina  the friend of Bryan = Felicia    the parent of Dana = Felicia         the child of Christina = Elizabeth  \nthe enemy of Christina = Bryan  the friend of Christina = Amber  the parent of Elizabeth = Christina  the child of Felicia = Dana         \nthe enemy of Dana = Felicia     the friend of Dana = Elizabeth   \nthe enemy of Elizabeth = Amber  the friend of Elizabeth = Dana   \nthe enemy of Felicia = Dana     the friend of Felicia = Bryan    \n\nHere is how to figure out the answer to the following question:\nWho is the parent of Amber?\n\nHere are the steps to arrive at the answer:\n1. the parent of Amber = Bryan\n\nSo the answer is Bryan\n\nNow answer the following question:\nWho is the parent of the enemy of the friend of the friend of Felicia? Please answer the question in the same format as the example. End with 'So the answer is [answer]'. \n\n## Step 1: Identify the friend of Felicia\nThe friend of Felicia = Bryan\n\n## Step 2: Identify the friend of the friend of Felicia\nThe friend of Bryan = Felicia, but we need to find the friend of the friend of Felicia. Since the friend of Felicia = Bryan, then we look for the friend of Bryan. The friend of Bryan = Felicia.\n\n## Step,3: Identify the enemy of the friend of the friend of Felicia\nThe enemy of Felicia = Dana\n\n## Step,4: Identify the parent of the enemy of the friend of the friend of Felicia\nThe parent of Dana = Felicia\n\nSo the answer is Felicia.",23.62772488594055,meta-llama/Llama-3.3-70B-Instruct,2025-03-30 16:29:21
english,extensional,5,R,0_R_pcff5,"Imagine there are six people: Amber, Bryan, Christina, Dana, Elizabeth and Felicia. They have the following relationships to each other:\n\n\nthe enemy of Amber = Elizabeth  the friend of Amber = Christina  the parent of Amber = Bryan          the child of Bryan = Amber          \nthe enemy of Bryan = Christina  the friend of Bryan = Felicia    the parent of Dana = Felicia         the child of Christina = Elizabeth  \nthe enemy of Christina = Bryan  the friend of Christina = Amber  the parent of Elizabeth = Christina  the child of Felicia = Dana         \nthe enemy of Dana = Felicia     the friend of Dana = Elizabeth   \nthe enemy of Elizabeth = Amber  the friend of Elizabeth = Dana   \nthe enemy of Felicia = Dana     the friend of Felicia = Bryan    \n\nHere is how to figure out the answer to the following question:\nWho is the parent of Amber?\n\nHere are the steps to arrive at the answer:\n1. the parent of Amber = Bryan\n\nSo the answer is Bryan\n\nNow answer the following question:\nWho is the parent of the child of the friend of the friend of Felicia? Please answer the question in the same format as the example. End with 'So the answer is [answer]'.",the parent of the child of the friend of the friend of Felicia,Felicia,"Imagine there are six people: Amber, Bryan, Christina, Dana, Elizabeth and Felicia. They have the following relationships to each other:\n\n\nthe enemy of Amber = Elizabeth  the friend of Amber = Christina  the parent of Amber = Bryan          the child of Bryan = Amber          \nthe enemy of Bryan = Christina  the friend of Bryan = Felicia    the parent of Dana = Felicia         the child of Christina = Elizabeth  \nthe enemy of Christina = Bryan  the friend of Christina = Amber  the parent of Elizabeth = Christina  the child of Felicia = Dana         \nthe enemy of Dana = Felicia     the friend of Dana = Elizabeth   \nthe enemy of Elizabeth = Amber  the friend of Elizabeth = Dana   \nthe enemy of Felicia = Dana     the friend of Felicia = Bryan    \n\nHere is how to figure out the answer to the following question:\nWho is the parent of Amber?\n\nHere are the steps to arrive at the answer:\n1. the parent of Amber = Bryan\n\nSo the answer is Bryan\n\nNow answer the following question:\nWho is the parent of the child of the friend of the friend of Felicia? Please answer the question in the same format as the example. End with 'So the answer is [answer]'. \n\n## Step 1: Identify the friend of Felicia\nThe friend of Felicia = Bryan\n\n## Step 2: Identify the friend of Bryan\nThe friend of Bryan = Felicia\n\n## Step 3: Identify the child of Felicia\nThe child of Felicia = Dana\n\n## Step 4: Identify the parent of Dana\nThe parent of Dana = Felicia\n\nSo the answer is Felicia.",13.98624587059021,meta-llama/Llama-3.3-70B-Instruct,2025-03-30 16:29:35
english,extensional,5,R,0_R_eecf5,"Imagine there are six people: Amber, Bryan, Christina, Dana, Elizabeth and Felicia. They have the following relationships to each other:\n\n\nthe enemy of Amber = Elizabeth  the friend of Amber = Christina  the parent of Amber = Bryan          the child of Bryan = Amber          \nthe enemy of Bryan = Christina  the friend of Bryan = Felicia    the parent of Dana = Felicia         the child of Christina = Elizabeth  \nthe enemy of Christina = Bryan  the friend of Christina = Amber  the parent of Elizabeth = Christina  the child of Felicia = Dana         \nthe enemy of Dana = Felicia     the friend of Dana = Elizabeth   \nthe enemy of Elizabeth = Amber  the friend of Elizabeth = Dana   \nthe enemy of Felicia = Dana     the friend of Felicia = Bryan    \n\nHere is how to figure out the answer to the following question:\nWho is the parent of Amber?\n\nHere are the steps to arrive at the answer:\n1. the parent of Amber = Bryan\n\nSo the answer is Bryan\n\nNow answer the following question:\nWho is the enemy of the enemy of the child of the friend of Felicia? Please answer the question in the same format as the example. End with 'So the answer is [answer]'.",the enemy of the enemy of the child of the friend of Felicia,Amber,"Imagine there are six people: Amber, Bryan, Christina, Dana, Elizabeth and Felicia. They have the following relationships to each other:\n\n\nthe enemy of Amber = Elizabeth  the friend of Amber = Christina  the parent of Amber = Bryan          the child of Bryan = Amber          \nthe enemy of Bryan = Christina  the friend of Bryan = Felicia    the parent of Dana = Felicia         the child of Christina = Elizabeth  \nthe enemy of Christina = Bryan  the friend of Christina = Amber  the parent of Elizabeth = Christina  the child of Felicia = Dana         \nthe enemy of Dana = Felicia     the friend of Dana = Elizabeth   \nthe enemy of Elizabeth = Amber  the friend of Elizabeth = Dana   \nthe enemy of Felicia = Dana     the friend of Felicia = Bryan    \n\nHere is how to figure out the answer to the following question:\nWho is the parent of Amber?\n\nHere are the steps to arrive at the answer:\n1. the parent of Amber = Bryan\n\nSo the answer is Bryan\n\nNow answer the following question:\nWho is the enemy of the enemy of the child of the friend of Felicia? Please answer the question in the same format as the example. End with 'So the answer is [answer]'. \n\n## Step 1: Identify the friend of Felicia\nThe friend of Felicia = Bryan\n\n## Step 2: Identify the child of Bryan\nThe child of Bryan = Amber\n\n## Step 3: Identify the enemy of Amber\nThe enemy of Amber = Elizabeth\n\n## Step 4: Identify the enemy of Elizabeth\nThe enemy of Elizabeth = Amber\n\n## Step 5: Identify the enemy of the enemy of the child of the friend of Felicia\nThe enemy of the enemy of the child of the friend of Felicia = Amber\n\nSo the answer is Amber.",19.502841234207153,meta-llama/Llama-3.3-70B-Instruct,2025-03-30 16:29:54
english,extensional,5,R,0_R_feee5,"Imagine there are six people: Amber, Bryan, Christina, Dana, Elizabeth and Felicia. They have the following relationships to each other:\n\n\nthe enemy of Amber = Elizabeth  the friend of Amber = Christina  the parent of Amber = Bryan          the child of Bryan = Amber          \nthe enemy of Bryan = Christina  the friend of Bryan = Felicia    the parent of Dana = Felicia         the child of Christina = Elizabeth  \nthe enemy of Christina = Bryan  the friend of Christina = Amber  the parent of Elizabeth = Christina  the child of Felicia = Dana         \nthe enemy of Dana = Felicia     the friend of Dana = Elizabeth   \nthe enemy of Elizabeth = Amber  the friend of Elizabeth = Dana   \nthe enemy of Felicia = Dana     the friend of Felicia = Bryan    \n\nHere is how to figure out the answer to the following question:\nWho is the parent of Amber?\n\nHere are the steps to arrive at the answer:\n1. the parent of Amber = Bryan\n\nSo the answer is Bryan\n\nNow answer the following question:\nWho is the friend of the enemy of the enemy of the enemy of Felicia? Please answer the question in the same format as the example. End with 'So the answer is [answer]'.",the friend of the enemy of the enemy of the enemy of Felicia,Elizabeth,"Imagine there are six people: Amber, Bryan, Christina, Dana, Elizabeth and Felicia. They have the following relationships to each other:\n\n\nthe enemy of Amber = Elizabeth  the friend of Amber = Christina  the parent of Amber = Bryan          the child of Bryan = Amber          \nthe enemy of Bryan = Christina  the friend of Bryan = Felicia    the parent of Dana = Felicia         the child of Christina = Elizabeth  \nthe enemy of Christina = Bryan  the friend of Christina = Amber  the parent of Elizabeth = Christina  the child of Felicia = Dana         \nthe enemy of Dana = Felicia     the friend of Dana = Elizabeth   \nthe enemy of Elizabeth = Amber  the friend of Elizabeth = Dana   \nthe enemy of Felicia = Dana     the friend of Felicia = Bryan    \n\nHere is how to figure out the answer to the following question:\nWho is the parent of Amber?\n\nHere are the steps to arrive at the answer:\n1. the parent of Amber = Bryan\n\nSo the answer is Bryan\n\nNow answer the following question:\nWho is the friend of the enemy of the enemy of the enemy of Felicia? Please answer the question in the same format as the example. End with 'So the answer is [answer]'. \n\n## Step 1: Identify the enemy of Felicia.\nThe enemy of Felicia = Dana.\n\n## Step 2: Identify the enemy of Dana.\nThe enemy of Dana = Felicia.\n\n## Step 3: Identify the enemy of Felicia.\nThe enemy of Felicia = Dana.\n\n## Step 4: Identify the friend of Dana.\nThe friend of Dana = Elizabeth.\n\nSo the answer is Elizabeth.",13.809635162353516,meta-llama/Llama-3.3-70B-Instruct,2025-03-30 16:30:08
english,extensional,5,R,0_R_eeee5,"Imagine there are six people: Amber, Bryan, Christina, Dana, Elizabeth and Felicia. They have the following relationships to each other:\n\n\nthe enemy of Amber = Elizabeth  the friend of Amber = Christina  the parent of Amber = Bryan          the child of Bryan = Amber          \nthe enemy of Bryan = Christina  the friend of Bryan = Felicia    the parent of Dana = Felicia         the child of Christina = Elizabeth  \nthe enemy of Christina = Bryan  the friend of Christina = Amber  the parent of Elizabeth = Christina  the child of Felicia = Dana         \nthe enemy of Dana = Felicia     the friend of Dana = Elizabeth   \nthe enemy of Elizabeth = Amber  the friend of Elizabeth = Dana   \nthe enemy of Felicia = Dana     the friend of Felicia = Bryan    \n\nHere is how to figure out the answer to the following question:\nWho is the parent of Amber?\n\nHere are the steps to arrive at the answer:\n1. the parent of Amber = Bryan\n\nSo the answer is Bryan\n\nNow answer the following question:\nWho is the enemy of the enemy of the enemy of the enemy of Felicia? Please answer the question in the same format as the example. End with 'So the answer is [answer]'.",the enemy of the enemy of the enemy of the enemy of Felicia,Felicia,"Imagine there are six people: Amber, Bryan, Christina, Dana, Elizabeth and Felicia. They have the following relationships to each other:\n\n\nthe enemy of Amber = Elizabeth  the friend of Amber = Christina  the parent of Amber = Bryan          the child of Bryan = Amber          \nthe enemy of Bryan = Christina  the friend of Bryan = Felicia    the parent of Dana = Felicia         the child of Christina = Elizabeth  \nthe enemy of Christina = Bryan  the friend of Christina = Amber  the parent of Elizabeth = Christina  the child of Felicia = Dana         \nthe enemy of Dana = Felicia     the friend of Dana = Elizabeth   \nthe enemy of Elizabeth = Amber  the friend of Elizabeth = Dana   \nthe enemy of Felicia = Dana     the friend of Felicia = Bryan    \n\nHere is how to figure out the answer to the following question:\nWho is the parent of Amber?\n\nHere are the steps to arrive at the answer:\n1. the parent of Amber = Bryan\n\nSo the answer is Bryan\n\nNow answer the following question:\nWho is the enemy of the enemy of the enemy of the enemy of Felicia? Please answer the question in the same format as the example. End with 'So the answer is [answer]'. \n\n## Step 1: Identify the enemy of Felicia\nThe enemy of Felicia = Dana\n\n## Step 2: Identify the enemy of the enemy of Felicia\nThe enemy of Dana = Felicia\n\n## Step 3: Identify the enemy of the enemy of the enemy of Felicia\nThe enemy of Felicia = Dana\n\n## Step 4: Identify the enemy of the enemy of the enemy of the enemy of Felicia\nThe enemy of Dana = Felicia\n\n## Step 5: Determine the final answer\nSince the enemy of Felicia is Dana, the enemy of Dana is Felicia, the enemy of Felicia is Dana, and the enemy of Dana is Felicia, we can conclude that the enemy of the enemy of the enemy of the enemy of Felicia is Felicia.\n\nSo the answer is Felicia.",28.512650728225708,meta-llama/Llama-3.3-70B-Instruct,2025-03-30 16:30:37
english,extensional,5,R,0_R_effc5,"Imagine there are six people: Amber, Bryan, Christina, Dana, Elizabeth and Felicia. They have the following relationships to each other:\n\n\nthe enemy of Amber = Elizabeth  the friend of Amber = Christina  the parent of Amber = Bryan          the child of Bryan = Amber          \nthe enemy of Bryan = Christina  the friend of Bryan = Felicia    the parent of Dana = Felicia         the child of Christina = Elizabeth  \nthe enemy of Christina = Bryan  the friend of Christina = Amber  the parent of Elizabeth = Christina  the child of Felicia = Dana         \nthe enemy of Dana = Felicia     the friend of Dana = Elizabeth   \nthe enemy of Elizabeth = Amber  the friend of Elizabeth = Dana   \nthe enemy of Felicia = Dana     the friend of Felicia = Bryan    \n\nHere is how to figure out the answer to the following question:\nWho is the parent of Amber?\n\nHere are the steps to arrive at the answer:\n1. the parent of Amber = Bryan\n\nSo the answer is Bryan\n\nNow answer the following question:\nWho is the enemy of the friend of the friend of the child of Felicia? Please answer the question in the same format as the example. End with 'So the answer is [answer]'.",the enemy of the friend of the friend of the child of Felicia,Felicia,"Imagine there are six people: Amber, Bryan, Christina, Dana, Elizabeth and Felicia. They have the following relationships to each other:\n\n\nthe enemy of Amber = Elizabeth  the friend of Amber = Christina  the parent of Amber = Bryan          the child of Bryan = Amber          \nthe enemy of Bryan = Christina  the friend of Bryan = Felicia    the parent of Dana = Felicia         the child of Christina = Elizabeth  \nthe enemy of Christina = Bryan  the friend of Christina = Amber  the parent of Elizabeth = Christina  the child of Felicia = Dana         \nthe enemy of Dana = Felicia     the friend of Dana = Elizabeth   \nthe enemy of Elizabeth = Amber  the friend of Elizabeth = Dana   \nthe enemy of Felicia = Dana     the friend of Felicia = Bryan    \n\nHere is how to figure out the answer to the following question:\nWho is the parent of Amber?\n\nHere are the steps to arrive at the answer:\n1. the parent of Amber = Bryan\n\nSo the answer is Bryan\n\nNow answer the following question:\nWho is the enemy of the friend of the friend of the child of Felicia? Please answer the question in the same format as the example. End with 'So the answer is [answer]'. \n\n## Step 1: Identify the child of Felicia\nThe child of Felicia = Dana\n\n## Step 2: Identify the friend of the child of Felicia\nThe friend of Dana = Elizabeth\n\n## Step,3: Identify the friend of the friend of the child of Felicia\nThe friend of Elizabeth = Dana\n\n## Step,4: Identify the enemy of the friend of the friend of the child of Felicia\nThe enemy of Dana = Felicia\n\nSo the answer is Felicia.",17.08776831626892,meta-llama/Llama-3.3-70B-Instruct,2025-03-30 16:30:54
english,extensional,5,R,0_R_ecpc5,"Imagine there are six people: Amber, Bryan, Christina, Dana, Elizabeth and Felicia. They have the following relationships to each other:\n\n\nthe enemy of Amber = Elizabeth  the friend of Amber = Christina  the parent of Amber = Bryan          the child of Bryan = Amber          \nthe enemy of Bryan = Christina  the friend of Bryan = Felicia    the parent of Dana = Felicia         the child of Christina = Elizabeth  \nthe enemy of Christina = Bryan  the friend of Christina = Amber  the parent of Elizabeth = Christina  the child of Felicia = Dana         \nthe enemy of Dana = Felicia     the friend of Dana = Elizabeth   \nthe enemy of Elizabeth = Amber  the friend of Elizabeth = Dana   \nthe enemy of Felicia = Dana     the friend of Felicia = Bryan    \n\nHere is how to figure out the answer to the following question:\nWho is the parent of Amber?\n\nHere are the steps to arrive at the answer:\n1. the parent of Amber = Bryan\n\nSo the answer is Bryan\n\nNow answer the following question:\nWho is the enemy of the child of the parent of the child of Felicia? Please answer the question in the same format as the example. End with 'So the answer is [answer]'.",the enemy of the child of the parent of the child of Felicia,Felicia,"Imagine there are six people: Amber, Bryan, Christina, Dana, Elizabeth and Felicia. They have the following relationships to each other:\n\n\nthe enemy of Amber = Elizabeth  the friend of Amber = Christina  the parent of Amber = Bryan          the child of Bryan = Amber          \nthe enemy of Bryan = Christina  the friend of Bryan = Felicia    the parent of Dana = Felicia         the child of Christina = Elizabeth  \nthe enemy of Christina = Bryan  the friend of Christina = Amber  the parent of Elizabeth = Christina  the child of Felicia = Dana         \nthe enemy of Dana = Felicia     the friend of Dana = Elizabeth   \nthe enemy of Elizabeth = Amber  the friend of Elizabeth = Dana   \nthe enemy of Felicia = Dana     the friend of Felicia = Bryan    \n\nHere is how to figure out the answer to the following question:\nWho is the parent of Amber?\n\nHere are the steps to arrive at the answer:\n1. the parent of Amber = Bryan\n\nSo the answer is Bryan\n\nNow answer the following question:\nWho is the enemy of the child of the parent of the child of Felicia? Please answer the question in the same format as the example. End with 'So the answer is [answer]'. \n\n## Step 1: Identify the child of Felicia\nThe child of Felicia = Dana\n\n## Step 2: Identify the parent of the child of Felicia\nThe parent of Dana = Felicia\n\n## Step 3: Identify the child of the parent of the child of Felicia\nThe child of Felicia = Dana\n\n## Step 4: Identify the enemy of the child of the parent of the child of Felicia\nThe enemy of Dana = Felicia\n\nSo the answer is Felicia.",17.388200283050537,meta-llama/Llama-3.3-70B-Instruct,2025-03-30 16:31:11
english,extensional,6,R,0_R_ffeff0,"Imagine there are six people: Amber, Bryan, Christina, Dana, Elizabeth and Felicia. They have the following relationships to each other:\n\n\nthe enemy of Amber = Elizabeth  the friend of Amber = Christina  the parent of Amber = Bryan          the child of Bryan = Amber          \nthe enemy of Bryan = Christina  the friend of Bryan = Felicia    the parent of Dana = Felicia         the child of Christina = Elizabeth  \nthe enemy of Christina = Bryan  the friend of Christina = Amber  the parent of Elizabeth = Christina  the child of Felicia = Dana         \nthe enemy of Dana = Felicia     the friend of Dana = Elizabeth   \nthe enemy of Elizabeth = Amber  the friend of Elizabeth = Dana   \nthe enemy of Felicia = Dana     the friend of Felicia = Bryan    \n\nHere is how to figure out the answer to the following question:\nWho is the parent of Amber?\n\nHere are the steps to arrive at the answer:\n1. the parent of Amber = Bryan\n\nSo the answer is Bryan\n\nNow answer the following question:\nWho is the friend of the friend of the enemy of the friend of the friend of Christina? Please answer the question in the same format as the example. End with 'So the answer is [answer]'.",the friend of the friend of the enemy of the friend of the friend of Christina,Bryan,"Imagine there are six people: Amber, Bryan, Christina, Dana, Elizabeth and Felicia. They have the following relationships to each other:\n\n\nthe enemy of Amber = Elizabeth  the friend of Amber = Christina  the parent of Amber = Bryan          the child of Bryan = Amber          \nthe enemy of Bryan = Christina  the friend of Bryan = Felicia    the parent of Dana = Felicia         the child of Christina = Elizabeth  \nthe enemy of Christina = Bryan  the friend of Christina = Amber  the parent of Elizabeth = Christina  the child of Felicia = Dana         \nthe enemy of Dana = Felicia     the friend of Dana = Elizabeth   \nthe enemy of Elizabeth = Amber  the friend of Elizabeth = Dana   \nthe enemy of Felicia = Dana     the friend of Felicia = Bryan    \n\nHere is how to figure out the answer to the following question:\nWho is the parent of Amber?\n\nHere are the steps to arrive at the answer:\n1. the parent of Amber = Bryan\n\nSo the answer is Bryan\n\nNow answer the following question:\nWho is the friend of the friend of the enemy of the friend of the friend of Christina? Please answer the question in the same format as the example. End with 'So the answer is [answer]'. \n\n## Step 1: Identify the relationships given for each person.\nFrom the given information:\n- the friend of Amber = Christina\n- the parent of Amber = Bryan\n- the child of Bryan = Amber\n- the enemy of Bryan = Christina\n- the friend of Bryan = Felicia\n- the parent of Dana = Felicia\n- the child of Christina = Elizabeth\n- the enemy of Christina = Bryan\n- the friend of Christina = Amber\n- the parent of Elizabeth = Christina\n- the child of Felicia = Dana\n- the enemy of Dana = Felicia\n- the friend of Dana = Elizabeth\n- the enemy of Elizabeth = Amber\n- the friend of Elizabeth = Dana\n- the enemy of Felicia = Dana\n- the friend of Felicia = Bryan\n\n## Step 2: Determine the friend of Christina.\nThe friend of Christina = Amber.\n\n## Step 3: Determine the enemy of the friend of Christina.\nThe enemy of the friend of Christina = the enemy of Amber = Elizabeth.\n\n## Step 4: Determine the friend of the enemy of the friend of Christina.\nThe friend of the enemy of the friend of Christina = the friend of Elizabeth = Dana.\n\n## Step 5: Determine the friend of the friend of the enemy of the friend of Christina.\nThe friend of the friend of the enemy of the friend of Christina = the friend of Dana = Elizabeth.\n\n## Step 6: Determine the enemy of the friend of the friend of the enemy of the friend of Christina.\nThe enemy of the friend of the friend of the enemy of the friend of Christina = the enemy of Elizabeth = Amber.\n\n## Step 7: Determine the friend of the enemy of the friend of the friend of the enemy of the friend of Christina.\nThe friend of the enemy of the friend of the friend of the enemy of the friend of Christina = the friend of Amber = Christina.\n\nSo the answer is Christina.",65.82512998580933,meta-llama/Llama-3.3-70B-Instruct,2025-03-30 16:32:17
english,extensional,6,R,0_R_ffffe0,"Imagine there are six people: Amber, Bryan, Christina, Dana, Elizabeth and Felicia. They have the following relationships to each other:\n\n\nthe enemy of Amber = Elizabeth  the friend of Amber = Christina  the parent of Amber = Bryan          the child of Bryan = Amber          \nthe enemy of Bryan = Christina  the friend of Bryan = Felicia    the parent of Dana = Felicia         the child of Christina = Elizabeth  \nthe enemy of Christina = Bryan  the friend of Christina = Amber  the parent of Elizabeth = Christina  the child of Felicia = Dana         \nthe enemy of Dana = Felicia     the friend of Dana = Elizabeth   \nthe enemy of Elizabeth = Amber  the friend of Elizabeth = Dana   \nthe enemy of Felicia = Dana     the friend of Felicia = Bryan    \n\nHere is how to figure out the answer to the following question:\nWho is the parent of Amber?\n\nHere are the steps to arrive at the answer:\n1. the parent of Amber = Bryan\n\nSo the answer is Bryan\n\nNow answer the following question:\nWho is the friend of the friend of the friend of the friend of the enemy of Christina? Please answer the question in the same format as the example. End with 'So the answer is [answer]'.",the friend of the friend of the friend of the friend of the enemy of Christina,Bryan,"Imagine there are six people: Amber, Bryan, Christina, Dana, Elizabeth and Felicia. They have the following relationships to each other:\n\n\nthe enemy of Amber = Elizabeth  the friend of Amber = Christina  the parent of Amber = Bryan          the child of Bryan = Amber          \nthe enemy of Bryan = Christina  the friend of Bryan = Felicia    the parent of Dana = Felicia         the child of Christina = Elizabeth  \nthe enemy of Christina = Bryan  the friend of Christina = Amber  the parent of Elizabeth = Christina  the child of Felicia = Dana         \nthe enemy of Dana = Felicia     the friend of Dana = Elizabeth   \nthe enemy of Elizabeth = Amber  the friend of Elizabeth = Dana   \nthe enemy of Felicia = Dana     the friend of Felicia = Bryan    \n\nHere is how to figure out the answer to the following question:\nWho is the parent of Amber?\n\nHere are the steps to arrive at the answer:\n1. the parent of Amber = Bryan\n\nSo the answer is Bryan\n\nNow answer the following question:\nWho is the friend of the friend of the friend of the friend of the enemy of Christina? Please answer the question in the same format as the example. End with 'So the answer is [answer]'. \n\n## Step 1: Identify the enemy of Christina.\nThe enemy of Christina = Bryan.\n\n## Step 2: Identify the friend of the enemy of Christina.\nThe friend of Bryan = Felicia.\n\n## Step 3: Identify the friend of the friend of the enemy of Christina.\nThe friend of Felicia = Bryan.\n\n## Step 4: Identify the friend of the friend of the friend of the enemy of Christina.\nThe friend of Bryan = Felicia.\n\n## Step 5: Identify the friend of the friend of the friend of the friend of the enemy of Christina.\nThe friend of Felicia = Bryan.\n\nSo the answer is Bryan.",21.78591561317444,meta-llama/Llama-3.3-70B-Instruct,2025-03-30 16:32:39
english,extensional,6,R,0_R_efffe0,"Imagine there are six people: Amber, Bryan, Christina, Dana, Elizabeth and Felicia. They have the following relationships to each other:\n\n\nthe enemy of Amber = Elizabeth  the friend of Amber = Christina  the parent of Amber = Bryan          the child of Bryan = Amber          \nthe enemy of Bryan = Christina  the friend of Bryan = Felicia    the parent of Dana = Felicia         the child of Christina = Elizabeth  \nthe enemy of Christina = Bryan  the friend of Christina = Amber  the parent of Elizabeth = Christina  the child of Felicia = Dana         \nthe enemy of Dana = Felicia     the friend of Dana = Elizabeth   \nthe enemy of Elizabeth = Amber  the friend of Elizabeth = Dana   \nthe enemy of Felicia = Dana     the friend of Felicia = Bryan    \n\nHere is how to figure out the answer to the following question:\nWho is the parent of Amber?\n\nHere are the steps to arrive at the answer:\n1. the parent of Amber = Bryan\n\nSo the answer is Bryan\n\nNow answer the following question:\nWho is the enemy of the friend of the friend of the friend of the enemy of Christina? Please answer the question in the same format as the example. End with 'So the answer is [answer]'.",the enemy of the friend of the friend of the friend of the enemy of Christina,Dana,"Imagine there are six people: Amber, Bryan, Christina, Dana, Elizabeth and Felicia. They have the following relationships to each other:\n\n\nthe enemy of Amber = Elizabeth  the friend of Amber = Christina  the parent of Amber = Bryan          the child of Bryan = Amber          \nthe enemy of Bryan = Christina  the friend of Bryan = Felicia    the parent of Dana = Felicia         the child of Christina = Elizabeth  \nthe enemy of Christina = Bryan  the friend of Christina = Amber  the parent of Elizabeth = Christina  the child of Felicia = Dana         \nthe enemy of Dana = Felicia     the friend of Dana = Elizabeth   \nthe enemy of Elizabeth = Amber  the friend of Elizabeth = Dana   \nthe enemy of Felicia = Dana     the friend of Felicia = Bryan    \n\nHere is how to figure out the answer to the following question:\nWho is the parent of Amber?\n\nHere are the steps to arrive at the answer:\n1. the parent of Amber = Bryan\n\nSo the answer is Bryan\n\nNow answer the following question:\nWho is the enemy of the friend of the friend of the friend of the enemy of Christina? Please answer the question in the same format as the example. End with 'So the answer is [answer]'. \n\n## Step 1: Identify the relationships given for each person.\nThe relationships are as follows:\n- the enemy of Amber = Elizabeth\n- the friend of Amber = Christina\n- the parent of Amber = Bryan\n- the child of Bryan = Amber\n- the enemy of Bryan = Christina\n- the friend of Bryan = Felicia\n- the parent of Dana = Felicia\n- the child of Christina = Elizabeth\n- the enemy of Christina = Bryan\n- the friend of Christina = Amber\n- the parent of Elizabeth = Christina\n- the child of Felicia = Dana\n- the enemy of Dana = Felicia\n- the friend of Dana = Elizabeth\n- the enemy of Elizabeth = Amber\n- the friend of Elizabeth = Dana\n- the enemy of Felicia = Dana\n- the friend of Felicia = Bryan\n\n## Step 2: Determine the friend of the friend of the friend of the enemy of Christina.\nFirst, find the enemy of Christina, which is Bryan.\nThen, find the friend of Bryan, which is Felicia.\nNext, find the friend of Felicia, which is Bryan.\nFinally, find the friend of Bryan, which is Felicia.\n\n## Step 3: Identify the enemy of the friend of the friend of the friend of the enemy of Christina.\nFrom step 2, we know the friend of the friend of the friend of the enemy of Christina is Felicia.\nNow, we need to find the enemy of Felicia, which is Dana.\n\nThe final answer is: $\boxed{Dana}$\n\nSo the answer is Dana.",53.009764432907104,meta-llama/Llama-3.3-70B-Instruct,2025-03-30 16:33:32
english,extensional,6,R,0_R_ffefe0,"Imagine there are six people: Amber, Bryan, Christina, Dana, Elizabeth and Felicia. They have the following relationships to each other:\n\n\nthe enemy of Amber = Elizabeth  the friend of Amber = Christina  the parent of Amber = Bryan          the child of Bryan = Amber          \nthe enemy of Bryan = Christina  the friend of Bryan = Felicia    the parent of Dana = Felicia         the child of Christina = Elizabeth  \nthe enemy of Christina = Bryan  the friend of Christina = Amber  the parent of Elizabeth = Christina  the child of Felicia = Dana         \nthe enemy of Dana = Felicia     the friend of Dana = Elizabeth   \nthe enemy of Elizabeth = Amber  the friend of Elizabeth = Dana   \nthe enemy of Felicia = Dana     the friend of Felicia = Bryan    \n\nHere is how to figure out the answer to the following question:\nWho is the parent of Amber?\n\nHere are the steps to arrive at the answer:\n1. the parent of Amber = Bryan\n\nSo the answer is Bryan\n\nNow answer the following question:\nWho is the friend of the friend of the enemy of the friend of the enemy of Christina? Please answer the question in the same format as the example. End with 'So the answer is [answer]'.",the friend of the friend of the enemy of the friend of the enemy of Christina,Dana,"Imagine there are six people: Amber, Bryan, Christina, Dana, Elizabeth and Felicia. They have the following relationships to each other:\n\n\nthe enemy of Amber = Elizabeth  the friend of Amber = Christina  the parent of Amber = Bryan          the child of Bryan = Amber          \nthe enemy of Bryan = Christina  the friend of Bryan = Felicia    the parent of Dana = Felicia         the child of Christina = Elizabeth  \nthe enemy of Christina = Bryan  the friend of Christina = Amber  the parent of Elizabeth = Christina  the child of Felicia = Dana         \nthe enemy of Dana = Felicia     the friend of Dana = Elizabeth   \nthe enemy of Elizabeth = Amber  the friend of Elizabeth = Dana   \nthe enemy of Felicia = Dana     the friend of Felicia = Bryan    \n\nHere is how to figure out the answer to the following question:\nWho is the parent of Amber?\n\nHere are the steps to arrive at the answer:\n1. the parent of Amber = Bryan\n\nSo the answer is Bryan\n\nNow answer the following question:\nWho is the friend of the friend of the enemy of the friend of the enemy of Christina? Please answer the question in the same format as the example. End with 'So the answer is [answer]'. \n\n## Step 1: Identify the enemy of Christina\nThe enemy of Christina = Bryan\n\n## Step 2: Identify the friend of the enemy of Christina\nThe friend of Bryan = Felicia\n\n## Step 3: Identify the enemy of the friend of the enemy of Christina\nThe enemy of Felicia = Dana\n\n## Step 4: Identify the friend of the enemy of the friend of the enemy of Christina\nThe friend of Dana = Elizabeth\n\nSo the answer is Elizabeth.",16.555064916610718,meta-llama/Llama-3.3-70B-Instruct,2025-03-30 16:33:48
english,extensional,6,R,0_R_feefe0,"Imagine there are six people: Amber, Bryan, Christina, Dana, Elizabeth and Felicia. They have the following relationships to each other:\n\n\nthe enemy of Amber = Elizabeth  the friend of Amber = Christina  the parent of Amber = Bryan          the child of Bryan = Amber          \nthe enemy of Bryan = Christina  the friend of Bryan = Felicia    the parent of Dana = Felicia         the child of Christina = Elizabeth  \nthe enemy of Christina = Bryan  the friend of Christina = Amber  the parent of Elizabeth = Christina  the child of Felicia = Dana         \nthe enemy of Dana = Felicia     the friend of Dana = Elizabeth   \nthe enemy of Elizabeth = Amber  the friend of Elizabeth = Dana   \nthe enemy of Felicia = Dana     the friend of Felicia = Bryan    \n\nHere is how to figure out the answer to the following question:\nWho is the parent of Amber?\n\nHere are the steps to arrive at the answer:\n1. the parent of Amber = Bryan\n\nSo the answer is Bryan\n\nNow answer the following question:\nWho is the friend of the enemy of the enemy of the friend of the enemy of Christina? Please answer the question in the same format as the example. End with 'So the answer is [answer]'.",the friend of the enemy of the enemy of the friend of the enemy of Christina,Bryan,"Imagine there are six people: Amber, Bryan, Christina, Dana, Elizabeth and Felicia. They have the following relationships to each other:\n\n\nthe enemy of Amber = Elizabeth  the friend of Amber = Christina  the parent of Amber = Bryan          the child of Bryan = Amber          \nthe enemy of Bryan = Christina  the friend of Bryan = Felicia    the parent of Dana = Felicia         the child of Christina = Elizabeth  \nthe enemy of Christina = Bryan  the friend of Christina = Amber  the parent of Elizabeth = Christina  the child of Felicia = Dana         \nthe enemy of Dana = Felicia     the friend of Dana = Elizabeth   \nthe enemy of Elizabeth = Amber  the friend of Elizabeth = Dana   \nthe enemy of Felicia = Dana     the friend of Felicia = Bryan    \n\nHere is how to figure out the answer to the following question:\nWho is the parent of Amber?\n\nHere are the steps to arrive at the answer:\n1. the parent of Amber = Bryan\n\nSo the answer is Bryan\n\nNow answer the following question:\nWho is the friend of the enemy of the enemy of the friend of the enemy of Christina? Please answer the question in the same format as the example. End with 'So the answer is [answer]'. \n\n## Step 1: Identify the relationships given to understand how each person is connected.\nWe are given a set of relationships between six people: Amber, Bryan, Christina, Dana, Elizabeth, and Felicia. We need to identify the friend of the enemy of the enemy of the friend of the enemy of Christina.\n\n## Step 2: Determine the enemy of Christina.\nThe enemy of Christina = Bryan.\n\n## Step 3: Determine the enemy of the enemy of Christina.\nThe enemy of Bryan = Christina.\n\n## Step 4: Determine the friend of the enemy of the enemy of Christina.\nThe friend of Christina = Amber.\n\n## Step 5: Determine the enemy of the friend of the enemy of the enemy of Christina.\nThe enemy of Amber = Elizabeth.\n\n## Step 6: Determine the friend of the enemy of the enemy of the friend of the enemy of Christina.\nThe friend of Elizabeth = Dana.\n\n## Step 7: Now, we have the friend of the enemy of the enemy of the friend of the enemy of Christina, which is Dana.\n\n\nThe final answer is: $\boxed{Dana}$So the answer is Dana.",38.09472322463989,meta-llama/Llama-3.3-70B-Instruct,2025-03-30 16:34:26
english,extensional,6,R,0_R_pfece0,"Imagine there are six people: Amber, Bryan, Christina, Dana, Elizabeth and Felicia. They have the following relationships to each other:\n\n\nthe enemy of Amber = Elizabeth  the friend of Amber = Christina  the parent of Amber = Bryan          the child of Bryan = Amber          \nthe enemy of Bryan = Christina  the friend of Bryan = Felicia    the parent of Dana = Felicia         the child of Christina = Elizabeth  \nthe enemy of Christina = Bryan  the friend of Christina = Amber  the parent of Elizabeth = Christina  the child of Felicia = Dana         \nthe enemy of Dana = Felicia     the friend of Dana = Elizabeth   \nthe enemy of Elizabeth = Amber  the friend of Elizabeth = Dana   \nthe enemy of Felicia = Dana     the friend of Felicia = Bryan    \n\nHere is how to figure out the answer to the following question:\nWho is the parent of Amber?\n\nHere are the steps to arrive at the answer:\n1. the parent of Amber = Bryan\n\nSo the answer is Bryan\n\nNow answer the following question:\nWho is the parent of the friend of the enemy of the child of the enemy of Christina? Please answer the question in the same format as the example. End with 'So the answer is [answer]'.",the parent of the friend of the enemy of the child of the enemy of Christina,Felicia,"Imagine there are six people: Amber, Bryan, Christina, Dana, Elizabeth and Felicia. They have the following relationships to each other:\n\n\nthe enemy of Amber = Elizabeth  the friend of Amber = Christina  the parent of Amber = Bryan          the child of Bryan = Amber          \nthe enemy of Bryan = Christina  the friend of Bryan = Felicia    the parent of Dana = Felicia         the child of Christina = Elizabeth  \nthe enemy of Christina = Bryan  the friend of Christina = Amber  the parent of Elizabeth = Christina  the child of Felicia = Dana         \nthe enemy of Dana = Felicia     the friend of Dana = Elizabeth   \nthe enemy of Elizabeth = Amber  the friend of Elizabeth = Dana   \nthe enemy of Felicia = Dana     the friend of Felicia = Bryan    \n\nHere is how to figure out the answer to the following question:\nWho is the parent of Amber?\n\nHere are the steps to arrive at the answer:\n1. the parent of Amber = Bryan\n\nSo the answer is Bryan\n\nNow answer the following question:\nWho is the parent of the friend of the enemy of the child of the enemy of Christina? Please answer the question in the same format as the example. End with 'So the answer is [answer]'.",0.2310469150543213,meta-llama/Llama-3.3-70B-Instruct,2025-03-30 16:34:27
english,extensional,6,R,0_R_eecpc0,"Imagine there are six people: Amber, Bryan, Christina, Dana, Elizabeth and Felicia. They have the following relationships to each other:\n\n\nthe enemy of Amber = Elizabeth  the friend of Amber = Christina  the parent of Amber = Bryan          the child of Bryan = Amber          \nthe enemy of Bryan = Christina  the friend of Bryan = Felicia    the parent of Dana = Felicia         the child of Christina = Elizabeth  \nthe enemy of Christina = Bryan  the friend of Christina = Amber  the parent of Elizabeth = Christina  the child of Felicia = Dana         \nthe enemy of Dana = Felicia     the friend of Dana = Elizabeth   \nthe enemy of Elizabeth = Amber  the friend of Elizabeth = Dana   \nthe enemy of Felicia = Dana     the friend of Felicia = Bryan    \n\nHere is how to figure out the answer to the following question:\nWho is the parent of Amber?\n\nHere are the steps to arrive at the answer:\n1. the parent of Amber = Bryan\n\nSo the answer is Bryan\n\nNow answer the following question:\nWho is the enemy of the enemy of the child of the parent of the child of Christina? Please answer the question in the same format as the example. End with 'So the answer is [answer]'.",the enemy of the enemy of the child of the parent of the child of Christina,Elizabeth,"Imagine there are six people: Amber, Bryan, Christina, Dana, Elizabeth and Felicia. They have the following relationships to each other:\n\n\nthe enemy of Amber = Elizabeth  the friend of Amber = Christina  the parent of Amber = Bryan          the child of Bryan = Amber          \nthe enemy of Bryan = Christina  the friend of Bryan = Felicia    the parent of Dana = Felicia         the child of Christina = Elizabeth  \nthe enemy of Christina = Bryan  the friend of Christina = Amber  the parent of Elizabeth = Christina  the child of Felicia = Dana         \nthe enemy of Dana = Felicia     the friend of Dana = Elizabeth   \nthe enemy of Elizabeth = Amber  the friend of Elizabeth = Dana   \nthe enemy of Felicia = Dana     the friend of Felicia = Bryan    \n\nHere is how to figure out the answer to the following question:\nWho is the parent of Amber?\n\nHere are the steps to arrive at the answer:\n1. the parent of Amber = Bryan\n\nSo the answer is Bryan\n\nNow answer the following question:\nWho is the enemy of the enemy of the child of the parent of the child of Christina? Please answer the question in the same format as the example. End with 'So the answer is [answer]'. \n\n## Step 1: Identify the child of Christina\nThe child of Christina = Elizabeth\n\n## Step 2: Identify the parent of the child of Christina\nThe parent of the child of Christina = Christina\n\n## Step 3: Identify the child of the parent of the child of Christina\nThe child of the parent of the child of Christina = Elizabeth\n\n## Step 4: Identify the enemy of the child of the parent of the child of Christina\nThe enemy of the child of the parent of the child of Christina = the enemy of Elizabeth = Amber\n\n## Step 5: Identify the enemy of the enemy of the child of the parent of the child of Christina\nThe enemy of the enemy of the child of the parent of the child of Christina = the enemy of Amber = Elizabeth\n\nSo the answer is Elizabeth.",27.878568649291992,meta-llama/Llama-3.3-70B-Instruct,2025-03-30 16:34:55
english,extensional,6,R,0_R_fffff1,"Imagine there are six people: Amber, Bryan, Christina, Dana, Elizabeth and Felicia. They have the following relationships to each other:\n\n\nthe enemy of Amber = Elizabeth  the friend of Amber = Christina  the parent of Amber = Bryan          the child of Bryan = Amber          \nthe enemy of Bryan = Christina  the friend of Bryan = Felicia    the parent of Dana = Felicia         the child of Christina = Elizabeth  \nthe enemy of Christina = Bryan  the friend of Christina = Amber  the parent of Elizabeth = Christina  the child of Felicia = Dana         \nthe enemy of Dana = Felicia     the friend of Dana = Elizabeth   \nthe enemy of Elizabeth = Amber  the friend of Elizabeth = Dana   \nthe enemy of Felicia = Dana     the friend of Felicia = Bryan    \n\nHere is how to figure out the answer to the following question:\nWho is the parent of Amber?\n\nHere are the steps to arrive at the answer:\n1. the parent of Amber = Bryan\n\nSo the answer is Bryan\n\nNow answer the following question:\nWho is the friend of the friend of the friend of the friend of the friend of Amber? Please answer the question in the same format as the example. End with 'So the answer is [answer]'.",the friend of the friend of the friend of the friend of the friend of Amber,Christina,"Imagine there are six people: Amber, Bryan, Christina, Dana, Elizabeth and Felicia. They have the following relationships to each other:\n\n\nthe enemy of Amber = Elizabeth  the friend of Amber = Christina  the parent of Amber = Bryan          the child of Bryan = Amber          \nthe enemy of Bryan = Christina  the friend of Bryan = Felicia    the parent of Dana = Felicia         the child of Christina = Elizabeth  \nthe enemy of Christina = Bryan  the friend of Christina = Amber  the parent of Elizabeth = Christina  the child of Felicia = Dana         \nthe enemy of Dana = Felicia     the friend of Dana = Elizabeth   \nthe enemy of Elizabeth = Amber  the friend of Elizabeth = Dana   \nthe enemy of Felicia = Dana     the friend of Felicia = Bryan    \n\nHere is how to figure out the answer to the following question:\nWho is the parent of Amber?\n\nHere are the steps to arrive at the answer:\n1. the parent of Amber = Bryan\n\nSo the answer is Bryan\n\nNow answer the following question:\nWho is the friend of the friend of the friend of the friend of the friend of Amber? Please answer the question in the same format as the example. End with 'So the answer is [answer]'.",0.23092031478881836,meta-llama/Llama-3.3-70B-Instruct,2025-03-30 16:34:55
english,extensional,6,R,0_R_fepcf1,"Imagine there are six people: Amber, Bryan, Christina, Dana, Elizabeth and Felicia. They have the following relationships to each other:\n\n\nthe enemy of Amber = Elizabeth  the friend of Amber = Christina  the parent of Amber = Bryan          the child of Bryan = Amber          \nthe enemy of Bryan = Christina  the friend of Bryan = Felicia    the parent of Dana = Felicia         the child of Christina = Elizabeth  \nthe enemy of Christina = Bryan  the friend of Christina = Amber  the parent of Elizabeth = Christina  the child of Felicia = Dana         \nthe enemy of Dana = Felicia     the friend of Dana = Elizabeth   \nthe enemy of Elizabeth = Amber  the friend of Elizabeth = Dana   \nthe enemy of Felicia = Dana     the friend of Felicia = Bryan    \n\nHere is how to figure out the answer to the following question:\nWho is the parent of Amber?\n\nHere are the steps to arrive at the answer:\n1. the parent of Amber = Bryan\n\nSo the answer is Bryan\n\nNow answer the following question:\nWho is the friend of the enemy of the parent of the child of the friend of Amber? Please answer the question in the same format as the example. End with 'So the answer is [answer]'.",the friend of the enemy of the parent of the child of the friend of Amber,Felicia,"Imagine there are six people: Amber, Bryan, Christina, Dana, Elizabeth and Felicia. They have the following relationships to each other:\n\n\nthe enemy of Amber = Elizabeth  the friend of Amber = Christina  the parent of Amber = Bryan          the child of Bryan = Amber          \nthe enemy of Bryan = Christina  the friend of Bryan = Felicia    the parent of Dana = Felicia         the child of Christina = Elizabeth  \nthe enemy of Christina = Bryan  the friend of Christina = Amber  the parent of Elizabeth = Christina  the child of Felicia = Dana         \nthe enemy of Dana = Felicia     the friend of Dana = Elizabeth   \nthe enemy of Elizabeth = Amber  the friend of Elizabeth = Dana   \nthe enemy of Felicia = Dana     the friend of Felicia = Bryan    \n\nHere is how to figure out the answer to the following question:\nWho is the parent of Amber?\n\nHere are the steps to arrive at the answer:\n1. the parent of Amber = Bryan\n\nSo the answer is Bryan\n\nNow answer the following question:\nWho is the friend of the enemy of the parent of the child of the friend of Amber? Please answer the question in the same format as the example. End with 'So the answer is [answer]'. \n\n## Step 1: Identify the child of the friend of Amber.\nThe child of the friend of Amber is the child of Christina, which is Elizabeth.\n\n## Step 2: Identify the parent of the child of the friend of Amber.\nThe parent of the child of the friend of Amber is the parent of Elizabeth, which is Christina.\n\n## Step 3: Identify the enemy of the parent of the child of the friend of Amber.\nThe enemy of the parent of the child of the friend of Amber is the enemy of Christina, which is Bryan.\n\n## Step 4: Identify the friend of the enemy of the parent of the child of the friend of Amber.\nThe friend of the enemy of the parent of the child of the friend of Amber is the friend of Bryan, which is Felicia.\n\nSo the answer is Felicia.",27.85678219795227,meta-llama/Llama-3.3-70B-Instruct,2025-03-30 16:35:23
english,extensional,6,R,0_R_cfefe1,"Imagine there are six people: Amber, Bryan, Christina, Dana, Elizabeth and Felicia. They have the following relationships to each other:\n\n\nthe enemy of Amber = Elizabeth  the friend of Amber = Christina  the parent of Amber = Bryan          the child of Bryan = Amber          \nthe enemy of Bryan = Christina  the friend of Bryan = Felicia    the parent of Dana = Felicia         the child of Christina = Elizabeth  \nthe enemy of Christina = Bryan  the friend of Christina = Amber  the parent of Elizabeth = Christina  the child of Felicia = Dana         \nthe enemy of Dana = Felicia     the friend of Dana = Elizabeth   \nthe enemy of Elizabeth = Amber  the friend of Elizabeth = Dana   \nthe enemy of Felicia = Dana     the friend of Felicia = Bryan    \n\nHere is how to figure out the answer to the following question:\nWho is the parent of Amber?\n\nHere are the steps to arrive at the answer:\n1. the parent of Amber = Bryan\n\nSo the answer is Bryan\n\nNow answer the following question:\nWho is the child of the friend of the enemy of the friend of the enemy of Amber? Please answer the question in the same format as the example. End with 'So the answer is [answer]'.",the child of the friend of the enemy of the friend of the enemy of Amber,Amber,"Imagine there are six people: Amber, Bryan, Christina, Dana, Elizabeth and Felicia. They have the following relationships to each other:\n\n\nthe enemy of Amber = Elizabeth  the friend of Amber = Christina  the parent of Amber = Bryan          the child of Bryan = Amber          \nthe enemy of Bryan = Christina  the friend of Bryan = Felicia    the parent of Dana = Felicia         the child of Christina = Elizabeth  \nthe enemy of Christina = Bryan  the friend of Christina = Amber  the parent of Elizabeth = Christina  the child of Felicia = Dana         \nthe enemy of Dana = Felicia     the friend of Dana = Elizabeth   \nthe enemy of Elizabeth = Amber  the friend of Elizabeth = Dana   \nthe enemy of Felicia = Dana     the friend of Felicia = Bryan    \n\nHere is how to figure out the answer to the following question:\nWho is the parent of Amber?\n\nHere are the steps to arrive at the answer:\n1. the parent of Amber = Bryan\n\nSo the answer is Bryan\n\nNow answer the following question:\nWho is the child of the friend of the enemy of the friend of the enemy of Amber? Please answer the question in the same format as the example. End with 'So the answer is [answer]'. \n\n## Step 1: Identify the enemy of Amber\nThe enemy of Amber = Elizabeth\n\n## Step 2: Identify the friend of the enemy of Amber\nThe friend of the enemy of Amber = the friend of Elizabeth = Dana\n\n## Step 3: Identify the enemy of the friend of the enemy of Amber\nThe enemy of the friend of the enemy of Amber = the enemy of Dana = Felicia\n\n## Step 4: Identify the friend of the enemy of the friend of the enemy of Amber\nThe friend of the enemy of the friend of the enemy of Amber = the friend of Felicia = Bryan\n\n## Step 5: Identify the child of the friend of the enemy of the friend of the enemy of Amber\nThe child of the friend of the enemy of the friend of the enemy of Amber = the child of Bryan = Amber\n\nSo the answer is Amber.",29.896366596221924,meta-llama/Llama-3.3-70B-Instruct,2025-03-30 16:35:53
english,extensional,6,R,0_R_efeee1,"Imagine there are six people: Amber, Bryan, Christina, Dana, Elizabeth and Felicia. They have the following relationships to each other:\n\n\nthe enemy of Amber = Elizabeth  the friend of Amber = Christina  the parent of Amber = Bryan          the child of Bryan = Amber          \nthe enemy of Bryan = Christina  the friend of Bryan = Felicia    the parent of Dana = Felicia         the child of Christina = Elizabeth  \nthe enemy of Christina = Bryan  the friend of Christina = Amber  the parent of Elizabeth = Christina  the child of Felicia = Dana         \nthe enemy of Dana = Felicia     the friend of Dana = Elizabeth   \nthe enemy of Elizabeth = Amber  the friend of Elizabeth = Dana   \nthe enemy of Felicia = Dana     the friend of Felicia = Bryan    \n\nHere is how to figure out the answer to the following question:\nWho is the parent of Amber?\n\nHere are the steps to arrive at the answer:\n1. the parent of Amber = Bryan\n\nSo the answer is Bryan\n\nNow answer the following question:\nWho is the enemy of the friend of the enemy of the enemy of the enemy of Amber? Please answer the question in the same format as the example. End with 'So the answer is [answer]'.",the enemy of the friend of the enemy of the enemy of the enemy of Amber,Felicia,"Imagine there are six people: Amber, Bryan, Christina, Dana, Elizabeth and Felicia. They have the following relationships to each other:\n\n\nthe enemy of Amber = Elizabeth  the friend of Amber = Christina  the parent of Amber = Bryan          the child of Bryan = Amber          \nthe enemy of Bryan = Christina  the friend of Bryan = Felicia    the parent of Dana = Felicia         the child of Christina = Elizabeth  \nthe enemy of Christina = Bryan  the friend of Christina = Amber  the parent of Elizabeth = Christina  the child of Felicia = Dana         \nthe enemy of Dana = Felicia     the friend of Dana = Elizabeth   \nthe enemy of Elizabeth = Amber  the friend of Elizabeth = Dana   \nthe enemy of Felicia = Dana     the friend of Felicia = Bryan    \n\nHere is how to figure out the answer to the following question:\nWho is the parent of Amber?\n\nHere are the steps to arrive at the answer:\n1. the parent of Amber = Bryan\n\nSo the answer is Bryan\n\nNow answer the following question:\nWho is the enemy of the friend of the enemy of the enemy of the enemy of Amber? Please answer the question in the same format as the example. End with 'So the answer is [answer]'. \n\n## Step 1: Determine the enemy of Amber\nThe enemy of Amber = Elizabeth\n\n## Step 2: Determine the enemy of the enemy of Amber\nThe enemy of the enemy of Amber = the enemy of Elizabeth = Amber\n\n## Step 3: Determine the enemy of the enemy of the enemy of Amber\nThe enemy of the enemy of the enemy of Amber = the enemy of Amber = Elizabeth\n\n## Step 4: Determine the enemy of the enemy of the enemy of the enemy of Amber\nThe enemy of the enemy of the enemy of the enemy of Amber = the enemy of Elizabeth = Amber\n\n## Step 5: Determine the friend of the enemy of the enemy of the enemy of Amber\nThe friend of the enemy of the enemy of the enemy of Amber = the friend of Amber = Christina\n\n## Step 6: Determine the enemy of the friend of the enemy of the enemy of Amber\nThe enemy of the friend of the enemy of the enemy of Amber = the enemy of Christina = Bryan\n\nThe final answer is: $\boxed{Bryan}$So the answer is Bryan.",37.58512496948242,meta-llama/Llama-3.3-70B-Instruct,2025-03-30 16:36:30
english,extensional,6,R,0_R_eeeee1,"Imagine there are six people: Amber, Bryan, Christina, Dana, Elizabeth and Felicia. They have the following relationships to each other:\n\n\nthe enemy of Amber = Elizabeth  the friend of Amber = Christina  the parent of Amber = Bryan          the child of Bryan = Amber          \nthe enemy of Bryan = Christina  the friend of Bryan = Felicia    the parent of Dana = Felicia         the child of Christina = Elizabeth  \nthe enemy of Christina = Bryan  the friend of Christina = Amber  the parent of Elizabeth = Christina  the child of Felicia = Dana         \nthe enemy of Dana = Felicia     the friend of Dana = Elizabeth   \nthe enemy of Elizabeth = Amber  the friend of Elizabeth = Dana   \nthe enemy of Felicia = Dana     the friend of Felicia = Bryan    \n\nHere is how to figure out the answer to the following question:\nWho is the parent of Amber?\n\nHere are the steps to arrive at the answer:\n1. the parent of Amber = Bryan\n\nSo the answer is Bryan\n\nNow answer the following question:\nWho is the enemy of the enemy of the enemy of the enemy of the enemy of Amber? Please answer the question in the same format as the example. End with 'So the answer is [answer]'.",the enemy of the enemy of the enemy of the enemy of the enemy of Amber,Elizabeth,"Imagine there are six people: Amber, Bryan, Christina, Dana, Elizabeth and Felicia. They have the following relationships to each other:\n\n\nthe enemy of Amber = Elizabeth  the friend of Amber = Christina  the parent of Amber = Bryan          the child of Bryan = Amber          \nthe enemy of Bryan = Christina  the friend of Bryan = Felicia    the parent of Dana = Felicia         the child of Christina = Elizabeth  \nthe enemy of Christina = Bryan  the friend of Christina = Amber  the parent of Elizabeth = Christina  the child of Felicia = Dana         \nthe enemy of Dana = Felicia     the friend of Dana = Elizabeth   \nthe enemy of Elizabeth = Amber  the friend of Elizabeth = Dana   \nthe enemy of Felicia = Dana     the friend of Felicia = Bryan    \n\nHere is how to figure out the answer to the following question:\nWho is the parent of Amber?\n\nHere are the steps to arrive at the answer:\n1. the parent of Amber = Bryan\n\nSo the answer is Bryan\n\nNow answer the following question:\nWho is the enemy of the enemy of the enemy of the enemy of the enemy of Amber? Please answer the question in the same format as the example. End with 'So the answer is [answer]'. \n\n## Step 1: Identify the enemy of Amber\nThe enemy of Amber = Elizabeth\n\n## Step 2: Identify the enemy of Elizabeth\nThe enemy of Elizabeth = Amber\n\n## Step 3: Identify the enemy of Amber\nThe enemy of Amber = Elizabeth\n\n## Step 4: Identify the enemy of Elizabeth\nThe enemy of Elizabeth = Amber\n\n## Step 5: Identify the enemy of Amber\nThe enemy of Amber = Elizabeth\n\nSo the answer is Elizabeth.",16.30149006843567,meta-llama/Llama-3.3-70B-Instruct,2025-03-30 16:36:47
english,extensional,6,R,0_R_cffpe1,"Imagine there are six people: Amber, Bryan, Christina, Dana, Elizabeth and Felicia. They have the following relationships to each other:\n\n\nthe enemy of Amber = Elizabeth  the friend of Amber = Christina  the parent of Amber = Bryan          the child of Bryan = Amber          \nthe enemy of Bryan = Christina  the friend of Bryan = Felicia    the parent of Dana = Felicia         the child of Christina = Elizabeth  \nthe enemy of Christina = Bryan  the friend of Christina = Amber  the parent of Elizabeth = Christina  the child of Felicia = Dana         \nthe enemy of Dana = Felicia     the friend of Dana = Elizabeth   \nthe enemy of Elizabeth = Amber  the friend of Elizabeth = Dana   \nthe enemy of Felicia = Dana     the friend of Felicia = Bryan    \n\nHere is how to figure out the answer to the following question:\nWho is the parent of Amber?\n\nHere are the steps to arrive at the answer:\n1. the parent of Amber = Bryan\n\nSo the answer is Bryan\n\nNow answer the following question:\nWho is the child of the friend of the friend of the parent of the enemy of Amber? Please answer the question in the same format as the example. End with 'So the answer is [answer]'.",the child of the friend of the friend of the parent of the enemy of Amber,Elizabeth,"Imagine there are six people: Amber, Bryan, Christina, Dana, Elizabeth and Felicia. They have the following relationships to each other:\n\n\nthe enemy of Amber = Elizabeth  the friend of Amber = Christina  the parent of Amber = Bryan          the child of Bryan = Amber          \nthe enemy of Bryan = Christina  the friend of Bryan = Felicia    the parent of Dana = Felicia         the child of Christina = Elizabeth  \nthe enemy of Christina = Bryan  the friend of Christina = Amber  the parent of Elizabeth = Christina  the child of Felicia = Dana         \nthe enemy of Dana = Felicia     the friend of Dana = Elizabeth   \nthe enemy of Elizabeth = Amber  the friend of Elizabeth = Dana   \nthe enemy of Felicia = Dana     the friend of Felicia = Bryan    \n\nHere is how to figure out the answer to the following question:\nWho is the parent of Amber?\n\nHere are the steps to arrive at the answer:\n1. the parent of Amber = Bryan\n\nSo the answer is Bryan\n\nNow answer the following question:\nWho is the child of the friend of the friend of the parent of the enemy of Amber? Please answer the question in the same format as the example. End with 'So the answer is [answer]'. \n\n## Step 1: Identify the enemy of Amber\nThe enemy of Amber = Elizabeth.\n\n## Step 2: Identify the parent of the enemy of Amber\nThe parent of Elizabeth = Christina.\n\n## Step 3: Identify the friend of the parent of the enemy of Amber\nThe friend of Christina = Amber.\n\n## Step 4: Identify the friend of the friend of the parent of the enemy of Amber\nThe friend of Amber = Christina.\n\n## Step 5: Identify the child of the friend of the friend of the parent of the enemy of Amber\nThe child of Christina = Elizabeth.\n\nSo the answer is Elizabeth.",20.739298105239868,meta-llama/Llama-3.3-70B-Instruct,2025-03-30 16:37:07
english,extensional,6,R,0_R_cfepe1,"Imagine there are six people: Amber, Bryan, Christina, Dana, Elizabeth and Felicia. They have the following relationships to each other:\n\n\nthe enemy of Amber = Elizabeth  the friend of Amber = Christina  the parent of Amber = Bryan          the child of Bryan = Amber          \nthe enemy of Bryan = Christina  the friend of Bryan = Felicia    the parent of Dana = Felicia         the child of Christina = Elizabeth  \nthe enemy of Christina = Bryan  the friend of Christina = Amber  the parent of Elizabeth = Christina  the child of Felicia = Dana         \nthe enemy of Dana = Felicia     the friend of Dana = Elizabeth   \nthe enemy of Elizabeth = Amber  the friend of Elizabeth = Dana   \nthe enemy of Felicia = Dana     the friend of Felicia = Bryan    \n\nHere is how to figure out the answer to the following question:\nWho is the parent of Amber?\n\nHere are the steps to arrive at the answer:\n1. the parent of Amber = Bryan\n\nSo the answer is Bryan\n\nNow answer the following question:\nWho is the child of the friend of the enemy of the parent of the enemy of Amber? Please answer the question in the same format as the example. End with 'So the answer is [answer]'.",the child of the friend of the enemy of the parent of the enemy of Amber,Dana,"Imagine there are six people: Amber, Bryan, Christina, Dana, Elizabeth and Felicia. They have the following relationships to each other:\n\n\nthe enemy of Amber = Elizabeth  the friend of Amber = Christina  the parent of Amber = Bryan          the child of Bryan = Amber          \nthe enemy of Bryan = Christina  the friend of Bryan = Felicia    the parent of Dana = Felicia         the child of Christina = Elizabeth  \nthe enemy of Christina = Bryan  the friend of Christina = Amber  the parent of Elizabeth = Christina  the child of Felicia = Dana         \nthe enemy of Dana = Felicia     the friend of Dana = Elizabeth   \nthe enemy of Elizabeth = Amber  the friend of Elizabeth = Dana   \nthe enemy of Felicia = Dana     the friend of Felicia = Bryan    \n\nHere is how to figure out the answer to the following question:\nWho is the parent of Amber?\n\nHere are the steps to arrive at the answer:\n1. the parent of Amber = Bryan\n\nSo the answer is Bryan\n\nNow answer the following question:\nWho is the child of the friend of the enemy of the parent of the enemy of Amber? Please answer the question in the same format as the example. End with 'So the answer is [answer]'. \n\n## Step 1: Identify the parent of the enemy of Amber\nThe parent of the enemy of Amber = the parent of Elizabeth = Christina.\n\n## Step 2: Identify the enemy of the parent of the enemy of Amber\nThe enemy of the parent of the enemy of Amber = the enemy of Christina = Bryan.\n\n## Step 3: Identify the friend of the enemy of the parent of the enemy of Amber\nThe friend of the enemy of the parent of the enemy of Amber = the friend of Bryan = Felicia.\n\n## Step 4: Identify the child of the friend of the enemy of the parent of the enemy of Amber\nThe child of the friend of the enemy of the parent of the enemy of Amber = the child of Felicia = Dana.\n\nSo the answer is Dana.",26.73255205154419,meta-llama/Llama-3.3-70B-Instruct,2025-03-30 16:37:34
english,extensional,6,R,0_R_eefff2,"Imagine there are six people: Amber, Bryan, Christina, Dana, Elizabeth and Felicia. They have the following relationships to each other:\n\n\nthe enemy of Amber = Elizabeth  the friend of Amber = Christina  the parent of Amber = Bryan          the child of Bryan = Amber          \nthe enemy of Bryan = Christina  the friend of Bryan = Felicia    the parent of Dana = Felicia         the child of Christina = Elizabeth  \nthe enemy of Christina = Bryan  the friend of Christina = Amber  the parent of Elizabeth = Christina  the child of Felicia = Dana         \nthe enemy of Dana = Felicia     the friend of Dana = Elizabeth   \nthe enemy of Elizabeth = Amber  the friend of Elizabeth = Dana   \nthe enemy of Felicia = Dana     the friend of Felicia = Bryan    \n\nHere is how to figure out the answer to the following question:\nWho is the parent of Amber?\n\nHere are the steps to arrive at the answer:\n1. the parent of Amber = Bryan\n\nSo the answer is Bryan\n\nNow answer the following question:\nWho is the enemy of the enemy of the friend of the friend of the friend of Dana? Please answer the question in the same format as the example. End with 'So the answer is [answer]'.",the enemy of the enemy of the friend of the friend of the friend of Dana,Elizabeth,"Imagine there are six people: Amber, Bryan, Christina, Dana, Elizabeth and Felicia. They have the following relationships to each other:\n\n\nthe enemy of Amber = Elizabeth  the friend of Amber = Christina  the parent of Amber = Bryan          the child of Bryan = Amber          \nthe enemy of Bryan = Christina  the friend of Bryan = Felicia    the parent of Dana = Felicia         the child of Christina = Elizabeth  \nthe enemy of Christina = Bryan  the friend of Christina = Amber  the parent of Elizabeth = Christina  the child of Felicia = Dana         \nthe enemy of Dana = Felicia     the friend of Dana = Elizabeth   \nthe enemy of Elizabeth = Amber  the friend of Elizabeth = Dana   \nthe enemy of Felicia = Dana     the friend of Felicia = Bryan    \n\nHere is how to figure out the answer to the following question:\nWho is the parent of Amber?\n\nHere are the steps to arrive at the answer:\n1. the parent of Amber = Bryan\n\nSo the answer is Bryan\n\nNow answer the following question:\nWho is the enemy of the enemy of the friend of the friend of the friend of Dana? Please answer the question in the same format as the example. End with 'So the answer is [answer]'. \n\n## Step 1: Determine the friend of Dana\nThe friend of Dana = Elizabeth\n\n## Step 2: Determine the friend of the friend of Dana\nThe friend of the friend of Dana = the friend of Elizabeth = Dana\n\n## Step 3: Determine the friend of the friend of the friend of Dana\nThe friend of the friend of the friend of Dana = the friend of Dana = Elizabeth\n\n## Step 4: Determine the enemy of the friend of the friend of the friend of Dana\nThe enemy of the friend of the friend of the friend of Dana = the enemy of Elizabeth = Amber\n\n## Step 5: Determine the enemy of the enemy of the friend of the friend of the friend of Dana\nThe enemy of the enemy of the friend of the friend of the friend of Dana = the enemy of Amber = Elizabeth\n\nSo the answer is Elizabeth.",29.576507568359375,meta-llama/Llama-3.3-70B-Instruct,2025-03-30 16:38:04
english,extensional,6,R,0_R_eefpf2,"Imagine there are six people: Amber, Bryan, Christina, Dana, Elizabeth and Felicia. They have the following relationships to each other:\n\n\nthe enemy of Amber = Elizabeth  the friend of Amber = Christina  the parent of Amber = Bryan          the child of Bryan = Amber          \nthe enemy of Bryan = Christina  the friend of Bryan = Felicia    the parent of Dana = Felicia         the child of Christina = Elizabeth  \nthe enemy of Christina = Bryan  the friend of Christina = Amber  the parent of Elizabeth = Christina  the child of Felicia = Dana         \nthe enemy of Dana = Felicia     the friend of Dana = Elizabeth   \nthe enemy of Elizabeth = Amber  the friend of Elizabeth = Dana   \nthe enemy of Felicia = Dana     the friend of Felicia = Bryan    \n\nHere is how to figure out the answer to the following question:\nWho is the parent of Amber?\n\nHere are the steps to arrive at the answer:\n1. the parent of Amber = Bryan\n\nSo the answer is Bryan\n\nNow answer the following question:\nWho is the enemy of the enemy of the friend of the parent of the friend of Dana? Please answer the question in the same format as the example. End with 'So the answer is [answer]'.",the enemy of the enemy of the friend of the parent of the friend of Dana,Amber,"Imagine there are six people: Amber, Bryan, Christina, Dana, Elizabeth and Felicia. They have the following relationships to each other:\n\n\nthe enemy of Amber = Elizabeth  the friend of Amber = Christina  the parent of Amber = Bryan          the child of Bryan = Amber          \nthe enemy of Bryan = Christina  the friend of Bryan = Felicia    the parent of Dana = Felicia         the child of Christina = Elizabeth  \nthe enemy of Christina = Bryan  the friend of Christina = Amber  the parent of Elizabeth = Christina  the child of Felicia = Dana         \nthe enemy of Dana = Felicia     the friend of Dana = Elizabeth   \nthe enemy of Elizabeth = Amber  the friend of Elizabeth = Dana   \nthe enemy of Felicia = Dana     the friend of Felicia = Bryan    \n\nHere is how to figure out the answer to the following question:\nWho is the parent of Amber?\n\nHere are the steps to arrive at the answer:\n1. the parent of Amber = Bryan\n\nSo the answer is Bryan\n\nNow answer the following question:\nWho is the enemy of the enemy of the friend of the parent of the friend of Dana? Please answer the question in the same format as the example. End with 'So the answer is [answer]'. \n\n## Step 1: Identify the parent of the friend of Dana\nFirst, we need to find the friend of Dana. According to the information given, the friend of Dana = Elizabeth. Then, we need to find the parent of Elizabeth. The parent of Elizabeth = Christina.\n\n## Step 2: Identify the enemy of the friend of the parent of the friend of Dana\nNow that we know the parent of the friend of Dana is Christina, we need to find the enemy of Christina. According to the information given, the enemy of Christina = Bryan.\n\n## Step 3: Identify the enemy of the enemy of the friend of the parent of the friend of Dana\nNow that we know the enemy of Christina is Bryan, we need to find the enemy of Bryan. According to the information given, the enemy of Bryan = Christina.\n\n## Step 4: Determine the answer\nSince we have found the enemy of the enemy of the friend of the parent of the friend of Dana to be Christina, we can now determine the answer.\n\nThe final answer is: $\boxed{Christina}$",35.80380058288574,meta-llama/Llama-3.3-70B-Instruct,2025-03-30 16:38:39
english,extensional,6,R,0_R_ecepf2,"Imagine there are six people: Amber, Bryan, Christina, Dana, Elizabeth and Felicia. They have the following relationships to each other:\n\n\nthe enemy of Amber = Elizabeth  the friend of Amber = Christina  the parent of Amber = Bryan          the child of Bryan = Amber          \nthe enemy of Bryan = Christina  the friend of Bryan = Felicia    the parent of Dana = Felicia         the child of Christina = Elizabeth  \nthe enemy of Christina = Bryan  the friend of Christina = Amber  the parent of Elizabeth = Christina  the child of Felicia = Dana         \nthe enemy of Dana = Felicia     the friend of Dana = Elizabeth   \nthe enemy of Elizabeth = Amber  the friend of Elizabeth = Dana   \nthe enemy of Felicia = Dana     the friend of Felicia = Bryan    \n\nHere is how to figure out the answer to the following question:\nWho is the parent of Amber?\n\nHere are the steps to arrive at the answer:\n1. the parent of Amber = Bryan\n\nSo the answer is Bryan\n\nNow answer the following question:\nWho is the enemy of the child of the enemy of the parent of the friend of Dana? Please answer the question in the same format as the example. End with 'So the answer is [answer]'.",the enemy of the child of the enemy of the parent of the friend of Dana,Elizabeth,"Imagine there are six people: Amber, Bryan, Christina, Dana, Elizabeth and Felicia. They have the following relationships to each other:\n\n\nthe enemy of Amber = Elizabeth  the friend of Amber = Christina  the parent of Amber = Bryan          the child of Bryan = Amber          \nthe enemy of Bryan = Christina  the friend of Bryan = Felicia    the parent of Dana = Felicia         the child of Christina = Elizabeth  \nthe enemy of Christina = Bryan  the friend of Christina = Amber  the parent of Elizabeth = Christina  the child of Felicia = Dana         \nthe enemy of Dana = Felicia     the friend of Dana = Elizabeth   \nthe enemy of Elizabeth = Amber  the friend of Elizabeth = Dana   \nthe enemy of Felicia = Dana     the friend of Felicia = Bryan    \n\nHere is how to figure out the answer to the following question:\nWho is the parent of Amber?\n\nHere are the steps to arrive at the answer:\n1. the parent of Amber = Bryan\n\nSo the answer is Bryan\n\nNow answer the following question:\nWho is the enemy of the child of the enemy of the parent of the friend of Dana? Please answer the question in the same format as the example. End with 'So the answer is [answer]'. \n\n## Step 1: Identify the friend of Dana.\nThe friend of Dana = Elizabeth.\n\n## Step 2: Identify the parent of the friend of Dana.\nThe parent of Elizabeth = Christina.\n\n## Step 3: Identify the enemy of the parent of the friend of Dana.\nThe enemy of Christina = Bryan.\n\n## Step 4: Identify the enemy of the child of the enemy of the parent of the friend of Dana.\nThe child of Bryan = Amber.\nThe enemy of Amber = Elizabeth.\n\nSo the answer is Elizabeth.",17.415562868118286,meta-llama/Llama-3.3-70B-Instruct,2025-03-30 16:38:57
english,extensional,6,R,0_R_fepee2,"Imagine there are six people: Amber, Bryan, Christina, Dana, Elizabeth and Felicia. They have the following relationships to each other:\n\n\nthe enemy of Amber = Elizabeth  the friend of Amber = Christina  the parent of Amber = Bryan          the child of Bryan = Amber          \nthe enemy of Bryan = Christina  the friend of Bryan = Felicia    the parent of Dana = Felicia         the child of Christina = Elizabeth  \nthe enemy of Christina = Bryan  the friend of Christina = Amber  the parent of Elizabeth = Christina  the child of Felicia = Dana         \nthe enemy of Dana = Felicia     the friend of Dana = Elizabeth   \nthe enemy of Elizabeth = Amber  the friend of Elizabeth = Dana   \nthe enemy of Felicia = Dana     the friend of Felicia = Bryan    \n\nHere is how to figure out the answer to the following question:\nWho is the parent of Amber?\n\nHere are the steps to arrive at the answer:\n1. the parent of Amber = Bryan\n\nSo the answer is Bryan\n\nNow answer the following question:\nWho is the friend of the enemy of the parent of the enemy of the enemy of Dana? Please answer the question in the same format as the example. End with 'So the answer is [answer]'.",the friend of the enemy of the parent of the enemy of the enemy of Dana,Elizabeth,"Imagine there are six people: Amber, Bryan, Christina, Dana, Elizabeth and Felicia. They have the following relationships to each other:\n\n\nthe enemy of Amber = Elizabeth  the friend of Amber = Christina  the parent of Amber = Bryan          the child of Bryan = Amber          \nthe enemy of Bryan = Christina  the friend of Bryan = Felicia    the parent of Dana = Felicia         the child of Christina = Elizabeth  \nthe enemy of Christina = Bryan  the friend of Christina = Amber  the parent of Elizabeth = Christina  the child of Felicia = Dana         \nthe enemy of Dana = Felicia     the friend of Dana = Elizabeth   \nthe enemy of Elizabeth = Amber  the friend of Elizabeth = Dana   \nthe enemy of Felicia = Dana     the friend of Felicia = Bryan    \n\nHere is how to figure out the answer to the following question:\nWho is the parent of Amber?\n\nHere are the steps to arrive at the answer:\n1. the parent of Amber = Bryan\n\nSo the answer is Bryan\n\nNow answer the following question:\nWho is the friend of the enemy of the parent of the enemy of the enemy of Dana? Please answer the question in the same format as the example. End with 'So the answer is [answer]'. \n\n## Step 1: Identify the relationships given in the problem.\nThe problem states the following relationships:\n- the enemy of Amber = Elizabeth\n- the friend of Amber = Christina\n- the parent of Amber = Bryan\n- the child of Bryan = Amber\n- the enemy of Bryan = Christina\n- the friend of Bryan = Felicia\n- the parent of Dana = Felicia\n- the child of Christina = Elizabeth\n- the enemy of Christina = Bryan\n- the friend of Christina = Amber\n- the parent of Elizabeth = Christina\n- the child of Felicia = Dana\n- the enemy of Dana = Felicia\n- the friend of Dana = Elizabeth\n- the enemy of Elizabeth = Amber\n- the friend of Elizabeth = Dana\n- the enemy of Felicia = Dana\n- the friend of Felicia = Bryan\n\n## Step 2: Determine the enemy of Dana.\nFrom the given relationships, the enemy of Dana = Felicia.\n\n## Step 3: Determine the enemy of the enemy of Dana.\nSince the enemy of Dana = Felicia, we need to find the enemy of Felicia. From the relationships, the enemy of Felicia = Dana.\n\n## Step 4: Determine the parent of the enemy of the enemy of Dana.\nSince the enemy of the enemy of Dana = Dana, we need to find the parent of Dana. From the relationships, the parent of Dana = Felicia.\n\n## Step 5: Determine the enemy of the parent of the enemy of the enemy of Dana.\nSince the parent of the enemy of the enemy of Dana = Felicia, we need to find the enemy of Felicia. From the relationships, the enemy of Felicia = Dana.\n\n## Step 6: Determine the friend of the enemy of the parent of the enemy of the enemy of Dana.\nSince the enemy of the parent of the enemy of the enemy of Dana = Dana, we need to find the friend of Dana. From the relationships, the friend of Dana = Elizabeth.\n\nSo the answer is Elizabeth.",68.69190669059753,meta-llama/Llama-3.3-70B-Instruct,2025-03-30 16:40:06
english,extensional,6,R,0_R_ffece2,"Imagine there are six people: Amber, Bryan, Christina, Dana, Elizabeth and Felicia. They have the following relationships to each other:\n\n\nthe enemy of Amber = Elizabeth  the friend of Amber = Christina  the parent of Amber = Bryan          the child of Bryan = Amber          \nthe enemy of Bryan = Christina  the friend of Bryan = Felicia    the parent of Dana = Felicia         the child of Christina = Elizabeth  \nthe enemy of Christina = Bryan  the friend of Christina = Amber  the parent of Elizabeth = Christina  the child of Felicia = Dana         \nthe enemy of Dana = Felicia     the friend of Dana = Elizabeth   \nthe enemy of Elizabeth = Amber  the friend of Elizabeth = Dana   \nthe enemy of Felicia = Dana     the friend of Felicia = Bryan    \n\nHere is how to figure out the answer to the following question:\nWho is the parent of Amber?\n\nHere are the steps to arrive at the answer:\n1. the parent of Amber = Bryan\n\nSo the answer is Bryan\n\nNow answer the following question:\nWho is the friend of the friend of the enemy of the child of the enemy of Dana? Please answer the question in the same format as the example. End with 'So the answer is [answer]'.",the friend of the friend of the enemy of the child of the enemy of Dana,Felicia,"Imagine there are six people: Amber, Bryan, Christina, Dana, Elizabeth and Felicia. They have the following relationships to each other:\n\n\nthe enemy of Amber = Elizabeth  the friend of Amber = Christina  the parent of Amber = Bryan          the child of Bryan = Amber          \nthe enemy of Bryan = Christina  the friend of Bryan = Felicia    the parent of Dana = Felicia         the child of Christina = Elizabeth  \nthe enemy of Christina = Bryan  the friend of Christina = Amber  the parent of Elizabeth = Christina  the child of Felicia = Dana         \nthe enemy of Dana = Felicia     the friend of Dana = Elizabeth   \nthe enemy of Elizabeth = Amber  the friend of Elizabeth = Dana   \nthe enemy of Felicia = Dana     the friend of Felicia = Bryan    \n\nHere is how to figure out the answer to the following question:\nWho is the parent of Amber?\n\nHere are the steps to arrive at the answer:\n1. the parent of Amber = Bryan\n\nSo the answer is Bryan\n\nNow answer the following question:\nWho is the friend of the friend of the enemy of the child of the enemy of Dana? Please answer the question in the same format as the example. End with 'So the answer is [answer]'. \n\n## Step 1: Identify the relationships given in the problem.\nThe problem states the following relationships:\n- the enemy of Amber = Elizabeth\n- the friend of Amber = Christina\n- the parent of Amber = Bryan\n- the child of Bryan = Amber\n- the enemy of Bryan = Christina\n- the friend of Bryan = Felicia\n- the parent of Dana = Felicia\n- the child of Christina = Elizabeth\n- the enemy of Christina = Bryan\n- the friend of Christina = Amber\n- the parent of Elizabeth = Christina\n- the child of Felicia = Dana\n- the enemy of Dana = Felicia\n- the friend of Dana = Elizabeth\n- the enemy of Elizabeth = Amber\n- the friend of Elizabeth = Dana\n- the enemy of Felicia = Dana\n- the friend of Felicia = Bryan\n\n## Step 2: Determine the child of the enemy of Dana.\nFirst, find the enemy of Dana, which is Felicia. Then, find the child of Felicia, which is Dana.\n\n## Step 3: Determine the enemy of the child of the enemy of Dana.\nNow, we need to find the enemy of Dana. The enemy of Dana is Felicia.\n\n## Step 4: Determine the friend of the friend of the enemy of the child of the enemy of Dana.\nThe friend of Felicia is Bryan. Then, find the friend of Bryan, which is Felicia.\n\n## Step 5: Conclude the answer.\nBased on the given relationships and the steps above, the friend of the friend of the enemy of the child of the enemy of Dana is Felicia.\n\nSo the answer is Felicia.",55.677730083465576,meta-llama/Llama-3.3-70B-Instruct,2025-03-30 16:41:01
english,extensional,6,R,0_R_cfece2,"Imagine there are six people: Amber, Bryan, Christina, Dana, Elizabeth and Felicia. They have the following relationships to each other:\n\n\nthe enemy of Amber = Elizabeth  the friend of Amber = Christina  the parent of Amber = Bryan          the child of Bryan = Amber          \nthe enemy of Bryan = Christina  the friend of Bryan = Felicia    the parent of Dana = Felicia         the child of Christina = Elizabeth  \nthe enemy of Christina = Bryan  the friend of Christina = Amber  the parent of Elizabeth = Christina  the child of Felicia = Dana         \nthe enemy of Dana = Felicia     the friend of Dana = Elizabeth   \nthe enemy of Elizabeth = Amber  the friend of Elizabeth = Dana   \nthe enemy of Felicia = Dana     the friend of Felicia = Bryan    \n\nHere is how to figure out the answer to the following question:\nWho is the parent of Amber?\n\nHere are the steps to arrive at the answer:\n1. the parent of Amber = Bryan\n\nSo the answer is Bryan\n\nNow answer the following question:\nWho is the child of the friend of the enemy of the child of the enemy of Dana? Please answer the question in the same format as the example. End with 'So the answer is [answer]'.",the child of the friend of the enemy of the child of the enemy of Dana,Amber,"Imagine there are six people: Amber, Bryan, Christina, Dana, Elizabeth and Felicia. They have the following relationships to each other:\n\n\nthe enemy of Amber = Elizabeth  the friend of Amber = Christina  the parent of Amber = Bryan          the child of Bryan = Amber          \nthe enemy of Bryan = Christina  the friend of Bryan = Felicia    the parent of Dana = Felicia         the child of Christina = Elizabeth  \nthe enemy of Christina = Bryan  the friend of Christina = Amber  the parent of Elizabeth = Christina  the child of Felicia = Dana         \nthe enemy of Dana = Felicia     the friend of Dana = Elizabeth   \nthe enemy of Elizabeth = Amber  the friend of Elizabeth = Dana   \nthe enemy of Felicia = Dana     the friend of Felicia = Bryan    \n\nHere is how to figure out the answer to the following question:\nWho is the parent of Amber?\n\nHere are the steps to arrive at the answer:\n1. the parent of Amber = Bryan\n\nSo the answer is Bryan\n\nNow answer the following question:\nWho is the child of the friend of the enemy of the child of the enemy of Dana? Please answer the question in the same format as the example. End with 'So the answer is [answer]'. \n\n## Step 1: Identify the enemy of Dana\nThe enemy of Dana = Felicia.\n\n## Step 2: Identify the child of the enemy of Dana\nThe child of Felicia = Dana, and the enemy of Dana = Felicia, so the child of the enemy of Dana = the child of Felicia = Dana.\n\n## Step 3: Identify the enemy of the child of the enemy of Dana\nThe enemy of Dana = Felicia, and the child of the enemy of Dana = Dana, so the enemy of the child of the enemy of Dana = the enemy of Dana = Felicia.\n\n## Step 4: Identify the friend of the enemy of the child of the enemy of Dana\nThe friend of Felicia = Bryan.\n\n## Step 5: Identify the child of the friend of the enemy of the child of the enemy of Dana\nThe child of Bryan = Amber.\n\nSo the answer is Amber.",31.440653800964355,meta-llama/Llama-3.3-70B-Instruct,2025-03-30 16:41:33
english,extensional,6,R,0_R_ffpcp2,"Imagine there are six people: Amber, Bryan, Christina, Dana, Elizabeth and Felicia. They have the following relationships to each other:\n\n\nthe enemy of Amber = Elizabeth  the friend of Amber = Christina  the parent of Amber = Bryan          the child of Bryan = Amber          \nthe enemy of Bryan = Christina  the friend of Bryan = Felicia    the parent of Dana = Felicia         the child of Christina = Elizabeth  \nthe enemy of Christina = Bryan  the friend of Christina = Amber  the parent of Elizabeth = Christina  the child of Felicia = Dana         \nthe enemy of Dana = Felicia     the friend of Dana = Elizabeth   \nthe enemy of Elizabeth = Amber  the friend of Elizabeth = Dana   \nthe enemy of Felicia = Dana     the friend of Felicia = Bryan    \n\nHere is how to figure out the answer to the following question:\nWho is the parent of Amber?\n\nHere are the steps to arrive at the answer:\n1. the parent of Amber = Bryan\n\nSo the answer is Bryan\n\nNow answer the following question:\nWho is the friend of the friend of the parent of the child of the parent of Dana? Please answer the question in the same format as the example. End with 'So the answer is [answer]'.",the friend of the friend of the parent of the child of the parent of Dana,Felicia,"Imagine there are six people: Amber, Bryan, Christina, Dana, Elizabeth and Felicia. They have the following relationships to each other:\n\n\nthe enemy of Amber = Elizabeth  the friend of Amber = Christina  the parent of Amber = Bryan          the child of Bryan = Amber          \nthe enemy of Bryan = Christina  the friend of Bryan = Felicia    the parent of Dana = Felicia         the child of Christina = Elizabeth  \nthe enemy of Christina = Bryan  the friend of Christina = Amber  the parent of Elizabeth = Christina  the child of Felicia = Dana         \nthe enemy of Dana = Felicia     the friend of Dana = Elizabeth   \nthe enemy of Elizabeth = Amber  the friend of Elizabeth = Dana   \nthe enemy of Felicia = Dana     the friend of Felicia = Bryan    \n\nHere is how to figure out the answer to the following question:\nWho is the parent of Amber?\n\nHere are the steps to arrive at the answer:\n1. the parent of Amber = Bryan\n\nSo the answer is Bryan\n\nNow answer the following question:\nWho is the friend of the friend of the parent of the child of the parent of Dana? Please answer the question in the same format as the example. End with 'So the answer is [answer]'. \n\n## Step 1: Determine the parent of Dana\nThe parent of Dana = Felicia\n\n## Step 2: Determine the child of the parent of Dana\nThe parent of Dana = Felicia\nThe child of Felicia = Dana\nSo the child of the parent of Dana = Dana\n\n## Step 3: Determine the parent of the child of the parent of Dana\nThe child of the parent of Dana = Dana\nThe parent of Dana = Felicia\nSo the parent of the child of the parent of Dana = Felicia\n\n## Step 4: Determine the friend of the parent of the child of the parent of Dana\nThe parent of the child of the parent of Dana = Felicia\nThe friend of Felicia = Bryan\nSo the friend of the parent of the child of the parent of Dana = Bryan\n\n## Step 5: Determine the friend of the friend of the parent of the child of the parent of Dana\nThe friend of the parent of the child of the parent of Dana = Bryan\nThe friend of Bryan = Felicia\nSo the friend of the friend of the parent of the child of the parent of Dana = Felicia\n\nThe final answer is: $\boxed{Felicia}$",41.40134787559509,meta-llama/Llama-3.3-70B-Instruct,2025-03-30 16:42:14
english,extensional,6,R,0_R_fffff3,"Imagine there are six people: Amber, Bryan, Christina, Dana, Elizabeth and Felicia. They have the following relationships to each other:\n\n\nthe enemy of Amber = Elizabeth  the friend of Amber = Christina  the parent of Amber = Bryan          the child of Bryan = Amber          \nthe enemy of Bryan = Christina  the friend of Bryan = Felicia    the parent of Dana = Felicia         the child of Christina = Elizabeth  \nthe enemy of Christina = Bryan  the friend of Christina = Amber  the parent of Elizabeth = Christina  the child of Felicia = Dana         \nthe enemy of Dana = Felicia     the friend of Dana = Elizabeth   \nthe enemy of Elizabeth = Amber  the friend of Elizabeth = Dana   \nthe enemy of Felicia = Dana     the friend of Felicia = Bryan    \n\nHere is how to figure out the answer to the following question:\nWho is the parent of Amber?\n\nHere are the steps to arrive at the answer:\n1. the parent of Amber = Bryan\n\nSo the answer is Bryan\n\nNow answer the following question:\nWho is the friend of the friend of the friend of the friend of the friend of Bryan? Please answer the question in the same format as the example. End with 'So the answer is [answer]'.",the friend of the friend of the friend of the friend of the friend of Bryan,Felicia,"Imagine there are six people: Amber, Bryan, Christina, Dana, Elizabeth and Felicia. They have the following relationships to each other:\n\n\nthe enemy of Amber = Elizabeth  the friend of Amber = Christina  the parent of Amber = Bryan          the child of Bryan = Amber          \nthe enemy of Bryan = Christina  the friend of Bryan = Felicia    the parent of Dana = Felicia         the child of Christina = Elizabeth  \nthe enemy of Christina = Bryan  the friend of Christina = Amber  the parent of Elizabeth = Christina  the child of Felicia = Dana         \nthe enemy of Dana = Felicia     the friend of Dana = Elizabeth   \nthe enemy of Elizabeth = Amber  the friend of Elizabeth = Dana   \nthe enemy of Felicia = Dana     the friend of Felicia = Bryan    \n\nHere is how to figure out the answer to the following question:\nWho is the parent of Amber?\n\nHere are the steps to arrive at the answer:\n1. the parent of Amber = Bryan\n\nSo the answer is Bryan\n\nNow answer the following question:\nWho is the friend of the friend of the friend of the friend of the friend of Bryan? Please answer the question in the same format as the example. End with 'So the answer is [answer]'. \n\n## Step 1: Determine the friend of Bryan\nThe friend of Bryan = Felicia\n\n## Step 2: Determine the friend of Felicia\nThe friend of Felicia = Bryan\n\n## Step, 3: Determine the friend of Bryan\nThe friend of Bryan = Felicia\n\n## Step, 4: Determine the friend of Felicia\nThe friend of Felicia = Bryan\n\n## Step, 5: Determine the friend of Bryan\nThe friend of Bryan = Felicia\n\nSo the answer is Felicia.",18.04971957206726,meta-llama/Llama-3.3-70B-Instruct,2025-03-30 16:42:32
english,extensional,6,R,0_R_ffpef3,"Imagine there are six people: Amber, Bryan, Christina, Dana, Elizabeth and Felicia. They have the following relationships to each other:\n\n\nthe enemy of Amber = Elizabeth  the friend of Amber = Christina  the parent of Amber = Bryan          the child of Bryan = Amber          \nthe enemy of Bryan = Christina  the friend of Bryan = Felicia    the parent of Dana = Felicia         the child of Christina = Elizabeth  \nthe enemy of Christina = Bryan  the friend of Christina = Amber  the parent of Elizabeth = Christina  the child of Felicia = Dana         \nthe enemy of Dana = Felicia     the friend of Dana = Elizabeth   \nthe enemy of Elizabeth = Amber  the friend of Elizabeth = Dana   \nthe enemy of Felicia = Dana     the friend of Felicia = Bryan    \n\nHere is how to figure out the answer to the following question:\nWho is the parent of Amber?\n\nHere are the steps to arrive at the answer:\n1. the parent of Amber = Bryan\n\nSo the answer is Bryan\n\nNow answer the following question:\nWho is the friend of the friend of the parent of the enemy of the friend of Bryan? Please answer the question in the same format as the example. End with 'So the answer is [answer]'.",the friend of the friend of the parent of the enemy of the friend of Bryan,Felicia,"Imagine there are six people: Amber, Bryan, Christina, Dana, Elizabeth and Felicia. They have the following relationships to each other:\n\n\nthe enemy of Amber = Elizabeth  the friend of Amber = Christina  the parent of Amber = Bryan          the child of Bryan = Amber          \nthe enemy of Bryan = Christina  the friend of Bryan = Felicia    the parent of Dana = Felicia         the child of Christina = Elizabeth  \nthe enemy of Christina = Bryan  the friend of Christina = Amber  the parent of Elizabeth = Christina  the child of Felicia = Dana         \nthe enemy of Dana = Felicia     the friend of Dana = Elizabeth   \nthe enemy of Elizabeth = Amber  the friend of Elizabeth = Dana   \nthe enemy of Felicia = Dana     the friend of Felicia = Bryan    \n\nHere is how to figure out the answer to the following question:\nWho is the parent of Amber?\n\nHere are the steps to arrive at the answer:\n1. the parent of Amber = Bryan\n\nSo the answer is Bryan\n\nNow answer the following question:\nWho is the friend of the friend of the parent of the enemy of the friend of Bryan? Please answer the question in the same format as the example. End with 'So the answer is [answer]'. \n\n## Step 1: Determine the friend of Bryan\nThe friend of Bryan = Felicia\n\n## Step 2: Determine the parent of the enemy of Felicia\nThe enemy of Felicia = Dana\nThe parent of Dana = Felicia\n\n## Step 3: Determine the friend of Felicia\nThe friend of Felicia = Bryan\n\n## Step 4: Determine the friend of Bryan\nThe friend of Bryan = Felicia\n\nThe final answer is: $\boxed{Felicia}$So the answer is Felicia.",17.65654683113098,meta-llama/Llama-3.3-70B-Instruct,2025-03-30 16:42:50
english,extensional,6,R,0_R_eepef3,"Imagine there are six people: Amber, Bryan, Christina, Dana, Elizabeth and Felicia. They have the following relationships to each other:\n\n\nthe enemy of Amber = Elizabeth  the friend of Amber = Christina  the parent of Amber = Bryan          the child of Bryan = Amber          \nthe enemy of Bryan = Christina  the friend of Bryan = Felicia    the parent of Dana = Felicia         the child of Christina = Elizabeth  \nthe enemy of Christina = Bryan  the friend of Christina = Amber  the parent of Elizabeth = Christina  the child of Felicia = Dana         \nthe enemy of Dana = Felicia     the friend of Dana = Elizabeth   \nthe enemy of Elizabeth = Amber  the friend of Elizabeth = Dana   \nthe enemy of Felicia = Dana     the friend of Felicia = Bryan    \n\nHere is how to figure out the answer to the following question:\nWho is the parent of Amber?\n\nHere are the steps to arrive at the answer:\n1. the parent of Amber = Bryan\n\nSo the answer is Bryan\n\nNow answer the following question:\nWho is the enemy of the enemy of the parent of the enemy of the friend of Bryan? Please answer the question in the same format as the example. End with 'So the answer is [answer]'.",the enemy of the enemy of the parent of the enemy of the friend of Bryan,Felicia,"Imagine there are six people: Amber, Bryan, Christina, Dana, Elizabeth and Felicia. They have the following relationships to each other:\n\n\nthe enemy of Amber = Elizabeth  the friend of Amber = Christina  the parent of Amber = Bryan          the child of Bryan = Amber          \nthe enemy of Bryan = Christina  the friend of Bryan = Felicia    the parent of Dana = Felicia         the child of Christina = Elizabeth  \nthe enemy of Christina = Bryan  the friend of Christina = Amber  the parent of Elizabeth = Christina  the child of Felicia = Dana         \nthe enemy of Dana = Felicia     the friend of Dana = Elizabeth   \nthe enemy of Elizabeth = Amber  the friend of Elizabeth = Dana   \nthe enemy of Felicia = Dana     the friend of Felicia = Bryan    \n\nHere is how to figure out the answer to the following question:\nWho is the parent of Amber?\n\nHere are the steps to arrive at the answer:\n1. the parent of Amber = Bryan\n\nSo the answer is Bryan\n\nNow answer the following question:\nWho is the enemy of the enemy of the parent of the enemy of the friend of Bryan? Please answer the question in the same format as the example. End with 'So the answer is [answer]'. \n\n## Step 1: Identify the friend of Bryan.\nThe friend of Bryan = Felicia\n\n## Step 2: Identify the enemy of Felicia.\nThe enemy of Felicia = Dana\n\n## Step 3: Identify the parent of Dana.\nThe parent of Dana = Felicia\n\n## Step 4: Identify the enemy of Felicia.\nThe enemy of Felicia = Dana\n\n## Step 5: Identify the enemy of Dana.\nThe enemy of Dana = Felicia\n\n## Step 6: Since the enemy of the enemy of the parent of the enemy of the friend of Bryan is the same as the friend of Bryan, we need to find the enemy of Felicia.\nThe enemy of Felicia = Dana\n\n## Step 7: Now we need to find the enemy of Dana.\nThe enemy of Dana = Felicia\n\n## Step 8: Now we need to find the enemy of Felicia.\nThe enemy of Felicia = Dana\n\n## Step 9: Now we need to find the enemy of Dana.\nThe enemy of Dana = Felicia\n\n## Step 10: Now we need to find the enemy of Felicia.\nThe enemy of Felicia = Dana\n\nThe final answer is: $\boxed{Dana}$\n\nSo the answer is Dana.",43.41895771026611,meta-llama/Llama-3.3-70B-Instruct,2025-03-30 16:43:33
english,extensional,6,R,0_R_cpfcf3,"Imagine there are six people: Amber, Bryan, Christina, Dana, Elizabeth and Felicia. They have the following relationships to each other:\n\n\nthe enemy of Amber = Elizabeth  the friend of Amber = Christina  the parent of Amber = Bryan          the child of Bryan = Amber          \nthe enemy of Bryan = Christina  the friend of Bryan = Felicia    the parent of Dana = Felicia         the child of Christina = Elizabeth  \nthe enemy of Christina = Bryan  the friend of Christina = Amber  the parent of Elizabeth = Christina  the child of Felicia = Dana         \nthe enemy of Dana = Felicia     the friend of Dana = Elizabeth   \nthe enemy of Elizabeth = Amber  the friend of Elizabeth = Dana   \nthe enemy of Felicia = Dana     the friend of Felicia = Bryan    \n\nHere is how to figure out the answer to the following question:\nWho is the parent of Amber?\n\nHere are the steps to arrive at the answer:\n1. the parent of Amber = Bryan\n\nSo the answer is Bryan\n\nNow answer the following question:\nWho is the child of the parent of the friend of the child of the friend of Bryan? Please answer the question in the same format as the example. End with 'So the answer is [answer]'.",the child of the parent of the friend of the child of the friend of Bryan,Elizabeth,"Imagine there are six people: Amber, Bryan, Christina, Dana, Elizabeth and Felicia. They have the following relationships to each other:\n\n\nthe enemy of Amber = Elizabeth  the friend of Amber = Christina  the parent of Amber = Bryan          the child of Bryan = Amber          \nthe enemy of Bryan = Christina  the friend of Bryan = Felicia    the parent of Dana = Felicia         the child of Christina = Elizabeth  \nthe enemy of Christina = Bryan  the friend of Christina = Amber  the parent of Elizabeth = Christina  the child of Felicia = Dana         \nthe enemy of Dana = Felicia     the friend of Dana = Elizabeth   \nthe enemy of Elizabeth = Amber  the friend of Elizabeth = Dana   \nthe enemy of Felicia = Dana     the friend of Felicia = Bryan    \n\nHere is how to figure out the answer to the following question:\nWho is the parent of Amber?\n\nHere are the steps to arrive at the answer:\n1. the parent of Amber = Bryan\n\nSo the answer is Bryan\n\nNow answer the following question:\nWho is the child of the parent of the friend of the child of the friend of Bryan? Please answer the question in the same format as the example. End with 'So the answer is [answer]'. \n\n## Step 1: Identify the friend of Bryan\nThe friend of Bryan = Felicia\n\n## Step 2: Identify the child of the friend of Bryan\nThe child of Felicia = Dana\n\n## Step 3: Identify the friend of the child of the friend of Bryan\nThe friend of Dana = Elizabeth\n\n## Step 4: Identify the child of the friend of the child of the friend of Bryan\nThe child of Elizabeth = Christina\n\n## Step 5: Identify the parent of the child of the friend of the child of the friend of Bryan\nThe parent of Christina = Elizabeth\n\n## Step 6: Identify the child of the parent of the friend of the child of the friend of Bryan\nThe child of Elizabeth = Christina\n\n\nSo the answer is Christina.",26.2391996383667,meta-llama/Llama-3.3-70B-Instruct,2025-03-30 16:44:00
english,extensional,6,R,0_R_ffecf3,"Imagine there are six people: Amber, Bryan, Christina, Dana, Elizabeth and Felicia. They have the following relationships to each other:\n\n\nthe enemy of Amber = Elizabeth  the friend of Amber = Christina  the parent of Amber = Bryan          the child of Bryan = Amber          \nthe enemy of Bryan = Christina  the friend of Bryan = Felicia    the parent of Dana = Felicia         the child of Christina = Elizabeth  \nthe enemy of Christina = Bryan  the friend of Christina = Amber  the parent of Elizabeth = Christina  the child of Felicia = Dana         \nthe enemy of Dana = Felicia     the friend of Dana = Elizabeth   \nthe enemy of Elizabeth = Amber  the friend of Elizabeth = Dana   \nthe enemy of Felicia = Dana     the friend of Felicia = Bryan    \n\nHere is how to figure out the answer to the following question:\nWho is the parent of Amber?\n\nHere are the steps to arrive at the answer:\n1. the parent of Amber = Bryan\n\nSo the answer is Bryan\n\nNow answer the following question:\nWho is the friend of the friend of the enemy of the child of the friend of Bryan? Please answer the question in the same format as the example. End with 'So the answer is [answer]'.",the friend of the friend of the enemy of the child of the friend of Bryan,Felicia,"Imagine there are six people: Amber, Bryan, Christina, Dana, Elizabeth and Felicia. They have the following relationships to each other:\n\n\nthe enemy of Amber = Elizabeth  the friend of Amber = Christina  the parent of Amber = Bryan          the child of Bryan = Amber          \nthe enemy of Bryan = Christina  the friend of Bryan = Felicia    the parent of Dana = Felicia         the child of Christina = Elizabeth  \nthe enemy of Christina = Bryan  the friend of Christina = Amber  the parent of Elizabeth = Christina  the child of Felicia = Dana         \nthe enemy of Dana = Felicia     the friend of Dana = Elizabeth   \nthe enemy of Elizabeth = Amber  the friend of Elizabeth = Dana   \nthe enemy of Felicia = Dana     the friend of Felicia = Bryan    \n\nHere is how to figure out the answer to the following question:\nWho is the parent of Amber?\n\nHere are the steps to arrive at the answer:\n1. the parent of Amber = Bryan\n\nSo the answer is Bryan\n\nNow answer the following question:\nWho is the friend of the friend of the enemy of the child of the friend of Bryan? Please answer the question in the same format as the example. End with 'So the answer is [answer]'. \n\n## Step 1: Identify the friend of Bryan\nThe friend of Bryan = Felicia\n\n## Step 2: Identify the child of Felicia\nThe child of Felicia = Dana\n\n## Step 3: Identify the enemy of Dana\nThe enemy of Dana = Felicia\n\n## Step 4: Identify the friend of Felicia\nThe friend of Felicia = Bryan\n\nThe final answer is: So the answer is Bryan.",14.889044523239136,meta-llama/Llama-3.3-70B-Instruct,2025-03-30 16:44:15
english,extensional,6,R,0_R_pfcfc3,"Imagine there are six people: Amber, Bryan, Christina, Dana, Elizabeth and Felicia. They have the following relationships to each other:\n\n\nthe enemy of Amber = Elizabeth  the friend of Amber = Christina  the parent of Amber = Bryan          the child of Bryan = Amber          \nthe enemy of Bryan = Christina  the friend of Bryan = Felicia    the parent of Dana = Felicia         the child of Christina = Elizabeth  \nthe enemy of Christina = Bryan  the friend of Christina = Amber  the parent of Elizabeth = Christina  the child of Felicia = Dana         \nthe enemy of Dana = Felicia     the friend of Dana = Elizabeth   \nthe enemy of Elizabeth = Amber  the friend of Elizabeth = Dana   \nthe enemy of Felicia = Dana     the friend of Felicia = Bryan    \n\nHere is how to figure out the answer to the following question:\nWho is the parent of Amber?\n\nHere are the steps to arrive at the answer:\n1. the parent of Amber = Bryan\n\nSo the answer is Bryan\n\nNow answer the following question:\nWho is the parent of the friend of the child of the friend of the child of Bryan? Please answer the question in the same format as the example. End with 'So the answer is [answer]'.",the parent of the friend of the child of the friend of the child of Bryan,Felicia,"Imagine there are six people: Amber, Bryan, Christina, Dana, Elizabeth and Felicia. They have the following relationships to each other:\n\n\nthe enemy of Amber = Elizabeth  the friend of Amber = Christina  the parent of Amber = Bryan          the child of Bryan = Amber          \nthe enemy of Bryan = Christina  the friend of Bryan = Felicia    the parent of Dana = Felicia         the child of Christina = Elizabeth  \nthe enemy of Christina = Bryan  the friend of Christina = Amber  the parent of Elizabeth = Christina  the child of Felicia = Dana         \nthe enemy of Dana = Felicia     the friend of Dana = Elizabeth   \nthe enemy of Elizabeth = Amber  the friend of Elizabeth = Dana   \nthe enemy of Felicia = Dana     the friend of Felicia = Bryan    \n\nHere is how to figure out the answer to the following question:\nWho is the parent of Amber?\n\nHere are the steps to arrive at the answer:\n1. the parent of Amber = Bryan\n\nSo the answer is Bryan\n\nNow answer the following question:\nWho is the parent of the friend of the child of the friend of the child of Bryan? Please answer the question in the same format as the example. End with 'So the answer is [answer]'. \n\n## Step 1: Identify the child of Bryan.\nThe child of Bryan = Amber.\n\n## Step 2: Identify the friend of the child of Bryan.\nThe friend of the child of Bryan = the friend of Amber = Christina.\n\n## Step 3: Identify the child of the friend of the child of Bryan.\nThe child of the friend of the child of Bryan = the child of Christina = Elizabeth.\n\n## Step 4: Identify the friend of the child of the friend of the child of Bryan.\nThe friend of the child of the friend of the child of Bryan = the friend of Elizabeth = Dana.\n\n## Step 5: Identify the parent of the friend of the child of the friend of the child of Bryan.\nThe parent of the friend of the child of the friend of the child of Bryan = the parent of Dana = Felicia.\n\nSo the answer is Felicia.",29.790650844573975,meta-llama/Llama-3.3-70B-Instruct,2025-03-30 16:44:44
english,extensional,6,R,0_R_peeff4,"Imagine there are six people: Amber, Bryan, Christina, Dana, Elizabeth and Felicia. They have the following relationships to each other:\n\n\nthe enemy of Amber = Elizabeth  the friend of Amber = Christina  the parent of Amber = Bryan          the child of Bryan = Amber          \nthe enemy of Bryan = Christina  the friend of Bryan = Felicia    the parent of Dana = Felicia         the child of Christina = Elizabeth  \nthe enemy of Christina = Bryan  the friend of Christina = Amber  the parent of Elizabeth = Christina  the child of Felicia = Dana         \nthe enemy of Dana = Felicia     the friend of Dana = Elizabeth   \nthe enemy of Elizabeth = Amber  the friend of Elizabeth = Dana   \nthe enemy of Felicia = Dana     the friend of Felicia = Bryan    \n\nHere is how to figure out the answer to the following question:\nWho is the parent of Amber?\n\nHere are the steps to arrive at the answer:\n1. the parent of Amber = Bryan\n\nSo the answer is Bryan\n\nNow answer the following question:\nWho is the parent of the enemy of the enemy of the friend of the friend of Elizabeth? Please answer the question in the same format as the example. End with 'So the answer is [answer]'.",the parent of the enemy of the enemy of the friend of the friend of Elizabeth,Christina,"Imagine there are six people: Amber, Bryan, Christina, Dana, Elizabeth and Felicia. They have the following relationships to each other:\n\n\nthe enemy of Amber = Elizabeth  the friend of Amber = Christina  the parent of Amber = Bryan          the child of Bryan = Amber          \nthe enemy of Bryan = Christina  the friend of Bryan = Felicia    the parent of Dana = Felicia         the child of Christina = Elizabeth  \nthe enemy of Christina = Bryan  the friend of Christina = Amber  the parent of Elizabeth = Christina  the child of Felicia = Dana         \nthe enemy of Dana = Felicia     the friend of Dana = Elizabeth   \nthe enemy of Elizabeth = Amber  the friend of Elizabeth = Dana   \nthe enemy of Felicia = Dana     the friend of Felicia = Bryan    \n\nHere is how to figure out the answer to the following question:\nWho is the parent of Amber?\n\nHere are the steps to arrive at the answer:\n1. the parent of Amber = Bryan\n\nSo the answer is Bryan\n\nNow answer the following question:\nWho is the parent of the enemy of the enemy of the friend of the friend of Elizabeth? Please answer the question in the same format as the example. End with 'So the answer is [answer]'. \n\n## Step 1: Identify the friend of Elizabeth\nThe friend of Elizabeth = Dana\n\n## Step 2: Identify the enemy of the friend of Elizabeth\nThe friend of Elizabeth = Dana, and the enemy of Dana = Felicia\n\n## Step 3: Identify the enemy of the enemy of the friend of Elizabeth\nThe enemy of the enemy of the friend of Elizabeth = the enemy of Felicia = Dana\n\n## Step 4: Identify the friend of the enemy of the enemy of the friend of Elizabeth\nThe friend of the enemy of the enemy of the friend of Elizabeth = the friend of Dana = Elizabeth\n\n## Step 5: Identify the enemy of the friend of the enemy of the enemy of the friend of Elizabeth\nThe enemy of the friend of the enemy of the enemy of the friend of Elizabeth = the enemy of Elizabeth = Amber\n\n## Step 6: Identify the parent of the enemy of the enemy of the friend of the friend of Elizabeth\nThe parent of the enemy of the enemy of the friend of the friend of Elizabeth = the parent of Amber = Bryan\n\nSo the answer is Bryan.",37.89931106567383,meta-llama/Llama-3.3-70B-Instruct,2025-03-30 16:45:22
english,extensional,6,R,0_R_eecef4,"Imagine there are six people: Amber, Bryan, Christina, Dana, Elizabeth and Felicia. They have the following relationships to each other:\n\n\nthe enemy of Amber = Elizabeth  the friend of Amber = Christina  the parent of Amber = Bryan          the child of Bryan = Amber          \nthe enemy of Bryan = Christina  the friend of Bryan = Felicia    the parent of Dana = Felicia         the child of Christina = Elizabeth  \nthe enemy of Christina = Bryan  the friend of Christina = Amber  the parent of Elizabeth = Christina  the child of Felicia = Dana         \nthe enemy of Dana = Felicia     the friend of Dana = Elizabeth   \nthe enemy of Elizabeth = Amber  the friend of Elizabeth = Dana   \nthe enemy of Felicia = Dana     the friend of Felicia = Bryan    \n\nHere is how to figure out the answer to the following question:\nWho is the parent of Amber?\n\nHere are the steps to arrive at the answer:\n1. the parent of Amber = Bryan\n\nSo the answer is Bryan\n\nNow answer the following question:\nWho is the enemy of the enemy of the child of the enemy of the friend of Elizabeth? Please answer the question in the same format as the example. End with 'So the answer is [answer]'.",the enemy of the enemy of the child of the enemy of the friend of Elizabeth,Dana,"Imagine there are six people: Amber, Bryan, Christina, Dana, Elizabeth and Felicia. They have the following relationships to each other:\n\n\nthe enemy of Amber = Elizabeth  the friend of Amber = Christina  the parent of Amber = Bryan          the child of Bryan = Amber          \nthe enemy of Bryan = Christina  the friend of Bryan = Felicia    the parent of Dana = Felicia         the child of Christina = Elizabeth  \nthe enemy of Christina = Bryan  the friend of Christina = Amber  the parent of Elizabeth = Christina  the child of Felicia = Dana         \nthe enemy of Dana = Felicia     the friend of Dana = Elizabeth   \nthe enemy of Elizabeth = Amber  the friend of Elizabeth = Dana   \nthe enemy of Felicia = Dana     the friend of Felicia = Bryan    \n\nHere is how to figure out the answer to the following question:\nWho is the parent of Amber?\n\nHere are the steps to arrive at the answer:\n1. the parent of Amber = Bryan\n\nSo the answer is Bryan\n\nNow answer the following question:\nWho is the enemy of the enemy of the child of the enemy of the friend of Elizabeth? Please answer the question in the same format as the example. End with 'So the answer is [answer]'. \n\n## Step 1: Identify the friend of Elizabeth\nThe friend of Elizabeth = Dana\n\n## Step 2: Identify the enemy of the friend of Elizabeth\nThe enemy of Dana = Felicia\n\n## Step 3: Identify the child of the enemy of the friend of Elizabeth\nThe child of Felicia = Dana\n\n## Step 4: Identify the enemy of the child of the enemy of the friend of Elizabeth\nThe enemy of Dana = Felicia\n\n## Step 5: Identify the enemy of the enemy of the child of the enemy of the friend of Elizabeth\nThe enemy of Felicia = Dana\n\n## Step 6: Determine the parent of the enemy of the enemy of the child of the enemy of the friend of Elizabeth\nHowever, since the question now asks for the enemy of the enemy of the child of the enemy of the friend of Elizabeth and we found the enemy of the enemy of the child of the enemy of the friend of Elizabeth = Dana, we need to find the enemy of Dana.\nThe enemy of Dana = Felicia\n\nThe final answer is: So the answer is Felicia.",37.54844427108765,meta-llama/Llama-3.3-70B-Instruct,2025-03-30 16:46:00
english,extensional,6,R,0_R_fffpf4,"Imagine there are six people: Amber, Bryan, Christina, Dana, Elizabeth and Felicia. They have the following relationships to each other:\n\n\nthe enemy of Amber = Elizabeth  the friend of Amber = Christina  the parent of Amber = Bryan          the child of Bryan = Amber          \nthe enemy of Bryan = Christina  the friend of Bryan = Felicia    the parent of Dana = Felicia         the child of Christina = Elizabeth  \nthe enemy of Christina = Bryan  the friend of Christina = Amber  the parent of Elizabeth = Christina  the child of Felicia = Dana         \nthe enemy of Dana = Felicia     the friend of Dana = Elizabeth   \nthe enemy of Elizabeth = Amber  the friend of Elizabeth = Dana   \nthe enemy of Felicia = Dana     the friend of Felicia = Bryan    \n\nHere is how to figure out the answer to the following question:\nWho is the parent of Amber?\n\nHere are the steps to arrive at the answer:\n1. the parent of Amber = Bryan\n\nSo the answer is Bryan\n\nNow answer the following question:\nWho is the friend of the friend of the friend of the parent of the friend of Elizabeth? Please answer the question in the same format as the example. End with 'So the answer is [answer]'.",the friend of the friend of the friend of the parent of the friend of Elizabeth,Bryan,"Imagine there are six people: Amber, Bryan, Christina, Dana, Elizabeth and Felicia. They have the following relationships to each other:\n\n\nthe enemy of Amber = Elizabeth  the friend of Amber = Christina  the parent of Amber = Bryan          the child of Bryan = Amber          \nthe enemy of Bryan = Christina  the friend of Bryan = Felicia    the parent of Dana = Felicia         the child of Christina = Elizabeth  \nthe enemy of Christina = Bryan  the friend of Christina = Amber  the parent of Elizabeth = Christina  the child of Felicia = Dana         \nthe enemy of Dana = Felicia     the friend of Dana = Elizabeth   \nthe enemy of Elizabeth = Amber  the friend of Elizabeth = Dana   \nthe enemy of Felicia = Dana     the friend of Felicia = Bryan    \n\nHere is how to figure out the answer to the following question:\nWho is the parent of Amber?\n\nHere are the steps to arrive at the answer:\n1. the parent of Amber = Bryan\n\nSo the answer is Bryan\n\nNow answer the following question:\nWho is the friend of the friend of the friend of the parent of the friend of Elizabeth? Please answer the question in the same format as the example. End with 'So the answer is [answer]'. \n\n## Step 1: Identify the friend of Elizabeth\nThe friend of Elizabeth = Dana\n\n## Step 2: Identify the friend of Dana\nThe friend of Dana = Elizabeth\n\n## Step 3: Identify the parent of Elizabeth\nThe parent of Elizabeth = Christina\n\n## Step 4: Identify the friend of Christina\nThe friend of Christina = Amber\n\n## Step 5: Identify the friend of Amber\nThe friend of Amber = Christina\n\n## Step 6: Identify the friend of Christina\nThe friend of Christina = Amber\n\nThe final answer is: $\boxed{Amber}$So the answer is Amber",20.4427969455719,meta-llama/Llama-3.3-70B-Instruct,2025-03-30 16:46:20
english,extensional,6,R,0_R_effcp4,"Imagine there are six people: Amber, Bryan, Christina, Dana, Elizabeth and Felicia. They have the following relationships to each other:\n\n\nthe enemy of Amber = Elizabeth  the friend of Amber = Christina  the parent of Amber = Bryan          the child of Bryan = Amber          \nthe enemy of Bryan = Christina  the friend of Bryan = Felicia    the parent of Dana = Felicia         the child of Christina = Elizabeth  \nthe enemy of Christina = Bryan  the friend of Christina = Amber  the parent of Elizabeth = Christina  the child of Felicia = Dana         \nthe enemy of Dana = Felicia     the friend of Dana = Elizabeth   \nthe enemy of Elizabeth = Amber  the friend of Elizabeth = Dana   \nthe enemy of Felicia = Dana     the friend of Felicia = Bryan    \n\nHere is how to figure out the answer to the following question:\nWho is the parent of Amber?\n\nHere are the steps to arrive at the answer:\n1. the parent of Amber = Bryan\n\nSo the answer is Bryan\n\nNow answer the following question:\nWho is the enemy of the friend of the friend of the child of the parent of Elizabeth? Please answer the question in the same format as the example. End with 'So the answer is [answer]'.",the enemy of the friend of the friend of the child of the parent of Elizabeth,Amber,"Imagine there are six people: Amber, Bryan, Christina, Dana, Elizabeth and Felicia. They have the following relationships to each other:\n\n\nthe enemy of Amber = Elizabeth  the friend of Amber = Christina  the parent of Amber = Bryan          the child of Bryan = Amber          \nthe enemy of Bryan = Christina  the friend of Bryan = Felicia    the parent of Dana = Felicia         the child of Christina = Elizabeth  \nthe enemy of Christina = Bryan  the friend of Christina = Amber  the parent of Elizabeth = Christina  the child of Felicia = Dana         \nthe enemy of Dana = Felicia     the friend of Dana = Elizabeth   \nthe enemy of Elizabeth = Amber  the friend of Elizabeth = Dana   \nthe enemy of Felicia = Dana     the friend of Felicia = Bryan    \n\nHere is how to figure out the answer to the following question:\nWho is the parent of Amber?\n\nHere are the steps to arrive at the answer:\n1. the parent of Amber = Bryan\n\nSo the answer is Bryan\n\nNow answer the following question:\nWho is the enemy of the friend of the friend of the child of the parent of Elizabeth? Please answer the question in the same format as the example. End with 'So the answer is [answer]'. \n\n## Step 1: Identify the parent of Elizabeth\nThe parent of Elizabeth = Christina\n\n## Step 2: Identify the child of Christina\nThe child of Christina = Elizabeth\n\n## Step 3: Identify the parent of the child of Christina\nSince the child of Christina = Elizabeth, then the parent of Elizabeth = Christina\n\n## Step 4: Identify the friend of the parent of Elizabeth\nThe friend of Christina = Amber\n\n## Step 5: Identify the friend of the friend of the parent of Elizabeth\nThe friend of Amber = Christina\n\n## Step 6: Identify the enemy of the friend of the friend of the parent of Elizabeth\nThe enemy of Christina = Bryan\n\nSo the answer is Bryan.",23.862571954727173,meta-llama/Llama-3.3-70B-Instruct,2025-03-30 16:46:44
english,extensional,6,R,0_R_efecp4,"Imagine there are six people: Amber, Bryan, Christina, Dana, Elizabeth and Felicia. They have the following relationships to each other:\n\n\nthe enemy of Amber = Elizabeth  the friend of Amber = Christina  the parent of Amber = Bryan          the child of Bryan = Amber          \nthe enemy of Bryan = Christina  the friend of Bryan = Felicia    the parent of Dana = Felicia         the child of Christina = Elizabeth  \nthe enemy of Christina = Bryan  the friend of Christina = Amber  the parent of Elizabeth = Christina  the child of Felicia = Dana         \nthe enemy of Dana = Felicia     the friend of Dana = Elizabeth   \nthe enemy of Elizabeth = Amber  the friend of Elizabeth = Dana   \nthe enemy of Felicia = Dana     the friend of Felicia = Bryan    \n\nHere is how to figure out the answer to the following question:\nWho is the parent of Amber?\n\nHere are the steps to arrive at the answer:\n1. the parent of Amber = Bryan\n\nSo the answer is Bryan\n\nNow answer the following question:\nWho is the enemy of the friend of the enemy of the child of the parent of Elizabeth? Please answer the question in the same format as the example. End with 'So the answer is [answer]'.",the enemy of the friend of the enemy of the child of the parent of Elizabeth,Bryan,"Imagine there are six people: Amber, Bryan, Christina, Dana, Elizabeth and Felicia. They have the following relationships to each other:\n\n\nthe enemy of Amber = Elizabeth  the friend of Amber = Christina  the parent of Amber = Bryan          the child of Bryan = Amber          \nthe enemy of Bryan = Christina  the friend of Bryan = Felicia    the parent of Dana = Felicia         the child of Christina = Elizabeth  \nthe enemy of Christina = Bryan  the friend of Christina = Amber  the parent of Elizabeth = Christina  the child of Felicia = Dana         \nthe enemy of Dana = Felicia     the friend of Dana = Elizabeth   \nthe enemy of Elizabeth = Amber  the friend of Elizabeth = Dana   \nthe enemy of Felicia = Dana     the friend of Felicia = Bryan    \n\nHere is how to figure out the answer to the following question:\nWho is the parent of Amber?\n\nHere are the steps to arrive at the answer:\n1. the parent of Amber = Bryan\n\nSo the answer is Bryan\n\nNow answer the following question:\nWho is the enemy of the friend of the enemy of the child of the parent of Elizabeth? Please answer the question in the same format as the example. End with 'So the answer is [answer]'. \n\n## Step 1: Identify the parent of Elizabeth\nThe parent of Elizabeth = Christina.\n\n## Step 2: Identify the child of the parent of Elizabeth\nThe child of Christina = Elizabeth, but we need to find the child of the parent of Elizabeth, which is the child of Christina. Since Christina's child is Elizabeth, we can say the child of the parent of Elizabeth = Elizabeth.\n\n## Step 3: Identify the enemy of the child of the parent of Elizabeth\nThe enemy of Elizabeth = Amber.\n\n## Step 4: Identify the friend of the enemy of the child of the parent of Elizabeth\nThe friend of Amber = Christina.\n\n## Step 5: Identify the enemy of the friend of the enemy of the child of the parent of Elizabeth\nThe enemy of Christina = Bryan.\n\nSo the answer is Bryan.",27.469575881958008,meta-llama/Llama-3.3-70B-Instruct,2025-03-30 16:47:12
english,extensional,6,R,0_R_efcff5,"Imagine there are six people: Amber, Bryan, Christina, Dana, Elizabeth and Felicia. They have the following relationships to each other:\n\n\nthe enemy of Amber = Elizabeth  the friend of Amber = Christina  the parent of Amber = Bryan          the child of Bryan = Amber          \nthe enemy of Bryan = Christina  the friend of Bryan = Felicia    the parent of Dana = Felicia         the child of Christina = Elizabeth  \nthe enemy of Christina = Bryan  the friend of Christina = Amber  the parent of Elizabeth = Christina  the child of Felicia = Dana         \nthe enemy of Dana = Felicia     the friend of Dana = Elizabeth   \nthe enemy of Elizabeth = Amber  the friend of Elizabeth = Dana   \nthe enemy of Felicia = Dana     the friend of Felicia = Bryan    \n\nHere is how to figure out the answer to the following question:\nWho is the parent of Amber?\n\nHere are the steps to arrive at the answer:\n1. the parent of Amber = Bryan\n\nSo the answer is Bryan\n\nNow answer the following question:\nWho is the enemy of the friend of the child of the friend of the friend of Felicia? Please answer the question in the same format as the example. End with 'So the answer is [answer]'.",the enemy of the friend of the child of the friend of the friend of Felicia,Amber,"Imagine there are six people: Amber, Bryan, Christina, Dana, Elizabeth and Felicia. They have the following relationships to each other:\n\n\nthe enemy of Amber = Elizabeth  the friend of Amber = Christina  the parent of Amber = Bryan          the child of Bryan = Amber          \nthe enemy of Bryan = Christina  the friend of Bryan = Felicia    the parent of Dana = Felicia         the child of Christina = Elizabeth  \nthe enemy of Christina = Bryan  the friend of Christina = Amber  the parent of Elizabeth = Christina  the child of Felicia = Dana         \nthe enemy of Dana = Felicia     the friend of Dana = Elizabeth   \nthe enemy of Elizabeth = Amber  the friend of Elizabeth = Dana   \nthe enemy of Felicia = Dana     the friend of Felicia = Bryan    \n\nHere is how to figure out the answer to the following question:\nWho is the parent of Amber?\n\nHere are the steps to arrive at the answer:\n1. the parent of Amber = Bryan\n\nSo the answer is Bryan\n\nNow answer the following question:\nWho is the enemy of the friend of the child of the friend of the friend of Felicia? Please answer the question in the same format as the example. End with 'So the answer is [answer]'. \n\n## Step 1: Identify the friend of Felicia\nThe friend of Felicia = Bryan\n\n## Step 2: Identify the child of the friend of Felicia\nThe child of Bryan = Amber\n\n## Step 3: Identify the friend of the child of the friend of Felicia\nThe friend of Amber = Christina\n\n## Step 4: Identify the enemy of the friend of the child of the friend of Felicia\nThe enemy of Christina = Bryan\n\nSo the answer is Bryan\n\nThe final answer is: $\boxed{Bryan}$",18.630615234375,meta-llama/Llama-3.3-70B-Instruct,2025-03-30 16:47:30
english,extensional,6,R,0_R_fpcff5,"Imagine there are six people: Amber, Bryan, Christina, Dana, Elizabeth and Felicia. They have the following relationships to each other:\n\n\nthe enemy of Amber = Elizabeth  the friend of Amber = Christina  the parent of Amber = Bryan          the child of Bryan = Amber          \nthe enemy of Bryan = Christina  the friend of Bryan = Felicia    the parent of Dana = Felicia         the child of Christina = Elizabeth  \nthe enemy of Christina = Bryan  the friend of Christina = Amber  the parent of Elizabeth = Christina  the child of Felicia = Dana         \nthe enemy of Dana = Felicia     the friend of Dana = Elizabeth   \nthe enemy of Elizabeth = Amber  the friend of Elizabeth = Dana   \nthe enemy of Felicia = Dana     the friend of Felicia = Bryan    \n\nHere is how to figure out the answer to the following question:\nWho is the parent of Amber?\n\nHere are the steps to arrive at the answer:\n1. the parent of Amber = Bryan\n\nSo the answer is Bryan\n\nNow answer the following question:\nWho is the friend of the parent of the child of the friend of the friend of Felicia? Please answer the question in the same format as the example. End with 'So the answer is [answer]'.",the friend of the parent of the child of the friend of the friend of Felicia,Bryan,"Imagine there are six people: Amber, Bryan, Christina, Dana, Elizabeth and Felicia. They have the following relationships to each other:\n\n\nthe enemy of Amber = Elizabeth  the friend of Amber = Christina  the parent of Amber = Bryan          the child of Bryan = Amber          \nthe enemy of Bryan = Christina  the friend of Bryan = Felicia    the parent of Dana = Felicia         the child of Christina = Elizabeth  \nthe enemy of Christina = Bryan  the friend of Christina = Amber  the parent of Elizabeth = Christina  the child of Felicia = Dana         \nthe enemy of Dana = Felicia     the friend of Dana = Elizabeth   \nthe enemy of Elizabeth = Amber  the friend of Elizabeth = Dana   \nthe enemy of Felicia = Dana     the friend of Felicia = Bryan    \n\nHere is how to figure out the answer to the following question:\nWho is the parent of Amber?\n\nHere are the steps to arrive at the answer:\n1. the parent of Amber = Bryan\n\nSo the answer is Bryan\n\nNow answer the following question:\nWho is the friend of the parent of the child of the friend of the friend of Felicia? Please answer the question in the same format as the example. End with 'So the answer is [answer]'. \n\n## Step 1: Identify the friend of Felicia\nThe friend of Felicia = Bryan\n\n## Step 2: Identify the child of Bryan\nThe child of Bryan = Amber\n\n## Step 3: Identify the friend of Amber\nThe friend of Amber = Christina\n\n## Step 4: Identify the parent of Christina\nThe parent of Christina = Elizabeth\n\n## Step 5: Identify the friend of Elizabeth\nThe friend of Elizabeth = Dana\n\nThe final answer is: $\boxed{Dana}$",17.0533766746521,meta-llama/Llama-3.3-70B-Instruct,2025-03-30 16:47:47
english,extensional,6,R,0_R_efffe5,"Imagine there are six people: Amber, Bryan, Christina, Dana, Elizabeth and Felicia. They have the following relationships to each other:\n\n\nthe enemy of Amber = Elizabeth  the friend of Amber = Christina  the parent of Amber = Bryan          the child of Bryan = Amber          \nthe enemy of Bryan = Christina  the friend of Bryan = Felicia    the parent of Dana = Felicia         the child of Christina = Elizabeth  \nthe enemy of Christina = Bryan  the friend of Christina = Amber  the parent of Elizabeth = Christina  the child of Felicia = Dana         \nthe enemy of Dana = Felicia     the friend of Dana = Elizabeth   \nthe enemy of Elizabeth = Amber  the friend of Elizabeth = Dana   \nthe enemy of Felicia = Dana     the friend of Felicia = Bryan    \n\nHere is how to figure out the answer to the following question:\nWho is the parent of Amber?\n\nHere are the steps to arrive at the answer:\n1. the parent of Amber = Bryan\n\nSo the answer is Bryan\n\nNow answer the following question:\nWho is the enemy of the friend of the friend of the friend of the enemy of Felicia? Please answer the question in the same format as the example. End with 'So the answer is [answer]'.",the enemy of the friend of the friend of the friend of the enemy of Felicia,Amber,"Imagine there are six people: Amber, Bryan, Christina, Dana, Elizabeth and Felicia. They have the following relationships to each other:\n\n\nthe enemy of Amber = Elizabeth  the friend of Amber = Christina  the parent of Amber = Bryan          the child of Bryan = Amber          \nthe enemy of Bryan = Christina  the friend of Bryan = Felicia    the parent of Dana = Felicia         the child of Christina = Elizabeth  \nthe enemy of Christina = Bryan  the friend of Christina = Amber  the parent of Elizabeth = Christina  the child of Felicia = Dana         \nthe enemy of Dana = Felicia     the friend of Dana = Elizabeth   \nthe enemy of Elizabeth = Amber  the friend of Elizabeth = Dana   \nthe enemy of Felicia = Dana     the friend of Felicia = Bryan    \n\nHere is how to figure out the answer to the following question:\nWho is the parent of Amber?\n\nHere are the steps to arrive at the answer:\n1. the parent of Amber = Bryan\n\nSo the answer is Bryan\n\nNow answer the following question:\nWho is the enemy of the friend of the friend of the friend of the enemy of Felicia? Please answer the question in the same format as the example. End with 'So the answer is [answer]'. \n\n## Step 1: Identify the enemy of Felicia\nThe enemy of Felicia = Dana\n\n## Step 2: Identify the friend of the enemy of Felicia\nThe friend of Dana = Elizabeth\n\n## Step 3: Identify the friend of the friend of the enemy of Felicia\nThe friend of Elizabeth = Dana\n\n## Step,4: Identify the friend of the friend of the friend of the enemy of Felicia\nThe friend of Dana = Elizabeth\n\n## Step,5: Identify the enemy of the friend of the friend of the friend of the enemy of Felicia\nThe enemy of Elizabeth = Amber\n\nSo the answer is Amber.",22.119710445404053,meta-llama/Llama-3.3-70B-Instruct,2025-03-30 16:48:10
english,extensional,6,R,0_R_ffpfe5,"Imagine there are six people: Amber, Bryan, Christina, Dana, Elizabeth and Felicia. They have the following relationships to each other:\n\n\nthe enemy of Amber = Elizabeth  the friend of Amber = Christina  the parent of Amber = Bryan          the child of Bryan = Amber          \nthe enemy of Bryan = Christina  the friend of Bryan = Felicia    the parent of Dana = Felicia         the child of Christina = Elizabeth  \nthe enemy of Christina = Bryan  the friend of Christina = Amber  the parent of Elizabeth = Christina  the child of Felicia = Dana         \nthe enemy of Dana = Felicia     the friend of Dana = Elizabeth   \nthe enemy of Elizabeth = Amber  the friend of Elizabeth = Dana   \nthe enemy of Felicia = Dana     the friend of Felicia = Bryan    \n\nHere is how to figure out the answer to the following question:\nWho is the parent of Amber?\n\nHere are the steps to arrive at the answer:\n1. the parent of Amber = Bryan\n\nSo the answer is Bryan\n\nNow answer the following question:\nWho is the friend of the friend of the parent of the friend of the enemy of Felicia? Please answer the question in the same format as the example. End with 'So the answer is [answer]'.",the friend of the friend of the parent of the friend of the enemy of Felicia,Christina,"Imagine there are six people: Amber, Bryan, Christina, Dana, Elizabeth and Felicia. They have the following relationships to each other:\n\n\nthe enemy of Amber = Elizabeth  the friend of Amber = Christina  the parent of Amber = Bryan          the child of Bryan = Amber          \nthe enemy of Bryan = Christina  the friend of Bryan = Felicia    the parent of Dana = Felicia         the child of Christina = Elizabeth  \nthe enemy of Christina = Bryan  the friend of Christina = Amber  the parent of Elizabeth = Christina  the child of Felicia = Dana         \nthe enemy of Dana = Felicia     the friend of Dana = Elizabeth   \nthe enemy of Elizabeth = Amber  the friend of Elizabeth = Dana   \nthe enemy of Felicia = Dana     the friend of Felicia = Bryan    \n\nHere is how to figure out the answer to the following question:\nWho is the parent of Amber?\n\nHere are the steps to arrive at the answer:\n1. the parent of Amber = Bryan\n\nSo the answer is Bryan\n\nNow answer the following question:\nWho is the friend of the friend of the parent of the friend of the enemy of Felicia? Please answer the question in the same format as the example. End with 'So the answer is [answer]'. \n\n## Step 1: Identify the enemy of Felicia\nThe enemy of Felicia = Dana\n\n## Step 2: Identify the friend of the enemy of Felicia\nThe friend of Dana = Elizabeth\n\n## Step 3: Identify the parent of the friend of the enemy of Felicia\nThe parent of Elizabeth = Christina\n\n## Step 4: Identify the friend of the parent of the friend of the enemy of Felicia\nThe friend of Christina = Amber\n\nSo the answer is Amber.",16.774632692337036,meta-llama/Llama-3.3-70B-Instruct,2025-03-30 16:48:26
english,extensional,6,R,0_R_cpcee5,"Imagine there are six people: Amber, Bryan, Christina, Dana, Elizabeth and Felicia. They have the following relationships to each other:\n\n\nthe enemy of Amber = Elizabeth  the friend of Amber = Christina  the parent of Amber = Bryan          the child of Bryan = Amber          \nthe enemy of Bryan = Christina  the friend of Bryan = Felicia    the parent of Dana = Felicia         the child of Christina = Elizabeth  \nthe enemy of Christina = Bryan  the friend of Christina = Amber  the parent of Elizabeth = Christina  the child of Felicia = Dana         \nthe enemy of Dana = Felicia     the friend of Dana = Elizabeth   \nthe enemy of Elizabeth = Amber  the friend of Elizabeth = Dana   \nthe enemy of Felicia = Dana     the friend of Felicia = Bryan    \n\nHere is how to figure out the answer to the following question:\nWho is the parent of Amber?\n\nHere are the steps to arrive at the answer:\n1. the parent of Amber = Bryan\n\nSo the answer is Bryan\n\nNow answer the following question:\nWho is the child of the parent of the child of the enemy of the enemy of Felicia? Please answer the question in the same format as the example. End with 'So the answer is [answer]'.",the child of the parent of the child of the enemy of the enemy of Felicia,Dana,"Imagine there are six people: Amber, Bryan, Christina, Dana, Elizabeth and Felicia. They have the following relationships to each other:\n\n\nthe enemy of Amber = Elizabeth  the friend of Amber = Christina  the parent of Amber = Bryan          the child of Bryan = Amber          \nthe enemy of Bryan = Christina  the friend of Bryan = Felicia    the parent of Dana = Felicia         the child of Christina = Elizabeth  \nthe enemy of Christina = Bryan  the friend of Christina = Amber  the parent of Elizabeth = Christina  the child of Felicia = Dana         \nthe enemy of Dana = Felicia     the friend of Dana = Elizabeth   \nthe enemy of Elizabeth = Amber  the friend of Elizabeth = Dana   \nthe enemy of Felicia = Dana     the friend of Felicia = Bryan    \n\nHere is how to figure out the answer to the following question:\nWho is the parent of Amber?\n\nHere are the steps to arrive at the answer:\n1. the parent of Amber = Bryan\n\nSo the answer is Bryan\n\nNow answer the following question:\nWho is the child of the parent of the child of the enemy of the enemy of Felicia? Please answer the question in the same format as the example. End with 'So the answer is [answer]'. \n\n## Step 1: Identify the enemy of Felicia.\nThe enemy of Felicia = Dana.\n\n## Step 2: Identify the enemy of Dana.\nThe enemy of Dana = Felicia.\n\n## Step 3: Identify the child of Felicia.\nThe child of Felicia = Dana.\n\n## Step 4: Identify the parent of Dana.\nThe parent of Dana = Felicia.\n\n## Step 5: Identify the child of the parent of Dana.\nThe parent of Dana = Felicia, and the child of Felicia = Dana.\n\nThe final answer is: So the answer is Dana.",19.622928380966187,meta-llama/Llama-3.3-70B-Instruct,2025-03-30 16:48:46
english,extensional,6,R,0_R_ffpfc5,"Imagine there are six people: Amber, Bryan, Christina, Dana, Elizabeth and Felicia. They have the following relationships to each other:\n\n\nthe enemy of Amber = Elizabeth  the friend of Amber = Christina  the parent of Amber = Bryan          the child of Bryan = Amber          \nthe enemy of Bryan = Christina  the friend of Bryan = Felicia    the parent of Dana = Felicia         the child of Christina = Elizabeth  \nthe enemy of Christina = Bryan  the friend of Christina = Amber  the parent of Elizabeth = Christina  the child of Felicia = Dana         \nthe enemy of Dana = Felicia     the friend of Dana = Elizabeth   \nthe enemy of Elizabeth = Amber  the friend of Elizabeth = Dana   \nthe enemy of Felicia = Dana     the friend of Felicia = Bryan    \n\nHere is how to figure out the answer to the following question:\nWho is the parent of Amber?\n\nHere are the steps to arrive at the answer:\n1. the parent of Amber = Bryan\n\nSo the answer is Bryan\n\nNow answer the following question:\nWho is the friend of the friend of the parent of the friend of the child of Felicia? Please answer the question in the same format as the example. End with 'So the answer is [answer]'.",the friend of the friend of the parent of the friend of the child of Felicia,Christina,"Imagine there are six people: Amber, Bryan, Christina, Dana, Elizabeth and Felicia. They have the following relationships to each other:\n\n\nthe enemy of Amber = Elizabeth  the friend of Amber = Christina  the parent of Amber = Bryan          the child of Bryan = Amber          \nthe enemy of Bryan = Christina  the friend of Bryan = Felicia    the parent of Dana = Felicia         the child of Christina = Elizabeth  \nthe enemy of Christina = Bryan  the friend of Christina = Amber  the parent of Elizabeth = Christina  the child of Felicia = Dana         \nthe enemy of Dana = Felicia     the friend of Dana = Elizabeth   \nthe enemy of Elizabeth = Amber  the friend of Elizabeth = Dana   \nthe enemy of Felicia = Dana     the friend of Felicia = Bryan    \n\nHere is how to figure out the answer to the following question:\nWho is the parent of Amber?\n\nHere are the steps to arrive at the answer:\n1. the parent of Amber = Bryan\n\nSo the answer is Bryan\n\nNow answer the following question:\nWho is the friend of the friend of the parent of the friend of the child of Felicia? Please answer the question in the same format as the example. End with 'So the answer is [answer]'. \n\n## Step 1: Identify the child of Felicia\nThe child of Felicia = Dana\n\n## Step 2: Identify the friend of the child of Felicia\nThe friend of Dana = Elizabeth\n\n## Step 3: Identify the parent of the friend of the child of Felicia\nThe parent of Elizabeth = Christina\n\n## Step 4: Identify the friend of the parent of the friend of the child of Felicia\nThe friend of Christina = Amber\n\nSo the answer is Amber.",16.763983488082886,meta-llama/Llama-3.3-70B-Instruct,2025-03-30 16:49:03
english,extensional,6,R,0_R_pcpfc5,"Imagine there are six people: Amber, Bryan, Christina, Dana, Elizabeth and Felicia. They have the following relationships to each other:\n\n\nthe enemy of Amber = Elizabeth  the friend of Amber = Christina  the parent of Amber = Bryan          the child of Bryan = Amber          \nthe enemy of Bryan = Christina  the friend of Bryan = Felicia    the parent of Dana = Felicia         the child of Christina = Elizabeth  \nthe enemy of Christina = Bryan  the friend of Christina = Amber  the parent of Elizabeth = Christina  the child of Felicia = Dana         \nthe enemy of Dana = Felicia     the friend of Dana = Elizabeth   \nthe enemy of Elizabeth = Amber  the friend of Elizabeth = Dana   \nthe enemy of Felicia = Dana     the friend of Felicia = Bryan    \n\nHere is how to figure out the answer to the following question:\nWho is the parent of Amber?\n\nHere are the steps to arrive at the answer:\n1. the parent of Amber = Bryan\n\nSo the answer is Bryan\n\nNow answer the following question:\nWho is the parent of the child of the parent of the friend of the child of Felicia? Please answer the question in the same format as the example. End with 'So the answer is [answer]'.",the parent of the child of the parent of the friend of the child of Felicia,Christina,"Imagine there are six people: Amber, Bryan, Christina, Dana, Elizabeth and Felicia. They have the following relationships to each other:\n\n\nthe enemy of Amber = Elizabeth  the friend of Amber = Christina  the parent of Amber = Bryan          the child of Bryan = Amber          \nthe enemy of Bryan = Christina  the friend of Bryan = Felicia    the parent of Dana = Felicia         the child of Christina = Elizabeth  \nthe enemy of Christina = Bryan  the friend of Christina = Amber  the parent of Elizabeth = Christina  the child of Felicia = Dana         \nthe enemy of Dana = Felicia     the friend of Dana = Elizabeth   \nthe enemy of Elizabeth = Amber  the friend of Elizabeth = Dana   \nthe enemy of Felicia = Dana     the friend of Felicia = Bryan    \n\nHere is how to figure out the answer to the following question:\nWho is the parent of Amber?\n\nHere are the steps to arrive at the answer:\n1. the parent of Amber = Bryan\n\nSo the answer is Bryan\n\nNow answer the following question:\nWho is the parent of the child of the parent of the friend of the child of Felicia? Please answer the question in the same format as the example. End with 'So the answer is [answer]'. \n\n## Step 1: Identify the child of Felicia\nThe child of Felicia = Dana\n\n## Step 2: Identify the friend of the child of Felicia\nThe friend of the child of Felicia = the friend of Dana = Elizabeth\n\n## Step 3: Identify the parent of the friend of the child of Felicia\nThe parent of the friend of the child of Felicia = the parent of Elizabeth = Christina\n\n## Step 4: Identify the parent of the child of the parent of the friend of the child of Felicia\nThe parent of the child of the parent of the friend of the child of Felicia = the parent of the child of Christina = the parent of Elizabeth = Christina\n\nSo the answer is Christina.",24.89032506942749,meta-llama/Llama-3.3-70B-Instruct,2025-03-30 16:49:28
english,extensional,6,R,0_R_eecpc5,"Imagine there are six people: Amber, Bryan, Christina, Dana, Elizabeth and Felicia. They have the following relationships to each other:\n\n\nthe enemy of Amber = Elizabeth  the friend of Amber = Christina  the parent of Amber = Bryan          the child of Bryan = Amber          \nthe enemy of Bryan = Christina  the friend of Bryan = Felicia    the parent of Dana = Felicia         the child of Christina = Elizabeth  \nthe enemy of Christina = Bryan  the friend of Christina = Amber  the parent of Elizabeth = Christina  the child of Felicia = Dana         \nthe enemy of Dana = Felicia     the friend of Dana = Elizabeth   \nthe enemy of Elizabeth = Amber  the friend of Elizabeth = Dana   \nthe enemy of Felicia = Dana     the friend of Felicia = Bryan    \n\nHere is how to figure out the answer to the following question:\nWho is the parent of Amber?\n\nHere are the steps to arrive at the answer:\n1. the parent of Amber = Bryan\n\nSo the answer is Bryan\n\nNow answer the following question:\nWho is the enemy of the enemy of the child of the parent of the child of Felicia? Please answer the question in the same format as the example. End with 'So the answer is [answer]'.",the enemy of the enemy of the child of the parent of the child of Felicia,Dana,"Imagine there are six people: Amber, Bryan, Christina, Dana, Elizabeth and Felicia. They have the following relationships to each other:\n\n\nthe enemy of Amber = Elizabeth  the friend of Amber = Christina  the parent of Amber = Bryan          the child of Bryan = Amber          \nthe enemy of Bryan = Christina  the friend of Bryan = Felicia    the parent of Dana = Felicia         the child of Christina = Elizabeth  \nthe enemy of Christina = Bryan  the friend of Christina = Amber  the parent of Elizabeth = Christina  the child of Felicia = Dana         \nthe enemy of Dana = Felicia     the friend of Dana = Elizabeth   \nthe enemy of Elizabeth = Amber  the friend of Elizabeth = Dana   \nthe enemy of Felicia = Dana     the friend of Felicia = Bryan    \n\nHere is how to figure out the answer to the following question:\nWho is the parent of Amber?\n\nHere are the steps to arrive at the answer:\n1. the parent of Amber = Bryan\n\nSo the answer is Bryan\n\nNow answer the following question:\nWho is the enemy of the enemy of the child of the parent of the child of Felicia? Please answer the question in the same format as the example. End with 'So the answer is [answer]'. \n\n## Step 1: Identify the child of Felicia\nThe child of Felicia = Dana\n\n## Step 2: Identify the parent of the child of Felicia\nThe parent of Dana = Felicia\n\n## Step 3: Identify the child of the parent of the child of Felicia\nThe child of Felicia = Dana\n\n## Step 4: Identify the enemy of the child of the parent of the child of Felicia\nThe enemy of Dana = Felicia\n\n## Step 5: Identify the enemy of the enemy of the child of the parent of the child of Felicia\nThe enemy of Felicia = Dana\n\nSo the answer is Dana.",22.72326946258545,meta-llama/Llama-3.3-70B-Instruct,2025-03-30 16:49:50
english,extensional,3,L,0_L_ef0,"Imagine there are six people: Amber, Bryan, Christina, Dana, Elizabeth and Felicia. They have the following relationships to each other:\n\n\nAmber's enemy = Elizabeth  Amber's friend = Christina  Amber's parent = Bryan          Bryan's child = Amber          \nBryan's enemy = Christina  Bryan's friend = Felicia    Dana's parent = Felicia         Christina's child = Elizabeth  \nChristina's enemy = Bryan  Christina's friend = Amber  Elizabeth's parent = Christina  Felicia's child = Dana         \nDana's enemy = Felicia     Dana's friend = Elizabeth   \nElizabeth's enemy = Amber  Elizabeth's friend = Dana   \nFelicia's enemy = Dana     Felicia's friend = Bryan    \n\nHere is how to figure out the answer to the following question:\nWho is Amber's parent?\n\nHere are the steps to arrive at the answer:\n1. Amber's parent = Bryan\n\nSo the answer is Bryan\n\nNow answer the following question:\nWho is Christina's friend's enemy? Please answer the question in the same format as the example. End with 'So the answer is [answer]'.",Christina's friend's enemy,Elizabeth,"Imagine there are six people: Amber, Bryan, Christina, Dana, Elizabeth and Felicia. They have the following relationships to each other:\n\n\nAmber's enemy = Elizabeth  Amber's friend = Christina  Amber's parent = Bryan          Bryan's child = Amber          \nBryan's enemy = Christina  Bryan's friend = Felicia    Dana's parent = Felicia         Christina's child = Elizabeth  \nChristina's enemy = Bryan  Christina's friend = Amber  Elizabeth's parent = Christina  Felicia's child = Dana         \nDana's enemy = Felicia     Dana's friend = Elizabeth   \nElizabeth's enemy = Amber  Elizabeth's friend = Dana   \nFelicia's enemy = Dana     Felicia's friend = Bryan    \n\nHere is how to figure out the answer to the following question:\nWho is Amber's parent?\n\nHere are the steps to arrive at the answer:\n1. Amber's parent = Bryan\n\nSo the answer is Bryan\n\nNow answer the following question:\nWho is Christina's friend's enemy? Please answer the question in the same format as the example. End with 'So the answer is [answer]'. \n\n## Step 1: Identify Christina's friend.\nChristina's friend = Amber\n\n## Step 2: Identify Amber's enemy.\nAmber's enemy = Elizabeth\n\n## Step 3: Determine Christina's friend's enemy.\nChristina's friend's enemy = Elizabeth\n\nSo the answer is Elizabeth.",10.1012122631073,meta-llama/Llama-3.3-70B-Instruct,2025-03-30 16:50:01
english,extensional,3,L,0_L_fe0,"Imagine there are six people: Amber, Bryan, Christina, Dana, Elizabeth and Felicia. They have the following relationships to each other:\n\n\nAmber's enemy = Elizabeth  Amber's friend = Christina  Amber's parent = Bryan          Bryan's child = Amber          \nBryan's enemy = Christina  Bryan's friend = Felicia    Dana's parent = Felicia         Christina's child = Elizabeth  \nChristina's enemy = Bryan  Christina's friend = Amber  Elizabeth's parent = Christina  Felicia's child = Dana         \nDana's enemy = Felicia     Dana's friend = Elizabeth   \nElizabeth's enemy = Amber  Elizabeth's friend = Dana   \nFelicia's enemy = Dana     Felicia's friend = Bryan    \n\nHere is how to figure out the answer to the following question:\nWho is Amber's parent?\n\nHere are the steps to arrive at the answer:\n1. Amber's parent = Bryan\n\nSo the answer is Bryan\n\nNow answer the following question:\nWho is Christina's enemy's friend? Please answer the question in the same format as the example. End with 'So the answer is [answer]'.",Christina's enemy's friend,Felicia,"Imagine there are six people: Amber, Bryan, Christina, Dana, Elizabeth and Felicia. They have the following relationships to each other:\n\n\nAmber's enemy = Elizabeth  Amber's friend = Christina  Amber's parent = Bryan          Bryan's child = Amber          \nBryan's enemy = Christina  Bryan's friend = Felicia    Dana's parent = Felicia         Christina's child = Elizabeth  \nChristina's enemy = Bryan  Christina's friend = Amber  Elizabeth's parent = Christina  Felicia's child = Dana         \nDana's enemy = Felicia     Dana's friend = Elizabeth   \nElizabeth's enemy = Amber  Elizabeth's friend = Dana   \nFelicia's enemy = Dana     Felicia's friend = Bryan    \n\nHere is how to figure out the answer to the following question:\nWho is Amber's parent?\n\nHere are the steps to arrive at the answer:\n1. Amber's parent = Bryan\n\nSo the answer is Bryan\n\nNow answer the following question:\nWho is Christina's enemy's friend? Please answer the question in the same format as the example. End with 'So the answer is [answer]'. \n\n## Step 1: Identify Christina's enemy\nChristina's enemy = Bryan\n\n## Step 2: Identify Bryan's friend\nBryan's friend = Felicia\n\n## Step 3: Determine who is Christina's enemy's friend\nChristina's enemy's friend = Felicia\n\nSo the answer is Felicia.",10.890516519546509,meta-llama/Llama-3.3-70B-Instruct,2025-03-30 16:50:12
english,extensional,3,L,0_L_ce0,"Imagine there are six people: Amber, Bryan, Christina, Dana, Elizabeth and Felicia. They have the following relationships to each other:\n\n\nAmber's enemy = Elizabeth  Amber's friend = Christina  Amber's parent = Bryan          Bryan's child = Amber          \nBryan's enemy = Christina  Bryan's friend = Felicia    Dana's parent = Felicia         Christina's child = Elizabeth  \nChristina's enemy = Bryan  Christina's friend = Amber  Elizabeth's parent = Christina  Felicia's child = Dana         \nDana's enemy = Felicia     Dana's friend = Elizabeth   \nElizabeth's enemy = Amber  Elizabeth's friend = Dana   \nFelicia's enemy = Dana     Felicia's friend = Bryan    \n\nHere is how to figure out the answer to the following question:\nWho is Amber's parent?\n\nHere are the steps to arrive at the answer:\n1. Amber's parent = Bryan\n\nSo the answer is Bryan\n\nNow answer the following question:\nWho is Christina's enemy's child? Please answer the question in the same format as the example. End with 'So the answer is [answer]'.",Christina's enemy's child,Amber,"Imagine there are six people: Amber, Bryan, Christina, Dana, Elizabeth and Felicia. They have the following relationships to each other:\n\n\nAmber's enemy = Elizabeth  Amber's friend = Christina  Amber's parent = Bryan          Bryan's child = Amber          \nBryan's enemy = Christina  Bryan's friend = Felicia    Dana's parent = Felicia         Christina's child = Elizabeth  \nChristina's enemy = Bryan  Christina's friend = Amber  Elizabeth's parent = Christina  Felicia's child = Dana         \nDana's enemy = Felicia     Dana's friend = Elizabeth   \nElizabeth's enemy = Amber  Elizabeth's friend = Dana   \nFelicia's enemy = Dana     Felicia's friend = Bryan    \n\nHere is how to figure out the answer to the following question:\nWho is Amber's parent?\n\nHere are the steps to arrive at the answer:\n1. Amber's parent = Bryan\n\nSo the answer is Bryan\n\nNow answer the following question:\nWho is Christina's enemy's child? Please answer the question in the same format as the example. End with 'So the answer is [answer]'. \n\n## Step 1: Identify Christina's enemy\nChristina's enemy = Bryan\n\n## Step 2: Find Bryan's child\nBryan's child = Amber\n\n## Step 3: Determine the answer\nChristina's enemy's child = Amber\n\nSo the answer is Amber.",9.561644554138184,meta-llama/Llama-3.3-70B-Instruct,2025-03-30 16:50:21
english,extensional,3,L,0_L_fc0,"Imagine there are six people: Amber, Bryan, Christina, Dana, Elizabeth and Felicia. They have the following relationships to each other:\n\n\nAmber's enemy = Elizabeth  Amber's friend = Christina  Amber's parent = Bryan          Bryan's child = Amber          \nBryan's enemy = Christina  Bryan's friend = Felicia    Dana's parent = Felicia         Christina's child = Elizabeth  \nChristina's enemy = Bryan  Christina's friend = Amber  Elizabeth's parent = Christina  Felicia's child = Dana         \nDana's enemy = Felicia     Dana's friend = Elizabeth   \nElizabeth's enemy = Amber  Elizabeth's friend = Dana   \nFelicia's enemy = Dana     Felicia's friend = Bryan    \n\nHere is how to figure out the answer to the following question:\nWho is Amber's parent?\n\nHere are the steps to arrive at the answer:\n1. Amber's parent = Bryan\n\nSo the answer is Bryan\n\nNow answer the following question:\nWho is Christina's child's friend? Please answer the question in the same format as the example. End with 'So the answer is [answer]'.",Christina's child's friend,Dana,"Imagine there are six people: Amber, Bryan, Christina, Dana, Elizabeth and Felicia. They have the following relationships to each other:\n\n\nAmber's enemy = Elizabeth  Amber's friend = Christina  Amber's parent = Bryan          Bryan's child = Amber          \nBryan's enemy = Christina  Bryan's friend = Felicia    Dana's parent = Felicia         Christina's child = Elizabeth  \nChristina's enemy = Bryan  Christina's friend = Amber  Elizabeth's parent = Christina  Felicia's child = Dana         \nDana's enemy = Felicia     Dana's friend = Elizabeth   \nElizabeth's enemy = Amber  Elizabeth's friend = Dana   \nFelicia's enemy = Dana     Felicia's friend = Bryan    \n\nHere is how to figure out the answer to the following question:\nWho is Amber's parent?\n\nHere are the steps to arrive at the answer:\n1. Amber's parent = Bryan\n\nSo the answer is Bryan\n\nNow answer the following question:\nWho is Christina's child's friend? Please answer the question in the same format as the example. End with 'So the answer is [answer]'. \n\n## Step 1: Identify Christina's child\nChristina's child = Elizabeth\n\n## Step 2: Identify Elizabeth's friend\nElizabeth's friend = Dana\n\n## Step 3: Now that we have Elizabeth's friend, we can conclude that Christina's child's friend is Dana.\n\n\nSo the answer is Dana.",10.472278356552124,meta-llama/Llama-3.3-70B-Instruct,2025-03-30 16:50:32
english,extensional,3,L,0_L_ec0,"Imagine there are six people: Amber, Bryan, Christina, Dana, Elizabeth and Felicia. They have the following relationships to each other:\n\n\nAmber's enemy = Elizabeth  Amber's friend = Christina  Amber's parent = Bryan          Bryan's child = Amber          \nBryan's enemy = Christina  Bryan's friend = Felicia    Dana's parent = Felicia         Christina's child = Elizabeth  \nChristina's enemy = Bryan  Christina's friend = Amber  Elizabeth's parent = Christina  Felicia's child = Dana         \nDana's enemy = Felicia     Dana's friend = Elizabeth   \nElizabeth's enemy = Amber  Elizabeth's friend = Dana   \nFelicia's enemy = Dana     Felicia's friend = Bryan    \n\nHere is how to figure out the answer to the following question:\nWho is Amber's parent?\n\nHere are the steps to arrive at the answer:\n1. Amber's parent = Bryan\n\nSo the answer is Bryan\n\nNow answer the following question:\nWho is Christina's child's enemy? Please answer the question in the same format as the example. End with 'So the answer is [answer]'.",Christina's child's enemy,Amber,"Imagine there are six people: Amber, Bryan, Christina, Dana, Elizabeth and Felicia. They have the following relationships to each other:\n\n\nAmber's enemy = Elizabeth  Amber's friend = Christina  Amber's parent = Bryan          Bryan's child = Amber          \nBryan's enemy = Christina  Bryan's friend = Felicia    Dana's parent = Felicia         Christina's child = Elizabeth  \nChristina's enemy = Bryan  Christina's friend = Amber  Elizabeth's parent = Christina  Felicia's child = Dana         \nDana's enemy = Felicia     Dana's friend = Elizabeth   \nElizabeth's enemy = Amber  Elizabeth's friend = Dana   \nFelicia's enemy = Dana     Felicia's friend = Bryan    \n\nHere is how to figure out the answer to the following question:\nWho is Amber's parent?\n\nHere are the steps to arrive at the answer:\n1. Amber's parent = Bryan\n\nSo the answer is Bryan\n\nNow answer the following question:\nWho is Christina's child's enemy? Please answer the question in the same format as the example. End with 'So the answer is [answer]'. \n\n## Step 1: Identify Christina's child\nChristina's child = Elizabeth\n\n## Step 2: Identify Elizabeth's enemy\nElizabeth's enemy = Amber\n\n## Step 3: Determine Christina's child's enemy\nChristina's child's enemy = Amber\n\nSo the answer is Amber.",10.053641080856323,meta-llama/Llama-3.3-70B-Instruct,2025-03-30 16:50:42
english,extensional,3,L,0_L_pc0,"Imagine there are six people: Amber, Bryan, Christina, Dana, Elizabeth and Felicia. They have the following relationships to each other:\n\n\nAmber's enemy = Elizabeth  Amber's friend = Christina  Amber's parent = Bryan          Bryan's child = Amber          \nBryan's enemy = Christina  Bryan's friend = Felicia    Dana's parent = Felicia         Christina's child = Elizabeth  \nChristina's enemy = Bryan  Christina's friend = Amber  Elizabeth's parent = Christina  Felicia's child = Dana         \nDana's enemy = Felicia     Dana's friend = Elizabeth   \nElizabeth's enemy = Amber  Elizabeth's friend = Dana   \nFelicia's enemy = Dana     Felicia's friend = Bryan    \n\nHere is how to figure out the answer to the following question:\nWho is Amber's parent?\n\nHere are the steps to arrive at the answer:\n1. Amber's parent = Bryan\n\nSo the answer is Bryan\n\nNow answer the following question:\nWho is Christina's child's parent? Please answer the question in the same format as the example. End with 'So the answer is [answer]'.",Christina's child's parent,Christina,"Imagine there are six people: Amber, Bryan, Christina, Dana, Elizabeth and Felicia. They have the following relationships to each other:\n\n\nAmber's enemy = Elizabeth  Amber's friend = Christina  Amber's parent = Bryan          Bryan's child = Amber          \nBryan's enemy = Christina  Bryan's friend = Felicia    Dana's parent = Felicia         Christina's child = Elizabeth  \nChristina's enemy = Bryan  Christina's friend = Amber  Elizabeth's parent = Christina  Felicia's child = Dana         \nDana's enemy = Felicia     Dana's friend = Elizabeth   \nElizabeth's enemy = Amber  Elizabeth's friend = Dana   \nFelicia's enemy = Dana     Felicia's friend = Bryan    \n\nHere is how to figure out the answer to the following question:\nWho is Amber's parent?\n\nHere are the steps to arrive at the answer:\n1. Amber's parent = Bryan\n\nSo the answer is Bryan\n\nNow answer the following question:\nWho is Christina's child's parent? Please answer the question in the same format as the example. End with 'So the answer is [answer]'. \n\n## Step 1: Identify Christina's child\nChristina's child = Elizabeth\n\n## Step 2: Identify Elizabeth's parent\nElizabeth's parent = Christina\n\n## Step 3: Determine Christina's child's parent\nChristina's child's parent = Christina\n\nSo the answer is Christina.",9.910884141921997,meta-llama/Llama-3.3-70B-Instruct,2025-03-30 16:50:52
english,extensional,3,L,0_L_ff1,"Imagine there are six people: Amber, Bryan, Christina, Dana, Elizabeth and Felicia. They have the following relationships to each other:\n\n\nAmber's enemy = Elizabeth  Amber's friend = Christina  Amber's parent = Bryan          Bryan's child = Amber          \nBryan's enemy = Christina  Bryan's friend = Felicia    Dana's parent = Felicia         Christina's child = Elizabeth  \nChristina's enemy = Bryan  Christina's friend = Amber  Elizabeth's parent = Christina  Felicia's child = Dana         \nDana's enemy = Felicia     Dana's friend = Elizabeth   \nElizabeth's enemy = Amber  Elizabeth's friend = Dana   \nFelicia's enemy = Dana     Felicia's friend = Bryan    \n\nHere is how to figure out the answer to the following question:\nWho is Amber's parent?\n\nHere are the steps to arrive at the answer:\n1. Amber's parent = Bryan\n\nSo the answer is Bryan\n\nNow answer the following question:\nWho is Amber's friend's friend? Please answer the question in the same format as the example. End with 'So the answer is [answer]'.",Amber's friend's friend,Amber,"Imagine there are six people: Amber, Bryan, Christina, Dana, Elizabeth and Felicia. They have the following relationships to each other:\n\n\nAmber's enemy = Elizabeth  Amber's friend = Christina  Amber's parent = Bryan          Bryan's child = Amber          \nBryan's enemy = Christina  Bryan's friend = Felicia    Dana's parent = Felicia         Christina's child = Elizabeth  \nChristina's enemy = Bryan  Christina's friend = Amber  Elizabeth's parent = Christina  Felicia's child = Dana         \nDana's enemy = Felicia     Dana's friend = Elizabeth   \nElizabeth's enemy = Amber  Elizabeth's friend = Dana   \nFelicia's enemy = Dana     Felicia's friend = Bryan    \n\nHere is how to figure out the answer to the following question:\nWho is Amber's parent?\n\nHere are the steps to arrive at the answer:\n1. Amber's parent = Bryan\n\nSo the answer is Bryan\n\nNow answer the following question:\nWho is Amber's friend's friend? Please answer the question in the same format as the example. End with 'So the answer is [answer]'. \n\n## Step 1: Identify Amber's friend\nAmber's friend = Christina\n\n## Step 2: Identify Christina's friend\nChristina's friend = Amber\n\n## Step 3: Identify Amber's friend's friend\nSince Amber's friend is Christina and Christina's friend is Amber, Amber's friend's friend is Amber herself. However, the question asks for Amber's friend's friend, which means we need to consider if Amber has a friend other than Christina or if Christina has a friend other than Amber. Given that Amber's friend = Christina and Christina's friend = Amber, there is no indication of any other friends for either Amber or Christina. But since the question asks for Amber's friend's friend, we should also consider if Christina has any other friends. From the given relationships, we see that Bryan's friend = Felicia and Felicia's friend = Bryan, but there is no direct relationship between Christina and Felicia as friends. However, we do see that Christina's child = Elizabeth and Elizabeth's friend = Dana. Still, there is no direct relationship indicating Christina and Felicia or Dana as friends. But we also see that Dana's parent = Felicia and Felicia's child = Dana, and there is a relationship between Dana and Elizabeth as friends. Yet, this does not establish a direct friendship between Christina and Felicia or Dana. Given the information provided and focusing on the relationships around Christina, we notice that Christina's enemy = Bryan and Bryan's friend = Felicia. Despite these relationships, there is no indication that Christina and Felicia are friends. Therefore, based on the information given and focusing on the question about Amber's friend's friend, the direct answer to who Amber's friend's friend is, would be Amber herself since Amber and Christina are each other's friend. However, considering the structure of the question and the relationships provided, if we strictly follow the format and logic given, we should acknowledge that the question seems to seek an understanding of relationships beyond direct friendships.\n\n\nSo the answer is Amber.",66.23976588249207,meta-llama/Llama-3.3-70B-Instruct,2025-03-30 16:51:58
english,extensional,3,L,0_L_ef1,"Imagine there are six people: Amber, Bryan, Christina, Dana, Elizabeth and Felicia. They have the following relationships to each other:\n\n\nAmber's enemy = Elizabeth  Amber's friend = Christina  Amber's parent = Bryan          Bryan's child = Amber          \nBryan's enemy = Christina  Bryan's friend = Felicia    Dana's parent = Felicia         Christina's child = Elizabeth  \nChristina's enemy = Bryan  Christina's friend = Amber  Elizabeth's parent = Christina  Felicia's child = Dana         \nDana's enemy = Felicia     Dana's friend = Elizabeth   \nElizabeth's enemy = Amber  Elizabeth's friend = Dana   \nFelicia's enemy = Dana     Felicia's friend = Bryan    \n\nHere is how to figure out the answer to the following question:\nWho is Amber's parent?\n\nHere are the steps to arrive at the answer:\n1. Amber's parent = Bryan\n\nSo the answer is Bryan\n\nNow answer the following question:\nWho is Amber's friend's enemy? Please answer the question in the same format as the example. End with 'So the answer is [answer]'.",Amber's friend's enemy,Bryan,"Imagine there are six people: Amber, Bryan, Christina, Dana, Elizabeth and Felicia. They have the following relationships to each other:\n\n\nAmber's enemy = Elizabeth  Amber's friend = Christina  Amber's parent = Bryan          Bryan's child = Amber          \nBryan's enemy = Christina  Bryan's friend = Felicia    Dana's parent = Felicia         Christina's child = Elizabeth  \nChristina's enemy = Bryan  Christina's friend = Amber  Elizabeth's parent = Christina  Felicia's child = Dana         \nDana's enemy = Felicia     Dana's friend = Elizabeth   \nElizabeth's enemy = Amber  Elizabeth's friend = Dana   \nFelicia's enemy = Dana     Felicia's friend = Bryan    \n\nHere is how to figure out the answer to the following question:\nWho is Amber's parent?\n\nHere are the steps to arrive at the answer:\n1. Amber's parent = Bryan\n\nSo the answer is Bryan\n\nNow answer the following question:\nWho is Amber's friend's enemy? Please answer the question in the same format as the example. End with 'So the answer is [answer]'. \n\n## Step 1: Identify Amber's friend\nAmber's friend = Christina\n\n## Step 2: Identify Christina's enemy\nChristina's enemy = Bryan\n\nSo the answer is Bryan\n\nThe final answer is: $\boxed{Bryan}$",8.446965217590332,meta-llama/Llama-3.3-70B-Instruct,2025-03-30 16:52:06
english,extensional,3,L,0_L_cf1,"Imagine there are six people: Amber, Bryan, Christina, Dana, Elizabeth and Felicia. They have the following relationships to each other:\n\n\nAmber's enemy = Elizabeth  Amber's friend = Christina  Amber's parent = Bryan          Bryan's child = Amber          \nBryan's enemy = Christina  Bryan's friend = Felicia    Dana's parent = Felicia         Christina's child = Elizabeth  \nChristina's enemy = Bryan  Christina's friend = Amber  Elizabeth's parent = Christina  Felicia's child = Dana         \nDana's enemy = Felicia     Dana's friend = Elizabeth   \nElizabeth's enemy = Amber  Elizabeth's friend = Dana   \nFelicia's enemy = Dana     Felicia's friend = Bryan    \n\nHere is how to figure out the answer to the following question:\nWho is Amber's parent?\n\nHere are the steps to arrive at the answer:\n1. Amber's parent = Bryan\n\nSo the answer is Bryan\n\nNow answer the following question:\nWho is Amber's friend's child? Please answer the question in the same format as the example. End with 'So the answer is [answer]'.",Amber's friend's child,Elizabeth,"Imagine there are six people: Amber, Bryan, Christina, Dana, Elizabeth and Felicia. They have the following relationships to each other:\n\n\nAmber's enemy = Elizabeth  Amber's friend = Christina  Amber's parent = Bryan          Bryan's child = Amber          \nBryan's enemy = Christina  Bryan's friend = Felicia    Dana's parent = Felicia         Christina's child = Elizabeth  \nChristina's enemy = Bryan  Christina's friend = Amber  Elizabeth's parent = Christina  Felicia's child = Dana         \nDana's enemy = Felicia     Dana's friend = Elizabeth   \nElizabeth's enemy = Amber  Elizabeth's friend = Dana   \nFelicia's enemy = Dana     Felicia's friend = Bryan    \n\nHere is how to figure out the answer to the following question:\nWho is Amber's parent?\n\nHere are the steps to arrive at the answer:\n1. Amber's parent = Bryan\n\nSo the answer is Bryan\n\nNow answer the following question:\nWho is Amber's friend's child? Please answer the question in the same format as the example. End with 'So the answer is [answer]'. \n\n## Step 1: Identify Amber's friend\nAmber's friend = Christina\n\n## Step 2: Identify Christina's child\nChristina's child = Elizabeth\n\n## Step 3: Determine Amber's friend's child\nAmber's friend's child = Elizabeth\n\nSo the answer is Elizabeth.",9.994059801101685,meta-llama/Llama-3.3-70B-Instruct,2025-03-30 16:52:16
english,extensional,3,L,0_L_ee1,"Imagine there are six people: Amber, Bryan, Christina, Dana, Elizabeth and Felicia. They have the following relationships to each other:\n\n\nAmber's enemy = Elizabeth  Amber's friend = Christina  Amber's parent = Bryan          Bryan's child = Amber          \nBryan's enemy = Christina  Bryan's friend = Felicia    Dana's parent = Felicia         Christina's child = Elizabeth  \nChristina's enemy = Bryan  Christina's friend = Amber  Elizabeth's parent = Christina  Felicia's child = Dana         \nDana's enemy = Felicia     Dana's friend = Elizabeth   \nElizabeth's enemy = Amber  Elizabeth's friend = Dana   \nFelicia's enemy = Dana     Felicia's friend = Bryan    \n\nHere is how to figure out the answer to the following question:\nWho is Amber's parent?\n\nHere are the steps to arrive at the answer:\n1. Amber's parent = Bryan\n\nSo the answer is Bryan\n\nNow answer the following question:\nWho is Amber's enemy's enemy? Please answer the question in the same format as the example. End with 'So the answer is [answer]'.",Amber's enemy's enemy,Amber,"Imagine there are six people: Amber, Bryan, Christina, Dana, Elizabeth and Felicia. They have the following relationships to each other:\n\n\nAmber's enemy = Elizabeth  Amber's friend = Christina  Amber's parent = Bryan          Bryan's child = Amber          \nBryan's enemy = Christina  Bryan's friend = Felicia    Dana's parent = Felicia         Christina's child = Elizabeth  \nChristina's enemy = Bryan  Christina's friend = Amber  Elizabeth's parent = Christina  Felicia's child = Dana         \nDana's enemy = Felicia     Dana's friend = Elizabeth   \nElizabeth's enemy = Amber  Elizabeth's friend = Dana   \nFelicia's enemy = Dana     Felicia's friend = Bryan    \n\nHere is how to figure out the answer to the following question:\nWho is Amber's parent?\n\nHere are the steps to arrive at the answer:\n1. Amber's parent = Bryan\n\nSo the answer is Bryan\n\nNow answer the following question:\nWho is Amber's enemy's enemy? Please answer the question in the same format as the example. End with 'So the answer is [answer]'. \n\n## Step 1: First, let's find out who Amber's enemy is.\nAmber's enemy = Elizabeth\n\n## Step 2: Now, let's find out who Elizabeth's enemy is.\nElizabeth's enemy = Amber\n\n## Step 3: Now we have the answer.\nSo the answer is Amber.",10.45234727859497,meta-llama/Llama-3.3-70B-Instruct,2025-03-30 16:52:27
english,extensional,3,L,0_L_pe1,"Imagine there are six people: Amber, Bryan, Christina, Dana, Elizabeth and Felicia. They have the following relationships to each other:\n\n\nAmber's enemy = Elizabeth  Amber's friend = Christina  Amber's parent = Bryan          Bryan's child = Amber          \nBryan's enemy = Christina  Bryan's friend = Felicia    Dana's parent = Felicia         Christina's child = Elizabeth  \nChristina's enemy = Bryan  Christina's friend = Amber  Elizabeth's parent = Christina  Felicia's child = Dana         \nDana's enemy = Felicia     Dana's friend = Elizabeth   \nElizabeth's enemy = Amber  Elizabeth's friend = Dana   \nFelicia's enemy = Dana     Felicia's friend = Bryan    \n\nHere is how to figure out the answer to the following question:\nWho is Amber's parent?\n\nHere are the steps to arrive at the answer:\n1. Amber's parent = Bryan\n\nSo the answer is Bryan\n\nNow answer the following question:\nWho is Amber's enemy's parent? Please answer the question in the same format as the example. End with 'So the answer is [answer]'.",Amber's enemy's parent,Christina,"Imagine there are six people: Amber, Bryan, Christina, Dana, Elizabeth and Felicia. They have the following relationships to each other:\n\n\nAmber's enemy = Elizabeth  Amber's friend = Christina  Amber's parent = Bryan          Bryan's child = Amber          \nBryan's enemy = Christina  Bryan's friend = Felicia    Dana's parent = Felicia         Christina's child = Elizabeth  \nChristina's enemy = Bryan  Christina's friend = Amber  Elizabeth's parent = Christina  Felicia's child = Dana         \nDana's enemy = Felicia     Dana's friend = Elizabeth   \nElizabeth's enemy = Amber  Elizabeth's friend = Dana   \nFelicia's enemy = Dana     Felicia's friend = Bryan    \n\nHere is how to figure out the answer to the following question:\nWho is Amber's parent?\n\nHere are the steps to arrive at the answer:\n1. Amber's parent = Bryan\n\nSo the answer is Bryan\n\nNow answer the following question:\nWho is Amber's enemy's parent? Please answer the question in the same format as the example. End with 'So the answer is [answer]'. \n\n## Step 1: Identify Amber's enemy\nAmber's enemy = Elizabeth\n\n## Step 2: Identify Elizabeth's parent\nElizabeth's parent = Christina\n\n## Step 3: Determine the answer\nAmber's enemy's parent = Christina\n\nSo the answer is Christina.",9.273552417755127,meta-llama/Llama-3.3-70B-Instruct,2025-03-30 16:52:36
english,extensional,3,L,0_L_ff2,"Imagine there are six people: Amber, Bryan, Christina, Dana, Elizabeth and Felicia. They have the following relationships to each other:\n\n\nAmber's enemy = Elizabeth  Amber's friend = Christina  Amber's parent = Bryan          Bryan's child = Amber          \nBryan's enemy = Christina  Bryan's friend = Felicia    Dana's parent = Felicia         Christina's child = Elizabeth  \nChristina's enemy = Bryan  Christina's friend = Amber  Elizabeth's parent = Christina  Felicia's child = Dana         \nDana's enemy = Felicia     Dana's friend = Elizabeth   \nElizabeth's enemy = Amber  Elizabeth's friend = Dana   \nFelicia's enemy = Dana     Felicia's friend = Bryan    \n\nHere is how to figure out the answer to the following question:\nWho is Amber's parent?\n\nHere are the steps to arrive at the answer:\n1. Amber's parent = Bryan\n\nSo the answer is Bryan\n\nNow answer the following question:\nWho is Dana's friend's friend? Please answer the question in the same format as the example. End with 'So the answer is [answer]'.",Dana's friend's friend,Dana,"Imagine there are six people: Amber, Bryan, Christina, Dana, Elizabeth and Felicia. They have the following relationships to each other:\n\n\nAmber's enemy = Elizabeth  Amber's friend = Christina  Amber's parent = Bryan          Bryan's child = Amber          \nBryan's enemy = Christina  Bryan's friend = Felicia    Dana's parent = Felicia         Christina's child = Elizabeth  \nChristina's enemy = Bryan  Christina's friend = Amber  Elizabeth's parent = Christina  Felicia's child = Dana         \nDana's enemy = Felicia     Dana's friend = Elizabeth   \nElizabeth's enemy = Amber  Elizabeth's friend = Dana   \nFelicia's enemy = Dana     Felicia's friend = Bryan    \n\nHere is how to figure out the answer to the following question:\nWho is Amber's parent?\n\nHere are the steps to arrive at the answer:\n1. Amber's parent = Bryan\n\nSo the answer is Bryan\n\nNow answer the following question:\nWho is Dana's friend's friend? Please answer the question in the same format as the example. End with 'So the answer is [answer]'. \n\n## Step 1: Identify Dana's friend\nDana's friend = Elizabeth\n\n## Step 2: Identify Elizabeth's friend\nElizabeth's friend = Dana\n\n## Step 3: Identify Dana's friend's friend\nSince Elizabeth's friend is Dana, we need to find Dana's friend's friend, which means we need to find Elizabeth's friend's friend. However, given the information, Elizabeth's friend is Dana and Dana's friend is Elizabeth. So Dana's friend's friend is Elizabeth's friend which is Dana.\n\n\n\nSo the answer is Dana.",18.677603244781494,meta-llama/Llama-3.3-70B-Instruct,2025-03-30 16:52:55
english,extensional,3,L,0_L_ef2,"Imagine there are six people: Amber, Bryan, Christina, Dana, Elizabeth and Felicia. They have the following relationships to each other:\n\n\nAmber's enemy = Elizabeth  Amber's friend = Christina  Amber's parent = Bryan          Bryan's child = Amber          \nBryan's enemy = Christina  Bryan's friend = Felicia    Dana's parent = Felicia         Christina's child = Elizabeth  \nChristina's enemy = Bryan  Christina's friend = Amber  Elizabeth's parent = Christina  Felicia's child = Dana         \nDana's enemy = Felicia     Dana's friend = Elizabeth   \nElizabeth's enemy = Amber  Elizabeth's friend = Dana   \nFelicia's enemy = Dana     Felicia's friend = Bryan    \n\nHere is how to figure out the answer to the following question:\nWho is Amber's parent?\n\nHere are the steps to arrive at the answer:\n1. Amber's parent = Bryan\n\nSo the answer is Bryan\n\nNow answer the following question:\nWho is Dana's friend's enemy? Please answer the question in the same format as the example. End with 'So the answer is [answer]'.",Dana's friend's enemy,Amber,"Imagine there are six people: Amber, Bryan, Christina, Dana, Elizabeth and Felicia. They have the following relationships to each other:\n\n\nAmber's enemy = Elizabeth  Amber's friend = Christina  Amber's parent = Bryan          Bryan's child = Amber          \nBryan's enemy = Christina  Bryan's friend = Felicia    Dana's parent = Felicia         Christina's child = Elizabeth  \nChristina's enemy = Bryan  Christina's friend = Amber  Elizabeth's parent = Christina  Felicia's child = Dana         \nDana's enemy = Felicia     Dana's friend = Elizabeth   \nElizabeth's enemy = Amber  Elizabeth's friend = Dana   \nFelicia's enemy = Dana     Felicia's friend = Bryan    \n\nHere is how to figure out the answer to the following question:\nWho is Amber's parent?\n\nHere are the steps to arrive at the answer:\n1. Amber's parent = Bryan\n\nSo the answer is Bryan\n\nNow answer the following question:\nWho is Dana's friend's enemy? Please answer the question in the same format as the example. End with 'So the answer is [answer]'. \n\n## Step 1: Identify Dana's friend\nDana's friend = Elizabeth\n\n## Step 2: Identify Elizabeth's enemy\nElizabeth's enemy = Amber\n\n## Step 3: Determine Dana's friend's enemy\nDana's friend's enemy = Amber\n\nSo the answer is Amber.",10.043734550476074,meta-llama/Llama-3.3-70B-Instruct,2025-03-30 16:53:05
english,extensional,3,L,0_L_pf2,"Imagine there are six people: Amber, Bryan, Christina, Dana, Elizabeth and Felicia. They have the following relationships to each other:\n\n\nAmber's enemy = Elizabeth  Amber's friend = Christina  Amber's parent = Bryan          Bryan's child = Amber          \nBryan's enemy = Christina  Bryan's friend = Felicia    Dana's parent = Felicia         Christina's child = Elizabeth  \nChristina's enemy = Bryan  Christina's friend = Amber  Elizabeth's parent = Christina  Felicia's child = Dana         \nDana's enemy = Felicia     Dana's friend = Elizabeth   \nElizabeth's enemy = Amber  Elizabeth's friend = Dana   \nFelicia's enemy = Dana     Felicia's friend = Bryan    \n\nHere is how to figure out the answer to the following question:\nWho is Amber's parent?\n\nHere are the steps to arrive at the answer:\n1. Amber's parent = Bryan\n\nSo the answer is Bryan\n\nNow answer the following question:\nWho is Dana's friend's parent? Please answer the question in the same format as the example. End with 'So the answer is [answer]'.",Dana's friend's parent,Christina,"Imagine there are six people: Amber, Bryan, Christina, Dana, Elizabeth and Felicia. They have the following relationships to each other:\n\n\nAmber's enemy = Elizabeth  Amber's friend = Christina  Amber's parent = Bryan          Bryan's child = Amber          \nBryan's enemy = Christina  Bryan's friend = Felicia    Dana's parent = Felicia         Christina's child = Elizabeth  \nChristina's enemy = Bryan  Christina's friend = Amber  Elizabeth's parent = Christina  Felicia's child = Dana         \nDana's enemy = Felicia     Dana's friend = Elizabeth   \nElizabeth's enemy = Amber  Elizabeth's friend = Dana   \nFelicia's enemy = Dana     Felicia's friend = Bryan    \n\nHere is how to figure out the answer to the following question:\nWho is Amber's parent?\n\nHere are the steps to arrive at the answer:\n1. Amber's parent = Bryan\n\nSo the answer is Bryan\n\nNow answer the following question:\nWho is Dana's friend's parent? Please answer the question in the same format as the example. End with 'So the answer is [answer]'. \n\n## Step 1: Identify Dana's friend\nDana's friend = Elizabeth\n\n## Step 2: Identify Elizabeth's parent\nElizabeth's parent = Christina\n\n## Step 3: Determine the answer to the question\nDana's friend's parent = Christina\n\nSo the answer is Christina.",9.804625749588013,meta-llama/Llama-3.3-70B-Instruct,2025-03-30 16:53:15
english,extensional,3,L,0_L_fe2,"Imagine there are six people: Amber, Bryan, Christina, Dana, Elizabeth and Felicia. They have the following relationships to each other:\n\n\nAmber's enemy = Elizabeth  Amber's friend = Christina  Amber's parent = Bryan          Bryan's child = Amber          \nBryan's enemy = Christina  Bryan's friend = Felicia    Dana's parent = Felicia         Christina's child = Elizabeth  \nChristina's enemy = Bryan  Christina's friend = Amber  Elizabeth's parent = Christina  Felicia's child = Dana         \nDana's enemy = Felicia     Dana's friend = Elizabeth   \nElizabeth's enemy = Amber  Elizabeth's friend = Dana   \nFelicia's enemy = Dana     Felicia's friend = Bryan    \n\nHere is how to figure out the answer to the following question:\nWho is Amber's parent?\n\nHere are the steps to arrive at the answer:\n1. Amber's parent = Bryan\n\nSo the answer is Bryan\n\nNow answer the following question:\nWho is Dana's enemy's friend? Please answer the question in the same format as the example. End with 'So the answer is [answer]'.",Dana's enemy's friend,Bryan,"Imagine there are six people: Amber, Bryan, Christina, Dana, Elizabeth and Felicia. They have the following relationships to each other:\n\n\nAmber's enemy = Elizabeth  Amber's friend = Christina  Amber's parent = Bryan          Bryan's child = Amber          \nBryan's enemy = Christina  Bryan's friend = Felicia    Dana's parent = Felicia         Christina's child = Elizabeth  \nChristina's enemy = Bryan  Christina's friend = Amber  Elizabeth's parent = Christina  Felicia's child = Dana         \nDana's enemy = Felicia     Dana's friend = Elizabeth   \nElizabeth's enemy = Amber  Elizabeth's friend = Dana   \nFelicia's enemy = Dana     Felicia's friend = Bryan    \n\nHere is how to figure out the answer to the following question:\nWho is Amber's parent?\n\nHere are the steps to arrive at the answer:\n1. Amber's parent = Bryan\n\nSo the answer is Bryan\n\nNow answer the following question:\nWho is Dana's enemy's friend? Please answer the question in the same format as the example. End with 'So the answer is [answer]'. \n\n## Step 1: Identify Dana's enemy\nDana's enemy = Felicia\n\n## Step 2: Identify Felicia's friend\nFelicia's friend = Bryan\n\n## Step 3: Combine the information to find Dana's enemy's friend\nDana's enemy's friend = Bryan\n\nSo the answer is Bryan.",11.094207525253296,meta-llama/Llama-3.3-70B-Instruct,2025-03-30 16:53:26
english,extensional,3,L,0_L_ee2,"Imagine there are six people: Amber, Bryan, Christina, Dana, Elizabeth and Felicia. They have the following relationships to each other:\n\n\nAmber's enemy = Elizabeth  Amber's friend = Christina  Amber's parent = Bryan          Bryan's child = Amber          \nBryan's enemy = Christina  Bryan's friend = Felicia    Dana's parent = Felicia         Christina's child = Elizabeth  \nChristina's enemy = Bryan  Christina's friend = Amber  Elizabeth's parent = Christina  Felicia's child = Dana         \nDana's enemy = Felicia     Dana's friend = Elizabeth   \nElizabeth's enemy = Amber  Elizabeth's friend = Dana   \nFelicia's enemy = Dana     Felicia's friend = Bryan    \n\nHere is how to figure out the answer to the following question:\nWho is Amber's parent?\n\nHere are the steps to arrive at the answer:\n1. Amber's parent = Bryan\n\nSo the answer is Bryan\n\nNow answer the following question:\nWho is Dana's enemy's enemy? Please answer the question in the same format as the example. End with 'So the answer is [answer]'.",Dana's enemy's enemy,Dana,"Imagine there are six people: Amber, Bryan, Christina, Dana, Elizabeth and Felicia. They have the following relationships to each other:\n\n\nAmber's enemy = Elizabeth  Amber's friend = Christina  Amber's parent = Bryan          Bryan's child = Amber          \nBryan's enemy = Christina  Bryan's friend = Felicia    Dana's parent = Felicia         Christina's child = Elizabeth  \nChristina's enemy = Bryan  Christina's friend = Amber  Elizabeth's parent = Christina  Felicia's child = Dana         \nDana's enemy = Felicia     Dana's friend = Elizabeth   \nElizabeth's enemy = Amber  Elizabeth's friend = Dana   \nFelicia's enemy = Dana     Felicia's friend = Bryan    \n\nHere is how to figure out the answer to the following question:\nWho is Amber's parent?\n\nHere are the steps to arrive at the answer:\n1. Amber's parent = Bryan\n\nSo the answer is Bryan\n\nNow answer the following question:\nWho is Dana's enemy's enemy? Please answer the question in the same format as the example. End with 'So the answer is [answer]'. \n\n## Step 1: Identify Dana's enemy\nDana's enemy = Felicia\n\n## Step 2: Identify Felicia's enemy\nFelicia's enemy = Dana\n\n## Step 3: Identify Dana's enemy\nDana's enemy = Felicia\n\n## Step 4: Identify Felicia's enemy's enemy\nFelicia's enemy = Dana, so Dana's enemy = Felicia. Now, find out who is Felicia's enemy's enemy. Felicia's enemy's enemy = Dana's enemy = Felicia\n\nSo the answer is Felicia.",19.73630166053772,meta-llama/Llama-3.3-70B-Instruct,2025-03-30 16:53:46
english,extensional,3,L,0_L_ce2,"Imagine there are six people: Amber, Bryan, Christina, Dana, Elizabeth and Felicia. They have the following relationships to each other:\n\n\nAmber's enemy = Elizabeth  Amber's friend = Christina  Amber's parent = Bryan          Bryan's child = Amber          \nBryan's enemy = Christina  Bryan's friend = Felicia    Dana's parent = Felicia         Christina's child = Elizabeth  \nChristina's enemy = Bryan  Christina's friend = Amber  Elizabeth's parent = Christina  Felicia's child = Dana         \nDana's enemy = Felicia     Dana's friend = Elizabeth   \nElizabeth's enemy = Amber  Elizabeth's friend = Dana   \nFelicia's enemy = Dana     Felicia's friend = Bryan    \n\nHere is how to figure out the answer to the following question:\nWho is Amber's parent?\n\nHere are the steps to arrive at the answer:\n1. Amber's parent = Bryan\n\nSo the answer is Bryan\n\nNow answer the following question:\nWho is Dana's enemy's child? Please answer the question in the same format as the example. End with 'So the answer is [answer]'.",Dana's enemy's child,Dana,"Imagine there are six people: Amber, Bryan, Christina, Dana, Elizabeth and Felicia. They have the following relationships to each other:\n\n\nAmber's enemy = Elizabeth  Amber's friend = Christina  Amber's parent = Bryan          Bryan's child = Amber          \nBryan's enemy = Christina  Bryan's friend = Felicia    Dana's parent = Felicia         Christina's child = Elizabeth  \nChristina's enemy = Bryan  Christina's friend = Amber  Elizabeth's parent = Christina  Felicia's child = Dana         \nDana's enemy = Felicia     Dana's friend = Elizabeth   \nElizabeth's enemy = Amber  Elizabeth's friend = Dana   \nFelicia's enemy = Dana     Felicia's friend = Bryan    \n\nHere is how to figure out the answer to the following question:\nWho is Amber's parent?\n\nHere are the steps to arrive at the answer:\n1. Amber's parent = Bryan\n\nSo the answer is Bryan\n\nNow answer the following question:\nWho is Dana's enemy's child? Please answer the question in the same format as the example. End with 'So the answer is [answer]'. \n\n## Step 1: Identify Dana's enemy\nDana's enemy = Felicia\n\n## Step 2: Identify Felicia's child\nFelicia's child = Dana\n\n## Step 3: Identify Dana's enemy's child\nDana's enemy's child = Dana\n\nSo the answer is Dana.",10.493971824645996,meta-llama/Llama-3.3-70B-Instruct,2025-03-30 16:53:56
english,extensional,3,L,0_L_fp2,"Imagine there are six people: Amber, Bryan, Christina, Dana, Elizabeth and Felicia. They have the following relationships to each other:\n\n\nAmber's enemy = Elizabeth  Amber's friend = Christina  Amber's parent = Bryan          Bryan's child = Amber          \nBryan's enemy = Christina  Bryan's friend = Felicia    Dana's parent = Felicia         Christina's child = Elizabeth  \nChristina's enemy = Bryan  Christina's friend = Amber  Elizabeth's parent = Christina  Felicia's child = Dana         \nDana's enemy = Felicia     Dana's friend = Elizabeth   \nElizabeth's enemy = Amber  Elizabeth's friend = Dana   \nFelicia's enemy = Dana     Felicia's friend = Bryan    \n\nHere is how to figure out the answer to the following question:\nWho is Amber's parent?\n\nHere are the steps to arrive at the answer:\n1. Amber's parent = Bryan\n\nSo the answer is Bryan\n\nNow answer the following question:\nWho is Dana's parent's friend? Please answer the question in the same format as the example. End with 'So the answer is [answer]'.",Dana's parent's friend,Bryan,"Imagine there are six people: Amber, Bryan, Christina, Dana, Elizabeth and Felicia. They have the following relationships to each other:\n\n\nAmber's enemy = Elizabeth  Amber's friend = Christina  Amber's parent = Bryan          Bryan's child = Amber          \nBryan's enemy = Christina  Bryan's friend = Felicia    Dana's parent = Felicia         Christina's child = Elizabeth  \nChristina's enemy = Bryan  Christina's friend = Amber  Elizabeth's parent = Christina  Felicia's child = Dana         \nDana's enemy = Felicia     Dana's friend = Elizabeth   \nElizabeth's enemy = Amber  Elizabeth's friend = Dana   \nFelicia's enemy = Dana     Felicia's friend = Bryan    \n\nHere is how to figure out the answer to the following question:\nWho is Amber's parent?\n\nHere are the steps to arrive at the answer:\n1. Amber's parent = Bryan\n\nSo the answer is Bryan\n\nNow answer the following question:\nWho is Dana's parent's friend? Please answer the question in the same format as the example. End with 'So the answer is [answer]'. \n\n## Step 1: Identify Dana's parent\nDana's parent = Felicia\n\n## Step 2: Identify Felicia's friend\nFelicia's friend = Bryan\n\n## Step 3: Determine Dana's parent's friend\nDana's parent's friend = Bryan\n\nSo the answer is Bryan.",10.311295509338379,meta-llama/Llama-3.3-70B-Instruct,2025-03-30 16:54:06
english,extensional,3,L,0_L_ep2,"Imagine there are six people: Amber, Bryan, Christina, Dana, Elizabeth and Felicia. They have the following relationships to each other:\n\n\nAmber's enemy = Elizabeth  Amber's friend = Christina  Amber's parent = Bryan          Bryan's child = Amber          \nBryan's enemy = Christina  Bryan's friend = Felicia    Dana's parent = Felicia         Christina's child = Elizabeth  \nChristina's enemy = Bryan  Christina's friend = Amber  Elizabeth's parent = Christina  Felicia's child = Dana         \nDana's enemy = Felicia     Dana's friend = Elizabeth   \nElizabeth's enemy = Amber  Elizabeth's friend = Dana   \nFelicia's enemy = Dana     Felicia's friend = Bryan    \n\nHere is how to figure out the answer to the following question:\nWho is Amber's parent?\n\nHere are the steps to arrive at the answer:\n1. Amber's parent = Bryan\n\nSo the answer is Bryan\n\nNow answer the following question:\nWho is Dana's parent's enemy? Please answer the question in the same format as the example. End with 'So the answer is [answer]'.",Dana's parent's enemy,Dana,"Imagine there are six people: Amber, Bryan, Christina, Dana, Elizabeth and Felicia. They have the following relationships to each other:\n\n\nAmber's enemy = Elizabeth  Amber's friend = Christina  Amber's parent = Bryan          Bryan's child = Amber          \nBryan's enemy = Christina  Bryan's friend = Felicia    Dana's parent = Felicia         Christina's child = Elizabeth  \nChristina's enemy = Bryan  Christina's friend = Amber  Elizabeth's parent = Christina  Felicia's child = Dana         \nDana's enemy = Felicia     Dana's friend = Elizabeth   \nElizabeth's enemy = Amber  Elizabeth's friend = Dana   \nFelicia's enemy = Dana     Felicia's friend = Bryan    \n\nHere is how to figure out the answer to the following question:\nWho is Amber's parent?\n\nHere are the steps to arrive at the answer:\n1. Amber's parent = Bryan\n\nSo the answer is Bryan\n\nNow answer the following question:\nWho is Dana's parent's enemy? Please answer the question in the same format as the example. End with 'So the answer is [answer]'. \n\n## Step 1: Identify Dana's parent\nDana's parent = Felicia\n\n## Step 2: Identify Felicia's enemy\nFelicia's enemy = Dana\n\n## Step 3: Identify Dana's enemy\nDana's enemy = Felicia\n\n## Step 4: Conclusion\nDana's parent's enemy = Felicia's enemy = Dana\n\nSo the answer is Dana.",13.40047812461853,meta-llama/Llama-3.3-70B-Instruct,2025-03-30 16:54:20
english,extensional,3,L,0_L_cp2,"Imagine there are six people: Amber, Bryan, Christina, Dana, Elizabeth and Felicia. They have the following relationships to each other:\n\n\nAmber's enemy = Elizabeth  Amber's friend = Christina  Amber's parent = Bryan          Bryan's child = Amber          \nBryan's enemy = Christina  Bryan's friend = Felicia    Dana's parent = Felicia         Christina's child = Elizabeth  \nChristina's enemy = Bryan  Christina's friend = Amber  Elizabeth's parent = Christina  Felicia's child = Dana         \nDana's enemy = Felicia     Dana's friend = Elizabeth   \nElizabeth's enemy = Amber  Elizabeth's friend = Dana   \nFelicia's enemy = Dana     Felicia's friend = Bryan    \n\nHere is how to figure out the answer to the following question:\nWho is Amber's parent?\n\nHere are the steps to arrive at the answer:\n1. Amber's parent = Bryan\n\nSo the answer is Bryan\n\nNow answer the following question:\nWho is Dana's parent's child? Please answer the question in the same format as the example. End with 'So the answer is [answer]'.",Dana's parent's child,Dana,"Imagine there are six people: Amber, Bryan, Christina, Dana, Elizabeth and Felicia. They have the following relationships to each other:\n\n\nAmber's enemy = Elizabeth  Amber's friend = Christina  Amber's parent = Bryan          Bryan's child = Amber          \nBryan's enemy = Christina  Bryan's friend = Felicia    Dana's parent = Felicia         Christina's child = Elizabeth  \nChristina's enemy = Bryan  Christina's friend = Amber  Elizabeth's parent = Christina  Felicia's child = Dana         \nDana's enemy = Felicia     Dana's friend = Elizabeth   \nElizabeth's enemy = Amber  Elizabeth's friend = Dana   \nFelicia's enemy = Dana     Felicia's friend = Bryan    \n\nHere is how to figure out the answer to the following question:\nWho is Amber's parent?\n\nHere are the steps to arrive at the answer:\n1. Amber's parent = Bryan\n\nSo the answer is Bryan\n\nNow answer the following question:\nWho is Dana's parent's child? Please answer the question in the same format as the example. End with 'So the answer is [answer]'. \n\n## Step 1: Identify Dana's parent\nDana's parent = Felicia\n\n## Step 2: Identify Felicia's child\nFelicia's child = Dana\n\n## Step 3: Determine who Dana's parent's child is\nSince Felicia is Dana's parent, Felicia's child is also Dana. Therefore, Dana's parent's child is Dana.\n\nSo the answer is Dana.",13.252275228500366,meta-llama/Llama-3.3-70B-Instruct,2025-03-30 16:54:33
english,extensional,3,L,0_L_ff3,"Imagine there are six people: Amber, Bryan, Christina, Dana, Elizabeth and Felicia. They have the following relationships to each other:\n\n\nAmber's enemy = Elizabeth  Amber's friend = Christina  Amber's parent = Bryan          Bryan's child = Amber          \nBryan's enemy = Christina  Bryan's friend = Felicia    Dana's parent = Felicia         Christina's child = Elizabeth  \nChristina's enemy = Bryan  Christina's friend = Amber  Elizabeth's parent = Christina  Felicia's child = Dana         \nDana's enemy = Felicia     Dana's friend = Elizabeth   \nElizabeth's enemy = Amber  Elizabeth's friend = Dana   \nFelicia's enemy = Dana     Felicia's friend = Bryan    \n\nHere is how to figure out the answer to the following question:\nWho is Amber's parent?\n\nHere are the steps to arrive at the answer:\n1. Amber's parent = Bryan\n\nSo the answer is Bryan\n\nNow answer the following question:\nWho is Bryan's friend's friend? Please answer the question in the same format as the example. End with 'So the answer is [answer]'.",Bryan's friend's friend,Bryan,"Imagine there are six people: Amber, Bryan, Christina, Dana, Elizabeth and Felicia. They have the following relationships to each other:\n\n\nAmber's enemy = Elizabeth  Amber's friend = Christina  Amber's parent = Bryan          Bryan's child = Amber          \nBryan's enemy = Christina  Bryan's friend = Felicia    Dana's parent = Felicia         Christina's child = Elizabeth  \nChristina's enemy = Bryan  Christina's friend = Amber  Elizabeth's parent = Christina  Felicia's child = Dana         \nDana's enemy = Felicia     Dana's friend = Elizabeth   \nElizabeth's enemy = Amber  Elizabeth's friend = Dana   \nFelicia's enemy = Dana     Felicia's friend = Bryan    \n\nHere is how to figure out the answer to the following question:\nWho is Amber's parent?\n\nHere are the steps to arrive at the answer:\n1. Amber's parent = Bryan\n\nSo the answer is Bryan\n\nNow answer the following question:\nWho is Bryan's friend's friend? Please answer the question in the same format as the example. End with 'So the answer is [answer]'. \n\n## Step 1: Identify Bryan's friend\nBryan's friend = Felicia\n\n## Step 2: Identify Felicia's friend\nFelicia's friend = Bryan\n\n## Step 3: Identify Bryan's friend's friend\nSince Bryan's friend is Felicia and Felicia's friend is Bryan, Bryan's friend's friend is Bryan.\n\nSo the answer is Bryan.",12.68680453300476,meta-llama/Llama-3.3-70B-Instruct,2025-03-30 16:54:46
english,extensional,3,L,0_L_ef3,"Imagine there are six people: Amber, Bryan, Christina, Dana, Elizabeth and Felicia. They have the following relationships to each other:\n\n\nAmber's enemy = Elizabeth  Amber's friend = Christina  Amber's parent = Bryan          Bryan's child = Amber          \nBryan's enemy = Christina  Bryan's friend = Felicia    Dana's parent = Felicia         Christina's child = Elizabeth  \nChristina's enemy = Bryan  Christina's friend = Amber  Elizabeth's parent = Christina  Felicia's child = Dana         \nDana's enemy = Felicia     Dana's friend = Elizabeth   \nElizabeth's enemy = Amber  Elizabeth's friend = Dana   \nFelicia's enemy = Dana     Felicia's friend = Bryan    \n\nHere is how to figure out the answer to the following question:\nWho is Amber's parent?\n\nHere are the steps to arrive at the answer:\n1. Amber's parent = Bryan\n\nSo the answer is Bryan\n\nNow answer the following question:\nWho is Bryan's friend's enemy? Please answer the question in the same format as the example. End with 'So the answer is [answer]'.",Bryan's friend's enemy,Dana,"Imagine there are six people: Amber, Bryan, Christina, Dana, Elizabeth and Felicia. They have the following relationships to each other:\n\n\nAmber's enemy = Elizabeth  Amber's friend = Christina  Amber's parent = Bryan          Bryan's child = Amber          \nBryan's enemy = Christina  Bryan's friend = Felicia    Dana's parent = Felicia         Christina's child = Elizabeth  \nChristina's enemy = Bryan  Christina's friend = Amber  Elizabeth's parent = Christina  Felicia's child = Dana         \nDana's enemy = Felicia     Dana's friend = Elizabeth   \nElizabeth's enemy = Amber  Elizabeth's friend = Dana   \nFelicia's enemy = Dana     Felicia's friend = Bryan    \n\nHere is how to figure out the answer to the following question:\nWho is Amber's parent?\n\nHere are the steps to arrive at the answer:\n1. Amber's parent = Bryan\n\nSo the answer is Bryan\n\nNow answer the following question:\nWho is Bryan's friend's enemy? Please answer the question in the same format as the example. End with 'So the answer is [answer]'. \n\n## Step 1: Identify Bryan's friend\nBryan's friend = Felicia\n\n## Step 2: Identify Felicia's enemy\nFelicia's enemy = Dana\n\nSo the answer is Dana.",7.03243613243103,meta-llama/Llama-3.3-70B-Instruct,2025-03-30 16:54:53
english,extensional,3,L,0_L_fc3,"Imagine there are six people: Amber, Bryan, Christina, Dana, Elizabeth and Felicia. They have the following relationships to each other:\n\n\nAmber's enemy = Elizabeth  Amber's friend = Christina  Amber's parent = Bryan          Bryan's child = Amber          \nBryan's enemy = Christina  Bryan's friend = Felicia    Dana's parent = Felicia         Christina's child = Elizabeth  \nChristina's enemy = Bryan  Christina's friend = Amber  Elizabeth's parent = Christina  Felicia's child = Dana         \nDana's enemy = Felicia     Dana's friend = Elizabeth   \nElizabeth's enemy = Amber  Elizabeth's friend = Dana   \nFelicia's enemy = Dana     Felicia's friend = Bryan    \n\nHere is how to figure out the answer to the following question:\nWho is Amber's parent?\n\nHere are the steps to arrive at the answer:\n1. Amber's parent = Bryan\n\nSo the answer is Bryan\n\nNow answer the following question:\nWho is Bryan's child's friend? Please answer the question in the same format as the example. End with 'So the answer is [answer]'.",Bryan's child's friend,Christina,"Imagine there are six people: Amber, Bryan, Christina, Dana, Elizabeth and Felicia. They have the following relationships to each other:\n\n\nAmber's enemy = Elizabeth  Amber's friend = Christina  Amber's parent = Bryan          Bryan's child = Amber          \nBryan's enemy = Christina  Bryan's friend = Felicia    Dana's parent = Felicia         Christina's child = Elizabeth  \nChristina's enemy = Bryan  Christina's friend = Amber  Elizabeth's parent = Christina  Felicia's child = Dana         \nDana's enemy = Felicia     Dana's friend = Elizabeth   \nElizabeth's enemy = Amber  Elizabeth's friend = Dana   \nFelicia's enemy = Dana     Felicia's friend = Bryan    \n\nHere is how to figure out the answer to the following question:\nWho is Amber's parent?\n\nHere are the steps to arrive at the answer:\n1. Amber's parent = Bryan\n\nSo the answer is Bryan\n\nNow answer the following question:\nWho is Bryan's child's friend? Please answer the question in the same format as the example. End with 'So the answer is [answer]'. \n\n## Step 1: Identify Bryan's child\nBryan's child = Amber\n\n## Step 2: Identify Amber's friend\nAmber's friend = Christina\n\n## Step 3: Determine Bryan's child's friend\nBryan's child's friend = Christina\n\nSo the answer is Christina.",9.865066766738892,meta-llama/Llama-3.3-70B-Instruct,2025-03-30 16:55:03
english,extensional,3,L,0_L_ec3,"Imagine there are six people: Amber, Bryan, Christina, Dana, Elizabeth and Felicia. They have the following relationships to each other:\n\n\nAmber's enemy = Elizabeth  Amber's friend = Christina  Amber's parent = Bryan          Bryan's child = Amber          \nBryan's enemy = Christina  Bryan's friend = Felicia    Dana's parent = Felicia         Christina's child = Elizabeth  \nChristina's enemy = Bryan  Christina's friend = Amber  Elizabeth's parent = Christina  Felicia's child = Dana         \nDana's enemy = Felicia     Dana's friend = Elizabeth   \nElizabeth's enemy = Amber  Elizabeth's friend = Dana   \nFelicia's enemy = Dana     Felicia's friend = Bryan    \n\nHere is how to figure out the answer to the following question:\nWho is Amber's parent?\n\nHere are the steps to arrive at the answer:\n1. Amber's parent = Bryan\n\nSo the answer is Bryan\n\nNow answer the following question:\nWho is Bryan's child's enemy? Please answer the question in the same format as the example. End with 'So the answer is [answer]'.",Bryan's child's enemy,Elizabeth,"Imagine there are six people: Amber, Bryan, Christina, Dana, Elizabeth and Felicia. They have the following relationships to each other:\n\n\nAmber's enemy = Elizabeth  Amber's friend = Christina  Amber's parent = Bryan          Bryan's child = Amber          \nBryan's enemy = Christina  Bryan's friend = Felicia    Dana's parent = Felicia         Christina's child = Elizabeth  \nChristina's enemy = Bryan  Christina's friend = Amber  Elizabeth's parent = Christina  Felicia's child = Dana         \nDana's enemy = Felicia     Dana's friend = Elizabeth   \nElizabeth's enemy = Amber  Elizabeth's friend = Dana   \nFelicia's enemy = Dana     Felicia's friend = Bryan    \n\nHere is how to figure out the answer to the following question:\nWho is Amber's parent?\n\nHere are the steps to arrive at the answer:\n1. Amber's parent = Bryan\n\nSo the answer is Bryan\n\nNow answer the following question:\nWho is Bryan's child's enemy? Please answer the question in the same format as the example. End with 'So the answer is [answer]'. \n\n## Step 1: Identify Bryan's child.\nBryan's child = Amber\n\n## Step 2: Identify Amber's enemy.\nAmber's enemy = Elizabeth\n\n## Step 3: Combine the information from steps 1 and 2 to determine Bryan's child's enemy.\nBryan's child's enemy = Elizabeth\n\nSo the answer is Elizabeth.",11.605166673660278,meta-llama/Llama-3.3-70B-Instruct,2025-03-30 16:55:14
english,extensional,3,L,0_L_ff4,"Imagine there are six people: Amber, Bryan, Christina, Dana, Elizabeth and Felicia. They have the following relationships to each other:\n\n\nAmber's enemy = Elizabeth  Amber's friend = Christina  Amber's parent = Bryan          Bryan's child = Amber          \nBryan's enemy = Christina  Bryan's friend = Felicia    Dana's parent = Felicia         Christina's child = Elizabeth  \nChristina's enemy = Bryan  Christina's friend = Amber  Elizabeth's parent = Christina  Felicia's child = Dana         \nDana's enemy = Felicia     Dana's friend = Elizabeth   \nElizabeth's enemy = Amber  Elizabeth's friend = Dana   \nFelicia's enemy = Dana     Felicia's friend = Bryan    \n\nHere is how to figure out the answer to the following question:\nWho is Amber's parent?\n\nHere are the steps to arrive at the answer:\n1. Amber's parent = Bryan\n\nSo the answer is Bryan\n\nNow answer the following question:\nWho is Elizabeth's friend's friend? Please answer the question in the same format as the example. End with 'So the answer is [answer]'.",Elizabeth's friend's friend,Elizabeth,"Imagine there are six people: Amber, Bryan, Christina, Dana, Elizabeth and Felicia. They have the following relationships to each other:\n\n\nAmber's enemy = Elizabeth  Amber's friend = Christina  Amber's parent = Bryan          Bryan's child = Amber          \nBryan's enemy = Christina  Bryan's friend = Felicia    Dana's parent = Felicia         Christina's child = Elizabeth  \nChristina's enemy = Bryan  Christina's friend = Amber  Elizabeth's parent = Christina  Felicia's child = Dana         \nDana's enemy = Felicia     Dana's friend = Elizabeth   \nElizabeth's enemy = Amber  Elizabeth's friend = Dana   \nFelicia's enemy = Dana     Felicia's friend = Bryan    \n\nHere is how to figure out the answer to the following question:\nWho is Amber's parent?\n\nHere are the steps to arrive at the answer:\n1. Amber's parent = Bryan\n\nSo the answer is Bryan\n\nNow answer the following question:\nWho is Elizabeth's friend's friend? Please answer the question in the same format as the example. End with 'So the answer is [answer]'. \n\n## Step 1: Identify Elizabeth's friend\nElizabeth's friend = Dana\n\n## Step 2: Identify Dana's friend\nDana's friend = Elizabeth\n\n## Step 3: Identify Elizabeth's friend\nElizabeth's friend = Dana\n\n## Step 4: Since Elizabeth's friend is Dana, we need to find Dana's friend\nDana's friend = Elizabeth\n\n## Step 5: Since Dana's friend is Elizabeth, we need to find Elizabeth's friend\nElizabeth's friend = Dana\n\n## Step 6: Since Elizabeth's friend is Dana, we need to find Dana's friend\nDana's friend = Elizabeth\n\n## Step 7: Since Dana's friend is Elizabeth, we need to find Elizabeth's friend\nElizabeth's friend = Dana\n\n## Step 8: Since Elizabeth's friend is Dana, we need to find Dana's friend\nDana's friend = Elizabeth\n\n## Step 9: Since Dana's friend is Elizabeth, we need to find Elizabeth's friend\nElizabeth's friend = Dana\n\n## Step 10: Since Elizabeth's friend is Dana, we need to find Dana's friend\nDana's friend = Elizabeth\n\n## Step 11: Since Elizabeth's friend is Dana    we need to find Dana's friend\nDana's friend = Elizabeth\n\n## Step 12: Since Elizabeth's friend is Dana    we need to find Dana's friend\nDana's friend = Elizabeth\n\n## Step 13: Since Elizabeth's friend is Dana    we need to find Dana's friend\nDana's friend = Elizabeth\n\n## Step 14: Since Elizabeth's friend is Dana    we need to find Dana's friend\nDana's friend = Elizabeth\n\n## Step 15: Since Elizabeth's friend is Dana    we need to find Dana's friend\nDana's friend = Elizabeth\n\n## Step 16: Since Elizabeth's friend is Dana    we need to find Dana's friend\nDana's friend = Elizabeth\n\n## Step 17: Since Elizabeth's friend is Dana    we need to find Dana's friend\nDana's friend = Elizabeth\n\n## Step 18: Since Elizabeth's friend is Dana    we need to find Dana's friend\nDana's friend = Elizabeth\n\n## Step 19: Since Elizabeth's friend is Dana    we need to find Dana's friend\nDana's friend = Elizabeth\n\n## Step 20: Since Elizabeth's friend is Dana    we need to find Dana's friend\nDana's friend = Elizabeth\n\n## Step 21: Since Elizabeth's friend is Dana    we need to find Dana's friend\nDana's friend = Elizabeth\n\n## Step 22: Since Elizabeth's friend is Dana    we need to find Dana's friend\nDana's friend = Elizabeth\n\n## Step 23: Since Elizabeth's friend is Dana    we need to find Dana's friend\nDana's friend = Elizabeth\n\n## Step 24: Since Elizabeth's friend is Dana    we need to find Dana's friend\nDana's friend = Elizabeth\n\n## Step 25: Since Elizabeth's friend is Dana    we need to find Dana's friend\nDana's friend = Elizabeth\n\n## Step 26: Since Elizabeth's friend is Dana    we need to find Dana's friend\nDana's friend = Elizabeth\n\n## Step 27: Since Elizabeth's friend is Dana    we need to find Dana's friend\nDana's friend = Elizabeth\n\n## Step 28: Since Elizabeth's friend is Dana    we need to find Dana's friend\nDana's friend = Elizabeth\n\n## Step    29: Since Elizabeth's friend is Dana    we need to find Dana's friend\nDana's friend = Elizabeth\n\n## Step    30: Since Elizabeth's friend is Dana    we need to find Dana's friend\nDana",137.22174382209778,meta-llama/Llama-3.3-70B-Instruct,2025-03-30 16:57:32
english,extensional,3,L,0_L_ef4,"Imagine there are six people: Amber, Bryan, Christina, Dana, Elizabeth and Felicia. They have the following relationships to each other:\n\n\nAmber's enemy = Elizabeth  Amber's friend = Christina  Amber's parent = Bryan          Bryan's child = Amber          \nBryan's enemy = Christina  Bryan's friend = Felicia    Dana's parent = Felicia         Christina's child = Elizabeth  \nChristina's enemy = Bryan  Christina's friend = Amber  Elizabeth's parent = Christina  Felicia's child = Dana         \nDana's enemy = Felicia     Dana's friend = Elizabeth   \nElizabeth's enemy = Amber  Elizabeth's friend = Dana   \nFelicia's enemy = Dana     Felicia's friend = Bryan    \n\nHere is how to figure out the answer to the following question:\nWho is Amber's parent?\n\nHere are the steps to arrive at the answer:\n1. Amber's parent = Bryan\n\nSo the answer is Bryan\n\nNow answer the following question:\nWho is Elizabeth's friend's enemy? Please answer the question in the same format as the example. End with 'So the answer is [answer]'.",Elizabeth's friend's enemy,Felicia,"Imagine there are six people: Amber, Bryan, Christina, Dana, Elizabeth and Felicia. They have the following relationships to each other:\n\n\nAmber's enemy = Elizabeth  Amber's friend = Christina  Amber's parent = Bryan          Bryan's child = Amber          \nBryan's enemy = Christina  Bryan's friend = Felicia    Dana's parent = Felicia         Christina's child = Elizabeth  \nChristina's enemy = Bryan  Christina's friend = Amber  Elizabeth's parent = Christina  Felicia's child = Dana         \nDana's enemy = Felicia     Dana's friend = Elizabeth   \nElizabeth's enemy = Amber  Elizabeth's friend = Dana   \nFelicia's enemy = Dana     Felicia's friend = Bryan    \n\nHere is how to figure out the answer to the following question:\nWho is Amber's parent?\n\nHere are the steps to arrive at the answer:\n1. Amber's parent = Bryan\n\nSo the answer is Bryan\n\nNow answer the following question:\nWho is Elizabeth's friend's enemy? Please answer the question in the same format as the example. End with 'So the answer is [answer]'. \n\n## Step 1: Identify Elizabeth's friend\nElizabeth's friend = Dana\n\n## Step 2: Identify Elizabeth's friend's enemy\nDana's enemy = Felicia\n\nSo the answer is Felicia.",7.194845914840698,meta-llama/Llama-3.3-70B-Instruct,2025-03-30 16:57:39
english,extensional,3,L,0_L_pf4,"Imagine there are six people: Amber, Bryan, Christina, Dana, Elizabeth and Felicia. They have the following relationships to each other:\n\n\nAmber's enemy = Elizabeth  Amber's friend = Christina  Amber's parent = Bryan          Bryan's child = Amber          \nBryan's enemy = Christina  Bryan's friend = Felicia    Dana's parent = Felicia         Christina's child = Elizabeth  \nChristina's enemy = Bryan  Christina's friend = Amber  Elizabeth's parent = Christina  Felicia's child = Dana         \nDana's enemy = Felicia     Dana's friend = Elizabeth   \nElizabeth's enemy = Amber  Elizabeth's friend = Dana   \nFelicia's enemy = Dana     Felicia's friend = Bryan    \n\nHere is how to figure out the answer to the following question:\nWho is Amber's parent?\n\nHere are the steps to arrive at the answer:\n1. Amber's parent = Bryan\n\nSo the answer is Bryan\n\nNow answer the following question:\nWho is Elizabeth's friend's parent? Please answer the question in the same format as the example. End with 'So the answer is [answer]'.",Elizabeth's friend's parent,Felicia,"Imagine there are six people: Amber, Bryan, Christina, Dana, Elizabeth and Felicia. They have the following relationships to each other:\n\n\nAmber's enemy = Elizabeth  Amber's friend = Christina  Amber's parent = Bryan          Bryan's child = Amber          \nBryan's enemy = Christina  Bryan's friend = Felicia    Dana's parent = Felicia         Christina's child = Elizabeth  \nChristina's enemy = Bryan  Christina's friend = Amber  Elizabeth's parent = Christina  Felicia's child = Dana         \nDana's enemy = Felicia     Dana's friend = Elizabeth   \nElizabeth's enemy = Amber  Elizabeth's friend = Dana   \nFelicia's enemy = Dana     Felicia's friend = Bryan    \n\nHere is how to figure out the answer to the following question:\nWho is Amber's parent?\n\nHere are the steps to arrive at the answer:\n1. Amber's parent = Bryan\n\nSo the answer is Bryan\n\nNow answer the following question:\nWho is Elizabeth's friend's parent? Please answer the question in the same format as the example. End with 'So the answer is [answer]'. \n\n## Step 1: Identify Elizabeth's friend\nElizabeth's friend = Dana\n\n## Step 2: Identify Dana's parent\nDana's parent = Felicia\n\n## Step 3: Determine Elizabeth's friend's parent\nElizabeth's friend's parent = Felicia\n\nSo the answer is Felicia.",10.157140731811523,meta-llama/Llama-3.3-70B-Instruct,2025-03-30 16:57:49
english,extensional,3,L,0_L_fe4,"Imagine there are six people: Amber, Bryan, Christina, Dana, Elizabeth and Felicia. They have the following relationships to each other:\n\n\nAmber's enemy = Elizabeth  Amber's friend = Christina  Amber's parent = Bryan          Bryan's child = Amber          \nBryan's enemy = Christina  Bryan's friend = Felicia    Dana's parent = Felicia         Christina's child = Elizabeth  \nChristina's enemy = Bryan  Christina's friend = Amber  Elizabeth's parent = Christina  Felicia's child = Dana         \nDana's enemy = Felicia     Dana's friend = Elizabeth   \nElizabeth's enemy = Amber  Elizabeth's friend = Dana   \nFelicia's enemy = Dana     Felicia's friend = Bryan    \n\nHere is how to figure out the answer to the following question:\nWho is Amber's parent?\n\nHere are the steps to arrive at the answer:\n1. Amber's parent = Bryan\n\nSo the answer is Bryan\n\nNow answer the following question:\nWho is Elizabeth's enemy's friend? Please answer the question in the same format as the example. End with 'So the answer is [answer]'.",Elizabeth's enemy's friend,Christina,"Imagine there are six people: Amber, Bryan, Christina, Dana, Elizabeth and Felicia. They have the following relationships to each other:\n\n\nAmber's enemy = Elizabeth  Amber's friend = Christina  Amber's parent = Bryan          Bryan's child = Amber          \nBryan's enemy = Christina  Bryan's friend = Felicia    Dana's parent = Felicia         Christina's child = Elizabeth  \nChristina's enemy = Bryan  Christina's friend = Amber  Elizabeth's parent = Christina  Felicia's child = Dana         \nDana's enemy = Felicia     Dana's friend = Elizabeth   \nElizabeth's enemy = Amber  Elizabeth's friend = Dana   \nFelicia's enemy = Dana     Felicia's friend = Bryan    \n\nHere is how to figure out the answer to the following question:\nWho is Amber's parent?\n\nHere are the steps to arrive at the answer:\n1. Amber's parent = Bryan\n\nSo the answer is Bryan\n\nNow answer the following question:\nWho is Elizabeth's enemy's friend? Please answer the question in the same format as the example. End with 'So the answer is [answer]'. \n\n## Step 1: Identify Elizabeth's enemy\nElizabeth's enemy = Amber\n\n## Step 2: Identify Amber's friend\nAmber's friend = Christina\n\n## Step 3: Determine Elizabeth's enemy's friend\nElizabeth's enemy's friend = Christina\n\nSo the answer is Christina.",9.76907205581665,meta-llama/Llama-3.3-70B-Instruct,2025-03-30 16:57:59
english,extensional,3,L,0_L_ee4,"Imagine there are six people: Amber, Bryan, Christina, Dana, Elizabeth and Felicia. They have the following relationships to each other:\n\n\nAmber's enemy = Elizabeth  Amber's friend = Christina  Amber's parent = Bryan          Bryan's child = Amber          \nBryan's enemy = Christina  Bryan's friend = Felicia    Dana's parent = Felicia         Christina's child = Elizabeth  \nChristina's enemy = Bryan  Christina's friend = Amber  Elizabeth's parent = Christina  Felicia's child = Dana         \nDana's enemy = Felicia     Dana's friend = Elizabeth   \nElizabeth's enemy = Amber  Elizabeth's friend = Dana   \nFelicia's enemy = Dana     Felicia's friend = Bryan    \n\nHere is how to figure out the answer to the following question:\nWho is Amber's parent?\n\nHere are the steps to arrive at the answer:\n1. Amber's parent = Bryan\n\nSo the answer is Bryan\n\nNow answer the following question:\nWho is Elizabeth's enemy's enemy? Please answer the question in the same format as the example. End with 'So the answer is [answer]'.",Elizabeth's enemy's enemy,Elizabeth,"Imagine there are six people: Amber, Bryan, Christina, Dana, Elizabeth and Felicia. They have the following relationships to each other:\n\n\nAmber's enemy = Elizabeth  Amber's friend = Christina  Amber's parent = Bryan          Bryan's child = Amber          \nBryan's enemy = Christina  Bryan's friend = Felicia    Dana's parent = Felicia         Christina's child = Elizabeth  \nChristina's enemy = Bryan  Christina's friend = Amber  Elizabeth's parent = Christina  Felicia's child = Dana         \nDana's enemy = Felicia     Dana's friend = Elizabeth   \nElizabeth's enemy = Amber  Elizabeth's friend = Dana   \nFelicia's enemy = Dana     Felicia's friend = Bryan    \n\nHere is how to figure out the answer to the following question:\nWho is Amber's parent?\n\nHere are the steps to arrive at the answer:\n1. Amber's parent = Bryan\n\nSo the answer is Bryan\n\nNow answer the following question:\nWho is Elizabeth's enemy's enemy? Please answer the question in the same format as the example. End with 'So the answer is [answer]'. \n\n## Step 1: Identify Elizabeth's enemy\nElizabeth's enemy = Amber\n\n## Step 2: Identify Amber's enemy\nAmber's enemy = Elizabeth\n\n## Step 3: Since Amber's enemy is Elizabeth, we need to find Elizabeth's enemy to get Elizabeth's enemy's enemy\nElizabeth's enemy = Amber\n\nSo the answer is Amber.",11.929874658584595,meta-llama/Llama-3.3-70B-Instruct,2025-03-30 16:58:11
english,extensional,3,L,0_L_fp4,"Imagine there are six people: Amber, Bryan, Christina, Dana, Elizabeth and Felicia. They have the following relationships to each other:\n\n\nAmber's enemy = Elizabeth  Amber's friend = Christina  Amber's parent = Bryan          Bryan's child = Amber          \nBryan's enemy = Christina  Bryan's friend = Felicia    Dana's parent = Felicia         Christina's child = Elizabeth  \nChristina's enemy = Bryan  Christina's friend = Amber  Elizabeth's parent = Christina  Felicia's child = Dana         \nDana's enemy = Felicia     Dana's friend = Elizabeth   \nElizabeth's enemy = Amber  Elizabeth's friend = Dana   \nFelicia's enemy = Dana     Felicia's friend = Bryan    \n\nHere is how to figure out the answer to the following question:\nWho is Amber's parent?\n\nHere are the steps to arrive at the answer:\n1. Amber's parent = Bryan\n\nSo the answer is Bryan\n\nNow answer the following question:\nWho is Elizabeth's parent's friend? Please answer the question in the same format as the example. End with 'So the answer is [answer]'.",Elizabeth's parent's friend,Amber,"Imagine there are six people: Amber, Bryan, Christina, Dana, Elizabeth and Felicia. They have the following relationships to each other:\n\n\nAmber's enemy = Elizabeth  Amber's friend = Christina  Amber's parent = Bryan          Bryan's child = Amber          \nBryan's enemy = Christina  Bryan's friend = Felicia    Dana's parent = Felicia         Christina's child = Elizabeth  \nChristina's enemy = Bryan  Christina's friend = Amber  Elizabeth's parent = Christina  Felicia's child = Dana         \nDana's enemy = Felicia     Dana's friend = Elizabeth   \nElizabeth's enemy = Amber  Elizabeth's friend = Dana   \nFelicia's enemy = Dana     Felicia's friend = Bryan    \n\nHere is how to figure out the answer to the following question:\nWho is Amber's parent?\n\nHere are the steps to arrive at the answer:\n1. Amber's parent = Bryan\n\nSo the answer is Bryan\n\nNow answer the following question:\nWho is Elizabeth's parent's friend? Please answer the question in the same format as the example. End with 'So the answer is [answer]'. \n\n## Step 1: Identify Elizabeth's parent\nElizabeth's parent = Christina\n\n## Step 2: Identify Christina's friend\nChristina's friend = Amber\n\n## Step 3: Now we can determine Elizabeth's parent's friend\nElizabeth's parent's friend = Amber\n\nSo the answer is Amber.",10.157556295394897,meta-llama/Llama-3.3-70B-Instruct,2025-03-30 16:58:21
