Representation,Approach,Complexity,Branching,Prompt,Question,Correct_Answer,Model_Answer,Duration,Model,Timestamp
english,extensional,2,R,"Imagine there are six people: Amanda, Brenda, Calvin, David, Edward and Faith. They have the following relationships to each other:\n\n\nthe enemy of Amanda = Edward	the friend of Amanda = Brenda	the parent of Amanda = Brenda	the child of Brenda = Amanda\nthe enemy of Brenda = David	the friend of Brenda = Amanda	the parent of Calvin = David	the child of David = Calvin\nthe enemy of Calvin = Faith	thce friend of Calvin = Edward	the parent of Faith = Edward	the child of Edward = Faith\nthe enemy of David = Brenda	the friend of David = Faith\nthe enemy of Edward = Amanda	the friend of Edward = Calvin\nthe enemy of Faith = Calvin	the friend of Faith = David\n\nHere is how to figure out the answer to the following question:\nWho is the friend of the parent of Calvin?\n\nHere are the steps to arrive at the answer:\n1. the parent of Calvin = David\n2. the friend of David = Faith\n\nSo the answer is Faith\n\nNow answer the following question:\nWho is the child of the friend of Amanda?",the child of the friend of Amanda,Amanda,{ \n\n},333000000.0,llama3.2:1b,2025-03-06 14:09:18
english,extensional,2,R,"Imagine there are six people: Amanda, Brenda, Calvin, David, Edward and Faith. They have the following relationships to each other:\n\n\nthe enemy of Amanda = Edward	the friend of Amanda = Brenda	the parent of Amanda = Brenda	the child of Brenda = Amanda\nthe enemy of Brenda = David	the friend of Brenda = Amanda	the parent of Calvin = David	the child of David = Calvin\nthe enemy of Calvin = Faith	the friend of Calvin = Edward	the parent of Faith = Edward	the child of Edward = Faith\nthe enemy of David = Brenda	the friend of David = Faith\nthe enemy of Edward = Amanda	the friend of Edward = Calvin\nthe enemy of Faith = Calvin	the friend of Faith = David\n\nHere is how to figure out the answer to the following question:\nWho is the friend of the parent of Calvin?\n\nHere are the steps to arrive at the answer:\n1. the parent of Calvin = David\n2. the friend of David = Faith\n\nSo the answer is Faith\n\nNow answer the following question:\nWho is the friend of the friend of Brenda?",the friend of the friend of Brenda,Brenda,{ \n\n},213000000.0,llama3.2:1b,2025-03-06 14:09:20
english,extensional,2,R,"Imagine there are six people: Amanda, Brenda, Calvin, David, Edward and Faith. They have the following relationships to each other:\n\n\nthe enemy of Amanda = Edward	the friend of Amanda = Brenda	the parent of Amanda = Brenda	the child of Brenda = Amanda\nthe enemy of Brenda = David	the friend of Brenda = Amanda	the parent of Calvin = David	the child of David = Calvin\nthe enemy of Calvin = Faith	the friend of Calvin = Edward	the parent of Faith = Edward	the child of Edward = Faith\nthe enemy of David = Brenda	the friend of David = Faith\nthe enemy of Edward = Amanda	the friend of Edward = Calvin\nthe enemy of Faith = Calvin	the friend of Faith = David\n\nHere is how to figure out the answer to the following question:\nWho is the friend of the parent of Calvin?\n\nHere are the steps to arrive at the answer:\n1. the parent of Calvin = David\n2. the friend of David = Faith\n\nSo the answer is Faith\n\nNow answer the following question:\nWho is the friend of the parent of Amanda?",the friend of the parent of Amanda,Amanda,{} \n \n\n  ,393000000.0,llama3.2:1b,2025-03-06 14:09:21
english,extensional,2,R,"Imagine there are six people: Amanda, Brenda, Calvin, David, Edward and Faith. They have the following relationships to each other:\n\n\nthe enemy of Amanda = Edward	the friend of Amanda = Brenda	the parent of Amanda = Brenda	the child of Brenda = Amanda\nthe enemy of Brenda = David	the friend of Brenda = Amanda	the parent of Calvin = David	the child of David = Calvin\nthe enemy of Calvin = Faith	the friend of Calvin = Edward	the parent of Faith = Edward	the child of Edward = Faith\nthe enemy of David = Brenda	the friend of David = Faith\nthe enemy of Edward = Amanda	the friend of Edward = Calvin\nthe enemy of Faith = Calvin	the friend of Faith = David\n\nHere is how to figure out the answer to the following question:\nWho is the friend of the parent of Calvin?\n\nHere are the steps to arrive at the answer:\n1. the parent of Calvin = David\n2. the friend of David = Faith\n\nSo the answer is Faith\n\nNow answer the following question:\nWho is the friend of the enemy of Amanda?",the friend of the enemy of Amanda,Calvin,"{ \n  ""Amanda"": [""Brenda"", ""Faith""],\n  ""Brenda"": [""David"", ""Amanda""],\n  ""David"": [""Faith"", ""Brenda""],\n  ""Edward"": [""Calvin"", ""Amanda""],\n  ""Faith"": [""Calvin"", ""Edward""]\n}",3904000000.0,llama3.2:1b,2025-03-06 14:09:25
english,extensional,2,R,"Imagine there are six people: Amanda, Brenda, Calvin, David, Edward and Faith. They have the following relationships to each other:\n\n\nthe enemy of Amanda = Edward	the friend of Amanda = Brenda	the parent of Amanda = Brenda	the child of Brenda = Amanda\nthe enemy of Brenda = David	the friend of Brenda = Amanda	the parent of Calvin = David	the child of David = Calvin\nthe enemy of Calvin = Faith	the friend of Calvin = Edward	the parent of Faith = Edward	the child of Edward = Faith\nthe enemy of David = Brenda	the friend of David = Faith\nthe enemy of Edward = Amanda	the friend of Edward = Calvin\nthe enemy of Faith = Calvin	the friend of Faith = David\n\nHere is how to figure out the answer to the following question:\nWho is the friend of the parent of Calvin?\n\nHere are the steps to arrive at the answer:\n1. the parent of Calvin = David\n2. the friend of David = Faith\n\nSo the answer is Faith\n\nNow answer the following question:\nWho is the friend of the friend of Calvin?",the friend of the friend of Calvin,Calvin,{}\n\n \n\n \n\n \n\n \n\n \n\n \n\n \n\n \n\n \n\n \n\n \n\n \n\n \n\n \n\n \n\n \n\n \n\n \n\n \n\n \n\n \n\n \n\n \n\n \n\n \n\n \n\n \n\n \n\n \n\n \n\n \n\n,,llama3.2:1b,2025-03-06 14:09:27
english,extensional,2,R,"Imagine there are six people: Amanda, Brenda, Calvin, David, Edward and Faith. They have the following relationships to each other:\n\n\nthe enemy of Amanda = Edward	the friend of Amanda = Brenda	the parent of Amanda = Brenda	the child of Brenda = Amanda\nthe enemy of Brenda = David	the friend of Brenda = Amanda	the parent of Calvin = David	the child of David = Calvin\nthe enemy of Calvin = Faith	the friend of Calvin = Edward	the parent of Faith = Edward	the child of Edward = Faith\nthe enemy of David = Brenda	the friend of David = Faith\nthe enemy of Edward = Amanda	the friend of Edward = Calvin\nthe enemy of Faith = Calvin	the friend of Faith = David\n\nHere is how to figure out the answer to the following question:\nWho is the friend of the parent of Calvin?\n\nHere are the steps to arrive at the answer:\n1. the parent of Calvin = David\n2. the friend of David = Faith\n\nSo the answer is Faith\n\nNow answer the following question:\nWho is the friend of the child of Brenda?",the friend of the child of Brenda,Brenda,{}\n\n \n\n \n\n \n\n \n\n \n\n \n\n \n\n \n\n \n\n \n\n \n\n \n\n \n\n \n\n \n\n \n\n \n\n \n\n \n\n \n\n \n\n \n\n \n\n \n\n \n\n \n\n \n\n \n\n \n\n \n\n \n\n,,llama3.2:1b,2025-03-06 14:09:29
english,extensional,2,R,"Imagine there are six people: Amanda, Brenda, Calvin, David, Edward and Faith. They have the following relationships to each other:\n\n\nthe enemy of Amanda = Edward	the friend of Amanda = Brenda	the parent of Amanda = Brenda	the child of Brenda = Amanda\nthe enemy of Brenda = David	the friend of Brenda = Amanda	the parent of Calvin = David	the child of David = Calvin\nthe enemy of Calvin = Faith	the friend of Calvin = Edward	the parent of Faith = Edward	the child of Edward = Faith\nthe enemy of David = Brenda	the friend of David = Faith\nthe enemy of Edward = Amanda	the friend of Edward = Calvin\nthe enemy of Faith = Calvin	the friend of Faith = David\n\nHere is how to figure out the answer to the following question:\nWho is the friend of the parent of Calvin?\n\nHere are the steps to arrive at the answer:\n1. the parent of Calvin = David\n2. the friend of David = Faith\n\nSo the answer is Faith\n\nNow answer the following question:\nWho is the child of the enemy of David?",the child of the enemy of David,Amanda,{}\n\n \n\n \n\n \n\n \n\n \n\n \n\n \n\n \n\n \n\n \n\n \n\n \n\n \n\n \n\n \n\n \n\n \n\n \n\n \n\n \n\n \n\n \n\n \n\n \n\n \n\n \n\n \n\n \n\n \n\n \n\n \n\n,,llama3.2:1b,2025-03-06 14:09:31
english,extensional,2,R,"Imagine there are six people: Amanda, Brenda, Calvin, David, Edward and Faith. They have the following relationships to each other:\n\n\nthe enemy of Amanda = Edward	the friend of Amanda = Brenda	the parent of Amanda = Brenda	the child of Brenda = Amanda\nthe enemy of Brenda = David	the friend of Brenda = Amanda	the parent of Calvin = David	the child of David = Calvin\nthe enemy of Calvin = Faith	the friend of Calvin = Edward	the parent of Faith = Edward	the child of Edward = Faith\nthe enemy of David = Brenda	the friend of David = Faith\nthe enemy of Edward = Amanda	the friend of Edward = Calvin\nthe enemy of Faith = Calvin	the friend of Faith = David\n\nHere is how to figure out the answer to the following question:\nWho is the friend of the parent of Calvin?\n\nHere are the steps to arrive at the answer:\n1. the parent of Calvin = David\n2. the friend of David = Faith\n\nSo the answer is Faith\n\nNow answer the following question:\nWho is the enemy of the enemy of David?",the enemy of the enemy of David,David,{ \n\n  }\n\n  \n\n\n  \n\n\n\n\n\n \n\n\n\n \n  \n\n\n\n\n\n  \n\n\n\n \n\n \n ,1588000000.0,llama3.2:1b,2025-03-06 14:09:33
english,extensional,2,R,"Imagine there are six people: Amanda, Brenda, Calvin, David, Edward and Faith. They have the following relationships to each other:\n\n\nthe enemy of Amanda = Edward	the friend of Amanda = Brenda	the parent of Amanda = Brenda	the child of Brenda = Amanda\nthe enemy of Brenda = David	the friend of Brenda = Amanda	the parent of Calvin = David	the child of David = Calvin\nthe enemy of Calvin = Faith	the friend of Calvin = Edward	the parent of Faith = Edward	the child of Edward = Faith\nthe enemy of David = Brenda	the friend of David = Faith\nthe enemy of Edward = Amanda	the friend of Edward = Calvin\nthe enemy of Faith = Calvin	the friend of Faith = David\n\nHere is how to figure out the answer to the following question:\nWho is the friend of the parent of Calvin?\n\nHere are the steps to arrive at the answer:\n1. the parent of Calvin = David\n2. the friend of David = Faith\n\nSo the answer is Faith\n\nNow answer the following question:\nWho is the parent of the friend of Brenda?",the parent of the friend of Brenda,Brenda,{}\n\n \n\n \n\n \n\n \n\n \n\n \n\n \n\n \n\n \n\n \n\n \n\n \n\n \n\n \n\n \n\n \n\n \n\n \n\n \n\n \n\n \n\n \n\n \n\n \n\n \n\n \n\n \n\n \n\n \n\n,1556000000.0,llama3.2:1b,2025-03-06 14:09:35
english,extensional,2,R,"Imagine there are six people: Amanda, Brenda, Calvin, David, Edward and Faith. They have the following relationships to each other:\n\n\nthe enemy of Amanda = Edward	the friend of Amanda = Brenda	the parent of Amanda = Brenda	the child of Brenda = Amanda\nthe enemy of Brenda = David	the friend of Brenda = Amanda	the parent of Calvin = David	the child of David = Calvin\nthe enemy of Calvin = Faith	the friend of Calvin = Edward	the parent of Faith = Edward	the child of Edward = Faith\nthe enemy of David = Brenda	the friend of David = Faith\nthe enemy of Edward = Amanda	the friend of Edward = Calvin\nthe enemy of Faith = Calvin	the friend of Faith = David\n\nHere is how to figure out the answer to the following question:\nWho is the friend of the parent of Calvin?\n\nHere are the steps to arrive at the answer:\n1. the parent of Calvin = David\n2. the friend of David = Faith\n\nSo the answer is Faith\n\nNow answer the following question:\nWho is the enemy of the enemy of Amanda?",the enemy of the enemy of Amanda,Amanda,{}\n\n\n\n\n\n\n\n\n\n\n\n\n\n\n\n \n\n \n\n \n\n \n\n \n\n \n\n \n\n\n \n\n \n\n \n\n \n\n \n\n,842000000.0,llama3.2:1b,2025-03-06 14:09:36
english,extensional,2,R,"Imagine there are six people: Amanda, Brenda, Calvin, David, Edward and Faith. They have the following relationships to each other:\n\n\nthe enemy of Amanda = Edward	the friend of Amanda = Brenda	the parent of Amanda = Brenda	the child of Brenda = Amanda\nthe enemy of Brenda = David	the friend of Brenda = Amanda	the parent of Calvin = David	the child of David = Calvin\nthe enemy of Calvin = Faith	the friend of Calvin = Edward	the parent of Faith = Edward	the child of Edward = Faith\nthe enemy of David = Brenda	the friend of David = Faith\nthe enemy of Edward = Amanda	the friend of Edward = Calvin\nthe enemy of Faith = Calvin	the friend of Faith = David\n\nHere is how to figure out the answer to the following question:\nWho is the friend of the parent of Calvin?\n\nHere are the steps to arrive at the answer:\n1. the parent of Calvin = David\n2. the friend of David = Faith\n\nSo the answer is Faith\n\nNow answer the following question:\nWho is the child of the parent of Faith?",the child of the parent of Faith,Faith,{},71000000.0,llama3.2:1b,2025-03-06 14:09:37
english,extensional,2,R,"Imagine there are six people: Amanda, Brenda, Calvin, David, Edward and Faith. They have the following relationships to each other:\n\n\nthe enemy of Amanda = Edward	the friend of Amanda = Brenda	the parent of Amanda = Brenda	the child of Brenda = Amanda\nthe enemy of Brenda = David	the friend of Brenda = Amanda	the parent of Calvin = David	the child of David = Calvin\nthe enemy of Calvin = Faith	the friend of Calvin = Edward	the parent of Faith = Edward	the child of Edward = Faith\nthe enemy of David = Brenda	the friend of David = Faith\nthe enemy of Edward = Amanda	the friend of Edward = Calvin\nthe enemy of Faith = Calvin	the friend of Faith = David\n\nHere is how to figure out the answer to the following question:\nWho is the friend of the parent of Calvin?\n\nHere are the steps to arrive at the answer:\n1. the parent of Calvin = David\n2. the friend of David = Faith\n\nSo the answer is Faith\n\nNow answer the following question:\nWho is the enemy of the enemy of Faith?",the enemy of the enemy of Faith,Faith,{} \n\n \n  ,455000000.0,llama3.2:1b,2025-03-06 14:09:38
english,extensional,2,R,"Imagine there are six people: Amanda, Brenda, Calvin, David, Edward and Faith. They have the following relationships to each other:\n\n\nthe enemy of Amanda = Edward	the friend of Amanda = Brenda	the parent of Amanda = Brenda	the child of Brenda = Amanda\nthe enemy of Brenda = David	the friend of Brenda = Amanda	the parent of Calvin = David	the child of David = Calvin\nthe enemy of Calvin = Faith	the friend of Calvin = Edward	the parent of Faith = Edward	the child of Edward = Faith\nthe enemy of David = Brenda	the friend of David = Faith\nthe enemy of Edward = Amanda	the friend of Edward = Calvin\nthe enemy of Faith = Calvin	the friend of Faith = David\n\nHere is how to figure out the answer to the following question:\nWho is the friend of the parent of Calvin?\n\nHere are the steps to arrive at the answer:\n1. the parent of Calvin = David\n2. the friend of David = Faith\n\nSo the answer is Faith\n\nNow answer the following question:\nWho is the child of the enemy of Brenda?",the child of the enemy of Brenda,Calvin,{}\n\n\n\n\n \n\n \n\n \n\n \n\n \n\n \n\n \n\n \n\n \n\n \n\n\n \n\n \n\n \n\n \n\n \n\n \n\n \n\n \n\n \n\n \n\n \n\n,1540000000.0,llama3.2:1b,2025-03-06 14:09:40
english,extensional,2,R,"Imagine there are six people: Amanda, Brenda, Calvin, David, Edward and Faith. They have the following relationships to each other:\n\n\nthe enemy of Amanda = Edward	the friend of Amanda = Brenda	the parent of Amanda = Brenda	the child of Brenda = Amanda\nthe enemy of Brenda = David	the friend of Brenda = Amanda	the parent of Calvin = David	the child of David = Calvin\nthe enemy of Calvin = Faith	the friend of Calvin = Edward	the parent of Faith = Edward	the child of Edward = Faith\nthe enemy of David = Brenda	the friend of David = Faith\nthe enemy of Edward = Amanda	the friend of Edward = Calvin\nthe enemy of Faith = Calvin	the friend of Faith = David\n\nHere is how to figure out the answer to the following question:\nWho is the friend of the parent of Calvin?\n\nHere are the steps to arrive at the answer:\n1. the parent of Calvin = David\n2. the friend of David = Faith\n\nSo the answer is Faith\n\nNow answer the following question:\nWho is the friend of the enemy of Edward?",the friend of the enemy of Edward,Brenda,{ \n\n}\n\n \n\n  \n\n\n\n\n\n\n\n \n\n \n\n \n\n \n\n \n\n ,925000000.0,llama3.2:1b,2025-03-06 14:09:41
english,extensional,2,R,"Imagine there are six people: Amanda, Brenda, Calvin, David, Edward and Faith. They have the following relationships to each other:\n\n\nthe enemy of Amanda = Edward	the friend of Amanda = Brenda	the parent of Amanda = Brenda	the child of Brenda = Amanda\nthe enemy of Brenda = David	the friend of Brenda = Amanda	the parent of Calvin = David	the child of David = Calvin\nthe enemy of Calvin = Faith	the friend of Calvin = Edward	the parent of Faith = Edward	the child of Edward = Faith\nthe enemy of David = Brenda	the friend of David = Faith\nthe enemy of Edward = Amanda	the friend of Edward = Calvin\nthe enemy of Faith = Calvin	the friend of Faith = David\n\nHere is how to figure out the answer to the following question:\nWho is the friend of the parent of Calvin?\n\nHere are the steps to arrive at the answer:\n1. the parent of Calvin = David\n2. the friend of David = Faith\n\nSo the answer is Faith\n\nNow answer the following question:\nWho is the friend of the enemy of Faith?",the friend of the enemy of Faith,Edward,{ \n\n}\n\n \n\n \n\n \n\n \n\n \n\n \n\n \n\n \n\n \n\n \n\n \n\n \n\n \n\n \n\n \n\n \n\n \n\n \n\n \n\n \n\n \n\n \n\n \n\n \n\n \n\n \n\n \n\n \n\n \n\n \n\n \n\n,,llama3.2:1b,2025-03-06 14:09:43
english,extensional,2,R,"Imagine there are six people: Amanda, Brenda, Calvin, David, Edward and Faith. They have the following relationships to each other:\n\n\nthe enemy of Amanda = Edward	the friend of Amanda = Brenda	the parent of Amanda = Brenda	the child of Brenda = Amanda\nthe enemy of Brenda = David	the friend of Brenda = Amanda	the parent of Calvin = David	the child of David = Calvin\nthe enemy of Calvin = Faith	the friend of Calvin = Edward	the parent of Faith = Edward	the child of Edward = Faith\nthe enemy of David = Brenda	the friend of David = Faith\nthe enemy of Edward = Amanda	the friend of Edward = Calvin\nthe enemy of Faith = Calvin	the friend of Faith = David\n\nHere is how to figure out the answer to the following question:\nWho is the friend of the parent of Calvin?\n\nHere are the steps to arrive at the answer:\n1. the parent of Calvin = David\n2. the friend of David = Faith\n\nSo the answer is Faith\n\nNow answer the following question:\nWho is the enemy of the parent of Faith?",the enemy of the parent of Faith,Amanda,{} \n\n \n\n \n\n \n\n \n\n \n \n\n \n\n \n\n \n\n \n\n \n\n \n\n \n\n \n\n \n\n \n\n \n\n \n\n \n\n \n\n \n\n \n\n \n\n \n\n \n\n \n\n \n\n \n\n \n\n \n\n,,llama3.2:1b,2025-03-06 14:09:45
english,extensional,2,R,"Imagine there are six people: Amanda, Brenda, Calvin, David, Edward and Faith. They have the following relationships to each other:\n\n\nthe enemy of Amanda = Edward	the friend of Amanda = Brenda	the parent of Amanda = Brenda	the child of Brenda = Amanda\nthe enemy of Brenda = David	the friend of Brenda = Amanda	the parent of Calvin = David	the child of David = Calvin\nthe enemy of Calvin = Faith	the friend of Calvin = Edward	the parent of Faith = Edward	the child of Edward = Faith\nthe enemy of David = Brenda	the friend of David = Faith\nthe enemy of Edward = Amanda	the friend of Edward = Calvin\nthe enemy of Faith = Calvin	the friend of Faith = David\n\nHere is how to figure out the answer to the following question:\nWho is the friend of the parent of Calvin?\n\nHere are the steps to arrive at the answer:\n1. the parent of Calvin = David\n2. the friend of David = Faith\n\nSo the answer is Faith\n\nNow answer the following question:\nWho is the parent of the enemy of Calvin?",the parent of the enemy of Calvin,Edward,"{ \n  ""Amanda"": [""Brenda"", ""Faith""],\n  ""Brenda"": [""Amanda"", ""David"", ""Calvin""],\n  ""Calvin"": [""Brenda"", ""David"", ""Edward""],\n  ""David"": [""Brenda"", ""Faith"", ""Calvin""],\n  ""Edward"": [""Brenda"", ""Calvin"", ""Faith""],\n  ""Faith"": []\n} \n\n \n\n \n\n \n\n \n\n \n\n \n\n \n\n \n\n \n\n \n\n \n\n \n\n \n\n \n\n \n\n \n\n \n\n \n\n \n\n \n\n \n\n \n\n \n\n \n\n \n\n \n\n \n\n \n\n \n\n \n\n",,llama3.2:1b,2025-03-06 14:09:52
english,extensional,2,R,"Imagine there are six people: Amanda, Brenda, Calvin, David, Edward and Faith. They have the following relationships to each other:\n\n\nthe enemy of Amanda = Edward	the friend of Amanda = Brenda	the parent of Amanda = Brenda	the child of Brenda = Amanda\nthe enemy of Brenda = David	the friend of Brenda = Amanda	the parent of Calvin = David	the child of David = Calvin\nthe enemy of Calvin = Faith	the friend of Calvin = Edward	the parent of Faith = Edward	the child of Edward = Faith\nthe enemy of David = Brenda	the friend of David = Faith\nthe enemy of Edward = Amanda	the friend of Edward = Calvin\nthe enemy of Faith = Calvin	the friend of Faith = David\n\nHere is how to figure out the answer to the following question:\nWho is the friend of the parent of Calvin?\n\nHere are the steps to arrive at the answer:\n1. the parent of Calvin = David\n2. the friend of David = Faith\n\nSo the answer is Faith\n\nNow answer the following question:\nWho is the enemy of the enemy of Edward?",the enemy of the enemy of Edward,Edward,{} \n \n  ,422000000.0,llama3.2:1b,2025-03-06 14:09:53
english,extensional,2,R,"Imagine there are six people: Amanda, Brenda, Calvin, David, Edward and Faith. They have the following relationships to each other:\n\n\nthe enemy of Amanda = Edward	the friend of Amanda = Brenda	the parent of Amanda = Brenda	the child of Brenda = Amanda\nthe enemy of Brenda = David	the friend of Brenda = Amanda	the parent of Calvin = David	the child of David = Calvin\nthe enemy of Calvin = Faith	the friend of Calvin = Edward	the parent of Faith = Edward	the child of Edward = Faith\nthe enemy of David = Brenda	the friend of David = Faith\nthe enemy of Edward = Amanda	the friend of Edward = Calvin\nthe enemy of Faith = Calvin	the friend of Faith = David\n\nHere is how to figure out the answer to the following question:\nWho is the friend of the parent of Calvin?\n\nHere are the steps to arrive at the answer:\n1. the parent of Calvin = David\n2. the friend of David = Faith\n\nSo the answer is Faith\n\nNow answer the following question:\nWho is the enemy of the friend of Amanda?",the enemy of the friend of Amanda,David,{}\n\n\n\n\n\n\n\n\n \n\n \n\n \n\n \n\n \n\n \n\n \n\n \n\n \n\n \n\n \n\n \n\n \n\n \n\n \n\n \n\n \n\n \n\n \n\n \n\n \n\n \n\n \n\n \n\n \n\n,1639000000.0,llama3.2:1b,2025-03-06 14:09:55
english,extensional,2,R,"Imagine there are six people: Amanda, Brenda, Calvin, David, Edward and Faith. They have the following relationships to each other:\n\n\nthe enemy of Amanda = Edward	the friend of Amanda = Brenda	the parent of Amanda = Brenda	the child of Brenda = Amanda\nthe enemy of Brenda = David	the friend of Brenda = Amanda	the parent of Calvin = David	the child of David = Calvin\nthe enemy of Calvin = Faith	the friend of Calvin = Edward	the parent of Faith = Edward	the child of Edward = Faith\nthe enemy of David = Brenda	the friend of David = Faith\nthe enemy of Edward = Amanda	the friend of Edward = Calvin\nthe enemy of Faith = Calvin	the friend of Faith = David\n\nHere is how to figure out the answer to the following question:\nWho is the friend of the parent of Calvin?\n\nHere are the steps to arrive at the answer:\n1. the parent of Calvin = David\n2. the friend of David = Faith\n\nSo the answer is Faith\n\nNow answer the following question:\nWho is the enemy of the parent of Amanda?",the enemy of the parent of Amanda,David,{ \n\n},237000000.0,llama3.2:1b,2025-03-06 14:09:56
english,extensional,2,R,"Imagine there are six people: Amanda, Brenda, Calvin, David, Edward and Faith. They have the following relationships to each other:\n\n\nthe enemy of Amanda = Edward	the friend of Amanda = Brenda	the parent of Amanda = Brenda	the child of Brenda = Amanda\nthe enemy of Brenda = David	the friend of Brenda = Amanda	the parent of Calvin = David	the child of David = Calvin\nthe enemy of Calvin = Faith	the friend of Calvin = Edward	the parent of Faith = Edward	the child of Edward = Faith\nthe enemy of David = Brenda	the friend of David = Faith\nthe enemy of Edward = Amanda	the friend of Edward = Calvin\nthe enemy of Faith = Calvin	the friend of Faith = David\n\nHere is how to figure out the answer to the following question:\nWho is the friend of the parent of Calvin?\n\nHere are the steps to arrive at the answer:\n1. the parent of Calvin = David\n2. the friend of David = Faith\n\nSo the answer is Faith\n\nNow answer the following question:\nWho is the friend of the parent of Faith?",the friend of the parent of Faith,Calvin,"{ \n\n  ""For each person, list all the people they are friends with and see who those people are (this will be used to find the friends)""\n\n  :""Brenda""  ,"":Amanda""\n  : ""Brenda"","":Edward""\n  :""David"","":Faith""\n  :""Calvin"","":Edward""\n  : ""Amanda""\n\n  ,""Amanda""\n  : ""Edward"",""Faith""\n  : ""Calvin""\n\n  ,"""" \n  : """" \n\n  ,""Calvin""  \n  : ""Edward"",""Faith""\n  :\n\n  1.8,    \n    ""The parent of Calvin = David""\n    : """","":David""\n    : """","":Brenda""\n    : """","":Amanda""\n\n  :""David""\n  ,"","":""Faith""\n  ,"":Brenda"" \n\n  :""Edward""\n  ,"","":""Calvin"",""Faith""\n  :\n\n  1.8,    \n    ""The friend of Edward = Calvin""\n    : ""Calvin"",""Edward""\n    : """","":Faith""\n\n  :\n\n  2.6,    \n    "":Amanda""\n    :\n    ""Brenda"" \n    ,"":Faith""\n    :\n\n  1.9,    \n    "":David""\n    :\n    """" \n    ,"":Brenda"" \n\n  :""Faith""\n  ,"","":""Calvin"",""Edward""\n\n  :"""" \n\n  ,""Amanda""\n  : ""Edward"",""Faith""\n\n  : ""Calvin"",""David""  \n\n  :\n\n  1.9,    \n    "":Brenda""\n    :\n    ""David"" \n    ,"":Faith"" \n\n  :""Edward""\n  ,"","":""Faith"",""David""   \n  :\n\n  2.6,    \n    "":Amanda""\n    : ""Edward"",""Calvin""\n\n  :\n\n  1.9,    \n    "":Brenda""\n    :\n    "":Amanda"" \n    ,"":Faith"" \n\n  :""Faith""\n  ,"","":""David"",""Calvin""   \n  :\n\n  2.6,    \n    "":Brenda""\n    : ""Edward"" \n\n  ,""Edward""\n  : """","":Calvin""\n  : """","":Faith""\n\n     : """" \n  ,""Amanda""\n  :\n  1.8,    \n    ""{David,Amanda}""\n\n  :\n\n  2.6,    \n    "":Brenda""\n    : ""Amanda"" \n\n  ,"""" \n\n  : """" \n  ,"""" \n\n  :\n\n  1.9,    \n    "":Faith""\n    : ""Calvin"",""Edward""\n\n  :\n\n  2.6,    \n    "":Brenda""\n    : ""Edward""  \n\n   ,"":David"" \n\n  :\n\n  2.7,    \n    "":Amanda""\n    :\n    ""Edward"" \n    ,"":Faith""  \n  :\n\n  3.1,    \n    ""{Calvin,David,EthandEdward,Faith,Amanda,Brenda}""\n\n  :\n\n  4.6,    \n    "":Brenda""\n    : ""Faith"",""Amanda""\n\n  :\n  5.8 ,    \n    ""{Calvin,EthaAdmndre,Faith,Amanda,BrendaeFaith} ""\n  :\n\n  1.9,    \n    ""{David,Brenda,Amanda,Calvin,EthandFaith}""\n\n  : """" \n  ,"""" \n\n     : """" \n  ,""Faith""\n  :\n  3.1,    \n    "":Amanda""\n    :\n    ""Edward""  \n\n  ,\n\n  "":Brenda""\n  :\n\n  4.6,    \n    ""{Calvin,EthaAdmndre,Faith,Amanda,BrendaeFaith} ""\n  :\n\n  2.7 ,    \n    "":Amanda""\n    : ""Faith""\n\n   ,\n   ""David""  \n \n  :""Edward"" \n\n  ,"""" \n\n\n     : """" \n  ,""Calvin""\n  :\n  3.1,    \n    "":Amanda""\n    :\n\n  2.7,    \n    "":Brenda""\n    :\n    ""Faith""\n\n}",53791000000.0,llama3.2:1b,2025-03-06 14:10:50
english,extensional,2,R,"Imagine there are six people: Amanda, Brenda, Calvin, David, Edward and Faith. They have the following relationships to each other:\n\n\nthe enemy of Amanda = Edward	the friend of Amanda = Brenda	the parent of Amanda = Brenda	the child of Brenda = Amanda\nthe enemy of Brenda = David	the friend of Brenda = Amanda	the parent of Calvin = David	the child of David = Calvin\nthe enemy of Calvin = Faith	the friend of Calvin = Edward	the parent of Faith = Edward	the child of Edward = Faith\nthe enemy of David = Brenda	the friend of David = Faith\nthe enemy of Edward = Amanda	the friend of Edward = Calvin\nthe enemy of Faith = Calvin	the friend of Faith = David\n\nHere is how to figure out the answer to the following question:\nWho is the friend of the parent of Calvin?\n\nHere are the steps to arrive at the answer:\n1. the parent of Calvin = David\n2. the friend of David = Faith\n\nSo the answer is Faith\n\nNow answer the following question:\nWho is the enemy of the enemy of Brenda?",the enemy of the enemy of Brenda,Brenda,{} \n\n \n  ,359000000.0,llama3.2:1b,2025-03-06 14:10:51
english,extensional,2,R,"Imagine there are six people: Amanda, Brenda, Calvin, David, Edward and Faith. They have the following relationships to each other:\n\n\nthe enemy of Amanda = Edward	the friend of Amanda = Brenda	the parent of Amanda = Brenda	the child of Brenda = Amanda\nthe enemy of Brenda = David	the friend of Brenda = Amanda	the parent of Calvin = David	the child of David = Calvin\nthe enemy of Calvin = Faith	the friend of Calvin = Edward	the parent of Faith = Edward	the child of Edward = Faith\nthe enemy of David = Brenda	the friend of David = Faith\nthe enemy of Edward = Amanda	the friend of Edward = Calvin\nthe enemy of Faith = Calvin	the friend of Faith = David\n\nHere is how to figure out the answer to the following question:\nWho is the friend of the parent of Calvin?\n\nHere are the steps to arrive at the answer:\n1. the parent of Calvin = David\n2. the friend of David = Faith\n\nSo the answer is Faith\n\nNow answer the following question:\nWho is the enemy of the friend of Edward?",the enemy of the friend of Edward,Faith,"{ \n  ""Amanda"": [""Brenda""],\n  ""Brenda"": [""Amanda"", ""David"", ""Faith"", ""Calvin""],\n  ""Calvin"": [""Brenda"", ""David"", ""Edward""],\n  ""David"": [""Brenda"", ""Faith""],\n  ""Edward"": [""Faith"", ""Calvin""]\n}",4134000000.0,llama3.2:1b,2025-03-06 14:10:55
english,extensional,2,R,"Imagine there are six people: Amanda, Brenda, Calvin, David, Edward and Faith. They have the following relationships to each other:\n\n\nthe enemy of Amanda = Edward	the friend of Amanda = Brenda	the parent of Amanda = Brenda	the child of Brenda = Amanda\nthe enemy of Brenda = David	the friend of Brenda = Amanda	the parent of Calvin = David	the child of David = Calvin\nthe enemy of Calvin = Faith	the friend of Calvin = Edward	the parent of Faith = Edward	the child of Edward = Faith\nthe enemy of David = Brenda	the friend of David = Faith\nthe enemy of Edward = Amanda	the friend of Edward = Calvin\nthe enemy of Faith = Calvin	the friend of Faith = David\n\nHere is how to figure out the answer to the following question:\nWho is the friend of the parent of Calvin?\n\nHere are the steps to arrive at the answer:\n1. the parent of Calvin = David\n2. the friend of David = Faith\n\nSo the answer is Faith\n\nNow answer the following question:\nWho is the enemy of the friend of Brenda?",the enemy of the friend of Brenda,Edward,{} \n\n \n  ,344000000.0,llama3.2:1b,2025-03-06 14:10:56
english,extensional,2,R,"Imagine there are six people: Amanda, Brenda, Calvin, David, Edward and Faith. They have the following relationships to each other:\n\n\nthe enemy of Amanda = Edward	the friend of Amanda = Brenda	the parent of Amanda = Brenda	the child of Brenda = Amanda\nthe enemy of Brenda = David	the friend of Brenda = Amanda	the parent of Calvin = David	the child of David = Calvin\nthe enemy of Calvin = Faith	the friend of Calvin = Edward	the parent of Faith = Edward	the child of Edward = Faith\nthe enemy of David = Brenda	the friend of David = Faith\nthe enemy of Edward = Amanda	the friend of Edward = Calvin\nthe enemy of Faith = Calvin	the friend of Faith = David\n\nHere is how to figure out the answer to the following question:\nWho is the friend of the parent of Calvin?\n\nHere are the steps to arrive at the answer:\n1. the parent of Calvin = David\n2. the friend of David = Faith\n\nSo the answer is Faith\n\nNow answer the following question:\nWho is the friend of the friend of Amanda?",the friend of the friend of Amanda,Amanda,"{ \n  ""a"": [""Brenda"", ""Faith"", ""David""],\n  ""b"": [""Amanda"", ""Edward"", ""Calvin""]\n}",2157000000.0,llama3.2:1b,2025-03-06 14:10:58
english,extensional,2,R,"Imagine there are six people: Amanda, Brenda, Calvin, David, Edward and Faith. They have the following relationships to each other:\n\n\nthe enemy of Amanda = Edward	the friend of Amanda = Brenda	the parent of Amanda = Brenda	the child of Brenda = Amanda\nthe enemy of Brenda = David	the friend of Brenda = Amanda	the parent of Calvin = David	the child of David = Calvin\nthe enemy of Calvin = Faith	the friend of Calvin = Edward	the parent of Faith = Edward	the child of Edward = Faith\nthe enemy of David = Brenda	the friend of David = Faith\nthe enemy of Edward = Amanda	the friend of Edward = Calvin\nthe enemy of Faith = Calvin	the friend of Faith = David\n\nHere is how to figure out the answer to the following question:\nWho is the friend of the parent of Calvin?\n\nHere are the steps to arrive at the answer:\n1. the parent of Calvin = David\n2. the friend of David = Faith\n\nSo the answer is Faith\n\nNow answer the following question:\nWho is the enemy of the child of David?",the enemy of the child of David,Faith,{ \n\n}\n\n \n\n \n\n \n\n \n\n \n\n \n\n \n\n \n\n \n\n \n\n \n\n \n\n \n\n \n\n \n\n \n\n \n\n \n\n \n\n \n\n \n\n \n\n \n\n \n\n \n\n \n\n \n\n \n\n \n\n \n\n \n\n,,llama3.2:1b,2025-03-06 14:11:01
english,extensional,2,R,"Imagine there are six people: Amanda, Brenda, Calvin, David, Edward and Faith. They have the following relationships to each other:\n\n\nthe enemy of Amanda = Edward	the friend of Amanda = Brenda	the parent of Amanda = Brenda	the child of Brenda = Amanda\nthe enemy of Brenda = David	the friend of Brenda = Amanda	the parent of Calvin = David	the child of David = Calvin\nthe enemy of Calvin = Faith	the friend of Calvin = Edward	the parent of Faith = Edward	the child of Edward = Faith\nthe enemy of David = Brenda	the friend of David = Faith\nthe enemy of Edward = Amanda	the friend of Edward = Calvin\nthe enemy of Faith = Calvin	the friend of Faith = David\n\nHere is how to figure out the answer to the following question:\nWho is the friend of the parent of Calvin?\n\nHere are the steps to arrive at the answer:\n1. the parent of Calvin = David\n2. the friend of David = Faith\n\nSo the answer is Faith\n\nNow answer the following question:\nWho is the enemy of the child of Edward?",the enemy of the child of Edward,Calvin,{ \n\n  }\n\n  \n\n\n\n\n\n\n\n  \n\n\n\n\n\n\n\n\n\n\n\n\n\n\n\n\n\n\n  \n\n\n\n\n\n  \n\n\n\n\n\n      \n\n\n\n\n  \n\n\n       \n\n\n\n     \n\n\n\n\n\n\n\n    \n\n\n\n   \n\n\n\n\n\n\n\n\n\n\n\n\n\n\n\n\n\n\n\n\n\n\n\n\n\n\n\n\n\n\n\n\n \n\n\n \n\n\n,,llama3.2:1b,2025-03-06 14:11:03
english,extensional,2,R,"Imagine there are six people: Amanda, Brenda, Calvin, David, Edward and Faith. They have the following relationships to each other:\n\n\nthe enemy of Amanda = Edward	the friend of Amanda = Brenda	the parent of Amanda = Brenda	the child of Brenda = Amanda\nthe enemy of Brenda = David	the friend of Brenda = Amanda	the parent of Calvin = David	the child of David = Calvin\nthe enemy of Calvin = Faith	the friend of Calvin = Edward	the parent of Faith = Edward	the child of Edward = Faith\nthe enemy of David = Brenda	the friend of David = Faith\nthe enemy of Edward = Amanda	the friend of Edward = Calvin\nthe enemy of Faith = Calvin	the friend of Faith = David\n\nHere is how to figure out the answer to the following question:\nWho is the friend of the parent of Calvin?\n\nHere are the steps to arrive at the answer:\n1. the parent of Calvin = David\n2. the friend of David = Faith\n\nSo the answer is Faith\n\nNow answer the following question:\nWho is the child of the friend of Calvin?",the child of the friend of Calvin,Faith,{ \n\n  }\n\n \n\n \n\n \n\n \n\n \n\n \n\n\n \n\n \n\n \n\n \n\n \n\n\n \n\n,1010000000.0,llama3.2:1b,2025-03-06 14:11:05
english,extensional,2,R,"Imagine there are six people: Amanda, Brenda, Calvin, David, Edward and Faith. They have the following relationships to each other:\n\n\nthe enemy of Amanda = Edward	the friend of Amanda = Brenda	the parent of Amanda = Brenda	the child of Brenda = Amanda\nthe enemy of Brenda = David	the friend of Brenda = Amanda	the parent of Calvin = David	the child of David = Calvin\nthe enemy of Calvin = Faith	the friend of Calvin = Edward	the parent of Faith = Edward	the child of Edward = Faith\nthe enemy of David = Brenda	the friend of David = Faith\nthe enemy of Edward = Amanda	the friend of Edward = Calvin\nthe enemy of Faith = Calvin	the friend of Faith = David\n\nHere is how to figure out the answer to the following question:\nWho is the friend of the parent of Calvin?\n\nHere are the steps to arrive at the answer:\n1. the parent of Calvin = David\n2. the friend of David = Faith\n\nSo the answer is Faith\n\nNow answer the following question:\nWho is the parent of the child of Brenda?",the parent of the child of Brenda,Brenda,{\n\n \n\n  \n        \n     \n        \n       \n\n\n   \n\n\n   \n\n\n\n    \n         \n\n\n\n\n     \n\n\n     \n        \n\n\n      \n\n\n   \n\n\n      \n\n\n\n\n         \n\n\n     \n\n\n  \n\n,,llama3.2:1b,2025-03-06 14:11:07
english,extensional,2,R,"Imagine there are six people: Amanda, Brenda, Calvin, David, Edward and Faith. They have the following relationships to each other:\n\n\nthe enemy of Amanda = Edward	the friend of Amanda = Brenda	the parent of Amanda = Brenda	the child of Brenda = Amanda\nthe enemy of Brenda = David	the friend of Brenda = Amanda	the parent of Calvin = David	the child of David = Calvin\nthe enemy of Calvin = Faith	the friend of Calvin = Edward	the parent of Faith = Edward	the child of Edward = Faith\nthe enemy of David = Brenda	the friend of David = Faith\nthe enemy of Edward = Amanda	the friend of Edward = Calvin\nthe enemy of Faith = Calvin	the friend of Faith = David\n\nHere is how to figure out the answer to the following question:\nWho is the friend of the parent of Calvin?\n\nHere are the steps to arrive at the answer:\n1. the parent of Calvin = David\n2. the friend of David = Faith\n\nSo the answer is Faith\n\nNow answer the following question:\nWho is the enemy of the friend of Calvin?",the enemy of the friend of Calvin,Amanda,{} \n\n  					\n      			\n       \n      			\n       \n      			\n       \n      			\n       \n       \n\n\n \n    \n\n\n\n\n\n  						\n  ,,llama3.2:1b,2025-03-06 14:11:10
english,extensional,2,R,"Imagine there are six people: Amanda, Brenda, Calvin, David, Edward and Faith. They have the following relationships to each other:\n\n\nthe enemy of Amanda = Edward	the friend of Amanda = Brenda	the parent of Amanda = Brenda	the child of Brenda = Amanda\nthe enemy of Brenda = David	the friend of Brenda = Amanda	the parent of Calvin = David	the child of David = Calvin\nthe enemy of Calvin = Faith	the friend of Calvin = Edward	the parent of Faith = Edward	the child of Edward = Faith\nthe enemy of David = Brenda	the friend of David = Faith\nthe enemy of Edward = Amanda	the friend of Edward = Calvin\nthe enemy of Faith = Calvin	the friend of Faith = David\n\nHere is how to figure out the answer to the following question:\nWho is the friend of the parent of Calvin?\n\nHere are the steps to arrive at the answer:\n1. the parent of Calvin = David\n2. the friend of David = Faith\n\nSo the answer is Faith\n\nNow answer the following question:\nWho is the child of the enemy of Amanda?",the child of the enemy of Amanda,Faith,"{ \n     ""A""  : { \n        ""B"" : [],  \n        ""D"" : [1] ,   ""F"" : []\n    },\n    ""B"" : { \n        ""E"" : [],\n        ""M"" : [],\n        ""C"" : [2]\n    },\n    ""C"" : {},\n    ""D"" : [3],\n    ""E"" : [4, 5],\n    ""F"" : [6]\n}\n\n \n\n \n\n \n\n \n\n\n \n    \n        \n        \n\n\n\n\n\n \n\n \n\n \n\n \n\n \n\n \n\n \n\n \n\n \n\n\n\n\n \n    \n        \n        \n \n    \n        \n        \n \n   ",,llama3.2:1b,2025-03-06 14:11:18
english,extensional,2,R,"Imagine there are six people: Amanda, Brenda, Calvin, David, Edward and Faith. They have the following relationships to each other:\n\n\nthe enemy of Amanda = Edward	the friend of Amanda = Brenda	the parent of Amanda = Brenda	the child of Brenda = Amanda\nthe enemy of Brenda = David	the friend of Brenda = Amanda	the parent of Calvin = David	the child of David = Calvin\nthe enemy of Calvin = Faith	the friend of Calvin = Edward	the parent of Faith = Edward	the child of Edward = Faith\nthe enemy of David = Brenda	the friend of David = Faith\nthe enemy of Edward = Amanda	the friend of Edward = Calvin\nthe enemy of Faith = Calvin	the friend of Faith = David\n\nHere is how to figure out the answer to the following question:\nWho is the friend of the parent of Calvin?\n\nHere are the steps to arrive at the answer:\n1. the parent of Calvin = David\n2. the friend of David = Faith\n\nSo the answer is Faith\n\nNow answer the following question:\nWho is the parent of the child of Edward?",the parent of the child of Edward,Edward,{},92000000.0,llama3.2:1b,2025-03-06 14:11:19
english,extensional,2,R,"Imagine there are six people: Amanda, Brenda, Calvin, David, Edward and Faith. They have the following relationships to each other:\n\n\nthe enemy of Amanda = Edward	the friend of Amanda = Brenda	the parent of Amanda = Brenda	the child of Brenda = Amanda\nthe enemy of Brenda = David	the friend of Brenda = Amanda	the parent of Calvin = David	the child of David = Calvin\nthe enemy of Calvin = Faith	the friend of Calvin = Edward	the parent of Faith = Edward	the child of Edward = Faith\nthe enemy of David = Brenda	the friend of David = Faith\nthe enemy of Edward = Amanda	the friend of Edward = Calvin\nthe enemy of Faith = Calvin	the friend of Faith = David\n\nHere is how to figure out the answer to the following question:\nWho is the friend of the parent of Calvin?\n\nHere are the steps to arrive at the answer:\n1. the parent of Calvin = David\n2. the friend of David = Faith\n\nSo the answer is Faith\n\nNow answer the following question:\nWho is the enemy of the child of Brenda?",the enemy of the child of Brenda,Edward,{ \n\n   } \n     \n        \n        \n        \n       \n\n\n\n\n\n\n\n\n\n\n \n        \n\n\n\n\n   \n\n\n  \n\n\n\n\n     \n\n\n\n\n\n \n\n\n\n\n\n \n\n \n       \n\n\n \n\n\n     \n  \n\n  \n   \n   \n   \n,,llama3.2:1b,2025-03-06 14:11:21
english,extensional,2,R,"Imagine there are six people: Amanda, Brenda, Calvin, David, Edward and Faith. They have the following relationships to each other:\n\n\nthe enemy of Amanda = Edward	the friend of Amanda = Brenda	the parent of Amanda = Brenda	the child of Brenda = Amanda\nthe enemy of Brenda = David	the friend of Brenda = Amanda	the parent of Calvin = David	the child of David = Calvin\nthe enemy of Calvin = Faith	the friend of Calvin = Edward	the parent of Faith = Edward	the child of Edward = Faith\nthe enemy of David = Brenda	the friend of David = Faith\nthe enemy of Edward = Amanda	the friend of Edward = Calvin\nthe enemy of Faith = Calvin	the friend of Faith = David\n\nHere is how to figure out the answer to the following question:\nWho is the friend of the parent of Calvin?\n\nHere are the steps to arrive at the answer:\n1. the parent of Calvin = David\n2. the friend of David = Faith\n\nSo the answer is Faith\n\nNow answer the following question:\nWho is the enemy of the friend of Faith?",the enemy of the friend of Faith,Brenda,{ \n\n},203000000.0,llama3.2:1b,2025-03-06 14:11:22
english,extensional,2,R,"Imagine there are six people: Amanda, Brenda, Calvin, David, Edward and Faith. They have the following relationships to each other:\n\n\nthe enemy of Amanda = Edward	the friend of Amanda = Brenda	the parent of Amanda = Brenda	the child of Brenda = Amanda\nthe enemy of Brenda = David	the friend of Brenda = Amanda	the parent of Calvin = David	the child of David = Calvin\nthe enemy of Calvin = Faith	the friend of Calvin = Edward	the parent of Faith = Edward	the child of Edward = Faith\nthe enemy of David = Brenda	the friend of David = Faith\nthe enemy of Edward = Amanda	the friend of Edward = Calvin\nthe enemy of Faith = Calvin	the friend of Faith = David\n\nHere is how to figure out the answer to the following question:\nWho is the friend of the parent of Calvin?\n\nHere are the steps to arrive at the answer:\n1. the parent of Calvin = David\n2. the friend of David = Faith\n\nSo the answer is Faith\n\nNow answer the following question:\nWho is the parent of the enemy of Edward?",the parent of the enemy of Edward,Brenda,{} \n\n \n  ,359000000.0,llama3.2:1b,2025-03-06 14:11:22
english,extensional,2,R,"Imagine there are six people: Amanda, Brenda, Calvin, David, Edward and Faith. They have the following relationships to each other:\n\n\nthe enemy of Amanda = Edward	the friend of Amanda = Brenda	the parent of Amanda = Brenda	the child of Brenda = Amanda\nthe enemy of Brenda = David	the friend of Brenda = Amanda	the parent of Calvin = David	the child of David = Calvin\nthe enemy of Calvin = Faith	the friend of Calvin = Edward	the parent of Faith = Edward	the child of Edward = Faith\nthe enemy of David = Brenda	the friend of David = Faith\nthe enemy of Edward = Amanda	the friend of Edward = Calvin\nthe enemy of Faith = Calvin	the friend of Faith = David\n\nHere is how to figure out the answer to the following question:\nWho is the friend of the parent of Calvin?\n\nHere are the steps to arrive at the answer:\n1. the parent of Calvin = David\n2. the friend of David = Faith\n\nSo the answer is Faith\n\nNow answer the following question:\nWho is the friend of the child of Edward?",the friend of the child of Edward,David,"{ \n\n  ""The enemy of Amanda = Edward""\n  :""the friend of Amanda = Brenda"" \n  ,""the parent of Amanda = Brenda""\n  \n  :""the enemy of Brenda = David""\n  ,""the friend of Brenda = Amanda""\n  :""# the parent of Calvin = David""\n  ,""the child of David = Calvin""\n\n  \n  :""the enemy of Calvin = Faith""\n  ,""the friend of Calvin = Edward""\n  :""# the parent of Faith = Edward""\n  ,""the child of Edward = Faith""\n\n  :""the enemy of David = Brenda""\n  ,""the friend of David = Faith""\n\n  :""# the enemy of Edward = Amanda""\n  ,""the friend of Edward = Calvin""\n  :""# the friend of Faith = David"" \n\n \n\n  ,""the parent of Calvin = David""\n  :""the child of David = Calvin""\n\n  ,""the enemy of Edward = Amanda""\n  :""the friend of Edward = Calvin""\n  ,""the father of Faith = Edward""\n\n\n \n  : ""the parent of Faith = Edward""\n  ,"": the friend of Faith = David"" \n\n\n  \n  : ""the enemy of Brenda = David"" \n  ,""the friend of Brenda = Amanda"" \n \n  : ""the enemy of Faith = Calvin""\n  ,""the friend of Faith = David""  \n\n\n  : ""the child of Edward = Faith""\n\n \n\n \n  ,""the parent of Calvin = David""\n  :""the child of David = Calvin""\n\n\n  \n  ,"": the friend of Calvin = Edward""\n  \n\n \n\n \n  : ""the enemy of Amanda = Edward""\n  ,""the friend of Amanda = Brenda"" \n \n  : ""the parent of Amanda = Brenda""\n  \n\n \n\n  \n  ,"": the friend of Edward = Calvin""  \n\n\n \n\n \n  : ""the enemy of David = Brenda"" \n  ,""the friend of David = Faith""\n\n \n\n \n  : ""the enemy of Edward = Amanda""\n  ,""the friend of Edward = Calvin""\n  :\n\n \n  "":""  ,"": ""  :  "": "" ,"":"":\n\n\n  { \n      ""a"" : [""b"", ""c""]  \n    , ""b"" : [""d""]    \n    , ""c"" : [""e""], \n    ""d"" : [""f""],\n    ""e"" : [], \n    ""f"" : []\n  } \n\n \n  ,""the parent of Calvin = David""\n  :""the child of David = Calvin""\n\n  ,"": the friend of Calvin = Edward""\n\n\n \n  \n  : ""the enemy of Amanda = Edward""\n  ,""the friend of Amanda = Brenda"" \n \n  : ""the parent of Amanda = Brenda""\n  \n\n  \n  ,"": the friend of Edward = Calvin""  \n\n\n \n  : ""the enemy of Faith = Calvin""\n  ,""the friend of Faith = David""\n\n\n \n\n \n  : ""the child of Edward = Faith""\n\n \n\n\n \n  ,""the enemy of Brenda = David"" \n  :""the friend of Brenda = Amanda"" \n \n  ,"": the parent of Amanda = Brenda"" \n \n  \n  : ""the enemy of Edward = Amanda""\n  ,""the friend of Edward = Calvin""\n\n\n \n\n \n  : ""the father of Faith = Edward""\n  \n\n\n \n\n\n \n  ,"": the child of David = Calvin""\n\n  \n\n\n \n\n\n \n  : ""the enemy of Amanda = Edward""\n  ,""the friend of Amanda = Brenda"" \n \n  : ""the parent of Amanda = Brenda""\n  \n  \n\n \n\n\n \n  ,"": the friend of Calvin = Edward""\n\n\n \n\n\n \n\n \n  : ""the enemy of Faith = Calvin""\n  ,""the friend of Calvin = David""\n\n  \n\n\n \n  : ""the enemy of Brenda = Faith"" \n  ,""the friend of Brenda = Faith""\n\n\n  \n\n\n \n  :""the child of Edward = Faith""\n  \n\n  ,"": the father of Faith = Edward"" \n\n\n \n\n  \n  \n\n\n \n\n  :\n\n  { \n    ""a"" : [""b"", ""c""],\n     ""b"" : [],\n     ""c"" : [], \n     ""d"" : [""f""],\n     ""e"" : [""d""],\n     ""f"" : []\n  } \n\n\n  ,""the parent of Calvin = David""\n  :""the child of David = Calvin""\n\n\n  ,"": the friend of Calvin = Edward""\n\n\n \n\n  \n\n  \n\n  \n  \n\n  \n\n\n  \n\n  \n\n  \n\n \n \n \n \n\n \n  :\n\n  { \n    ""a"" : [""b"", ""c""], \n     ""b"" : [], \n     ""c"" : [] \n   }\n\n \n\n\n \n\n \n\n \n\n \n\n \n\n \n\n \n\n \n\n \n\n \n\n \n\n \n\n \n\n \n\n \n\n \n\n \n\n \n\n \n\n \n\n \n\n \n\n \n\n \n\n \n\n \n\n\n\n\n\n \n\n \n\n \n\n",,llama3.2:1b,2025-03-06 14:12:22
english,extensional,2,R,"Imagine there are six people: Amanda, Brenda, Calvin, David, Edward and Faith. They have the following relationships to each other:\n\n\nthe enemy of Amanda = Edward	the friend of Amanda = Brenda	the parent of Amanda = Brenda	the child of Brenda = Amanda\nthe enemy of Brenda = David	the friend of Brenda = Amanda	the parent of Calvin = David	the child of David = Calvin\nthe enemy of Calvin = Faith	the friend of Calvin = Edward	the parent of Faith = Edward	the child of Edward = Faith\nthe enemy of David = Brenda	the friend of David = Faith\nthe enemy of Edward = Amanda	the friend of Edward = Calvin\nthe enemy of Faith = Calvin	the friend of Faith = David\n\nHere is how to figure out the answer to the following question:\nWho is the friend of the parent of Calvin?\n\nHere are the steps to arrive at the answer:\n1. the parent of Calvin = David\n2. the friend of David = Faith\n\nSo the answer is Faith\n\nNow answer the following question:\nWho is the child of the friend of Faith?",the child of the friend of Faith,Calvin,{} \n\n \n  ,353000000.0,llama3.2:1b,2025-03-06 14:12:22
english,extensional,2,R,"Imagine there are six people: Amanda, Brenda, Calvin, David, Edward and Faith. They have the following relationships to each other:\n\n\nthe enemy of Amanda = Edward	the friend of Amanda = Brenda	the parent of Amanda = Brenda	the child of Brenda = Amanda\nthe enemy of Brenda = David	the friend of Brenda = Amanda	the parent of Calvin = David	the child of David = Calvin\nthe enemy of Calvin = Faith	the friend of Calvin = Edward	the parent of Faith = Edward	the child of Edward = Faith\nthe enemy of David = Brenda	the friend of David = Faith\nthe enemy of Edward = Amanda	the friend of Edward = Calvin\nthe enemy of Faith = Calvin	the friend of Faith = David\n\nHere is how to figure out the answer to the following question:\nWho is the friend of the parent of Calvin?\n\nHere are the steps to arrive at the answer:\n1. the parent of Calvin = David\n2. the friend of David = Faith\n\nSo the answer is Faith\n\nNow answer the following question:\nWho is the enemy of the enemy of Calvin?",the enemy of the enemy of Calvin,Calvin,{},90000000.0,llama3.2:1b,2025-03-06 14:12:23
english,extensional,2,R,"Imagine there are six people: Amanda, Brenda, Calvin, David, Edward and Faith. They have the following relationships to each other:\n\n\nthe enemy of Amanda = Edward	the friend of Amanda = Brenda	the parent of Amanda = Brenda	the child of Brenda = Amanda\nthe enemy of Brenda = David	the friend of Brenda = Amanda	the parent of Calvin = David	the child of David = Calvin\nthe enemy of Calvin = Faith	the friend of Calvin = Edward	the parent of Faith = Edward	the child of Edward = Faith\nthe enemy of David = Brenda	the friend of David = Faith\nthe enemy of Edward = Amanda	the friend of Edward = Calvin\nthe enemy of Faith = Calvin	the friend of Faith = David\n\nHere is how to figure out the answer to the following question:\nWho is the friend of the parent of Calvin?\n\nHere are the steps to arrive at the answer:\n1. the parent of Calvin = David\n2. the friend of David = Faith\n\nSo the answer is Faith\n\nNow answer the following question:\nWho is the child of the parent of Amanda?",the child of the parent of Amanda,Amanda,{} ,189000000.0,llama3.2:1b,2025-03-06 14:12:24
english,extensional,2,R,"Imagine there are six people: Amanda, Brenda, Calvin, David, Edward and Faith. They have the following relationships to each other:\n\n\nthe enemy of Amanda = Edward	the friend of Amanda = Brenda	the parent of Amanda = Brenda	the child of Brenda = Amanda\nthe enemy of Brenda = David	the friend of Brenda = Amanda	the parent of Calvin = David	the child of David = Calvin\nthe enemy of Calvin = Faith	the friend of Calvin = Edward	the parent of Faith = Edward	the child of Edward = Faith\nthe enemy of David = Brenda	the friend of David = Faith\nthe enemy of Edward = Amanda	the friend of Edward = Calvin\nthe enemy of Faith = Calvin	the friend of Faith = David\n\nHere is how to figure out the answer to the following question:\nWho is the friend of the parent of Calvin?\n\nHere are the steps to arrive at the answer:\n1. the parent of Calvin = David\n2. the friend of David = Faith\n\nSo the answer is Faith\n\nNow answer the following question:\nWho is the friend of the friend of Edward?",the friend of the friend of Edward,Edward,{ \n\n}\n\n \n\n \n\n \n\n \n\n \n\n \n\n \n\n \n\n \n\n \n\n \n\n \n\n \n\n \n\n \n\n \n\n \n\n \n\n \n\n \n\n \n\n \n\n \n\n \n\n \n\n \n\n \n\n \n\n \n\n \n\n \n\n,,llama3.2:1b,2025-03-06 14:12:26
english,extensional,3,R,"Imagine there are six people: Amanda, Brenda, Calvin, David, Edward and Faith. They have the following relationships to each other:\n\n\nthe enemy of Amanda = Edward	the friend of Amanda = Brenda	the parent of Amanda = Brenda	the child of Brenda = Amanda\nthe enemy of Brenda = David	the friend of Brenda = Amanda	the parent of Calvin = David	the child of David = Calvin\nthe enemy of Calvin = Faith	the friend of Calvin = Edward	the parent of Faith = Edward	the child of Edward = Faith\nthe enemy of David = Brenda	the friend of David = Faith\nthe enemy of Edward = Amanda	the friend of Edward = Calvin\nthe enemy of Faith = Calvin	the friend of Faith = David\n\nHere is how to figure out the answer to the following question:\nWho is the friend of the parent of Calvin?\n\nHere are the steps to arrive at the answer:\n1. the parent of Calvin = David\n2. the friend of David = Faith\n\nSo the answer is Faith\n\nNow answer the following question:\nWho is the enemy of the parent of the child of Brenda?",the enemy of the parent of the child of Brenda,David,{} \n\n \n  \n    \n  			\n   \n   \n  \n  \n\n    \n   \n\n\n  			\n   \n   \n   \n \n\n\n\n\n\n  \n\n\n\n  			\n   \n   \n   \n,,llama3.2:1b,2025-03-06 14:12:29
english,extensional,3,R,"Imagine there are six people: Amanda, Brenda, Calvin, David, Edward and Faith. They have the following relationships to each other:\n\n\nthe enemy of Amanda = Edward	the friend of Amanda = Brenda	the parent of Amanda = Brenda	the child of Brenda = Amanda\nthe enemy of Brenda = David	the friend of Brenda = Amanda	the parent of Calvin = David	the child of David = Calvin\nthe enemy of Calvin = Faith	the friend of Calvin = Edward	the parent of Faith = Edward	the child of Edward = Faith\nthe enemy of David = Brenda	the friend of David = Faith\nthe enemy of Edward = Amanda	the friend of Edward = Calvin\nthe enemy of Faith = Calvin	the friend of Faith = David\n\nHere is how to figure out the answer to the following question:\nWho is the friend of the parent of Calvin?\n\nHere are the steps to arrive at the answer:\n1. the parent of Calvin = David\n2. the friend of David = Faith\n\nSo the answer is Faith\n\nNow answer the following question:\nWho is the enemy of the enemy of the child of Brenda?",the enemy of the enemy of the child of Brenda,Amanda,{ \n\n},256000000.0,llama3.2:1b,2025-03-06 14:12:29
english,extensional,3,R,"Imagine there are six people: Amanda, Brenda, Calvin, David, Edward and Faith. They have the following relationships to each other:\n\n\nthe enemy of Amanda = Edward	the friend of Amanda = Brenda	the parent of Amanda = Brenda	the child of Brenda = Amanda\nthe enemy of Brenda = David	the friend of Brenda = Amanda	the parent of Calvin = David	the child of David = Calvin\nthe enemy of Calvin = Faith	the friend of Calvin = Edward	the parent of Faith = Edward	the child of Edward = Faith\nthe enemy of David = Brenda	the friend of David = Faith\nthe enemy of Edward = Amanda	the friend of Edward = Calvin\nthe enemy of Faith = Calvin	the friend of Faith = David\n\nHere is how to figure out the answer to the following question:\nWho is the friend of the parent of Calvin?\n\nHere are the steps to arrive at the answer:\n1. the parent of Calvin = David\n2. the friend of David = Faith\n\nSo the answer is Faith\n\nNow answer the following question:\nWho is the friend of the child of the enemy of Amanda?",the friend of the child of the enemy of Amanda,David,{}  ,228000000.0,llama3.2:1b,2025-03-06 14:12:30
english,extensional,3,R,"Imagine there are six people: Amanda, Brenda, Calvin, David, Edward and Faith. They have the following relationships to each other:\n\n\nthe enemy of Amanda = Edward	the friend of Amanda = Brenda	the parent of Amanda = Brenda	the child of Brenda = Amanda\nthe enemy of Brenda = David	the friend of Brenda = Amanda	the parent of Calvin = David	the child of David = Calvin\nthe enemy of Calvin = Faith	the friend of Calvin = Edward	the parent of Faith = Edward	the child of Edward = Faith\nthe enemy of David = Brenda	the friend of David = Faith\nthe enemy of Edward = Amanda	the friend of Edward = Calvin\nthe enemy of Faith = Calvin	the friend of Faith = David\n\nHere is how to figure out the answer to the following question:\nWho is the friend of the parent of Calvin?\n\nHere are the steps to arrive at the answer:\n1. the parent of Calvin = David\n2. the friend of David = Faith\n\nSo the answer is Faith\n\nNow answer the following question:\nWho is the friend of the enemy of the enemy of Amanda?",the friend of the enemy of the enemy of Amanda,Brenda,{\n\n \n\n  \n\n\n \n  \n\n\n\n\n\n},766000000.0,llama3.2:1b,2025-03-06 14:12:31
english,extensional,3,R,"Imagine there are six people: Amanda, Brenda, Calvin, David, Edward and Faith. They have the following relationships to each other:\n\n\nthe enemy of Amanda = Edward	the friend of Amanda = Brenda	the parent of Amanda = Brenda	the child of Brenda = Amanda\nthe enemy of Brenda = David	the friend of Brenda = Amanda	the parent of Calvin = David	the child of David = Calvin\nthe enemy of Calvin = Faith	the friend of Calvin = Edward	the parent of Faith = Edward	the child of Edward = Faith\nthe enemy of David = Brenda	the friend of David = Faith\nthe enemy of Edward = Amanda	the friend of Edward = Calvin\nthe enemy of Faith = Calvin	the friend of Faith = David\n\nHere is how to figure out the answer to the following question:\nWho is the friend of the parent of Calvin?\n\nHere are the steps to arrive at the answer:\n1. the parent of Calvin = David\n2. the friend of David = Faith\n\nSo the answer is Faith\n\nNow answer the following question:\nWho is the enemy of the friend of the child of David?",the enemy of the friend of the child of David,Amanda,{   }\n \n  \n        \n       \n    \n  \n       \n\n     \n\n\n \n   \n\n\n \n  ,1934000000.0,llama3.2:1b,2025-03-06 14:12:34
english,extensional,3,R,"Imagine there are six people: Amanda, Brenda, Calvin, David, Edward and Faith. They have the following relationships to each other:\n\n\nthe enemy of Amanda = Edward	the friend of Amanda = Brenda	the parent of Amanda = Brenda	the child of Brenda = Amanda\nthe enemy of Brenda = David	the friend of Brenda = Amanda	the parent of Calvin = David	the child of David = Calvin\nthe enemy of Calvin = Faith	the friend of Calvin = Edward	the parent of Faith = Edward	the child of Edward = Faith\nthe enemy of David = Brenda	the friend of David = Faith\nthe enemy of Edward = Amanda	the friend of Edward = Calvin\nthe enemy of Faith = Calvin	the friend of Faith = David\n\nHere is how to figure out the answer to the following question:\nWho is the friend of the parent of Calvin?\n\nHere are the steps to arrive at the answer:\n1. the parent of Calvin = David\n2. the friend of David = Faith\n\nSo the answer is Faith\n\nNow answer the following question:\nWho is the friend of the enemy of the enemy of Edward?",the friend of the enemy of the enemy of Edward,Calvin,{ \n\n}\n\n \n\n \n\n \n\n \n\n \n\n \n\n \n\n \n\n\n \n\n \n\n \n\n \n\n \n\n \n\n,1311000000.0,llama3.2:1b,2025-03-06 14:12:35
english,extensional,3,R,"Imagine there are six people: Amanda, Brenda, Calvin, David, Edward and Faith. They have the following relationships to each other:\n\n\nthe enemy of Amanda = Edward	the friend of Amanda = Brenda	the parent of Amanda = Brenda	the child of Brenda = Amanda\nthe enemy of Brenda = David	the friend of Brenda = Amanda	the parent of Calvin = David	the child of David = Calvin\nthe enemy of Calvin = Faith	the friend of Calvin = Edward	the parent of Faith = Edward	the child of Edward = Faith\nthe enemy of David = Brenda	the friend of David = Faith\nthe enemy of Edward = Amanda	the friend of Edward = Calvin\nthe enemy of Faith = Calvin	the friend of Faith = David\n\nHere is how to figure out the answer to the following question:\nWho is the friend of the parent of Calvin?\n\nHere are the steps to arrive at the answer:\n1. the parent of Calvin = David\n2. the friend of David = Faith\n\nSo the answer is Faith\n\nNow answer the following question:\nWho is the parent of the child of the parent of Faith?",the parent of the child of the parent of Faith,Edward,{} \n\n  ,321000000.0,llama3.2:1b,2025-03-06 14:12:36
english,extensional,3,R,"Imagine there are six people: Amanda, Brenda, Calvin, David, Edward and Faith. They have the following relationships to each other:\n\n\nthe enemy of Amanda = Edward	the friend of Amanda = Brenda	the parent of Amanda = Brenda	the child of Brenda = Amanda\nthe enemy of Brenda = David	the friend of Brenda = Amanda	the parent of Calvin = David	the child of David = Calvin\nthe enemy of Calvin = Faith	the friend of Calvin = Edward	the parent of Faith = Edward	the child of Edward = Faith\nthe enemy of David = Brenda	the friend of David = Faith\nthe enemy of Edward = Amanda	the friend of Edward = Calvin\nthe enemy of Faith = Calvin	the friend of Faith = David\n\nHere is how to figure out the answer to the following question:\nWho is the friend of the parent of Calvin?\n\nHere are the steps to arrive at the answer:\n1. the parent of Calvin = David\n2. the friend of David = Faith\n\nSo the answer is Faith\n\nNow answer the following question:\nWho is the friend of the friend of the child of David?",the friend of the friend of the child of David,Calvin,{} \n\n \n\n  ,392000000.0,llama3.2:1b,2025-03-06 14:12:37
english,extensional,3,R,"Imagine there are six people: Amanda, Brenda, Calvin, David, Edward and Faith. They have the following relationships to each other:\n\n\nthe enemy of Amanda = Edward	the friend of Amanda = Brenda	the parent of Amanda = Brenda	the child of Brenda = Amanda\nthe enemy of Brenda = David	the friend of Brenda = Amanda	the parent of Calvin = David	the child of David = Calvin\nthe enemy of Calvin = Faith	the friend of Calvin = Edward	the parent of Faith = Edward	the child of Edward = Faith\nthe enemy of David = Brenda	the friend of David = Faith\nthe enemy of Edward = Amanda	the friend of Edward = Calvin\nthe enemy of Faith = Calvin	the friend of Faith = David\n\nHere is how to figure out the answer to the following question:\nWho is the friend of the parent of Calvin?\n\nHere are the steps to arrive at the answer:\n1. the parent of Calvin = David\n2. the friend of David = Faith\n\nSo the answer is Faith\n\nNow answer the following question:\nWho is the friend of the parent of the child of Edward?",the friend of the parent of the child of Edward,Calvin,{}\n\n\n\n\n\n\n\n\n\n\n\n\n\n\n\n\n\n\n\n\n \n\n \n\n \n\n \n\n \n\n \n\n \n\n \n\n \n\n \n\n \n\n \n\n \n\n \n\n \n\n \n\n \n\n \n\n \n\n \n\n,1409000000.0,llama3.2:1b,2025-03-06 14:12:39
english,extensional,3,R,"Imagine there are six people: Amanda, Brenda, Calvin, David, Edward and Faith. They have the following relationships to each other:\n\n\nthe enemy of Amanda = Edward	the friend of Amanda = Brenda	the parent of Amanda = Brenda	the child of Brenda = Amanda\nthe enemy of Brenda = David	the friend of Brenda = Amanda	the parent of Calvin = David	the child of David = Calvin\nthe enemy of Calvin = Faith	the friend of Calvin = Edward	the parent of Faith = Edward	the child of Edward = Faith\nthe enemy of David = Brenda	the friend of David = Faith\nthe enemy of Edward = Amanda	the friend of Edward = Calvin\nthe enemy of Faith = Calvin	the friend of Faith = David\n\nHere is how to figure out the answer to the following question:\nWho is the friend of the parent of Calvin?\n\nHere are the steps to arrive at the answer:\n1. the parent of Calvin = David\n2. the friend of David = Faith\n\nSo the answer is Faith\n\nNow answer the following question:\nWho is the friend of the friend of the friend of Brenda?",the friend of the friend of the friend of Brenda,Amanda,{}\n\n \n\n \n\n \n\n \n\n \n\n \n\n \n\n \n\n \n\n \n\n \n\n \n\n \n\n \n\n \n\n \n\n \n\n \n\n \n\n \n\n \n\n \n\n \n\n \n\n,1514000000.0,llama3.2:1b,2025-03-06 14:12:41
english,extensional,3,R,"Imagine there are six people: Amanda, Brenda, Calvin, David, Edward and Faith. They have the following relationships to each other:\n\n\nthe enemy of Amanda = Edward	the friend of Amanda = Brenda	the parent of Amanda = Brenda	the child of Brenda = Amanda\nthe enemy of Brenda = David	the friend of Brenda = Amanda	the parent of Calvin = David	the child of David = Calvin\nthe enemy of Calvin = Faith	the friend of Calvin = Edward	the parent of Faith = Edward	the child of Edward = Faith\nthe enemy of David = Brenda	the friend of David = Faith\nthe enemy of Edward = Amanda	the friend of Edward = Calvin\nthe enemy of Faith = Calvin	the friend of Faith = David\n\nHere is how to figure out the answer to the following question:\nWho is the friend of the parent of Calvin?\n\nHere are the steps to arrive at the answer:\n1. the parent of Calvin = David\n2. the friend of David = Faith\n\nSo the answer is Faith\n\nNow answer the following question:\nWho is the enemy of the friend of the parent of Faith?",the enemy of the friend of the parent of Faith,Faith,{} \n\n \n\n \n\n \n\n \n\n \n\n \n\n \n\n \n\n \n\n \n\n \n\n \n\n \n\n \n\n \n\n \n\n \n\n \n\n \n\n \n\n \n\n \n\n \n\n \n\n \n\n \n\n \n\n \n\n \n\n \n\n,,llama3.2:1b,2025-03-06 14:12:44
english,extensional,3,R,"Imagine there are six people: Amanda, Brenda, Calvin, David, Edward and Faith. They have the following relationships to each other:\n\n\nthe enemy of Amanda = Edward	the friend of Amanda = Brenda	the parent of Amanda = Brenda	the child of Brenda = Amanda\nthe enemy of Brenda = David	the friend of Brenda = Amanda	the parent of Calvin = David	the child of David = Calvin\nthe enemy of Calvin = Faith	the friend of Calvin = Edward	the parent of Faith = Edward	the child of Edward = Faith\nthe enemy of David = Brenda	the friend of David = Faith\nthe enemy of Edward = Amanda	the friend of Edward = Calvin\nthe enemy of Faith = Calvin	the friend of Faith = David\n\nHere is how to figure out the answer to the following question:\nWho is the friend of the parent of Calvin?\n\nHere are the steps to arrive at the answer:\n1. the parent of Calvin = David\n2. the friend of David = Faith\n\nSo the answer is Faith\n\nNow answer the following question:\nWho is the child of the enemy of the child of Brenda?",the child of the enemy of the child of Brenda,Faith,{} \n\n \n\n \n\n \n\n \n\n \n\n \n\n \n\n \n\n \n\n \n\n \n\n \n\n \n\n \n\n \n\n \n\n \n\n \n\n \n\n \n\n \n\n \n\n \n\n \n\n \n\n \n\n \n\n \n\n \n\n \n\n,,llama3.2:1b,2025-03-06 14:12:46
english,extensional,3,R,"Imagine there are six people: Amanda, Brenda, Calvin, David, Edward and Faith. They have the following relationships to each other:\n\n\nthe enemy of Amanda = Edward	the friend of Amanda = Brenda	the parent of Amanda = Brenda	the child of Brenda = Amanda\nthe enemy of Brenda = David	the friend of Brenda = Amanda	the parent of Calvin = David	the child of David = Calvin\nthe enemy of Calvin = Faith	the friend of Calvin = Edward	the parent of Faith = Edward	the child of Edward = Faith\nthe enemy of David = Brenda	the friend of David = Faith\nthe enemy of Edward = Amanda	the friend of Edward = Calvin\nthe enemy of Faith = Calvin	the friend of Faith = David\n\nHere is how to figure out the answer to the following question:\nWho is the friend of the parent of Calvin?\n\nHere are the steps to arrive at the answer:\n1. the parent of Calvin = David\n2. the friend of David = Faith\n\nSo the answer is Faith\n\nNow answer the following question:\nWho is the enemy of the enemy of the parent of Amanda?",the enemy of the enemy of the parent of Amanda,Brenda,{},108000000.0,llama3.2:1b,2025-03-06 14:12:47
english,extensional,3,R,"Imagine there are six people: Amanda, Brenda, Calvin, David, Edward and Faith. They have the following relationships to each other:\n\n\nthe enemy of Amanda = Edward	the friend of Amanda = Brenda	the parent of Amanda = Brenda	the child of Brenda = Amanda\nthe enemy of Brenda = David	the friend of Brenda = Amanda	the parent of Calvin = David	the child of David = Calvin\nthe enemy of Calvin = Faith	the friend of Calvin = Edward	the parent of Faith = Edward	the child of Edward = Faith\nthe enemy of David = Brenda	the friend of David = Faith\nthe enemy of Edward = Amanda	the friend of Edward = Calvin\nthe enemy of Faith = Calvin	the friend of Faith = David\n\nHere is how to figure out the answer to the following question:\nWho is the friend of the parent of Calvin?\n\nHere are the steps to arrive at the answer:\n1. the parent of Calvin = David\n2. the friend of David = Faith\n\nSo the answer is Faith\n\nNow answer the following question:\nWho is the friend of the enemy of the friend of Brenda?",the friend of the enemy of the friend of Brenda,Calvin,"{ \n    ""Why: The person who is the friend of Brenda is the one who is an enemy of Faith.""\n\n    \n\n\n\n\n\n\n\n  :{ \n    ""Why: The person who is the enemy of Faith is the one who is not a friend of Faith."" \n\n    \n\n\n\n\n\n  :{ \n    ""Why: If there are no people who are friends with each other, then there must be someone they do not like. Therefore, if Faith and Edward were friends, Edward could not have been an enemy of Faith.""\n\n    \n\n\n\n\n\n  :{ \n    ""Why: The person who is the friend of Brenda is the one whose parent was an enemy of Brenda."" \n\n    \n\n\n\n\n\n  :{ \n    ""Why: If a person is the parent of another person, then that person cannot be their friend. Therefore, if Faith and David were friends, David could not have been the child of either Amanda or Calvin.""\n\n    \n\n\n\n\n\n  :{ \n    ""Why: If there are no people who do not like each other, then they must all be friends with each other. Therefore, if Brenda and Edward were friends, Edward could not have had an enemy within their own group.""\n\n\n  :\n\n\n\n\n   { \n     ""Why: The person we are looking for is the one whose parent was an enemy of Amanda. If Faith's friend was Amanda, then Amanda would be her enemy. But that would mean Amanda cannot be her parent, so it must be someone else."" \n\n \n\n\n\n\n\n  \n\n\n :{ \n    ""Why: It is clear from the information given that Edward is not Amanda, since he is his own enemy. Therefore, he could only be Faith's friend.""\n\n \n\n\n\n\n\n\n  \n\n\n\n  : \n   { \n     ""Why: Since Faith and David are friends, we know that David cannot have been an enemy of Faith."" \n\n     \n\n\n\n\n\n    : \n     { \n       ""Why: Edward must then be the person who is his own enemy. But this means Brenda could not be Faith's friend because Brenda has an enemy in Faith.""\n\n       \n\n\n       : \n        { \n          ""Why: Therefore, David cannot have been a friend of Faith."" \n\n           \n\n\n           : \n            { \n              ""Why: Then Edward must be the person who is his own enemy. But this means Amanda could not be his friend because Brenda has an enemy in Amanda.""\n\n              \n\n\n              : \n               { \n                 ""Why: Since Faith and David are friends, we know that David cannot have been an enemy of Faith."" \n\n                    \n\n\n                    : \n                     { \n                      ""Why: Therefore, Edward must then be the person who is his own enemy. But this means Calvin could not be Faith's friend because Brenda has an enemy in Calvin.""\n\n                        \n\n\n                        : \n                         { \n                           ""Why: Then Amanda cannot have been a friend of Faith."" \n\n                           \n\n\n                           : \n                            { \n                             ""Why: Since Edward and Calvin are friends, we know that Calvin cannot have been the person whose parent was an enemy of Amanda. Therefore, David must be his friend.""\n\n                             \n\n\n                               : \n                               { \n                                 ""Why: Then Brenda could not have had an enemy in Faith."" \n\n                                  \n\n\n                                  : \n                                   { \n                                     ""Why: Since Edward and Faith are friends, we know that Edward cannot have been the person whose parent was an enemy of Calvin. Therefore, David must be his friend.""\n\n                                      \n\n\n                                         : \n                                         { \n                                           ""Why: Then Brenda could not have had an enemy in Faith."" \n\n                                            \n\n\n                                           : \n                                             { \n                                               ""Why: Since Faith is Amanda's enemy and Faith and Edward are friends, it means that Faith cannot have been the person whose parent was an enemy of Calvin. Therefore, Calvin must be his friend.""\n\n                                               \n\n\n                                                  : \n                                                  { \n                                                    ""Why: Then Brenda could not have had an enemy in Faith."" \n\n                                                    \n\n\n                                                      : \n                                                      { \n                                                        ""Why: Since Edward is Faith's friend and Brenda has no one else left to play with, then the answer is indeed Calvin.""\n\n\n\n                                           \n\n\n\n                                          : \n\n\n\n                                        { \n                                         ""Why: Because of this logic we use to find out who is an enemy, a person is never friends with their parent."" \n\n                                      \n\n\n                                      : \n\n\n                                     { \n                                      ""Why: This means David must not be Faith's friend because he has an enemy in Calvin. Therefore, the answer is indeed Edward.""\n\n\n\n                                   \n\n\n\n                                  : \n\n\n\n                                 { \n                                  ""Why: Then it follows that Faith must have had no one left to play with and Brenda must have been her friend."" \n\n                              \n\n\n                              : \n\n\n                             { \n                              ""Why: Since Faith is not Amanda's enemy, then she can never be friends with David. Therefore, the answer is indeed Edward.""\n\n\n\n                           \n\n\n\n                          : \n\n\n\n                        { \n                        ""Why: Then it follows that Calvin must have had no one left to play with and Brenda has been his friend."" \n\n                     \n\n\n                     : \n\n\n                    { \n                    ""Why: Since Faith cannot be friends with David, then she can never be friends with Calvin. Therefore, the answer is indeed Edward.""\n\n\n\n                 \n\n\n\n                : \n\n\n\n              { \n              ""Why: Then it follows that Brenda must have had no one left to play with and Amanda has been her friend."" \n\n           \n\n\n          : \n\n\n\n\n        { \n        ""Why: Since Faith cannot be friends with David, then she can never be friends with Calvin. Therefore, the answer is indeed Edward.""\n\n\n\n     \n\n\n\n    : \n\n\n\n \n\n\n\n\n\n  { \n    ""Why: Since we have eliminated all of the other possibilities, the answer must be Calvin."" \n\n    \n\n\n\n\n\n \n\n\n\n\n\n\n\n\n\n\n  : \n\n\n\n\n  { \n    ""Why: Because only Calvin has no one left to play with and Brenda has his friend."" \n\n\n    :\n\n \n\n\n\n\n\n\n\n\n  { \n    ""Why: Therefore, Calvin is friends with the person whose enemy it is to have an enemy. ""\n\n\n    : \n\n\n\n \n\n\n\n\n\n\n\n  { \n    ""Why: Since Faith cannot be friends with David, then she must not be friends with Calvin because he has no one else."" \n\n\n    :\n\n \n\n\n\n\n\n\n\n  { \n    ""Why: Therefore, Edward must not be friends with Calvin because he is the person whose enemy it is to have an enemy. ""\n\n\n    : \n\n\n\n \n\n\n\n\n\n\n\n\n  \n\n\n\n\n\n   { \n    ""Why: Since Faith cannot be friends with David and Brenda has been her friend, then Brenda must not be friends with Calvin because she does not like him."" \n\n\n    :\n\n\n\n\n\n\n  \n\n\n\n \n\n\n\n\n\n\n\n  { \n    ""Why: Therefore, the answer is indeed Edward.""  \n\n\n    : \n\n\n\n \n\n\n\n\n\n\n\n\n\n\n\n\n\n  { \n    ""Why: This means that Amanda cannot have a friend who has an enemy in Faith. Since we know that Edward and Faith are friends, it must be Calvin."" \n\n\n    :\n\n\n\n\n\n\n  \n\n\n\n \n\n\n\n\n\n\n\n\n\n\n  { \n    ""Why: Therefore, the answer is indeed Calvin.""  \n\n\n    : \n\n\n\n \n\n \n\n\n\n\n\n\n\n  \n\n\n\n\n\n   { \n    ""Why: Because of this logic, we can determine who has no one left to play with and who is friends with whom. Since David cannot have a friend in Faith, then David must not be friends with Calvin because he does not like him."" \n\n\n    :\n\n\n\n\n\n\n  \n\n\n\n \n\n\n\n\n\n\n\n   { \n    ""Why: Since Brenda's friend is Edward, then she must not have anyone else. Therefore, the answer must be Calvin,""\n\n\n    :\n\n\n\n\n\n\n\n  \n\n\n\n \n\n\n\n\n\n\n\n\n\n\n  { \n    ""Why: This means that only Calvin can play with Faith because he does not like her."" \n\n\n    : \n\n\n\n\n\n \n\n \n\n\n\n\n\n\n\n  \n  \n\n  \n\n\n  { \n    ""Why: Since we are looking for a person whose enemy it is to have an enemy, then Edward must be the one whom Brenda's friend Edward dislikes. ""\n\n\n    :\n\n\n\n\n\n\n\n  \n\n\n\n \n\n\n\n\n\n\n\n\n\n\n\n\n\n\n\n\n  { \n    ""Why: Therefore, the answer is indeed Calvin."" \n\n\n    : \n\n\n\n\n\n \n\n  \n\n\n\n\n\n \n\n\n\n\n\n\n\n\n\n\n\n\n\n\n\n\n  { \n    ""Why: Since we eliminated all of the other possibilities and now know that it is Calvin whose enemy it is to have an enemy, then Calvin must be friends with Brenda because he does not like her."" \n\n\n    :\n\n\n\n\n\n\n  \n\n\n\n \n\n\n\n\n\n\n\n\n  { \n    ""Why: Therefore, David must not be friends with Faith because they dislike each other. ""\n\n\n    : \n\n\n\n\n\n \n\n \n\n\n\n\n\n\n\n  { \n    ""Why: Since we have eliminated all of the other possibilities and now know that it is Calvin whose enemy it is to have an enemy, then Calvin must be friends with Amanda because she does not like him."" \n\n\n    :\n\n\n\n\n\n\n\n  \n\n\n\n \n\n\n\n\n\n\n\n\n\n\n  { \n    ""Why: Therefore, Faith must not be friends with Calvin because they dislike each other. ""\n\n\n    : \n\n\n\n\n\n \n\n  \n\n  \n\n\n \n\n\n\n\n\n\n\n\n\n\n\n\n\n\n\n\n  \n\n  \n\n\n  { \n    ""Why: Since we have eliminated all of the other possibilities and now know that it is Calvin whose enemy it is to have an enemy, then Calvin must be friends with Brenda."" \n\n\n    :\n\n\n\n\n\n\n  \n\n\n\n \n\n\n\n\n\n\n\n  { \n    ""Why: Therefore, Edward must not be friends with Faith because they dislike each other. ""\n\n\n    : \n\n\n\n\n\n \n\n  \n\n  \n\n\n \n\n\n\n\n\n\n\n\n\n\n  \n  \n\n  \n\n\n  { \n    ""Why: Since we have eliminated all of the other possibilities and now know that it is Calvin whose enemy it is to have an enemy, then Calvin must be friends with David."" \n\n\n    :\n\n\n\n\n\n\n  \n\n\n\n \n\n\n\n\n\n\n\n  { \n    ""Why: Therefore, the answer is indeed Edward.""  \n\n\n    : \n\n\n\n\n\n \n\n  \n\n  \n\n  \n\n  \n\n \n\n   \n\n   \n\n   \n\n   \n\n   \n\n   \n\n   \n\n   \n\n   \n\n   \n\n   \n\n   \n\n   \n\n   \n\n   \n\n   \n\n   \n\n   \n\n   \n\n   \n\n   \n\n   \n\n   \n\n",,llama3.2:1b,2025-03-06 14:14:55
english,extensional,3,R,"Imagine there are six people: Amanda, Brenda, Calvin, David, Edward and Faith. They have the following relationships to each other:\n\n\nthe enemy of Amanda = Edward	the friend of Amanda = Brenda	the parent of Amanda = Brenda	the child of Brenda = Amanda\nthe enemy of Brenda = David	the friend of Brenda = Amanda	the parent of Calvin = David	the child of David = Calvin\nthe enemy of Calvin = Faith	the friend of Calvin = Edward	the parent of Faith = Edward	the child of Edward = Faith\nthe enemy of David = Brenda	the friend of David = Faith\nthe enemy of Edward = Amanda	the friend of Edward = Calvin\nthe enemy of Faith = Calvin	the friend of Faith = David\n\nHere is how to figure out the answer to the following question:\nWho is the friend of the parent of Calvin?\n\nHere are the steps to arrive at the answer:\n1. the parent of Calvin = David\n2. the friend of David = Faith\n\nSo the answer is Faith\n\nNow answer the following question:\nWho is the child of the enemy of the parent of Amanda?",the child of the enemy of the parent of Amanda,Calvin,{}\n\n \n  \n        \n     \n        \n            \n\n      \n\n\n   \n\n\n     \n\n\n   \n   \n   \n  ,1188000000.0,llama3.2:1b,2025-03-06 14:14:59
english,extensional,3,R,"Imagine there are six people: Amanda, Brenda, Calvin, David, Edward and Faith. They have the following relationships to each other:\n\n\nthe enemy of Amanda = Edward	the friend of Amanda = Brenda	the parent of Amanda = Brenda	the child of Brenda = Amanda\nthe enemy of Brenda = David	the friend of Brenda = Amanda	the parent of Calvin = David	the child of David = Calvin\nthe enemy of Calvin = Faith	the friend of Calvin = Edward	the parent of Faith = Edward	the child of Edward = Faith\nthe enemy of David = Brenda	the friend of David = Faith\nthe enemy of Edward = Amanda	the friend of Edward = Calvin\nthe enemy of Faith = Calvin	the friend of Faith = David\n\nHere is how to figure out the answer to the following question:\nWho is the friend of the parent of Calvin?\n\nHere are the steps to arrive at the answer:\n1. the parent of Calvin = David\n2. the friend of David = Faith\n\nSo the answer is Faith\n\nNow answer the following question:\nWho is the child of the friend of the child of David?",the child of the friend of the child of David,Faith,{} \n\n \n\n  \n        \n   \n\n\n  \n\n\n\n\n\n\n\n\n \n\n\n\n \n\n\n\n\n\n \n\n\n\n\n\n      \n\n\n\n\n\n           \n\n\n\n         \n\n\n       \n\n\n    \n  \n\n\n\n\n\n       \n\n\n\n\n\n       \n\n\n,,llama3.2:1b,2025-03-06 14:15:01
english,extensional,3,R,"Imagine there are six people: Amanda, Brenda, Calvin, David, Edward and Faith. They have the following relationships to each other:\n\n\nthe enemy of Amanda = Edward	the friend of Amanda = Brenda	the parent of Amanda = Brenda	the child of Brenda = Amanda\nthe enemy of Brenda = David	the friend of Brenda = Amanda	the parent of Calvin = David	the child of David = Calvin\nthe enemy of Calvin = Faith	the friend of Calvin = Edward	the parent of Faith = Edward	the child of Edward = Faith\nthe enemy of David = Brenda	the friend of David = Faith\nthe enemy of Edward = Amanda	the friend of Edward = Calvin\nthe enemy of Faith = Calvin	the friend of Faith = David\n\nHere is how to figure out the answer to the following question:\nWho is the friend of the parent of Calvin?\n\nHere are the steps to arrive at the answer:\n1. the parent of Calvin = David\n2. the friend of David = Faith\n\nSo the answer is Faith\n\nNow answer the following question:\nWho is the enemy of the enemy of the child of Edward?",the enemy of the enemy of the child of Edward,Faith,"{""Explanation"": ""To find the answer, we need to find the friend of the child of Edward and then identify who that person's enemy is. We already know the parent of Edward is Calvin, so the friend of Calvin is Edward himself. However, since Faith is also the enemy of Calvin, Edward must be the enemy of Faith.""}\n\n\n\n\n\n\n\n\n\n\n\n   ",3581000000.0,llama3.2:1b,2025-03-06 14:15:05
english,extensional,3,R,"Imagine there are six people: Amanda, Brenda, Calvin, David, Edward and Faith. They have the following relationships to each other:\n\n\nthe enemy of Amanda = Edward	the friend of Amanda = Brenda	the parent of Amanda = Brenda	the child of Brenda = Amanda\nthe enemy of Brenda = David	the friend of Brenda = Amanda	the parent of Calvin = David	the child of David = Calvin\nthe enemy of Calvin = Faith	the friend of Calvin = Edward	the parent of Faith = Edward	the child of Edward = Faith\nthe enemy of David = Brenda	the friend of David = Faith\nthe enemy of Edward = Amanda	the friend of Edward = Calvin\nthe enemy of Faith = Calvin	the friend of Faith = David\n\nHere is how to figure out the answer to the following question:\nWho is the friend of the parent of Calvin?\n\nHere are the steps to arrive at the answer:\n1. the parent of Calvin = David\n2. the friend of David = Faith\n\nSo the answer is Faith\n\nNow answer the following question:\nWho is the friend of the parent of the friend of Brenda?",the friend of the parent of the friend of Brenda,Amanda,{}\n\n \n\n \n\n \n\n \n\n \n\n \n\n \n\n \n\n \n\n \n\n \n\n \n\n \n\n \n\n \n\n \n\n \n\n \n\n \n\n \n\n \n\n \n\n \n\n \n\n \n\n \n\n \n\n \n\n \n\n \n\n \n\n,,llama3.2:1b,2025-03-06 14:15:07
english,extensional,3,R,"Imagine there are six people: Amanda, Brenda, Calvin, David, Edward and Faith. They have the following relationships to each other:\n\n\nthe enemy of Amanda = Edward	the friend of Amanda = Brenda	the parent of Amanda = Brenda	the child of Brenda = Amanda\nthe enemy of Brenda = David	the friend of Brenda = Amanda	the parent of Calvin = David	the child of David = Calvin\nthe enemy of Calvin = Faith	the friend of Calvin = Edward	the parent of Faith = Edward	the child of Edward = Faith\nthe enemy of David = Brenda	the friend of David = Faith\nthe enemy of Edward = Amanda	the friend of Edward = Calvin\nthe enemy of Faith = Calvin	the friend of Faith = David\n\nHere is how to figure out the answer to the following question:\nWho is the friend of the parent of Calvin?\n\nHere are the steps to arrive at the answer:\n1. the parent of Calvin = David\n2. the friend of David = Faith\n\nSo the answer is Faith\n\nNow answer the following question:\nWho is the friend of the friend of the enemy of Faith?",the friend of the friend of the enemy of Faith,Calvin,{}\n\n\n\n\n\n\n\n\n\n\n\n\n\n\n\n\n\n\n\n\n\n\n\n\n\n\n\n\n\n\n\n\n\n\n\n\n\n\n\n\n\n\n\n\n\n\n \n\n\n\n \n\n \n\n \n\n \n \n\n \n\n \n\n \n\n \n\n \n\n \n\n \n\n \n\n \n\n \n\n \n\n \n\n \n\n \n\n \n\n \n\n \n\n \n\n \n\n \n\n \n\n \n\n,,llama3.2:1b,2025-03-06 14:15:09
english,extensional,3,R,"Imagine there are six people: Amanda, Brenda, Calvin, David, Edward and Faith. They have the following relationships to each other:\n\n\nthe enemy of Amanda = Edward	the friend of Amanda = Brenda	the parent of Amanda = Brenda	the child of Brenda = Amanda\nthe enemy of Brenda = David	the friend of Brenda = Amanda	the parent of Calvin = David	the child of David = Calvin\nthe enemy of Calvin = Faith	the friend of Calvin = Edward	the parent of Faith = Edward	the child of Edward = Faith\nthe enemy of David = Brenda	the friend of David = Faith\nthe enemy of Edward = Amanda	the friend of Edward = Calvin\nthe enemy of Faith = Calvin	the friend of Faith = David\n\nHere is how to figure out the answer to the following question:\nWho is the friend of the parent of Calvin?\n\nHere are the steps to arrive at the answer:\n1. the parent of Calvin = David\n2. the friend of David = Faith\n\nSo the answer is Faith\n\nNow answer the following question:\nWho is the parent of the enemy of the child of David?",the parent of the enemy of the child of David,Edward,{ \n\n  }\n\n  \n\n\n\n\n\n \n\n  \n\n\n\n \n\n  \n\n\n\n\n\n\n\n \n\n \n ,1160000000.0,llama3.2:1b,2025-03-06 14:15:11
english,extensional,3,R,"Imagine there are six people: Amanda, Brenda, Calvin, David, Edward and Faith. They have the following relationships to each other:\n\n\nthe enemy of Amanda = Edward	the friend of Amanda = Brenda	the parent of Amanda = Brenda	the child of Brenda = Amanda\nthe enemy of Brenda = David	the friend of Brenda = Amanda	the parent of Calvin = David	the child of David = Calvin\nthe enemy of Calvin = Faith	the friend of Calvin = Edward	the parent of Faith = Edward	the child of Edward = Faith\nthe enemy of David = Brenda	the friend of David = Faith\nthe enemy of Edward = Amanda	the friend of Edward = Calvin\nthe enemy of Faith = Calvin	the friend of Faith = David\n\nHere is how to figure out the answer to the following question:\nWho is the friend of the parent of Calvin?\n\nHere are the steps to arrive at the answer:\n1. the parent of Calvin = David\n2. the friend of David = Faith\n\nSo the answer is Faith\n\nNow answer the following question:\nWho is the enemy of the child of the parent of Faith?",the enemy of the child of the parent of Faith,Calvin,{} \n\n \n  ,370000000.0,llama3.2:1b,2025-03-06 14:15:12
english,extensional,3,R,"Imagine there are six people: Amanda, Brenda, Calvin, David, Edward and Faith. They have the following relationships to each other:\n\n\nthe enemy of Amanda = Edward	the friend of Amanda = Brenda	the parent of Amanda = Brenda	the child of Brenda = Amanda\nthe enemy of Brenda = David	the friend of Brenda = Amanda	the parent of Calvin = David	the child of David = Calvin\nthe enemy of Calvin = Faith	the friend of Calvin = Edward	the parent of Faith = Edward	the child of Edward = Faith\nthe enemy of David = Brenda	the friend of David = Faith\nthe enemy of Edward = Amanda	the friend of Edward = Calvin\nthe enemy of Faith = Calvin	the friend of Faith = David\n\nHere is how to figure out the answer to the following question:\nWho is the friend of the parent of Calvin?\n\nHere are the steps to arrive at the answer:\n1. the parent of Calvin = David\n2. the friend of David = Faith\n\nSo the answer is Faith\n\nNow answer the following question:\nWho is the friend of the friend of the enemy of David?",the friend of the friend of the enemy of David,Brenda,{}\n\n\n\n\n\n\n\n\n\n\n\n\n\n\n\n\n\n\n\n\n\n \n\n \n\n \n\n \n\n \n\n \n\n \n\n \n\n \n\n \n\n \n\n \n\n \n\n,1059000000.0,llama3.2:1b,2025-03-06 14:15:13
english,extensional,3,R,"Imagine there are six people: Amanda, Brenda, Calvin, David, Edward and Faith. They have the following relationships to each other:\n\n\nthe enemy of Amanda = Edward	the friend of Amanda = Brenda	the parent of Amanda = Brenda	the child of Brenda = Amanda\nthe enemy of Brenda = David	the friend of Brenda = Amanda	the parent of Calvin = David	the child of David = Calvin\nthe enemy of Calvin = Faith	the friend of Calvin = Edward	the parent of Faith = Edward	the child of Edward = Faith\nthe enemy of David = Brenda	the friend of David = Faith\nthe enemy of Edward = Amanda	the friend of Edward = Calvin\nthe enemy of Faith = Calvin	the friend of Faith = David\n\nHere is how to figure out the answer to the following question:\nWho is the friend of the parent of Calvin?\n\nHere are the steps to arrive at the answer:\n1. the parent of Calvin = David\n2. the friend of David = Faith\n\nSo the answer is Faith\n\nNow answer the following question:\nWho is the child of the parent of the enemy of Calvin?",the child of the parent of the enemy of Calvin,Faith,"{ \n  ""name"": ""Amanda"", \n  ""parent_of"": ""Calvin""\n} \n\n \n  \n\n\n\n\n\n \n\n\n \n\n\n \n\n\n\n \n \n\n\n\n \n \n\n\n\n \n \n\n\n\n\n\n\n\n \n\n \n\n \n\n\n \n\n \n\n \n\n \n\n \n\n \n\n \n\n \n\n\n",,llama3.2:1b,2025-03-06 14:15:17
english,extensional,3,R,"Imagine there are six people: Amanda, Brenda, Calvin, David, Edward and Faith. They have the following relationships to each other:\n\n\nthe enemy of Amanda = Edward	the friend of Amanda = Brenda	the parent of Amanda = Brenda	the child of Brenda = Amanda\nthe enemy of Brenda = David	the friend of Brenda = Amanda	the parent of Calvin = David	the child of David = Calvin\nthe enemy of Calvin = Faith	the friend of Calvin = Edward	the parent of Faith = Edward	the child of Edward = Faith\nthe enemy of David = Brenda	the friend of David = Faith\nthe enemy of Edward = Amanda	the friend of Edward = Calvin\nthe enemy of Faith = Calvin	the friend of Faith = David\n\nHere is how to figure out the answer to the following question:\nWho is the friend of the parent of Calvin?\n\nHere are the steps to arrive at the answer:\n1. the parent of Calvin = David\n2. the friend of David = Faith\n\nSo the answer is Faith\n\nNow answer the following question:\nWho is the enemy of the parent of the enemy of Calvin?",the enemy of the parent of the enemy of Calvin,Amanda,{},64000000.0,llama3.2:1b,2025-03-06 14:15:17
english,extensional,3,R,"Imagine there are six people: Amanda, Brenda, Calvin, David, Edward and Faith. They have the following relationships to each other:\n\n\nthe enemy of Amanda = Edward	the friend of Amanda = Brenda	the parent of Amanda = Brenda	the child of Brenda = Amanda\nthe enemy of Brenda = David	the friend of Brenda = Amanda	the parent of Calvin = David	the child of David = Calvin\nthe enemy of Calvin = Faith	the friend of Calvin = Edward	the parent of Faith = Edward	the child of Edward = Faith\nthe enemy of David = Brenda	the friend of David = Faith\nthe enemy of Edward = Amanda	the friend of Edward = Calvin\nthe enemy of Faith = Calvin	the friend of Faith = David\n\nHere is how to figure out the answer to the following question:\nWho is the friend of the parent of Calvin?\n\nHere are the steps to arrive at the answer:\n1. the parent of Calvin = David\n2. the friend of David = Faith\n\nSo the answer is Faith\n\nNow answer the following question:\nWho is the friend of the parent of the child of Brenda?",the friend of the parent of the child of Brenda,Amanda,"{ \n  ""Brenda"" : [""Amanda"", ""Faith""],\n  ""David"" : [""Amanda"", ""Calvin""],\n  ""Edward"" : [""Amanda"", ""Faith""]\n} \n\n    \n\n\n\n\n\n    \n\n\n\n\n\n    \n\n\n\n\n\n    \n\n\n      \n\n\n\n  ",3365000000.0,llama3.2:1b,2025-03-06 14:15:21
english,extensional,3,R,"Imagine there are six people: Amanda, Brenda, Calvin, David, Edward and Faith. They have the following relationships to each other:\n\n\nthe enemy of Amanda = Edward	the friend of Amanda = Brenda	the parent of Amanda = Brenda	the child of Brenda = Amanda\nthe enemy of Brenda = David	the friend of Brenda = Amanda	the parent of Calvin = David	the child of David = Calvin\nthe enemy of Calvin = Faith	the friend of Calvin = Edward	the parent of Faith = Edward	the child of Edward = Faith\nthe enemy of David = Brenda	the friend of David = Faith\nthe enemy of Edward = Amanda	the friend of Edward = Calvin\nthe enemy of Faith = Calvin	the friend of Faith = David\n\nHere is how to figure out the answer to the following question:\nWho is the friend of the parent of Calvin?\n\nHere are the steps to arrive at the answer:\n1. the parent of Calvin = David\n2. the friend of David = Faith\n\nSo the answer is Faith\n\nNow answer the following question:\nWho is the friend of the child of the friend of Amanda?",the friend of the child of the friend of Amanda,Brenda,{}\n\n\n\n\n\n\n\n\n\n\n\n\n\n\n\n\n\n\n\n\n\n\n\n\n\n\n\n\n\n\n\n\n\n\n\n\n\n\n\n\n\n\n\n\n\n\n\n\n \n\n \n\n \n \n\n\n \n\n \n\n \n\n \n\n \n\n \n\n \n\n \n\n \n\n \n\n \n\n\n \n\n \n\n \n\n \n\n\n \n\n \n\n \n\n \n\n\n \n\n \n\n \n\n \n\n \n\n,,llama3.2:1b,2025-03-06 14:15:23
english,extensional,3,R,"Imagine there are six people: Amanda, Brenda, Calvin, David, Edward and Faith. They have the following relationships to each other:\n\n\nthe enemy of Amanda = Edward	the friend of Amanda = Brenda	the parent of Amanda = Brenda	the child of Brenda = Amanda\nthe enemy of Brenda = David	the friend of Brenda = Amanda	the parent of Calvin = David	the child of David = Calvin\nthe enemy of Calvin = Faith	the friend of Calvin = Edward	the parent of Faith = Edward	the child of Edward = Faith\nthe enemy of David = Brenda	the friend of David = Faith\nthe enemy of Edward = Amanda	the friend of Edward = Calvin\nthe enemy of Faith = Calvin	the friend of Faith = David\n\nHere is how to figure out the answer to the following question:\nWho is the friend of the parent of Calvin?\n\nHere are the steps to arrive at the answer:\n1. the parent of Calvin = David\n2. the friend of David = Faith\n\nSo the answer is Faith\n\nNow answer the following question:\nWho is the enemy of the enemy of the friend of Faith?",the enemy of the enemy of the friend of Faith,David,{},71000000.0,llama3.2:1b,2025-03-06 14:15:24
english,extensional,3,R,"Imagine there are six people: Amanda, Brenda, Calvin, David, Edward and Faith. They have the following relationships to each other:\n\n\nthe enemy of Amanda = Edward	the friend of Amanda = Brenda	the parent of Amanda = Brenda	the child of Brenda = Amanda\nthe enemy of Brenda = David	the friend of Brenda = Amanda	the parent of Calvin = David	the child of David = Calvin\nthe enemy of Calvin = Faith	the friend of Calvin = Edward	the parent of Faith = Edward	the child of Edward = Faith\nthe enemy of David = Brenda	the friend of David = Faith\nthe enemy of Edward = Amanda	the friend of Edward = Calvin\nthe enemy of Faith = Calvin	the friend of Faith = David\n\nHere is how to figure out the answer to the following question:\nWho is the friend of the parent of Calvin?\n\nHere are the steps to arrive at the answer:\n1. the parent of Calvin = David\n2. the friend of David = Faith\n\nSo the answer is Faith\n\nNow answer the following question:\nWho is the child of the enemy of the friend of Amanda?",the child of the enemy of the friend of Amanda,Calvin,"{""Explanation"": ""The friend of the parent of Calvin = Brenda (as determined by step 1 and step 2)"", \n\n""The enemy of the friend of Amanda = Edward (as the enemy of Faith is Brenda, who is a friend of Amanda)"" \n\n:""Brenda = the child of Amanda (as determined by steps 1 and 4)"" \n,""Edward = the parent of Faith (as the enemy of Faith is Calvin, and the enemy of Calvin is Edward)"" \n\n:""The enemy of Faith = David"" \n\n,""David = the child of Brenda (as the enemy of Brenda is David)"" \n\n:""Brenda = the friend of the parent of Calvin (as determined by step 1 and step 3)"" \n,""Faith = the child of Edward (as the enemy of Edward is Amanda, and the enemy of Amanda is Faith)"" \n\n:""The enemy of the friend of Amanda = Brenda"" \n,""David = the friend of David (as the enemy of David is Brenda)"" \n  \n\n:""Brenda = the parent of Calvin (as determined by step 1 and step 4)"" }",12350000000.0,llama3.2:1b,2025-03-06 14:15:36
english,extensional,3,R,"Imagine there are six people: Amanda, Brenda, Calvin, David, Edward and Faith. They have the following relationships to each other:\n\n\nthe enemy of Amanda = Edward	the friend of Amanda = Brenda	the parent of Amanda = Brenda	the child of Brenda = Amanda\nthe enemy of Brenda = David	the friend of Brenda = Amanda	the parent of Calvin = David	the child of David = Calvin\nthe enemy of Calvin = Faith	the friend of Calvin = Edward	the parent of Faith = Edward	the child of Edward = Faith\nthe enemy of David = Brenda	the friend of David = Faith\nthe enemy of Edward = Amanda	the friend of Edward = Calvin\nthe enemy of Faith = Calvin	the friend of Faith = David\n\nHere is how to figure out the answer to the following question:\nWho is the friend of the parent of Calvin?\n\nHere are the steps to arrive at the answer:\n1. the parent of Calvin = David\n2. the friend of David = Faith\n\nSo the answer is Faith\n\nNow answer the following question:\nWho is the parent of the enemy of the friend of Calvin?",the parent of the enemy of the friend of Calvin,Brenda,{  },196000000.0,llama3.2:1b,2025-03-06 14:15:37
english,extensional,3,R,"Imagine there are six people: Amanda, Brenda, Calvin, David, Edward and Faith. They have the following relationships to each other:\n\n\nthe enemy of Amanda = Edward	the friend of Amanda = Brenda	the parent of Amanda = Brenda	the child of Brenda = Amanda\nthe enemy of Brenda = David	the friend of Brenda = Amanda	the parent of Calvin = David	the child of David = Calvin\nthe enemy of Calvin = Faith	the friend of Calvin = Edward	the parent of Faith = Edward	the child of Edward = Faith\nthe enemy of David = Brenda	the friend of David = Faith\nthe enemy of Edward = Amanda	the friend of Edward = Calvin\nthe enemy of Faith = Calvin	the friend of Faith = David\n\nHere is how to figure out the answer to the following question:\nWho is the friend of the parent of Calvin?\n\nHere are the steps to arrive at the answer:\n1. the parent of Calvin = David\n2. the friend of David = Faith\n\nSo the answer is Faith\n\nNow answer the following question:\nWho is the child of the parent of the enemy of Edward?",the child of the parent of the enemy of Edward,Amanda,{} \n\n \n  \n        \n      \n        \n        \n        \n         \n        \n           \n\n\n   \n\n\n    \n    \n    \n\n\n\n\n\n    ,1650000000.0,llama3.2:1b,2025-03-06 14:15:39
english,extensional,3,R,"Imagine there are six people: Amanda, Brenda, Calvin, David, Edward and Faith. They have the following relationships to each other:\n\n\nthe enemy of Amanda = Edward	the friend of Amanda = Brenda	the parent of Amanda = Brenda	the child of Brenda = Amanda\nthe enemy of Brenda = David	the friend of Brenda = Amanda	the parent of Calvin = David	the child of David = Calvin\nthe enemy of Calvin = Faith	the friend of Calvin = Edward	the parent of Faith = Edward	the child of Edward = Faith\nthe enemy of David = Brenda	the friend of David = Faith\nthe enemy of Edward = Amanda	the friend of Edward = Calvin\nthe enemy of Faith = Calvin	the friend of Faith = David\n\nHere is how to figure out the answer to the following question:\nWho is the friend of the parent of Calvin?\n\nHere are the steps to arrive at the answer:\n1. the parent of Calvin = David\n2. the friend of David = Faith\n\nSo the answer is Faith\n\nNow answer the following question:\nWho is the friend of the enemy of the enemy of Calvin?",the friend of the enemy of the enemy of Calvin,Edward,{}\n\n \n\n \n\n \n\n \n\n \n\n \n\n \n\n \n\n \n\n \n\n \n\n \n\n \n\n \n\n \n\n \n\n \n\n \n\n \n\n \n\n \n\n \n\n \n\n \n\n \n\n \n\n \n\n \n\n \n\n \n\n \n\n,,llama3.2:1b,2025-03-06 14:15:41
english,extensional,3,R,"Imagine there are six people: Amanda, Brenda, Calvin, David, Edward and Faith. They have the following relationships to each other:\n\n\nthe enemy of Amanda = Edward	the friend of Amanda = Brenda	the parent of Amanda = Brenda	the child of Brenda = Amanda\nthe enemy of Brenda = David	the friend of Brenda = Amanda	the parent of Calvin = David	the child of David = Calvin\nthe enemy of Calvin = Faith	the friend of Calvin = Edward	the parent of Faith = Edward	the child of Edward = Faith\nthe enemy of David = Brenda	the friend of David = Faith\nthe enemy of Edward = Amanda	the friend of Edward = Calvin\nthe enemy of Faith = Calvin	the friend of Faith = David\n\nHere is how to figure out the answer to the following question:\nWho is the friend of the parent of Calvin?\n\nHere are the steps to arrive at the answer:\n1. the parent of Calvin = David\n2. the friend of David = Faith\n\nSo the answer is Faith\n\nNow answer the following question:\nWho is the enemy of the parent of the friend of Brenda?",the enemy of the parent of the friend of Brenda,David,{} \n\n \n  ,354000000.0,llama3.2:1b,2025-03-06 14:15:42
english,extensional,3,R,"Imagine there are six people: Amanda, Brenda, Calvin, David, Edward and Faith. They have the following relationships to each other:\n\n\nthe enemy of Amanda = Edward	the friend of Amanda = Brenda	the parent of Amanda = Brenda	the child of Brenda = Amanda\nthe enemy of Brenda = David	the friend of Brenda = Amanda	the parent of Calvin = David	the child of David = Calvin\nthe enemy of Calvin = Faith	the friend of Calvin = Edward	the parent of Faith = Edward	the child of Edward = Faith\nthe enemy of David = Brenda	the friend of David = Faith\nthe enemy of Edward = Amanda	the friend of Edward = Calvin\nthe enemy of Faith = Calvin	the friend of Faith = David\n\nHere is how to figure out the answer to the following question:\nWho is the friend of the parent of Calvin?\n\nHere are the steps to arrive at the answer:\n1. the parent of Calvin = David\n2. the friend of David = Faith\n\nSo the answer is Faith\n\nNow answer the following question:\nWho is the friend of the friend of the parent of Faith?",the friend of the friend of the parent of Faith,Edward,{} \n\n \n  ,397000000.0,llama3.2:1b,2025-03-06 14:15:43
english,extensional,3,R,"Imagine there are six people: Amanda, Brenda, Calvin, David, Edward and Faith. They have the following relationships to each other:\n\n\nthe enemy of Amanda = Edward	the friend of Amanda = Brenda	the parent of Amanda = Brenda	the child of Brenda = Amanda\nthe enemy of Brenda = David	the friend of Brenda = Amanda	the parent of Calvin = David	the child of David = Calvin\nthe enemy of Calvin = Faith	the friend of Calvin = Edward	the parent of Faith = Edward	the child of Edward = Faith\nthe enemy of David = Brenda	the friend of David = Faith\nthe enemy of Edward = Amanda	the friend of Edward = Calvin\nthe enemy of Faith = Calvin	the friend of Faith = David\n\nHere is how to figure out the answer to the following question:\nWho is the friend of the parent of Calvin?\n\nHere are the steps to arrive at the answer:\n1. the parent of Calvin = David\n2. the friend of David = Faith\n\nSo the answer is Faith\n\nNow answer the following question:\nWho is the child of the enemy of the friend of Faith?",the child of the enemy of the friend of Faith,Amanda,{\n\n}\n\n \n\n \n\n \n\n \n \n\n \n\n \n\n \n\n \n\n \n\n \n\n \n\n \n\n \n\n \n\n \n\n \n\n \n\n \n\n \n\n \n\n \n\n \n\n \n\n \n\n \n\n \n\n \n\n \n\n \n\n \n\n,,llama3.2:1b,2025-03-06 14:15:45
english,extensional,3,R,"Imagine there are six people: Amanda, Brenda, Calvin, David, Edward and Faith. They have the following relationships to each other:\n\n\nthe enemy of Amanda = Edward	the friend of Amanda = Brenda	the parent of Amanda = Brenda	the child of Brenda = Amanda\nthe enemy of Brenda = David	the friend of Brenda = Amanda	the parent of Calvin = David	the child of David = Calvin\nthe enemy of Calvin = Faith	the friend of Calvin = Edward	the parent of Faith = Edward	the child of Edward = Faith\nthe enemy of David = Brenda	the friend of David = Faith\nthe enemy of Edward = Amanda	the friend of Edward = Calvin\nthe enemy of Faith = Calvin	the friend of Faith = David\n\nHere is how to figure out the answer to the following question:\nWho is the friend of the parent of Calvin?\n\nHere are the steps to arrive at the answer:\n1. the parent of Calvin = David\n2. the friend of David = Faith\n\nSo the answer is Faith\n\nNow answer the following question:\nWho is the enemy of the child of the friend of Amanda?",the enemy of the child of the friend of Amanda,Edward,{}\n\n \n\n \n\n \n\n \n\n \n\n \n\n \n\n \n\n \n\n \n\n \n\n \n\n \n\n \n\n \n\n \n\n \n\n \n\n \n\n \n\n \n\n \n\n \n\n \n\n \n\n \n\n \n\n \n\n,1718000000.0,llama3.2:1b,2025-03-06 14:15:48
english,extensional,3,R,"Imagine there are six people: Amanda, Brenda, Calvin, David, Edward and Faith. They have the following relationships to each other:\n\n\nthe enemy of Amanda = Edward	the friend of Amanda = Brenda	the parent of Amanda = Brenda	the child of Brenda = Amanda\nthe enemy of Brenda = David	the friend of Brenda = Amanda	the parent of Calvin = David	the child of David = Calvin\nthe enemy of Calvin = Faith	the friend of Calvin = Edward	the parent of Faith = Edward	the child of Edward = Faith\nthe enemy of David = Brenda	the friend of David = Faith\nthe enemy of Edward = Amanda	the friend of Edward = Calvin\nthe enemy of Faith = Calvin	the friend of Faith = David\n\nHere is how to figure out the answer to the following question:\nWho is the friend of the parent of Calvin?\n\nHere are the steps to arrive at the answer:\n1. the parent of Calvin = David\n2. the friend of David = Faith\n\nSo the answer is Faith\n\nNow answer the following question:\nWho is the enemy of the friend of the friend of Edward?",the enemy of the friend of the friend of Edward,Amanda,{}\n\n \n\n  \n    \n    \n        \n    \n   \n  \n \n\n \n\n \n  \n        \n \n\n \n\n \n\n \n\n \n\n \n\n \n\n \n  \n\n \n  \n\n \n\n \n\n \n\n \n\n,,llama3.2:1b,2025-03-06 14:15:50
english,extensional,3,R,"Imagine there are six people: Amanda, Brenda, Calvin, David, Edward and Faith. They have the following relationships to each other:\n\n\nthe enemy of Amanda = Edward	the friend of Amanda = Brenda	the parent of Amanda = Brenda	the child of Brenda = Amanda\nthe enemy of Brenda = David	the friend of Brenda = Amanda	the parent of Calvin = David	the child of David = Calvin\nthe enemy of Calvin = Faith	the friend of Calvin = Edward	the parent of Faith = Edward	the child of Edward = Faith\nthe enemy of David = Brenda	the friend of David = Faith\nthe enemy of Edward = Amanda	the friend of Edward = Calvin\nthe enemy of Faith = Calvin	the friend of Faith = David\n\nHere is how to figure out the answer to the following question:\nWho is the friend of the parent of Calvin?\n\nHere are the steps to arrive at the answer:\n1. the parent of Calvin = David\n2. the friend of David = Faith\n\nSo the answer is Faith\n\nNow answer the following question:\nWho is the enemy of the enemy of the parent of Faith?",the enemy of the enemy of the parent of Faith,Edward,{},73000000.0,llama3.2:1b,2025-03-06 14:15:53
english,extensional,3,R,"Imagine there are six people: Amanda, Brenda, Calvin, David, Edward and Faith. They have the following relationships to each other:\n\n\nthe enemy of Amanda = Edward	the friend of Amanda = Brenda	the parent of Amanda = Brenda	the child of Brenda = Amanda\nthe enemy of Brenda = David	the friend of Brenda = Amanda	the parent of Calvin = David	the child of David = Calvin\nthe enemy of Calvin = Faith	the friend of Calvin = Edward	the parent of Faith = Edward	the child of Edward = Faith\nthe enemy of David = Brenda	the friend of David = Faith\nthe enemy of Edward = Amanda	the friend of Edward = Calvin\nthe enemy of Faith = Calvin	the friend of Faith = David\n\nHere is how to figure out the answer to the following question:\nWho is the friend of the parent of Calvin?\n\nHere are the steps to arrive at the answer:\n1. the parent of Calvin = David\n2. the friend of David = Faith\n\nSo the answer is Faith\n\nNow answer the following question:\nWho is the child of the enemy of the enemy of David?",the child of the enemy of the enemy of David,Calvin,{ \n\n  }\n\n  \n\n\n  \n\n\n\n\n\n \n\n\n  \n\n\n\n\n\n\n\n  \n  \n\n  \n\n\n\n\n\n  \n\n  \n\n\n\n\n\n  \n\n \n\n \n\n \n\n \n\n \n\n \n\n \n\n \n\n \n\n \n\n,,llama3.2:1b,2025-03-06 14:15:56
english,extensional,3,R,"Imagine there are six people: Amanda, Brenda, Calvin, David, Edward and Faith. They have the following relationships to each other:\n\n\nthe enemy of Amanda = Edward	the friend of Amanda = Brenda	the parent of Amanda = Brenda	the child of Brenda = Amanda\nthe enemy of Brenda = David	the friend of Brenda = Amanda	the parent of Calvin = David	the child of David = Calvin\nthe enemy of Calvin = Faith	the friend of Calvin = Edward	the parent of Faith = Edward	the child of Edward = Faith\nthe enemy of David = Brenda	the friend of David = Faith\nthe enemy of Edward = Amanda	the friend of Edward = Calvin\nthe enemy of Faith = Calvin	the friend of Faith = David\n\nHere is how to figure out the answer to the following question:\nWho is the friend of the parent of Calvin?\n\nHere are the steps to arrive at the answer:\n1. the parent of Calvin = David\n2. the friend of David = Faith\n\nSo the answer is Faith\n\nNow answer the following question:\nWho is the enemy of the enemy of the enemy of Calvin?",the enemy of the enemy of the enemy of Calvin,Faith,{} \n\n  \n\n  			\n        \n\n\n \n       \n\n\n\n \n\n           \n\n\n\n \n    \n\n\n\n\n\n      \n   \n\n\n\n  \n\n\n\n\n\n\n\n    \n     \n\n\n\n\n\n            \n             \n        \n       \n \n\n       \n       \n,,llama3.2:1b,2025-03-06 14:15:58
english,extensional,3,R,"Imagine there are six people: Amanda, Brenda, Calvin, David, Edward and Faith. They have the following relationships to each other:\n\n\nthe enemy of Amanda = Edward	the friend of Amanda = Brenda	the parent of Amanda = Brenda	the child of Brenda = Amanda\nthe enemy of Brenda = David	the friend of Brenda = Amanda	the parent of Calvin = David	the child of David = Calvin\nthe enemy of Calvin = Faith	the friend of Calvin = Edward	the parent of Faith = Edward	the child of Edward = Faith\nthe enemy of David = Brenda	the friend of David = Faith\nthe enemy of Edward = Amanda	the friend of Edward = Calvin\nthe enemy of Faith = Calvin	the friend of Faith = David\n\nHere is how to figure out the answer to the following question:\nWho is the friend of the parent of Calvin?\n\nHere are the steps to arrive at the answer:\n1. the parent of Calvin = David\n2. the friend of David = Faith\n\nSo the answer is Faith\n\nNow answer the following question:\nWho is the child of the friend of the friend of Edward?",the child of the friend of the friend of Edward,Faith,{}\n\n \n\n \n\n \n\n \n\n \n\n \n\n \n\n \n\n \n\n \n\n \n\n \n\n \n\n \n\n \n\n \n\n \n\n \n\n \n\n \n\n \n\n \n\n \n\n \n\n \n\n \n\n \n\n \n\n \n\n \n\n \n\n,,llama3.2:1b,2025-03-06 14:16:00
english,extensional,4,R,"Imagine there are six people: Amanda, Brenda, Calvin, David, Edward and Faith. They have the following relationships to each other:\n\n\nthe enemy of Amanda = Edward	the friend of Amanda = Brenda	the parent of Amanda = Brenda	the child of Brenda = Amanda\nthe enemy of Brenda = David	the friend of Brenda = Amanda	the parent of Calvin = David	the child of David = Calvin\nthe enemy of Calvin = Faith	the friend of Calvin = Edward	the parent of Faith = Edward	the child of Edward = Faith\nthe enemy of David = Brenda	the friend of David = Faith\nthe enemy of Edward = Amanda	the friend of Edward = Calvin\nthe enemy of Faith = Calvin	the friend of Faith = David\n\nHere is how to figure out the answer to the following question:\nWho is the friend of the parent of Calvin?\n\nHere are the steps to arrive at the answer:\n1. the parent of Calvin = David\n2. the friend of David = Faith\n\nSo the answer is Faith\n\nNow answer the following question:\nWho is the parent of the enemy of the enemy of the friend of Brenda?",the parent of the enemy of the enemy of the friend of Brenda,Brenda,{}\n\n\n\n\n\n\n\n\n\n\n\n\n\n\n\n\n\n\n\n\n \n\n \n\n \n\n \n\n \n\n \n\n \n\n \n\n\n \n\n \n\n \n\n \n\n,1015000000.0,llama3.2:1b,2025-03-06 14:18:26
english,extensional,4,R,"Imagine there are six people: Amanda, Brenda, Calvin, David, Edward and Faith. They have the following relationships to each other:\n\n\nthe enemy of Amanda = Edward	the friend of Amanda = Brenda	the parent of Amanda = Brenda	the child of Brenda = Amanda\nthe enemy of Brenda = David	the friend of Brenda = Amanda	the parent of Calvin = David	the child of David = Calvin\nthe enemy of Calvin = Faith	the friend of Calvin = Edward	the parent of Faith = Edward	the child of Edward = Faith\nthe enemy of David = Brenda	the friend of David = Faith\nthe enemy of Edward = Amanda	the friend of Edward = Calvin\nthe enemy of Faith = Calvin	the friend of Faith = David\n\nHere is how to figure out the answer to the following question:\nWho is the friend of the parent of Calvin?\n\nHere are the steps to arrive at the answer:\n1. the parent of Calvin = David\n2. the friend of David = Faith\n\nSo the answer is Faith\n\nNow answer the following question:\nWho is the friend of the parent of the enemy of the enemy of Amanda?",the friend of the parent of the enemy of the enemy of Amanda,Amanda,{}\n\n \n\n\n \n\n \n\n \n\n \n\n \n\n\n \n\n \n\n \n\n \n\n \n\n \n\n \n\n \n\n \n\n \n\n \n\n \n\n \n\n \n\n \n\n \n\n \n\n,1124000000.0,llama3.2:1b,2025-03-06 14:18:28
english,extensional,4,R,"Imagine there are six people: Amanda, Brenda, Calvin, David, Edward and Faith. They have the following relationships to each other:\n\n\nthe enemy of Amanda = Edward	the friend of Amanda = Brenda	the parent of Amanda = Brenda	the child of Brenda = Amanda\nthe enemy of Brenda = David	the friend of Brenda = Amanda	the parent of Calvin = David	the child of David = Calvin\nthe enemy of Calvin = Faith	the friend of Calvin = Edward	the parent of Faith = Edward	the child of Edward = Faith\nthe enemy of David = Brenda	the friend of David = Faith\nthe enemy of Edward = Amanda	the friend of Edward = Calvin\nthe enemy of Faith = Calvin	the friend of Faith = David\n\nHere is how to figure out the answer to the following question:\nWho is the friend of the parent of Calvin?\n\nHere are the steps to arrive at the answer:\n1. the parent of Calvin = David\n2. the friend of David = Faith\n\nSo the answer is Faith\n\nNow answer the following question:\nWho is the friend of the enemy of the enemy of the child of Brenda?",the friend of the enemy of the enemy of the child of Brenda,Brenda,{},88000000.0,llama3.2:1b,2025-03-06 14:18:28
english,extensional,4,R,"Imagine there are six people: Amanda, Brenda, Calvin, David, Edward and Faith. They have the following relationships to each other:\n\n\nthe enemy of Amanda = Edward	the friend of Amanda = Brenda	the parent of Amanda = Brenda	the child of Brenda = Amanda\nthe enemy of Brenda = David	the friend of Brenda = Amanda	the parent of Calvin = David	the child of David = Calvin\nthe enemy of Calvin = Faith	the friend of Calvin = Edward	the parent of Faith = Edward	the child of Edward = Faith\nthe enemy of David = Brenda	the friend of David = Faith\nthe enemy of Edward = Amanda	the friend of Edward = Calvin\nthe enemy of Faith = Calvin	the friend of Faith = David\n\nHere is how to figure out the answer to the following question:\nWho is the friend of the parent of Calvin?\n\nHere are the steps to arrive at the answer:\n1. the parent of Calvin = David\n2. the friend of David = Faith\n\nSo the answer is Faith\n\nNow answer the following question:\nWho is the enemy of the friend of the friend of the friend of Amanda?",the enemy of the friend of the friend of the friend of Amanda,David,{}\n\n\n\n\n\n\n\n\n \n  \n\n\n\n\n\n  \n\n\n\n\n\n\n\n \n\n \n\n \n\n \n\n \n\n \n\n \n\n\n \n\n \n\n \n\n \n\n\n\n\n \n\n \n\n \n\n\n \n\n\n\n\n\n \n\n \n\n\n\n\n\n\n\n,1593000000.0,llama3.2:1b,2025-03-06 14:18:30
english,extensional,4,R,"Imagine there are six people: Amanda, Brenda, Calvin, David, Edward and Faith. They have the following relationships to each other:\n\n\nthe enemy of Amanda = Edward	the friend of Amanda = Brenda	the parent of Amanda = Brenda	the child of Brenda = Amanda\nthe enemy of Brenda = David	the friend of Brenda = Amanda	the parent of Calvin = David	the child of David = Calvin\nthe enemy of Calvin = Faith	the friend of Calvin = Edward	the parent of Faith = Edward	the child of Edward = Faith\nthe enemy of David = Brenda	the friend of David = Faith\nthe enemy of Edward = Amanda	the friend of Edward = Calvin\nthe enemy of Faith = Calvin	the friend of Faith = David\n\nHere is how to figure out the answer to the following question:\nWho is the friend of the parent of Calvin?\n\nHere are the steps to arrive at the answer:\n1. the parent of Calvin = David\n2. the friend of David = Faith\n\nSo the answer is Faith\n\nNow answer the following question:\nWho is the friend of the enemy of the enemy of the child of David?",the friend of the enemy of the enemy of the child of David,Edward,{}\n\n\n\n\n\n\n\n\n\n\n\n \n \n\n \n\n \n\n \n\n \n\n \n\n \n\n \n\n \n\n \n\n \n\n \n\n\n \n\n \n\n \n\n \n\n \n\n \n\n \n\n \n\n \n\n \n\n \n\n \n\n \n\n \n\n \n\n \n\n\n \n\n,,llama3.2:1b,2025-03-06 14:18:32
english,extensional,4,R,"Imagine there are six people: Amanda, Brenda, Calvin, David, Edward and Faith. They have the following relationships to each other:\n\n\nthe enemy of Amanda = Edward	the friend of Amanda = Brenda	the parent of Amanda = Brenda	the child of Brenda = Amanda\nthe enemy of Brenda = David	the friend of Brenda = Amanda	the parent of Calvin = David	the child of David = Calvin\nthe enemy of Calvin = Faith	the friend of Calvin = Edward	the parent of Faith = Edward	the child of Edward = Faith\nthe enemy of David = Brenda	the friend of David = Faith\nthe enemy of Edward = Amanda	the friend of Edward = Calvin\nthe enemy of Faith = Calvin	the friend of Faith = David\n\nHere is how to figure out the answer to the following question:\nWho is the friend of the parent of Calvin?\n\nHere are the steps to arrive at the answer:\n1. the parent of Calvin = David\n2. the friend of David = Faith\n\nSo the answer is Faith\n\nNow answer the following question:\nWho is the friend of the child of the friend of the enemy of Faith?",the friend of the child of the friend of the enemy of Faith,David,{}\n\n\n\n\n \n\n \n\n \n\n \n\n \n\n \n\n \n\n \n\n \n\n \n\n \n\n \n\n \n\n \n\n \n\n \n\n \n\n \n\n \n\n \n\n \n\n \n\n \n\n \n\n \n\n \n\n \n\n \n\n \n\n \n\n,,llama3.2:1b,2025-03-06 14:18:35
english,extensional,4,R,"Imagine there are six people: Amanda, Brenda, Calvin, David, Edward and Faith. They have the following relationships to each other:\n\n\nthe enemy of Amanda = Edward	the friend of Amanda = Brenda	the parent of Amanda = Brenda	the child of Brenda = Amanda\nthe enemy of Brenda = David	the friend of Brenda = Amanda	the parent of Calvin = David	the child of David = Calvin\nthe enemy of Calvin = Faith	the friend of Calvin = Edward	the parent of Faith = Edward	the child of Edward = Faith\nthe enemy of David = Brenda	the friend of David = Faith\nthe enemy of Edward = Amanda	the friend of Edward = Calvin\nthe enemy of Faith = Calvin	the friend of Faith = David\n\nHere is how to figure out the answer to the following question:\nWho is the friend of the parent of Calvin?\n\nHere are the steps to arrive at the answer:\n1. the parent of Calvin = David\n2. the friend of David = Faith\n\nSo the answer is Faith\n\nNow answer the following question:\nWho is the parent of the enemy of the child of the enemy of Brenda?",the parent of the enemy of the child of the enemy of Brenda,Edward,{} \n \n\n  ,392000000.0,llama3.2:1b,2025-03-06 14:18:35
english,extensional,4,R,"Imagine there are six people: Amanda, Brenda, Calvin, David, Edward and Faith. They have the following relationships to each other:\n\n\nthe enemy of Amanda = Edward	the friend of Amanda = Brenda	the parent of Amanda = Brenda	the child of Brenda = Amanda\nthe enemy of Brenda = David	the friend of Brenda = Amanda	the parent of Calvin = David	the child of David = Calvin\nthe enemy of Calvin = Faith	the friend of Calvin = Edward	the parent of Faith = Edward	the child of Edward = Faith\nthe enemy of David = Brenda	the friend of David = Faith\nthe enemy of Edward = Amanda	the friend of Edward = Calvin\nthe enemy of Faith = Calvin	the friend of Faith = David\n\nHere is how to figure out the answer to the following question:\nWho is the friend of the parent of Calvin?\n\nHere are the steps to arrive at the answer:\n1. the parent of Calvin = David\n2. the friend of David = Faith\n\nSo the answer is Faith\n\nNow answer the following question:\nWho is the friend of the friend of the friend of the friend of Amanda?",the friend of the friend of the friend of the friend of Amanda,Amanda,{ \n\n},209000000.0,llama3.2:1b,2025-03-06 14:18:36
english,extensional,4,R,"Imagine there are six people: Amanda, Brenda, Calvin, David, Edward and Faith. They have the following relationships to each other:\n\n\nthe enemy of Amanda = Edward	the friend of Amanda = Brenda	the parent of Amanda = Brenda	the child of Brenda = Amanda\nthe enemy of Brenda = David	the friend of Brenda = Amanda	the parent of Calvin = David	the child of David = Calvin\nthe enemy of Calvin = Faith	the friend of Calvin = Edward	the parent of Faith = Edward	the child of Edward = Faith\nthe enemy of David = Brenda	the friend of David = Faith\nthe enemy of Edward = Amanda	the friend of Edward = Calvin\nthe enemy of Faith = Calvin	the friend of Faith = David\n\nHere is how to figure out the answer to the following question:\nWho is the friend of the parent of Calvin?\n\nHere are the steps to arrive at the answer:\n1. the parent of Calvin = David\n2. the friend of David = Faith\n\nSo the answer is Faith\n\nNow answer the following question:\nWho is the friend of the friend of the friend of the enemy of Amanda?",the friend of the friend of the friend of the enemy of Amanda,Calvin,{}\n\n\n\n\n\n\n\n\n\n\n\n\n\n\n         \n\n\n\n \n\n \n\n \n\n \n\n \n \n\n\n \n\n \n\n \n\n\n\n\n\n\n \n\n\n\n\n\n\n\n \n \n \n\n\n\n\n\n\n \n\n \n\n \n\n \n\n \n\n\n\n\n   \n\n\n\n  \n  \n\n\n\n\n\n\n\n\n\n\n\n\n\n\n\n\n\n\n\n\n,,llama3.2:1b,2025-03-06 14:18:38
english,extensional,4,R,"Imagine there are six people: Amanda, Brenda, Calvin, David, Edward and Faith. They have the following relationships to each other:\n\n\nthe enemy of Amanda = Edward	the friend of Amanda = Brenda	the parent of Amanda = Brenda	the child of Brenda = Amanda\nthe enemy of Brenda = David	the friend of Brenda = Amanda	the parent of Calvin = David	the child of David = Calvin\nthe enemy of Calvin = Faith	the friend of Calvin = Edward	the parent of Faith = Edward	the child of Edward = Faith\nthe enemy of David = Brenda	the friend of David = Faith\nthe enemy of Edward = Amanda	the friend of Edward = Calvin\nthe enemy of Faith = Calvin	the friend of Faith = David\n\nHere is how to figure out the answer to the following question:\nWho is the friend of the parent of Calvin?\n\nHere are the steps to arrive at the answer:\n1. the parent of Calvin = David\n2. the friend of David = Faith\n\nSo the answer is Faith\n\nNow answer the following question:\nWho is the enemy of the friend of the enemy of the child of David?",the enemy of the friend of the enemy of the child of David,Brenda,{} \n\n  \n\n \n\n \n\n \n\n \n\n \n\n \n\n \n \n \n\n \n\n \n\n \n\n \n\n \n\n \n\n \n\n,1491000000.0,llama3.2:1b,2025-03-06 14:18:41
english,extensional,4,R,"Imagine there are six people: Amanda, Brenda, Calvin, David, Edward and Faith. They have the following relationships to each other:\n\n\nthe enemy of Amanda = Edward	the friend of Amanda = Brenda	the parent of Amanda = Brenda	the child of Brenda = Amanda\nthe enemy of Brenda = David	the friend of Brenda = Amanda	the parent of Calvin = David	the child of David = Calvin\nthe enemy of Calvin = Faith	the friend of Calvin = Edward	the parent of Faith = Edward	the child of Edward = Faith\nthe enemy of David = Brenda	the friend of David = Faith\nthe enemy of Edward = Amanda	the friend of Edward = Calvin\nthe enemy of Faith = Calvin	the friend of Faith = David\n\nHere is how to figure out the answer to the following question:\nWho is the friend of the parent of Calvin?\n\nHere are the steps to arrive at the answer:\n1. the parent of Calvin = David\n2. the friend of David = Faith\n\nSo the answer is Faith\n\nNow answer the following question:\nWho is the friend of the friend of the enemy of the friend of Brenda?",the friend of the friend of the enemy of the friend of Brenda,Edward,{},129000000.0,llama3.2:1b,2025-03-06 14:18:41
english,extensional,4,R,"Imagine there are six people: Amanda, Brenda, Calvin, David, Edward and Faith. They have the following relationships to each other:\n\n\nthe enemy of Amanda = Edward	the friend of Amanda = Brenda	the parent of Amanda = Brenda	the child of Brenda = Amanda\nthe enemy of Brenda = David	the friend of Brenda = Amanda	the parent of Calvin = David	the child of David = Calvin\nthe enemy of Calvin = Faith	the friend of Calvin = Edward	the parent of Faith = Edward	the child of Edward = Faith\nthe enemy of David = Brenda	the friend of David = Faith\nthe enemy of Edward = Amanda	the friend of Edward = Calvin\nthe enemy of Faith = Calvin	the friend of Faith = David\n\nHere is how to figure out the answer to the following question:\nWho is the friend of the parent of Calvin?\n\nHere are the steps to arrive at the answer:\n1. the parent of Calvin = David\n2. the friend of David = Faith\n\nSo the answer is Faith\n\nNow answer the following question:\nWho is the enemy of the friend of the enemy of the enemy of Brenda?",the enemy of the friend of the enemy of the enemy of Brenda,Edward,{} \n\n \n\n \n\n \n\n \n\n \n\n \n\n \n\n \n\n \n\n \n\n \n\n \n\n \n\n \n\n \n\n \n\n \n\n \n\n \n\n \n\n \n\n \n\n \n\n \n\n \n\n \n\n \n\n \n\n \n\n \n\n,,llama3.2:1b,2025-03-06 14:18:45
english,extensional,4,R,"Imagine there are six people: Amanda, Brenda, Calvin, David, Edward and Faith. They have the following relationships to each other:\n\n\nthe enemy of Amanda = Edward	the friend of Amanda = Brenda	the parent of Amanda = Brenda	the child of Brenda = Amanda\nthe enemy of Brenda = David	the friend of Brenda = Amanda	the parent of Calvin = David	the child of David = Calvin\nthe enemy of Calvin = Faith	the friend of Calvin = Edward	the parent of Faith = Edward	the child of Edward = Faith\nthe enemy of David = Brenda	the friend of David = Faith\nthe enemy of Edward = Amanda	the friend of Edward = Calvin\nthe enemy of Faith = Calvin	the friend of Faith = David\n\nHere is how to figure out the answer to the following question:\nWho is the friend of the parent of Calvin?\n\nHere are the steps to arrive at the answer:\n1. the parent of Calvin = David\n2. the friend of David = Faith\n\nSo the answer is Faith\n\nNow answer the following question:\nWho is the friend of the parent of the friend of the enemy of David?",the friend of the parent of the friend of the enemy of David,Amanda,{} \n\n \n  ,376000000.0,llama3.2:1b,2025-03-06 14:18:46
english,extensional,4,R,"Imagine there are six people: Amanda, Brenda, Calvin, David, Edward and Faith. They have the following relationships to each other:\n\n\nthe enemy of Amanda = Edward	the friend of Amanda = Brenda	the parent of Amanda = Brenda	the child of Brenda = Amanda\nthe enemy of Brenda = David	the friend of Brenda = Amanda	the parent of Calvin = David	the child of David = Calvin\nthe enemy of Calvin = Faith	the friend of Calvin = Edward	the parent of Faith = Edward	the child of Edward = Faith\nthe enemy of David = Brenda	the friend of David = Faith\nthe enemy of Edward = Amanda	the friend of Edward = Calvin\nthe enemy of Faith = Calvin	the friend of Faith = David\n\nHere is how to figure out the answer to the following question:\nWho is the friend of the parent of Calvin?\n\nHere are the steps to arrive at the answer:\n1. the parent of Calvin = David\n2. the friend of David = Faith\n\nSo the answer is Faith\n\nNow answer the following question:\nWho is the child of the enemy of the child of the parent of Amanda?",the child of the enemy of the child of the parent of Amanda,Faith,{}\n\n\n\n\n  \n    \n    \n    \n      			\n      \n        \n       \n        \n         \n         \n        \n           \n            \n            \n             \n        \n    \n        \n   \n        \n      \n    \n    \n\n \n\n \n,,llama3.2:1b,2025-03-06 14:18:49
english,extensional,4,R,"Imagine there are six people: Amanda, Brenda, Calvin, David, Edward and Faith. They have the following relationships to each other:\n\n\nthe enemy of Amanda = Edward	the friend of Amanda = Brenda	the parent of Amanda = Brenda	the child of Brenda = Amanda\nthe enemy of Brenda = David	the friend of Brenda = Amanda	the parent of Calvin = David	the child of David = Calvin\nthe enemy of Calvin = Faith	the friend of Calvin = Edward	the parent of Faith = Edward	the child of Edward = Faith\nthe enemy of David = Brenda	the friend of David = Faith\nthe enemy of Edward = Amanda	the friend of Edward = Calvin\nthe enemy of Faith = Calvin	the friend of Faith = David\n\nHere is how to figure out the answer to the following question:\nWho is the friend of the parent of Calvin?\n\nHere are the steps to arrive at the answer:\n1. the parent of Calvin = David\n2. the friend of David = Faith\n\nSo the answer is Faith\n\nNow answer the following question:\nWho is the child of the friend of the enemy of the child of David?",the child of the friend of the enemy of the child of David,Calvin,{} \n\n  			\n    					\n     			\n       				\n        \n            					\n          \n            						\n          \n             			\n            \n               			\n        \n                  ,,llama3.2:1b,2025-03-06 14:18:51
english,extensional,4,R,"Imagine there are six people: Amanda, Brenda, Calvin, David, Edward and Faith. They have the following relationships to each other:\n\n\nthe enemy of Amanda = Edward	the friend of Amanda = Brenda	the parent of Amanda = Brenda	the child of Brenda = Amanda\nthe enemy of Brenda = David	the friend of Brenda = Amanda	the parent of Calvin = David	the child of David = Calvin\nthe enemy of Calvin = Faith	the friend of Calvin = Edward	the parent of Faith = Edward	the child of Edward = Faith\nthe enemy of David = Brenda	the friend of David = Faith\nthe enemy of Edward = Amanda	the friend of Edward = Calvin\nthe enemy of Faith = Calvin	the friend of Faith = David\n\nHere is how to figure out the answer to the following question:\nWho is the friend of the parent of Calvin?\n\nHere are the steps to arrive at the answer:\n1. the parent of Calvin = David\n2. the friend of David = Faith\n\nSo the answer is Faith\n\nNow answer the following question:\nWho is the child of the enemy of the enemy of the enemy of David?",the child of the enemy of the enemy of the enemy of David,Amanda,{\n\n \n\n  \n        \n        \n        \n         \n    \n   \n\n\n    \n\n\n\n \n \n\n     \n\n\n      \n\n\n\n     \n\n\n\n        \n \n\n\n    \n \n\n \n\n  \n        \n\n  \n\n   \n\n    \n\n,,llama3.2:1b,2025-03-06 14:18:53
english,extensional,4,R,"Imagine there are six people: Amanda, Brenda, Calvin, David, Edward and Faith. They have the following relationships to each other:\n\n\nthe enemy of Amanda = Edward	the friend of Amanda = Brenda	the parent of Amanda = Brenda	the child of Brenda = Amanda\nthe enemy of Brenda = David	the friend of Brenda = Amanda	the parent of Calvin = David	the child of David = Calvin\nthe enemy of Calvin = Faith	the friend of Calvin = Edward	the parent of Faith = Edward	the child of Edward = Faith\nthe enemy of David = Brenda	the friend of David = Faith\nthe enemy of Edward = Amanda	the friend of Edward = Calvin\nthe enemy of Faith = Calvin	the friend of Faith = David\n\nHere is how to figure out the answer to the following question:\nWho is the friend of the parent of Calvin?\n\nHere are the steps to arrive at the answer:\n1. the parent of Calvin = David\n2. the friend of David = Faith\n\nSo the answer is Faith\n\nNow answer the following question:\nWho is the friend of the enemy of the enemy of the parent of Amanda?",the friend of the enemy of the enemy of the parent of Amanda,Amanda,{} \n\n \n\n \n\n \n\n \n\n \n\n \n\n \n\n \n\n \n\n \n\n \n\n \n\n \n\n \n\n \n\n \n\n \n\n \n\n \n\n \n\n \n\n \n\n \n\n \n\n \n\n \n\n \n\n \n\n \n\n \n\n,,llama3.2:1b,2025-03-06 14:18:55
english,extensional,4,R,"Imagine there are six people: Amanda, Brenda, Calvin, David, Edward and Faith. They have the following relationships to each other:\n\n\nthe enemy of Amanda = Edward	the friend of Amanda = Brenda	the parent of Amanda = Brenda	the child of Brenda = Amanda\nthe enemy of Brenda = David	the friend of Brenda = Amanda	the parent of Calvin = David	the child of David = Calvin\nthe enemy of Calvin = Faith	the friend of Calvin = Edward	the parent of Faith = Edward	the child of Edward = Faith\nthe enemy of David = Brenda	the friend of David = Faith\nthe enemy of Edward = Amanda	the friend of Edward = Calvin\nthe enemy of Faith = Calvin	the friend of Faith = David\n\nHere is how to figure out the answer to the following question:\nWho is the friend of the parent of Calvin?\n\nHere are the steps to arrive at the answer:\n1. the parent of Calvin = David\n2. the friend of David = Faith\n\nSo the answer is Faith\n\nNow answer the following question:\nWho is the friend of the enemy of the enemy of the parent of Faith?",the friend of the enemy of the enemy of the parent of Faith,Calvin,{}\n\n \n\n \n\n \n\n \n\n \n\n \n\n \n\n \n\n \n\n \n\n \n\n \n\n \n\n \n\n,989000000.0,llama3.2:1b,2025-03-06 14:18:57
english,extensional,4,R,"Imagine there are six people: Amanda, Brenda, Calvin, David, Edward and Faith. They have the following relationships to each other:\n\n\nthe enemy of Amanda = Edward	the friend of Amanda = Brenda	the parent of Amanda = Brenda	the child of Brenda = Amanda\nthe enemy of Brenda = David	the friend of Brenda = Amanda	the parent of Calvin = David	the child of David = Calvin\nthe enemy of Calvin = Faith	the friend of Calvin = Edward	the parent of Faith = Edward	the child of Edward = Faith\nthe enemy of David = Brenda	the friend of David = Faith\nthe enemy of Edward = Amanda	the friend of Edward = Calvin\nthe enemy of Faith = Calvin	the friend of Faith = David\n\nHere is how to figure out the answer to the following question:\nWho is the friend of the parent of Calvin?\n\nHere are the steps to arrive at the answer:\n1. the parent of Calvin = David\n2. the friend of David = Faith\n\nSo the answer is Faith\n\nNow answer the following question:\nWho is the enemy of the friend of the parent of the friend of Brenda?",the enemy of the friend of the parent of the friend of Brenda,Edward,{}\n\n \n\n \n \n\n \n\n \n\n \n\n \n\n \n\n \n\n \n\n \n\n \n\n \n\n \n\n,1126000000.0,llama3.2:1b,2025-03-06 14:18:58
english,extensional,4,R,"Imagine there are six people: Amanda, Brenda, Calvin, David, Edward and Faith. They have the following relationships to each other:\n\n\nthe enemy of Amanda = Edward	the friend of Amanda = Brenda	the parent of Amanda = Brenda	the child of Brenda = Amanda\nthe enemy of Brenda = David	the friend of Brenda = Amanda	the parent of Calvin = David	the child of David = Calvin\nthe enemy of Calvin = Faith	the friend of Calvin = Edward	the parent of Faith = Edward	the child of Edward = Faith\nthe enemy of David = Brenda	the friend of David = Faith\nthe enemy of Edward = Amanda	the friend of Edward = Calvin\nthe enemy of Faith = Calvin	the friend of Faith = David\n\nHere is how to figure out the answer to the following question:\nWho is the friend of the parent of Calvin?\n\nHere are the steps to arrive at the answer:\n1. the parent of Calvin = David\n2. the friend of David = Faith\n\nSo the answer is Faith\n\nNow answer the following question:\nWho is the child of the parent of the child of the friend of Amanda?",the child of the parent of the child of the friend of Amanda,Amanda,{}\n\n \n\n \n\n \n\n \n\n \n\n \n\n \n\n \n\n \n\n \n\n \n\n \n\n \n\n \n\n \n\n \n\n \n\n,1181000000.0,llama3.2:1b,2025-03-06 14:19:00
english,extensional,4,R,"Imagine there are six people: Amanda, Brenda, Calvin, David, Edward and Faith. They have the following relationships to each other:\n\n\nthe enemy of Amanda = Edward	the friend of Amanda = Brenda	the parent of Amanda = Brenda	the child of Brenda = Amanda\nthe enemy of Brenda = David	the friend of Brenda = Amanda	the parent of Calvin = David	the child of David = Calvin\nthe enemy of Calvin = Faith	the friend of Calvin = Edward	the parent of Faith = Edward	the child of Edward = Faith\nthe enemy of David = Brenda	the friend of David = Faith\nthe enemy of Edward = Amanda	the friend of Edward = Calvin\nthe enemy of Faith = Calvin	the friend of Faith = David\n\nHere is how to figure out the answer to the following question:\nWho is the friend of the parent of Calvin?\n\nHere are the steps to arrive at the answer:\n1. the parent of Calvin = David\n2. the friend of David = Faith\n\nSo the answer is Faith\n\nNow answer the following question:\nWho is the child of the enemy of the enemy of the enemy of Brenda?",the child of the enemy of the enemy of the enemy of Brenda,Calvin,{} \n\n \n  ,491000000.0,llama3.2:1b,2025-03-06 14:19:01
english,extensional,4,R,"Imagine there are six people: Amanda, Brenda, Calvin, David, Edward and Faith. They have the following relationships to each other:\n\n\nthe enemy of Amanda = Edward	the friend of Amanda = Brenda	the parent of Amanda = Brenda	the child of Brenda = Amanda\nthe enemy of Brenda = David	the friend of Brenda = Amanda	the parent of Calvin = David	the child of David = Calvin\nthe enemy of Calvin = Faith	the friend of Calvin = Edward	the parent of Faith = Edward	the child of Edward = Faith\nthe enemy of David = Brenda	the friend of David = Faith\nthe enemy of Edward = Amanda	the friend of Edward = Calvin\nthe enemy of Faith = Calvin	the friend of Faith = David\n\nHere is how to figure out the answer to the following question:\nWho is the friend of the parent of Calvin?\n\nHere are the steps to arrive at the answer:\n1. the parent of Calvin = David\n2. the friend of David = Faith\n\nSo the answer is Faith\n\nNow answer the following question:\nWho is the enemy of the friend of the child of the enemy of Brenda?",the enemy of the friend of the child of the enemy of Brenda,Amanda,{ \n  } \n\n \n\n \n\n \n\n \n\n\n \n\n \n\n \n\n,888000000.0,llama3.2:1b,2025-03-06 14:19:03
english,extensional,4,R,"Imagine there are six people: Amanda, Brenda, Calvin, David, Edward and Faith. They have the following relationships to each other:\n\n\nthe enemy of Amanda = Edward	the friend of Amanda = Brenda	the parent of Amanda = Brenda	the child of Brenda = Amanda\nthe enemy of Brenda = David	the friend of Brenda = Amanda	the parent of Calvin = David	the child of David = Calvin\nthe enemy of Calvin = Faith	the friend of Calvin = Edward	the parent of Faith = Edward	the child of Edward = Faith\nthe enemy of David = Brenda	the friend of David = Faith\nthe enemy of Edward = Amanda	the friend of Edward = Calvin\nthe enemy of Faith = Calvin	the friend of Faith = David\n\nHere is how to figure out the answer to the following question:\nWho is the friend of the parent of Calvin?\n\nHere are the steps to arrive at the answer:\n1. the parent of Calvin = David\n2. the friend of David = Faith\n\nSo the answer is Faith\n\nNow answer the following question:\nWho is the parent of the friend of the enemy of the friend of Faith?",the parent of the friend of the enemy of the friend of Faith,Brenda,{}\n\n \n\n \n\n \n\n \n\n \n\n \n\n \n\n \n\n \n\n \n\n \n\n \n\n \n\n \n\n \n\n \n\n \n\n \n\n \n\n \n\n \n\n \n\n \n\n \n\n \n\n \n\n \n\n \n\n \n\n \n\n \n\n,,llama3.2:1b,2025-03-06 14:19:05
english,extensional,4,R,"Imagine there are six people: Amanda, Brenda, Calvin, David, Edward and Faith. They have the following relationships to each other:\n\n\nthe enemy of Amanda = Edward	the friend of Amanda = Brenda	the parent of Amanda = Brenda	the child of Brenda = Amanda\nthe enemy of Brenda = David	the friend of Brenda = Amanda	the parent of Calvin = David	the child of David = Calvin\nthe enemy of Calvin = Faith	the friend of Calvin = Edward	the parent of Faith = Edward	the child of Edward = Faith\nthe enemy of David = Brenda	the friend of David = Faith\nthe enemy of Edward = Amanda	the friend of Edward = Calvin\nthe enemy of Faith = Calvin	the friend of Faith = David\n\nHere is how to figure out the answer to the following question:\nWho is the friend of the parent of Calvin?\n\nHere are the steps to arrive at the answer:\n1. the parent of Calvin = David\n2. the friend of David = Faith\n\nSo the answer is Faith\n\nNow answer the following question:\nWho is the parent of the friend of the parent of the enemy of Edward?",the parent of the friend of the parent of the enemy of Edward,Brenda,{} \n\n \n\n \n\n \n\n \n\n \n\n \n\n \n\n \n\n \n\n \n\n \n\n \n\n \n\n \n\n \n\n \n\n \n\n \n\n \n\n\n \n\n \n\n \n\n\n\n\n \n\n \n\n \n\n \n\n \n\n \n\n \n\n,,llama3.2:1b,2025-03-06 14:19:10
english,extensional,4,R,"Imagine there are six people: Amanda, Brenda, Calvin, David, Edward and Faith. They have the following relationships to each other:\n\n\nthe enemy of Amanda = Edward	the friend of Amanda = Brenda	the parent of Amanda = Brenda	the child of Brenda = Amanda\nthe enemy of Brenda = David	the friend of Brenda = Amanda	the parent of Calvin = David	the child of David = Calvin\nthe enemy of Calvin = Faith	the friend of Calvin = Edward	the parent of Faith = Edward	the child of Edward = Faith\nthe enemy of David = Brenda	the friend of David = Faith\nthe enemy of Edward = Amanda	the friend of Edward = Calvin\nthe enemy of Faith = Calvin	the friend of Faith = David\n\nHere is how to figure out the answer to the following question:\nWho is the friend of the parent of Calvin?\n\nHere are the steps to arrive at the answer:\n1. the parent of Calvin = David\n2. the friend of David = Faith\n\nSo the answer is Faith\n\nNow answer the following question:\nWho is the parent of the enemy of the friend of the enemy of Amanda?",the parent of the enemy of the friend of the enemy of Amanda,Edward,{}\n\n \n\n \n\n \n\n \n\n \n\n \n\n \n\n \n\n \n\n \n\n \n\n \n\n \n\n \n\n \n\n \n\n \n\n,951000000.0,llama3.2:1b,2025-03-06 14:19:11
english,extensional,4,R,"Imagine there are six people: Amanda, Brenda, Calvin, David, Edward and Faith. They have the following relationships to each other:\n\n\nthe enemy of Amanda = Edward	the friend of Amanda = Brenda	the parent of Amanda = Brenda	the child of Brenda = Amanda\nthe enemy of Brenda = David	the friend of Brenda = Amanda	the parent of Calvin = David	the child of David = Calvin\nthe enemy of Calvin = Faith	the friend of Calvin = Edward	the parent of Faith = Edward	the child of Edward = Faith\nthe enemy of David = Brenda	the friend of David = Faith\nthe enemy of Edward = Amanda	the friend of Edward = Calvin\nthe enemy of Faith = Calvin	the friend of Faith = David\n\nHere is how to figure out the answer to the following question:\nWho is the friend of the parent of Calvin?\n\nHere are the steps to arrive at the answer:\n1. the parent of Calvin = David\n2. the friend of David = Faith\n\nSo the answer is Faith\n\nNow answer the following question:\nWho is the friend of the friend of the friend of the child of David?",the friend of the friend of the friend of the child of David,Edward,{},74000000.0,llama3.2:1b,2025-03-06 14:19:12
english,extensional,4,R,"Imagine there are six people: Amanda, Brenda, Calvin, David, Edward and Faith. They have the following relationships to each other:\n\n\nthe enemy of Amanda = Edward	the friend of Amanda = Brenda	the parent of Amanda = Brenda	the child of Brenda = Amanda\nthe enemy of Brenda = David	the friend of Brenda = Amanda	the parent of Calvin = David	the child of David = Calvin\nthe enemy of Calvin = Faith	the friend of Calvin = Edward	the parent of Faith = Edward	the child of Edward = Faith\nthe enemy of David = Brenda	the friend of David = Faith\nthe enemy of Edward = Amanda	the friend of Edward = Calvin\nthe enemy of Faith = Calvin	the friend of Faith = David\n\nHere is how to figure out the answer to the following question:\nWho is the friend of the parent of Calvin?\n\nHere are the steps to arrive at the answer:\n1. the parent of Calvin = David\n2. the friend of David = Faith\n\nSo the answer is Faith\n\nNow answer the following question:\nWho is the friend of the child of the enemy of the enemy of David?",the friend of the child of the enemy of the enemy of David,Edward,"{\n\n \n\n  		   	\n  		  	""Faith""\n \n   		  	      \n 	            \n \n     			\n 	            \n   \n      				\n       \n        \n          \n            \n         \n           \n\n\n  		 ",,llama3.2:1b,2025-03-06 14:19:16
english,extensional,4,R,"Imagine there are six people: Amanda, Brenda, Calvin, David, Edward and Faith. They have the following relationships to each other:\n\n\nthe enemy of Amanda = Edward	the friend of Amanda = Brenda	the parent of Amanda = Brenda	the child of Brenda = Amanda\nthe enemy of Brenda = David	the friend of Brenda = Amanda	the parent of Calvin = David	the child of David = Calvin\nthe enemy of Calvin = Faith	the friend of Calvin = Edward	the parent of Faith = Edward	the child of Edward = Faith\nthe enemy of David = Brenda	the friend of David = Faith\nthe enemy of Edward = Amanda	the friend of Edward = Calvin\nthe enemy of Faith = Calvin	the friend of Faith = David\n\nHere is how to figure out the answer to the following question:\nWho is the friend of the parent of Calvin?\n\nHere are the steps to arrive at the answer:\n1. the parent of Calvin = David\n2. the friend of David = Faith\n\nSo the answer is Faith\n\nNow answer the following question:\nWho is the enemy of the enemy of the friend of the friend of Brenda?",the enemy of the enemy of the friend of the friend of Brenda,Brenda,{ \n\n}\n\n \n\n \n\n \n\n \n\n \n\n \n\n \n\n \n\n \n\n \n\n \n\n \n\n \n\n \n\n \n\n \n\n \n\n \n\n \n\n \n\n \n\n \n\n \n\n \n\n \n\n \n\n \n\n \n\n \n\n \n\n \n\n,,llama3.2:1b,2025-03-06 14:19:18
english,extensional,4,R,"Imagine there are six people: Amanda, Brenda, Calvin, David, Edward and Faith. They have the following relationships to each other:\n\n\nthe enemy of Amanda = Edward	the friend of Amanda = Brenda	the parent of Amanda = Brenda	the child of Brenda = Amanda\nthe enemy of Brenda = David	the friend of Brenda = Amanda	the parent of Calvin = David	the child of David = Calvin\nthe enemy of Calvin = Faith	the friend of Calvin = Edward	the parent of Faith = Edward	the child of Edward = Faith\nthe enemy of David = Brenda	the friend of David = Faith\nthe enemy of Edward = Amanda	the friend of Edward = Calvin\nthe enemy of Faith = Calvin	the friend of Faith = David\n\nHere is how to figure out the answer to the following question:\nWho is the friend of the parent of Calvin?\n\nHere are the steps to arrive at the answer:\n1. the parent of Calvin = David\n2. the friend of David = Faith\n\nSo the answer is Faith\n\nNow answer the following question:\nWho is the enemy of the child of the friend of the child of David?",the enemy of the child of the friend of the child of David,Calvin,{}\n\n \n\n  ,333000000.0,llama3.2:1b,2025-03-06 14:19:19
english,extensional,4,R,"Imagine there are six people: Amanda, Brenda, Calvin, David, Edward and Faith. They have the following relationships to each other:\n\n\nthe enemy of Amanda = Edward	the friend of Amanda = Brenda	the parent of Amanda = Brenda	the child of Brenda = Amanda\nthe enemy of Brenda = David	the friend of Brenda = Amanda	the parent of Calvin = David	the child of David = Calvin\nthe enemy of Calvin = Faith	the friend of Calvin = Edward	the parent of Faith = Edward	the child of Edward = Faith\nthe enemy of David = Brenda	the friend of David = Faith\nthe enemy of Edward = Amanda	the friend of Edward = Calvin\nthe enemy of Faith = Calvin	the friend of Faith = David\n\nHere is how to figure out the answer to the following question:\nWho is the friend of the parent of Calvin?\n\nHere are the steps to arrive at the answer:\n1. the parent of Calvin = David\n2. the friend of David = Faith\n\nSo the answer is Faith\n\nNow answer the following question:\nWho is the enemy of the child of the parent of the enemy of Edward?",the enemy of the child of the parent of the enemy of Edward,Edward,"{ \n  ""Amanda"" : [""Brenda"", ""Faith""]\n}",1000000000.0,llama3.2:1b,2025-03-06 14:19:20
english,extensional,4,R,"Imagine there are six people: Amanda, Brenda, Calvin, David, Edward and Faith. They have the following relationships to each other:\n\n\nthe enemy of Amanda = Edward	the friend of Amanda = Brenda	the parent of Amanda = Brenda	the child of Brenda = Amanda\nthe enemy of Brenda = David	the friend of Brenda = Amanda	the parent of Calvin = David	the child of David = Calvin\nthe enemy of Calvin = Faith	the friend of Calvin = Edward	the parent of Faith = Edward	the child of Edward = Faith\nthe enemy of David = Brenda	the friend of David = Faith\nthe enemy of Edward = Amanda	the friend of Edward = Calvin\nthe enemy of Faith = Calvin	the friend of Faith = David\n\nHere is how to figure out the answer to the following question:\nWho is the friend of the parent of Calvin?\n\nHere are the steps to arrive at the answer:\n1. the parent of Calvin = David\n2. the friend of David = Faith\n\nSo the answer is Faith\n\nNow answer the following question:\nWho is the enemy of the enemy of the friend of the child of Edward?",the enemy of the enemy of the friend of the child of Edward,David,{}\n\n\n\n\n\n\n\n\n\n \n\n \n\n \n\n \n\n \n\n \n\n \n\n \n\n\n \n\n \n\n \n\n \n\n,1238000000.0,llama3.2:1b,2025-03-06 14:19:22
english,extensional,4,R,"Imagine there are six people: Amanda, Brenda, Calvin, David, Edward and Faith. They have the following relationships to each other:\n\n\nthe enemy of Amanda = Edward	the friend of Amanda = Brenda	the parent of Amanda = Brenda	the child of Brenda = Amanda\nthe enemy of Brenda = David	the friend of Brenda = Amanda	the parent of Calvin = David	the child of David = Calvin\nthe enemy of Calvin = Faith	the friend of Calvin = Edward	the parent of Faith = Edward	the child of Edward = Faith\nthe enemy of David = Brenda	the friend of David = Faith\nthe enemy of Edward = Amanda	the friend of Edward = Calvin\nthe enemy of Faith = Calvin	the friend of Faith = David\n\nHere is how to figure out the answer to the following question:\nWho is the friend of the parent of Calvin?\n\nHere are the steps to arrive at the answer:\n1. the parent of Calvin = David\n2. the friend of David = Faith\n\nSo the answer is Faith\n\nNow answer the following question:\nWho is the enemy of the friend of the enemy of the friend of Calvin?",the enemy of the friend of the enemy of the friend of Calvin,David,{} \n\n \n  \n        \n      \n    \n    \n\n\n\n\n\n  \n\n\n  \n\n\n  \n\n\n\n \n\n \n\n\n\n\n\n \n \n\n \n\n\n\n\n\n \n\n \n,2150000000.0,llama3.2:1b,2025-03-06 14:19:25
english,extensional,4,R,"Imagine there are six people: Amanda, Brenda, Calvin, David, Edward and Faith. They have the following relationships to each other:\n\n\nthe enemy of Amanda = Edward	the friend of Amanda = Brenda	the parent of Amanda = Brenda	the child of Brenda = Amanda\nthe enemy of Brenda = David	the friend of Brenda = Amanda	the parent of Calvin = David	the child of David = Calvin\nthe enemy of Calvin = Faith	the friend of Calvin = Edward	the parent of Faith = Edward	the child of Edward = Faith\nthe enemy of David = Brenda	the friend of David = Faith\nthe enemy of Edward = Amanda	the friend of Edward = Calvin\nthe enemy of Faith = Calvin	the friend of Faith = David\n\nHere is how to figure out the answer to the following question:\nWho is the friend of the parent of Calvin?\n\nHere are the steps to arrive at the answer:\n1. the parent of Calvin = David\n2. the friend of David = Faith\n\nSo the answer is Faith\n\nNow answer the following question:\nWho is the friend of the enemy of the friend of the child of Edward?",the friend of the enemy of the friend of the child of Edward,Amanda,{}\n\n\n\n\n\n\n\n\n\n\n\n\n\n\n\n\n\n\n\n\n\n\n\n\n\n\n\n\n\n\n\n\n\n\n\n\n\n\n\n\n\n\n\n\n\n\n\n\n\n\n\n\n\n \n\n \n\n \n\n \n\n \n\n \n\n \n\n \n\n \n\n \n\n \n\n \n\n \n\n \n\n \n\n \n\n \n\n \n\n\n \n\n,1721000000.0,llama3.2:1b,2025-03-06 14:19:27
english,extensional,4,R,"Imagine there are six people: Amanda, Brenda, Calvin, David, Edward and Faith. They have the following relationships to each other:\n\n\nthe enemy of Amanda = Edward	the friend of Amanda = Brenda	the parent of Amanda = Brenda	the child of Brenda = Amanda\nthe enemy of Brenda = David	the friend of Brenda = Amanda	the parent of Calvin = David	the child of David = Calvin\nthe enemy of Calvin = Faith	the friend of Calvin = Edward	the parent of Faith = Edward	the child of Edward = Faith\nthe enemy of David = Brenda	the friend of David = Faith\nthe enemy of Edward = Amanda	the friend of Edward = Calvin\nthe enemy of Faith = Calvin	the friend of Faith = David\n\nHere is how to figure out the answer to the following question:\nWho is the friend of the parent of Calvin?\n\nHere are the steps to arrive at the answer:\n1. the parent of Calvin = David\n2. the friend of David = Faith\n\nSo the answer is Faith\n\nNow answer the following question:\nWho is the friend of the enemy of the friend of the enemy of David?",the friend of the enemy of the friend of the enemy of David,Calvin,{} \n\n \n  ,444000000.0,llama3.2:1b,2025-03-06 14:19:28
english,extensional,4,R,"Imagine there are six people: Amanda, Brenda, Calvin, David, Edward and Faith. They have the following relationships to each other:\n\n\nthe enemy of Amanda = Edward	the friend of Amanda = Brenda	the parent of Amanda = Brenda	the child of Brenda = Amanda\nthe enemy of Brenda = David	the friend of Brenda = Amanda	the parent of Calvin = David	the child of David = Calvin\nthe enemy of Calvin = Faith	the friend of Calvin = Edward	the parent of Faith = Edward	the child of Edward = Faith\nthe enemy of David = Brenda	the friend of David = Faith\nthe enemy of Edward = Amanda	the friend of Edward = Calvin\nthe enemy of Faith = Calvin	the friend of Faith = David\n\nHere is how to figure out the answer to the following question:\nWho is the friend of the parent of Calvin?\n\nHere are the steps to arrive at the answer:\n1. the parent of Calvin = David\n2. the friend of David = Faith\n\nSo the answer is Faith\n\nNow answer the following question:\nWho is the enemy of the parent of the child of the parent of Faith?",the enemy of the parent of the child of the parent of Faith,Amanda,{} \n\n \n\n \n\n \n\n \n\n\n \n\n \n\n \n\n \n\n \n\n \n\n \n\n \n\n \n\n \n\n \n\n \n\n \n\n \n\n \n\n \n \n\n ,1567000000.0,llama3.2:1b,2025-03-06 14:19:30
english,extensional,4,R,"Imagine there are six people: Amanda, Brenda, Calvin, David, Edward and Faith. They have the following relationships to each other:\n\n\nthe enemy of Amanda = Edward	the friend of Amanda = Brenda	the parent of Amanda = Brenda	the child of Brenda = Amanda\nthe enemy of Brenda = David	the friend of Brenda = Amanda	the parent of Calvin = David	the child of David = Calvin\nthe enemy of Calvin = Faith	the friend of Calvin = Edward	the parent of Faith = Edward	the child of Edward = Faith\nthe enemy of David = Brenda	the friend of David = Faith\nthe enemy of Edward = Amanda	the friend of Edward = Calvin\nthe enemy of Faith = Calvin	the friend of Faith = David\n\nHere is how to figure out the answer to the following question:\nWho is the friend of the parent of Calvin?\n\nHere are the steps to arrive at the answer:\n1. the parent of Calvin = David\n2. the friend of David = Faith\n\nSo the answer is Faith\n\nNow answer the following question:\nWho is the parent of the enemy of the parent of the enemy of Calvin?",the parent of the enemy of the parent of the enemy of Calvin,Brenda,{} \n\n \n  ,406000000.0,llama3.2:1b,2025-03-06 14:19:31
english,extensional,4,R,"Imagine there are six people: Amanda, Brenda, Calvin, David, Edward and Faith. They have the following relationships to each other:\n\n\nthe enemy of Amanda = Edward	the friend of Amanda = Brenda	the parent of Amanda = Brenda	the child of Brenda = Amanda\nthe enemy of Brenda = David	the friend of Brenda = Amanda	the parent of Calvin = David	the child of David = Calvin\nthe enemy of Calvin = Faith	the friend of Calvin = Edward	the parent of Faith = Edward	the child of Edward = Faith\nthe enemy of David = Brenda	the friend of David = Faith\nthe enemy of Edward = Amanda	the friend of Edward = Calvin\nthe enemy of Faith = Calvin	the friend of Faith = David\n\nHere is how to figure out the answer to the following question:\nWho is the friend of the parent of Calvin?\n\nHere are the steps to arrive at the answer:\n1. the parent of Calvin = David\n2. the friend of David = Faith\n\nSo the answer is Faith\n\nNow answer the following question:\nWho is the friend of the enemy of the enemy of the enemy of Calvin?",the friend of the enemy of the enemy of the enemy of Calvin,David,{}\n\n\n\n\n\n\n\n\n\n\n\n\n\n\n \n\n \n \n\n \n\n \n\n \n\n \n\n \n\n \n\n\n \n \n\n \n\n,981000000.0,llama3.2:1b,2025-03-06 14:19:32
english,extensional,4,R,"Imagine there are six people: Amanda, Brenda, Calvin, David, Edward and Faith. They have the following relationships to each other:\n\n\nthe enemy of Amanda = Edward	the friend of Amanda = Brenda	the parent of Amanda = Brenda	the child of Brenda = Amanda\nthe enemy of Brenda = David	the friend of Brenda = Amanda	the parent of Calvin = David	the child of David = Calvin\nthe enemy of Calvin = Faith	the friend of Calvin = Edward	the parent of Faith = Edward	the child of Edward = Faith\nthe enemy of David = Brenda	the friend of David = Faith\nthe enemy of Edward = Amanda	the friend of Edward = Calvin\nthe enemy of Faith = Calvin	the friend of Faith = David\n\nHere is how to figure out the answer to the following question:\nWho is the friend of the parent of Calvin?\n\nHere are the steps to arrive at the answer:\n1. the parent of Calvin = David\n2. the friend of David = Faith\n\nSo the answer is Faith\n\nNow answer the following question:\nWho is the enemy of the friend of the friend of the enemy of David?",the enemy of the friend of the friend of the enemy of David,David,{}\n\n\n\n\n\n\n\n\n\n\n\n \n\n \n  \n\n\n\n\n\n \n\n\n \n\n\n\n \n\n \n\n\n\n\n\n\n,1122000000.0,llama3.2:1b,2025-03-06 14:19:34
english,extensional,4,R,"Imagine there are six people: Amanda, Brenda, Calvin, David, Edward and Faith. They have the following relationships to each other:\n\n\nthe enemy of Amanda = Edward	the friend of Amanda = Brenda	the parent of Amanda = Brenda	the child of Brenda = Amanda\nthe enemy of Brenda = David	the friend of Brenda = Amanda	the parent of Calvin = David	the child of David = Calvin\nthe enemy of Calvin = Faith	the friend of Calvin = Edward	the parent of Faith = Edward	the child of Edward = Faith\nthe enemy of David = Brenda	the friend of David = Faith\nthe enemy of Edward = Amanda	the friend of Edward = Calvin\nthe enemy of Faith = Calvin	the friend of Faith = David\n\nHere is how to figure out the answer to the following question:\nWho is the friend of the parent of Calvin?\n\nHere are the steps to arrive at the answer:\n1. the parent of Calvin = David\n2. the friend of David = Faith\n\nSo the answer is Faith\n\nNow answer the following question:\nWho is the parent of the child of the friend of the friend of Edward?",the parent of the child of the friend of the friend of Edward,Edward,{}\n\n \n\n \n\n \n\n \n\n \n\n \n\n \n\n \n\n \n\n \n\n \n\n \n\n \n\n \n\n \n\n \n\n \n\n \n\n \n\n \n\n \n\n \n\n \n\n \n\n \n\n \n\n,1568000000.0,llama3.2:1b,2025-03-06 14:19:36
english,extensional,4,R,"Imagine there are six people: Amanda, Brenda, Calvin, David, Edward and Faith. They have the following relationships to each other:\n\n\nthe enemy of Amanda = Edward	the friend of Amanda = Brenda	the parent of Amanda = Brenda	the child of Brenda = Amanda\nthe enemy of Brenda = David	the friend of Brenda = Amanda	the parent of Calvin = David	the child of David = Calvin\nthe enemy of Calvin = Faith	the friend of Calvin = Edward	the parent of Faith = Edward	the child of Edward = Faith\nthe enemy of David = Brenda	the friend of David = Faith\nthe enemy of Edward = Amanda	the friend of Edward = Calvin\nthe enemy of Faith = Calvin	the friend of Faith = David\n\nHere is how to figure out the answer to the following question:\nWho is the friend of the parent of Calvin?\n\nHere are the steps to arrive at the answer:\n1. the parent of Calvin = David\n2. the friend of David = Faith\n\nSo the answer is Faith\n\nNow answer the following question:\nWho is the enemy of the enemy of the child of the parent of Amanda?",the enemy of the enemy of the child of the parent of Amanda,Amanda,{}\n\n\n\n\n\n\n\n\n\n\n\n\n\n\n\n\n\n\n\n\n\n\n\n\n\n\n\n\n\n\n\n\n\n\n\n\n\n\n\n\n\n\n\n\n\n\n\n\n\n\n\n\n\n\n\n \n\n\n \n\n \n\n \n\n \n\n \n\n \n\n \n\n \n\n \n\n \n\n \n\n \n\n \n\n \n\n \n\n\n\n\n\n\n \n\n \n\n \n\n \n\n \n\n \n\n \n\n \n\n \n\n \n\n \n\n,,llama3.2:1b,2025-03-06 14:19:38
english,extensional,5,R,"Imagine there are six people: Amanda, Brenda, Calvin, David, Edward and Faith. They have the following relationships to each other:\n\n\nthe enemy of Amanda = Edward	the friend of Amanda = Brenda	the parent of Amanda = Brenda	the child of Brenda = Amanda\nthe enemy of Brenda = David	the friend of Brenda = Amanda	the parent of Calvin = David	the child of David = Calvin\nthe enemy of Calvin = Faith	the friend of Calvin = Edward	the parent of Faith = Edward	the child of Edward = Faith\nthe enemy of David = Brenda	the friend of David = Faith\nthe enemy of Edward = Amanda	the friend of Edward = Calvin\nthe enemy of Faith = Calvin	the friend of Faith = David\n\nHere is how to figure out the answer to the following question:\nWho is the friend of the parent of Calvin?\n\nHere are the steps to arrive at the answer:\n1. the parent of Calvin = David\n2. the friend of David = Faith\n\nSo the answer is Faith\n\nNow answer the following question:\nWho is the friend of the enemy of the friend of the friend of the friend of Brenda?",the friend of the enemy of the friend of the friend of the friend of Brenda,Calvin,{} \n\n \n  ,404000000.0,llama3.2:1b,2025-03-06 14:19:39
english,extensional,5,R,"Imagine there are six people: Amanda, Brenda, Calvin, David, Edward and Faith. They have the following relationships to each other:\n\n\nthe enemy of Amanda = Edward	the friend of Amanda = Brenda	the parent of Amanda = Brenda	the child of Brenda = Amanda\nthe enemy of Brenda = David	the friend of Brenda = Amanda	the parent of Calvin = David	the child of David = Calvin\nthe enemy of Calvin = Faith	the friend of Calvin = Edward	the parent of Faith = Edward	the child of Edward = Faith\nthe enemy of David = Brenda	the friend of David = Faith\nthe enemy of Edward = Amanda	the friend of Edward = Calvin\nthe enemy of Faith = Calvin	the friend of Faith = David\n\nHere is how to figure out the answer to the following question:\nWho is the friend of the parent of Calvin?\n\nHere are the steps to arrive at the answer:\n1. the parent of Calvin = David\n2. the friend of David = Faith\n\nSo the answer is Faith\n\nNow answer the following question:\nWho is the enemy of the parent of the child of the friend of the child of David?",the enemy of the parent of the child of the friend of the child of David,Amanda,"{""dialogue-tag"": ""Who is the enemy of the parent of the child of the friend of the child of David?"", \n""questioner"": ""Who is the enemy of the parent of the child of the friend of the child of David?"", \n""answer"": ""Brenda"", \n""reasoning"": ""To find the answer, we need to find the friend of the child of Calvin. We know that the parent of Calvin = David, and the friend of David = Faith. So, the friend of the child of Calvin is Edward. The parent of the child of Edward = Faith, so the enemy of the parent of the child of the friend of the child of David is Edward.""}",8728000000.0,llama3.2:1b,2025-03-06 14:19:48
english,extensional,5,R,"Imagine there are six people: Amanda, Brenda, Calvin, David, Edward and Faith. They have the following relationships to each other:\n\n\nthe enemy of Amanda = Edward	the friend of Amanda = Brenda	the parent of Amanda = Brenda	the child of Brenda = Amanda\nthe enemy of Brenda = David	the friend of Brenda = Amanda	the parent of Calvin = David	the child of David = Calvin\nthe enemy of Calvin = Faith	the friend of Calvin = Edward	the parent of Faith = Edward	the child of Edward = Faith\nthe enemy of David = Brenda	the friend of David = Faith\nthe enemy of Edward = Amanda	the friend of Edward = Calvin\nthe enemy of Faith = Calvin	the friend of Faith = David\n\nHere is how to figure out the answer to the following question:\nWho is the friend of the parent of Calvin?\n\nHere are the steps to arrive at the answer:\n1. the parent of Calvin = David\n2. the friend of David = Faith\n\nSo the answer is Faith\n\nNow answer the following question:\nWho is the friend of the parent of the child of the friend of the friend of Brenda?",the friend of the parent of the child of the friend of the friend of Brenda,Amanda,{\n\n \n\n  	\n	\n    \n        \n        		\n        	\n            			\n            \n                \n                	\n        \n               \n	\n           \n\n\n  \n  \n\n\n \n \n\n    \n\n\n\n \n,,llama3.2:1b,2025-03-06 14:19:51
english,extensional,5,R,"Imagine there are six people: Amanda, Brenda, Calvin, David, Edward and Faith. They have the following relationships to each other:\n\n\nthe enemy of Amanda = Edward	the friend of Amanda = Brenda	the parent of Amanda = Brenda	the child of Brenda = Amanda\nthe enemy of Brenda = David	the friend of Brenda = Amanda	the parent of Calvin = David	the child of David = Calvin\nthe enemy of Calvin = Faith	the friend of Calvin = Edward	the parent of Faith = Edward	the child of Edward = Faith\nthe enemy of David = Brenda	the friend of David = Faith\nthe enemy of Edward = Amanda	the friend of Edward = Calvin\nthe enemy of Faith = Calvin	the friend of Faith = David\n\nHere is how to figure out the answer to the following question:\nWho is the friend of the parent of Calvin?\n\nHere are the steps to arrive at the answer:\n1. the parent of Calvin = David\n2. the friend of David = Faith\n\nSo the answer is Faith\n\nNow answer the following question:\nWho is the parent of the child of the parent of the child of the friend of Amanda?",the parent of the child of the parent of the child of the friend of Amanda,Brenda,{}\n\n \n\n \n\n \n\n \n\n \n\n \n\n \n\n \n\n \n\n \n\n \n\n \n\n \n\n \n\n \n\n \n\n \n\n \n\n \n\n \n\n \n\n \n\n \n\n \n\n \n\n \n\n \n\n \n\n \n\n \n\n \n\n,,llama3.2:1b,2025-03-06 14:19:53
english,extensional,5,R,"Imagine there are six people: Amanda, Brenda, Calvin, David, Edward and Faith. They have the following relationships to each other:\n\n\nthe enemy of Amanda = Edward	the friend of Amanda = Brenda	the parent of Amanda = Brenda	the child of Brenda = Amanda\nthe enemy of Brenda = David	the friend of Brenda = Amanda	the parent of Calvin = David	the child of David = Calvin\nthe enemy of Calvin = Faith	the friend of Calvin = Edward	the parent of Faith = Edward	the child of Edward = Faith\nthe enemy of David = Brenda	the friend of David = Faith\nthe enemy of Edward = Amanda	the friend of Edward = Calvin\nthe enemy of Faith = Calvin	the friend of Faith = David\n\nHere is how to figure out the answer to the following question:\nWho is the friend of the parent of Calvin?\n\nHere are the steps to arrive at the answer:\n1. the parent of Calvin = David\n2. the friend of David = Faith\n\nSo the answer is Faith\n\nNow answer the following question:\nWho is the child of the enemy of the parent of the enemy of the parent of Faith?",the child of the enemy of the parent of the enemy of the parent of Faith,Calvin,{}\n\n \n\n \n\n \n\n \n\n \n\n \n\n \n\n \n\n \n\n \n\n \n\n \n\n \n\n \n\n \n\n \n\n \n\n \n\n,1099000000.0,llama3.2:1b,2025-03-06 14:19:55
english,extensional,5,R,"Imagine there are six people: Amanda, Brenda, Calvin, David, Edward and Faith. They have the following relationships to each other:\n\n\nthe enemy of Amanda = Edward	the friend of Amanda = Brenda	the parent of Amanda = Brenda	the child of Brenda = Amanda\nthe enemy of Brenda = David	the friend of Brenda = Amanda	the parent of Calvin = David	the child of David = Calvin\nthe enemy of Calvin = Faith	the friend of Calvin = Edward	the parent of Faith = Edward	the child of Edward = Faith\nthe enemy of David = Brenda	the friend of David = Faith\nthe enemy of Edward = Amanda	the friend of Edward = Calvin\nthe enemy of Faith = Calvin	the friend of Faith = David\n\nHere is how to figure out the answer to the following question:\nWho is the friend of the parent of Calvin?\n\nHere are the steps to arrive at the answer:\n1. the parent of Calvin = David\n2. the friend of David = Faith\n\nSo the answer is Faith\n\nNow answer the following question:\nWho is the child of the parent of the child of the friend of the child of Brenda?",the child of the parent of the child of the friend of the child of Brenda,Amanda,{}\n\n \n\n  \n\n\n\n\n\n\n\n\n  \n \n\n \n\n \n\n\n \n\n \n\n \n\n \n\n \n\n \n\n \n\n \n\n \n\n\n\n\n\n\n \n\n\n \n\n \n\n \n\n\n \n\n\n\n\n \n\n \n\n \n\n \n\n \n\n \n\n \n\n\n\n,,llama3.2:1b,2025-03-06 14:19:57
english,extensional,5,R,"Imagine there are six people: Amanda, Brenda, Calvin, David, Edward and Faith. They have the following relationships to each other:\n\n\nthe enemy of Amanda = Edward	the friend of Amanda = Brenda	the parent of Amanda = Brenda	the child of Brenda = Amanda\nthe enemy of Brenda = David	the friend of Brenda = Amanda	the parent of Calvin = David	the child of David = Calvin\nthe enemy of Calvin = Faith	the friend of Calvin = Edward	the parent of Faith = Edward	the child of Edward = Faith\nthe enemy of David = Brenda	the friend of David = Faith\nthe enemy of Edward = Amanda	the friend of Edward = Calvin\nthe enemy of Faith = Calvin	the friend of Faith = David\n\nHere is how to figure out the answer to the following question:\nWho is the friend of the parent of Calvin?\n\nHere are the steps to arrive at the answer:\n1. the parent of Calvin = David\n2. the friend of David = Faith\n\nSo the answer is Faith\n\nNow answer the following question:\nWho is the friend of the enemy of the child of the friend of the child of Brenda?",the friend of the enemy of the child of the friend of the child of Brenda,Calvin,{}\n\n \n\n \n\n \n\n \n\n \n\n \n\n \n\n \n\n \n\n \n\n \n\n \n\n \n\n \n\n \n\n \n\n \n\n \n\n \n\n \n\n \n\n \n\n \n\n \n\n \n\n \n\n \n\n \n\n \n\n \n\n \n\n,,llama3.2:1b,2025-03-06 14:20:00
english,extensional,5,R,"Imagine there are six people: Amanda, Brenda, Calvin, David, Edward and Faith. They have the following relationships to each other:\n\n\nthe enemy of Amanda = Edward	the friend of Amanda = Brenda	the parent of Amanda = Brenda	the child of Brenda = Amanda\nthe enemy of Brenda = David	the friend of Brenda = Amanda	the parent of Calvin = David	the child of David = Calvin\nthe enemy of Calvin = Faith	the friend of Calvin = Edward	the parent of Faith = Edward	the child of Edward = Faith\nthe enemy of David = Brenda	the friend of David = Faith\nthe enemy of Edward = Amanda	the friend of Edward = Calvin\nthe enemy of Faith = Calvin	the friend of Faith = David\n\nHere is how to figure out the answer to the following question:\nWho is the friend of the parent of Calvin?\n\nHere are the steps to arrive at the answer:\n1. the parent of Calvin = David\n2. the friend of David = Faith\n\nSo the answer is Faith\n\nNow answer the following question:\nWho is the friend of the friend of the child of the friend of the enemy of Calvin?",the friend of the friend of the child of the friend of the enemy of Calvin,Calvin,{} \n \n  ,672000000.0,llama3.2:1b,2025-03-06 14:20:02
english,extensional,5,R,"Imagine there are six people: Amanda, Brenda, Calvin, David, Edward and Faith. They have the following relationships to each other:\n\n\nthe enemy of Amanda = Edward	the friend of Amanda = Brenda	the parent of Amanda = Brenda	the child of Brenda = Amanda\nthe enemy of Brenda = David	the friend of Brenda = Amanda	the parent of Calvin = David	the child of David = Calvin\nthe enemy of Calvin = Faith	the friend of Calvin = Edward	the parent of Faith = Edward	the child of Edward = Faith\nthe enemy of David = Brenda	the friend of David = Faith\nthe enemy of Edward = Amanda	the friend of Edward = Calvin\nthe enemy of Faith = Calvin	the friend of Faith = David\n\nHere is how to figure out the answer to the following question:\nWho is the friend of the parent of Calvin?\n\nHere are the steps to arrive at the answer:\n1. the parent of Calvin = David\n2. the friend of David = Faith\n\nSo the answer is Faith\n\nNow answer the following question:\nWho is the friend of the parent of the enemy of the parent of the child of Edward?",the friend of the parent of the enemy of the parent of the child of Edward,Amanda,{}\n\n \n\n \n \n\n \n,471000000.0,llama3.2:1b,2025-03-06 14:20:03
english,extensional,5,R,"Imagine there are six people: Amanda, Brenda, Calvin, David, Edward and Faith. They have the following relationships to each other:\n\n\nthe enemy of Amanda = Edward	the friend of Amanda = Brenda	the parent of Amanda = Brenda	the child of Brenda = Amanda\nthe enemy of Brenda = David	the friend of Brenda = Amanda	the parent of Calvin = David	the child of David = Calvin\nthe enemy of Calvin = Faith	the friend of Calvin = Edward	the parent of Faith = Edward	the child of Edward = Faith\nthe enemy of David = Brenda	the friend of David = Faith\nthe enemy of Edward = Amanda	the friend of Edward = Calvin\nthe enemy of Faith = Calvin	the friend of Faith = David\n\nHere is how to figure out the answer to the following question:\nWho is the friend of the parent of Calvin?\n\nHere are the steps to arrive at the answer:\n1. the parent of Calvin = David\n2. the friend of David = Faith\n\nSo the answer is Faith\n\nNow answer the following question:\nWho is the child of the enemy of the enemy of the enemy of the enemy of David?",the child of the enemy of the enemy of the enemy of the enemy of David,Calvin,{}\n\n \n\n  		 \n\n\n   			\n   				\n   			\n   \n   \n   \n\n \n\n \n\n \n\n \n\n \n\n \n\n \n\n \n\n \n\n \n\n \n\n \n\n \n\n \n\n,,llama3.2:1b,2025-03-06 14:20:06
english,extensional,5,R,"Imagine there are six people: Amanda, Brenda, Calvin, David, Edward and Faith. They have the following relationships to each other:\n\n\nthe enemy of Amanda = Edward	the friend of Amanda = Brenda	the parent of Amanda = Brenda	the child of Brenda = Amanda\nthe enemy of Brenda = David	the friend of Brenda = Amanda	the parent of Calvin = David	the child of David = Calvin\nthe enemy of Calvin = Faith	the friend of Calvin = Edward	the parent of Faith = Edward	the child of Edward = Faith\nthe enemy of David = Brenda	the friend of David = Faith\nthe enemy of Edward = Amanda	the friend of Edward = Calvin\nthe enemy of Faith = Calvin	the friend of Faith = David\n\nHere is how to figure out the answer to the following question:\nWho is the friend of the parent of Calvin?\n\nHere are the steps to arrive at the answer:\n1. the parent of Calvin = David\n2. the friend of David = Faith\n\nSo the answer is Faith\n\nNow answer the following question:\nWho is the enemy of the enemy of the enemy of the enemy of the parent of Faith?",the enemy of the enemy of the enemy of the enemy of the parent of Faith,Edward,{}\n\n\n\n\n\n\n\n\n\n\n\n\n\n\n\n\n\n\n\n\n\n\n\n\n \n\n \n\n \n\n \n\n \n\n \n\n \n\n \n\n\n\n\n\n\n\n\n\n\n \n \n\n\n \n\n \n\n\n\n\n\n\n \n\n \n\n\n\n\n\n\n\n\n\n \n\n \n\n\n\n\n\n\n\n \n\n \n\n\n\n\n\n\n\n\n\n \n\n \n\n \n\n,,llama3.2:1b,2025-03-06 14:20:09
english,extensional,5,R,"Imagine there are six people: Amanda, Brenda, Calvin, David, Edward and Faith. They have the following relationships to each other:\n\n\nthe enemy of Amanda = Edward	the friend of Amanda = Brenda	the parent of Amanda = Brenda	the child of Brenda = Amanda\nthe enemy of Brenda = David	the friend of Brenda = Amanda	the parent of Calvin = David	the child of David = Calvin\nthe enemy of Calvin = Faith	the friend of Calvin = Edward	the parent of Faith = Edward	the child of Edward = Faith\nthe enemy of David = Brenda	the friend of David = Faith\nthe enemy of Edward = Amanda	the friend of Edward = Calvin\nthe enemy of Faith = Calvin	the friend of Faith = David\n\nHere is how to figure out the answer to the following question:\nWho is the friend of the parent of Calvin?\n\nHere are the steps to arrive at the answer:\n1. the parent of Calvin = David\n2. the friend of David = Faith\n\nSo the answer is Faith\n\nNow answer the following question:\nWho is the friend of the child of the enemy of the friend of the child of Brenda?",the friend of the child of the enemy of the friend of the child of Brenda,Edward,{} \n\n \n\n \n\n \n\n \n\n \n\n \n\n \n\n\n \n\n \n\n \n\n\n\n\n \n\n \n\n \n\n \n\n \n\n \n\n \n \n\n \n\n \n\n \n\n \n\n \n\n \n\n \n\n \n\n \n\n \n\n \n\n,,llama3.2:1b,2025-03-06 14:20:11
english,extensional,5,R,"Imagine there are six people: Amanda, Brenda, Calvin, David, Edward and Faith. They have the following relationships to each other:\n\n\nthe enemy of Amanda = Edward	the friend of Amanda = Brenda	the parent of Amanda = Brenda	the child of Brenda = Amanda\nthe enemy of Brenda = David	the friend of Brenda = Amanda	the parent of Calvin = David	the child of David = Calvin\nthe enemy of Calvin = Faith	the friend of Calvin = Edward	the parent of Faith = Edward	the child of Edward = Faith\nthe enemy of David = Brenda	the friend of David = Faith\nthe enemy of Edward = Amanda	the friend of Edward = Calvin\nthe enemy of Faith = Calvin	the friend of Faith = David\n\nHere is how to figure out the answer to the following question:\nWho is the friend of the parent of Calvin?\n\nHere are the steps to arrive at the answer:\n1. the parent of Calvin = David\n2. the friend of David = Faith\n\nSo the answer is Faith\n\nNow answer the following question:\nWho is the friend of the child of the parent of the child of the enemy of David?",the friend of the child of the parent of the child of the enemy of David,Brenda,{ \n\n  } \n \n  \n    \n  \n        \n      \n        \n      \n        \n      \n        \n      \n\n\n \n  \n\n \n  \n\n\n\n\n\n \n    \n\n\n\n\n\n  \n  ,2634000000.0,llama3.2:1b,2025-03-06 14:20:14
english,extensional,5,R,"Imagine there are six people: Amanda, Brenda, Calvin, David, Edward and Faith. They have the following relationships to each other:\n\n\nthe enemy of Amanda = Edward	the friend of Amanda = Brenda	the parent of Amanda = Brenda	the child of Brenda = Amanda\nthe enemy of Brenda = David	the friend of Brenda = Amanda	the parent of Calvin = David	the child of David = Calvin\nthe enemy of Calvin = Faith	the friend of Calvin = Edward	the parent of Faith = Edward	the child of Edward = Faith\nthe enemy of David = Brenda	the friend of David = Faith\nthe enemy of Edward = Amanda	the friend of Edward = Calvin\nthe enemy of Faith = Calvin	the friend of Faith = David\n\nHere is how to figure out the answer to the following question:\nWho is the friend of the parent of Calvin?\n\nHere are the steps to arrive at the answer:\n1. the parent of Calvin = David\n2. the friend of David = Faith\n\nSo the answer is Faith\n\nNow answer the following question:\nWho is the child of the enemy of the friend of the enemy of the friend of Calvin?",the child of the enemy of the friend of the enemy of the friend of Calvin,Calvin,{\n\n}\n\n \n\n \n\n \n\n \n\n \n\n \n\n \n\n \n\n \n\n \n\n \n\n \n\n \n\n \n\n \n\n \n\n \n\n \n\n \n\n \n\n \n\n \n\n \n\n \n\n \n\n \n\n \n\n \n\n \n\n \n\n \n\n,,llama3.2:1b,2025-03-06 14:20:17
english,extensional,5,R,"Imagine there are six people: Amanda, Brenda, Calvin, David, Edward and Faith. They have the following relationships to each other:\n\n\nthe enemy of Amanda = Edward	the friend of Amanda = Brenda	the parent of Amanda = Brenda	the child of Brenda = Amanda\nthe enemy of Brenda = David	the friend of Brenda = Amanda	the parent of Calvin = David	the child of David = Calvin\nthe enemy of Calvin = Faith	the friend of Calvin = Edward	the parent of Faith = Edward	the child of Edward = Faith\nthe enemy of David = Brenda	the friend of David = Faith\nthe enemy of Edward = Amanda	the friend of Edward = Calvin\nthe enemy of Faith = Calvin	the friend of Faith = David\n\nHere is how to figure out the answer to the following question:\nWho is the friend of the parent of Calvin?\n\nHere are the steps to arrive at the answer:\n1. the parent of Calvin = David\n2. the friend of David = Faith\n\nSo the answer is Faith\n\nNow answer the following question:\nWho is the parent of the enemy of the parent of the enemy of the child of David?",the parent of the enemy of the parent of the enemy of the child of David,Brenda,{ \n  } \n  \n  \n \n  \n        \n      \n    \n        \n      \n        \n        \n\n      \n        \n       \n\n\n  \n\n\n\n    \n        \n      \n        \n,,llama3.2:1b,2025-03-06 14:20:20
english,extensional,5,R,"Imagine there are six people: Amanda, Brenda, Calvin, David, Edward and Faith. They have the following relationships to each other:\n\n\nthe enemy of Amanda = Edward	the friend of Amanda = Brenda	the parent of Amanda = Brenda	the child of Brenda = Amanda\nthe enemy of Brenda = David	the friend of Brenda = Amanda	the parent of Calvin = David	the child of David = Calvin\nthe enemy of Calvin = Faith	the friend of Calvin = Edward	the parent of Faith = Edward	the child of Edward = Faith\nthe enemy of David = Brenda	the friend of David = Faith\nthe enemy of Edward = Amanda	the friend of Edward = Calvin\nthe enemy of Faith = Calvin	the friend of Faith = David\n\nHere is how to figure out the answer to the following question:\nWho is the friend of the parent of Calvin?\n\nHere are the steps to arrive at the answer:\n1. the parent of Calvin = David\n2. the friend of David = Faith\n\nSo the answer is Faith\n\nNow answer the following question:\nWho is the child of the friend of the friend of the friend of the friend of Brenda?",the child of the friend of the friend of the friend of the friend of Brenda,Amanda,{}\n\n\n\n\n\n\n \n\n \n\n \n\n \n\n \n\n \n\n \n\n \n\n \n\n \n\n \n\n \n\n \n\n \n\n \n\n \n\n,1039000000.0,llama3.2:1b,2025-03-06 14:20:22
english,extensional,5,R,"Imagine there are six people: Amanda, Brenda, Calvin, David, Edward and Faith. They have the following relationships to each other:\n\n\nthe enemy of Amanda = Edward	the friend of Amanda = Brenda	the parent of Amanda = Brenda	the child of Brenda = Amanda\nthe enemy of Brenda = David	the friend of Brenda = Amanda	the parent of Calvin = David	the child of David = Calvin\nthe enemy of Calvin = Faith	the friend of Calvin = Edward	the parent of Faith = Edward	the child of Edward = Faith\nthe enemy of David = Brenda	the friend of David = Faith\nthe enemy of Edward = Amanda	the friend of Edward = Calvin\nthe enemy of Faith = Calvin	the friend of Faith = David\n\nHere is how to figure out the answer to the following question:\nWho is the friend of the parent of Calvin?\n\nHere are the steps to arrive at the answer:\n1. the parent of Calvin = David\n2. the friend of David = Faith\n\nSo the answer is Faith\n\nNow answer the following question:\nWho is the child of the enemy of the parent of the enemy of the enemy of Amanda?",the child of the enemy of the parent of the enemy of the enemy of Amanda,Calvin,{}\n\n \n\n  							\n   								\n  			\n	\n     	\n\n \n\n \n\n \n \n\n\n \n\n \n\n \n\n \n\n \n\n \n\n \n\n \n\n \n\n \n\n \n\n \n\n \n\n \n\n,,llama3.2:1b,2025-03-06 14:20:24
english,extensional,5,R,"Imagine there are six people: Amanda, Brenda, Calvin, David, Edward and Faith. They have the following relationships to each other:\n\n\nthe enemy of Amanda = Edward	the friend of Amanda = Brenda	the parent of Amanda = Brenda	the child of Brenda = Amanda\nthe enemy of Brenda = David	the friend of Brenda = Amanda	the parent of Calvin = David	the child of David = Calvin\nthe enemy of Calvin = Faith	the friend of Calvin = Edward	the parent of Faith = Edward	the child of Edward = Faith\nthe enemy of David = Brenda	the friend of David = Faith\nthe enemy of Edward = Amanda	the friend of Edward = Calvin\nthe enemy of Faith = Calvin	the friend of Faith = David\n\nHere is how to figure out the answer to the following question:\nWho is the friend of the parent of Calvin?\n\nHere are the steps to arrive at the answer:\n1. the parent of Calvin = David\n2. the friend of David = Faith\n\nSo the answer is Faith\n\nNow answer the following question:\nWho is the enemy of the enemy of the child of the enemy of the child of Brenda?",the enemy of the enemy of the child of the enemy of the child of Brenda,Faith,{}\n\n \n\n \n\n \n\n \n\n \n\n \n\n \n\n \n\n \n\n \n\n \n\n \n\n \n\n \n\n \n\n \n\n \n\n \n\n \n\n \n\n \n\n \n\n \n\n \n\n \n\n \n\n \n\n \n\n \n\n \n\n \n\n,,llama3.2:1b,2025-03-06 14:20:27
english,extensional,5,R,"Imagine there are six people: Amanda, Brenda, Calvin, David, Edward and Faith. They have the following relationships to each other:\n\n\nthe enemy of Amanda = Edward	the friend of Amanda = Brenda	the parent of Amanda = Brenda	the child of Brenda = Amanda\nthe enemy of Brenda = David	the friend of Brenda = Amanda	the parent of Calvin = David	the child of David = Calvin\nthe enemy of Calvin = Faith	the friend of Calvin = Edward	the parent of Faith = Edward	the child of Edward = Faith\nthe enemy of David = Brenda	the friend of David = Faith\nthe enemy of Edward = Amanda	the friend of Edward = Calvin\nthe enemy of Faith = Calvin	the friend of Faith = David\n\nHere is how to figure out the answer to the following question:\nWho is the friend of the parent of Calvin?\n\nHere are the steps to arrive at the answer:\n1. the parent of Calvin = David\n2. the friend of David = Faith\n\nSo the answer is Faith\n\nNow answer the following question:\nWho is the child of the enemy of the child of the parent of the enemy of Edward?",the child of the enemy of the child of the parent of the enemy of Edward,Faith,{}\n\n \n\n \n\n \n\n \n\n \n\n \n\n \n\n \n\n \n\n \n\n \n\n \n\n \n\n \n\n \n\n \n\n \n\n \n\n \n\n \n\n \n\n \n\n \n\n \n\n \n\n \n\n \n\n \n\n \n\n \n\n \n\n,,llama3.2:1b,2025-03-06 14:20:31
english,extensional,5,R,"Imagine there are six people: Amanda, Brenda, Calvin, David, Edward and Faith. They have the following relationships to each other:\n\n\nthe enemy of Amanda = Edward	the friend of Amanda = Brenda	the parent of Amanda = Brenda	the child of Brenda = Amanda\nthe enemy of Brenda = David	the friend of Brenda = Amanda	the parent of Calvin = David	the child of David = Calvin\nthe enemy of Calvin = Faith	the friend of Calvin = Edward	the parent of Faith = Edward	the child of Edward = Faith\nthe enemy of David = Brenda	the friend of David = Faith\nthe enemy of Edward = Amanda	the friend of Edward = Calvin\nthe enemy of Faith = Calvin	the friend of Faith = David\n\nHere is how to figure out the answer to the following question:\nWho is the friend of the parent of Calvin?\n\nHere are the steps to arrive at the answer:\n1. the parent of Calvin = David\n2. the friend of David = Faith\n\nSo the answer is Faith\n\nNow answer the following question:\nWho is the child of the friend of the enemy of the friend of the friend of Edward?",the child of the friend of the enemy of the friend of the friend of Edward,Amanda,{}\n\n \n\n \n\n \n\n \n\n \n\n \n\n \n\n \n\n \n\n \n\n \n\n \n\n \n\n \n\n \n\n \n\n \n\n \n\n \n\n \n\n \n\n \n\n \n\n \n\n \n\n \n\n \n\n \n\n \n\n \n\n \n\n,,llama3.2:1b,2025-03-06 14:20:33
english,extensional,5,R,"Imagine there are six people: Amanda, Brenda, Calvin, David, Edward and Faith. They have the following relationships to each other:\n\n\nthe enemy of Amanda = Edward	the friend of Amanda = Brenda	the parent of Amanda = Brenda	the child of Brenda = Amanda\nthe enemy of Brenda = David	the friend of Brenda = Amanda	the parent of Calvin = David	the child of David = Calvin\nthe enemy of Calvin = Faith	the friend of Calvin = Edward	the parent of Faith = Edward	the child of Edward = Faith\nthe enemy of David = Brenda	the friend of David = Faith\nthe enemy of Edward = Amanda	the friend of Edward = Calvin\nthe enemy of Faith = Calvin	the friend of Faith = David\n\nHere is how to figure out the answer to the following question:\nWho is the friend of the parent of Calvin?\n\nHere are the steps to arrive at the answer:\n1. the parent of Calvin = David\n2. the friend of David = Faith\n\nSo the answer is Faith\n\nNow answer the following question:\nWho is the parent of the child of the enemy of the enemy of the enemy of David?",the parent of the child of the enemy of the enemy of the enemy of David,Brenda,{}\n\n \n\n  			\n		            \n			        \n\n  			\n   	\n     \n\n\n \n \n\n \n \n\n \n  \n\n \n \n\n \n \n\n \n \n\n \n\n \n\n,,llama3.2:1b,2025-03-06 14:20:37
english,extensional,5,R,"Imagine there are six people: Amanda, Brenda, Calvin, David, Edward and Faith. They have the following relationships to each other:\n\n\nthe enemy of Amanda = Edward	the friend of Amanda = Brenda	the parent of Amanda = Brenda	the child of Brenda = Amanda\nthe enemy of Brenda = David	the friend of Brenda = Amanda	the parent of Calvin = David	the child of David = Calvin\nthe enemy of Calvin = Faith	the friend of Calvin = Edward	the parent of Faith = Edward	the child of Edward = Faith\nthe enemy of David = Brenda	the friend of David = Faith\nthe enemy of Edward = Amanda	the friend of Edward = Calvin\nthe enemy of Faith = Calvin	the friend of Faith = David\n\nHere is how to figure out the answer to the following question:\nWho is the friend of the parent of Calvin?\n\nHere are the steps to arrive at the answer:\n1. the parent of Calvin = David\n2. the friend of David = Faith\n\nSo the answer is Faith\n\nNow answer the following question:\nWho is the child of the parent of the enemy of the parent of the child of Edward?",the child of the parent of the enemy of the parent of the child of Edward,Amanda,{} \n\n \n  ,475000000.0,llama3.2:1b,2025-03-06 14:20:38
english,extensional,5,R,"Imagine there are six people: Amanda, Brenda, Calvin, David, Edward and Faith. They have the following relationships to each other:\n\n\nthe enemy of Amanda = Edward	the friend of Amanda = Brenda	the parent of Amanda = Brenda	the child of Brenda = Amanda\nthe enemy of Brenda = David	the friend of Brenda = Amanda	the parent of Calvin = David	the child of David = Calvin\nthe enemy of Calvin = Faith	the friend of Calvin = Edward	the parent of Faith = Edward	the child of Edward = Faith\nthe enemy of David = Brenda	the friend of David = Faith\nthe enemy of Edward = Amanda	the friend of Edward = Calvin\nthe enemy of Faith = Calvin	the friend of Faith = David\n\nHere is how to figure out the answer to the following question:\nWho is the friend of the parent of Calvin?\n\nHere are the steps to arrive at the answer:\n1. the parent of Calvin = David\n2. the friend of David = Faith\n\nSo the answer is Faith\n\nNow answer the following question:\nWho is the enemy of the enemy of the enemy of the enemy of the enemy of Calvin?",the enemy of the enemy of the enemy of the enemy of the enemy of Calvin,Faith,{} \n\n \n\n  ,439000000.0,llama3.2:1b,2025-03-06 14:20:39
english,extensional,5,R,"Imagine there are six people: Amanda, Brenda, Calvin, David, Edward and Faith. They have the following relationships to each other:\n\n\nthe enemy of Amanda = Edward	the friend of Amanda = Brenda	the parent of Amanda = Brenda	the child of Brenda = Amanda\nthe enemy of Brenda = David	the friend of Brenda = Amanda	the parent of Calvin = David	the child of David = Calvin\nthe enemy of Calvin = Faith	the friend of Calvin = Edward	the parent of Faith = Edward	the child of Edward = Faith\nthe enemy of David = Brenda	the friend of David = Faith\nthe enemy of Edward = Amanda	the friend of Edward = Calvin\nthe enemy of Faith = Calvin	the friend of Faith = David\n\nHere is how to figure out the answer to the following question:\nWho is the friend of the parent of Calvin?\n\nHere are the steps to arrive at the answer:\n1. the parent of Calvin = David\n2. the friend of David = Faith\n\nSo the answer is Faith\n\nNow answer the following question:\nWho is the enemy of the child of the enemy of the enemy of the enemy of David?",the enemy of the child of the enemy of the enemy of the enemy of David,Edward,{}\n\n \n\n  					\n			                 \n		                        \n		                        \n		            \n		            \n 	     \n        \n \n\n \n\n \n\n \n\n \n\n \n\n \n\n \n\n \n\n,,llama3.2:1b,2025-03-06 14:20:42
english,extensional,5,R,"Imagine there are six people: Amanda, Brenda, Calvin, David, Edward and Faith. They have the following relationships to each other:\n\n\nthe enemy of Amanda = Edward	the friend of Amanda = Brenda	the parent of Amanda = Brenda	the child of Brenda = Amanda\nthe enemy of Brenda = David	the friend of Brenda = Amanda	the parent of Calvin = David	the child of David = Calvin\nthe enemy of Calvin = Faith	the friend of Calvin = Edward	the parent of Faith = Edward	the child of Edward = Faith\nthe enemy of David = Brenda	the friend of David = Faith\nthe enemy of Edward = Amanda	the friend of Edward = Calvin\nthe enemy of Faith = Calvin	the friend of Faith = David\n\nHere is how to figure out the answer to the following question:\nWho is the friend of the parent of Calvin?\n\nHere are the steps to arrive at the answer:\n1. the parent of Calvin = David\n2. the friend of David = Faith\n\nSo the answer is Faith\n\nNow answer the following question:\nWho is the enemy of the parent of the enemy of the enemy of the child of Edward?",the enemy of the parent of the enemy of the enemy of the child of Edward,Amanda,{} \n\n  \n\n  \n\n\n  \n\n\n\n\n\n    \n\n\n   \n\n\n\n  \n \n\n\n \n\n\n\n\n\n\n\n \n\n\n\n\n\n \n\n\n\n\n\n\n\n    \n \n   \n     \n     \n     \n     \n      \n \n\n  \n \n\n\n,,llama3.2:1b,2025-03-06 14:20:45
english,extensional,5,R,"Imagine there are six people: Amanda, Brenda, Calvin, David, Edward and Faith. They have the following relationships to each other:\n\n\nthe enemy of Amanda = Edward	the friend of Amanda = Brenda	the parent of Amanda = Brenda	the child of Brenda = Amanda\nthe enemy of Brenda = David	the friend of Brenda = Amanda	the parent of Calvin = David	the child of David = Calvin\nthe enemy of Calvin = Faith	the friend of Calvin = Edward	the parent of Faith = Edward	the child of Edward = Faith\nthe enemy of David = Brenda	the friend of David = Faith\nthe enemy of Edward = Amanda	the friend of Edward = Calvin\nthe enemy of Faith = Calvin	the friend of Faith = David\n\nHere is how to figure out the answer to the following question:\nWho is the friend of the parent of Calvin?\n\nHere are the steps to arrive at the answer:\n1. the parent of Calvin = David\n2. the friend of David = Faith\n\nSo the answer is Faith\n\nNow answer the following question:\nWho is the parent of the enemy of the friend of the child of the friend of Faith?",the parent of the enemy of the friend of the child of the friend of Faith,Brenda,{} \n\n \n  ,452000000.0,llama3.2:1b,2025-03-06 14:20:46
english,extensional,5,R,"Imagine there are six people: Amanda, Brenda, Calvin, David, Edward and Faith. They have the following relationships to each other:\n\n\nthe enemy of Amanda = Edward	the friend of Amanda = Brenda	the parent of Amanda = Brenda	the child of Brenda = Amanda\nthe enemy of Brenda = David	the friend of Brenda = Amanda	the parent of Calvin = David	the child of David = Calvin\nthe enemy of Calvin = Faith	the friend of Calvin = Edward	the parent of Faith = Edward	the child of Edward = Faith\nthe enemy of David = Brenda	the friend of David = Faith\nthe enemy of Edward = Amanda	the friend of Edward = Calvin\nthe enemy of Faith = Calvin	the friend of Faith = David\n\nHere is how to figure out the answer to the following question:\nWho is the friend of the parent of Calvin?\n\nHere are the steps to arrive at the answer:\n1. the parent of Calvin = David\n2. the friend of David = Faith\n\nSo the answer is Faith\n\nNow answer the following question:\nWho is the enemy of the parent of the enemy of the friend of the friend of Edward?",the enemy of the parent of the enemy of the friend of the friend of Edward,David,{},75000000.0,llama3.2:1b,2025-03-06 14:20:47
english,extensional,5,R,"Imagine there are six people: Amanda, Brenda, Calvin, David, Edward and Faith. They have the following relationships to each other:\n\n\nthe enemy of Amanda = Edward	the friend of Amanda = Brenda	the parent of Amanda = Brenda	the child of Brenda = Amanda\nthe enemy of Brenda = David	the friend of Brenda = Amanda	the parent of Calvin = David	the child of David = Calvin\nthe enemy of Calvin = Faith	the friend of Calvin = Edward	the parent of Faith = Edward	the child of Edward = Faith\nthe enemy of David = Brenda	the friend of David = Faith\nthe enemy of Edward = Amanda	the friend of Edward = Calvin\nthe enemy of Faith = Calvin	the friend of Faith = David\n\nHere is how to figure out the answer to the following question:\nWho is the friend of the parent of Calvin?\n\nHere are the steps to arrive at the answer:\n1. the parent of Calvin = David\n2. the friend of David = Faith\n\nSo the answer is Faith\n\nNow answer the following question:\nWho is the friend of the enemy of the enemy of the friend of the friend of Amanda?",the friend of the enemy of the enemy of the friend of the friend of Amanda,Brenda,{}\n\n \n\n \n\n \n\n \n\n \n\n \n\n \n\n \n\n \n\n \n\n \n\n \n\n \n\n \n\n \n\n \n\n \n\n \n\n \n\n \n\n \n\n \n\n \n\n \n\n \n\n \n\n \n\n \n\n \n\n \n\n \n\n,,llama3.2:1b,2025-03-06 14:20:49
english,extensional,5,R,"Imagine there are six people: Amanda, Brenda, Calvin, David, Edward and Faith. They have the following relationships to each other:\n\n\nthe enemy of Amanda = Edward	the friend of Amanda = Brenda	the parent of Amanda = Brenda	the child of Brenda = Amanda\nthe enemy of Brenda = David	the friend of Brenda = Amanda	the parent of Calvin = David	the child of David = Calvin\nthe enemy of Calvin = Faith	the friend of Calvin = Edward	the parent of Faith = Edward	the child of Edward = Faith\nthe enemy of David = Brenda	the friend of David = Faith\nthe enemy of Edward = Amanda	the friend of Edward = Calvin\nthe enemy of Faith = Calvin	the friend of Faith = David\n\nHere is how to figure out the answer to the following question:\nWho is the friend of the parent of Calvin?\n\nHere are the steps to arrive at the answer:\n1. the parent of Calvin = David\n2. the friend of David = Faith\n\nSo the answer is Faith\n\nNow answer the following question:\nWho is the friend of the parent of the friend of the enemy of the enemy of Brenda?",the friend of the parent of the friend of the enemy of the enemy of Brenda,Amanda,{}  ,297000000.0,llama3.2:1b,2025-03-06 14:20:50
english,extensional,5,R,"Imagine there are six people: Amanda, Brenda, Calvin, David, Edward and Faith. They have the following relationships to each other:\n\n\nthe enemy of Amanda = Edward	the friend of Amanda = Brenda	the parent of Amanda = Brenda	the child of Brenda = Amanda\nthe enemy of Brenda = David	the friend of Brenda = Amanda	the parent of Calvin = David	the child of David = Calvin\nthe enemy of Calvin = Faith	the friend of Calvin = Edward	the parent of Faith = Edward	the child of Edward = Faith\nthe enemy of David = Brenda	the friend of David = Faith\nthe enemy of Edward = Amanda	the friend of Edward = Calvin\nthe enemy of Faith = Calvin	the friend of Faith = David\n\nHere is how to figure out the answer to the following question:\nWho is the friend of the parent of Calvin?\n\nHere are the steps to arrive at the answer:\n1. the parent of Calvin = David\n2. the friend of David = Faith\n\nSo the answer is Faith\n\nNow answer the following question:\nWho is the enemy of the enemy of the child of the enemy of the friend of Amanda?",the enemy of the enemy of the child of the enemy of the friend of Amanda,Calvin,{}\n\n \n\n \n\n \n\n \n\n \n\n \n\n \n\n \n\n \n\n \n\n \n\n \n\n \n\n \n\n \n\n \n\n \n\n \n\n \n\n \n\n \n\n \n\n \n\n \n\n \n\n \n\n \n\n \n\n \n\n \n\n \n\n,,llama3.2:1b,2025-03-06 14:20:53
english,extensional,5,R,"Imagine there are six people: Amanda, Brenda, Calvin, David, Edward and Faith. They have the following relationships to each other:\n\n\nthe enemy of Amanda = Edward	the friend of Amanda = Brenda	the parent of Amanda = Brenda	the child of Brenda = Amanda\nthe enemy of Brenda = David	the friend of Brenda = Amanda	the parent of Calvin = David	the child of David = Calvin\nthe enemy of Calvin = Faith	the friend of Calvin = Edward	the parent of Faith = Edward	the child of Edward = Faith\nthe enemy of David = Brenda	the friend of David = Faith\nthe enemy of Edward = Amanda	the friend of Edward = Calvin\nthe enemy of Faith = Calvin	the friend of Faith = David\n\nHere is how to figure out the answer to the following question:\nWho is the friend of the parent of Calvin?\n\nHere are the steps to arrive at the answer:\n1. the parent of Calvin = David\n2. the friend of David = Faith\n\nSo the answer is Faith\n\nNow answer the following question:\nWho is the friend of the child of the enemy of the enemy of the friend of Calvin?",the friend of the child of the enemy of the enemy of the friend of Calvin,David,"{""output"": ""Brenda"", \n ""description"": ""The friend of Brenda is Edward, and Edward is the enemy of Calvin. Therefore, the friend of the child of the enemy of the enemy of the friend of Calvin is Brenda.""}",3565000000.0,llama3.2:1b,2025-03-06 14:20:58
english,extensional,5,R,"Imagine there are six people: Amanda, Brenda, Calvin, David, Edward and Faith. They have the following relationships to each other:\n\n\nthe enemy of Amanda = Edward	the friend of Amanda = Brenda	the parent of Amanda = Brenda	the child of Brenda = Amanda\nthe enemy of Brenda = David	the friend of Brenda = Amanda	the parent of Calvin = David	the child of David = Calvin\nthe enemy of Calvin = Faith	the friend of Calvin = Edward	the parent of Faith = Edward	the child of Edward = Faith\nthe enemy of David = Brenda	the friend of David = Faith\nthe enemy of Edward = Amanda	the friend of Edward = Calvin\nthe enemy of Faith = Calvin	the friend of Faith = David\n\nHere is how to figure out the answer to the following question:\nWho is the friend of the parent of Calvin?\n\nHere are the steps to arrive at the answer:\n1. the parent of Calvin = David\n2. the friend of David = Faith\n\nSo the answer is Faith\n\nNow answer the following question:\nWho is the enemy of the child of the enemy of the friend of the friend of Brenda?",the enemy of the child of the enemy of the friend of the friend of Brenda,Faith,{ \n\n},263000000.0,llama3.2:1b,2025-03-06 14:20:58
english,extensional,5,R,"Imagine there are six people: Amanda, Brenda, Calvin, David, Edward and Faith. They have the following relationships to each other:\n\n\nthe enemy of Amanda = Edward	the friend of Amanda = Brenda	the parent of Amanda = Brenda	the child of Brenda = Amanda\nthe enemy of Brenda = David	the friend of Brenda = Amanda	the parent of Calvin = David	the child of David = Calvin\nthe enemy of Calvin = Faith	the friend of Calvin = Edward	the parent of Faith = Edward	the child of Edward = Faith\nthe enemy of David = Brenda	the friend of David = Faith\nthe enemy of Edward = Amanda	the friend of Edward = Calvin\nthe enemy of Faith = Calvin	the friend of Faith = David\n\nHere is how to figure out the answer to the following question:\nWho is the friend of the parent of Calvin?\n\nHere are the steps to arrive at the answer:\n1. the parent of Calvin = David\n2. the friend of David = Faith\n\nSo the answer is Faith\n\nNow answer the following question:\nWho is the enemy of the friend of the enemy of the child of the friend of Calvin?",the enemy of the friend of the enemy of the child of the friend of Calvin,Amanda,{}\n\n\n\n  ,365000000.0,llama3.2:1b,2025-03-06 14:20:59
english,extensional,5,R,"Imagine there are six people: Amanda, Brenda, Calvin, David, Edward and Faith. They have the following relationships to each other:\n\n\nthe enemy of Amanda = Edward	the friend of Amanda = Brenda	the parent of Amanda = Brenda	the child of Brenda = Amanda\nthe enemy of Brenda = David	the friend of Brenda = Amanda	the parent of Calvin = David	the child of David = Calvin\nthe enemy of Calvin = Faith	the friend of Calvin = Edward	the parent of Faith = Edward	the child of Edward = Faith\nthe enemy of David = Brenda	the friend of David = Faith\nthe enemy of Edward = Amanda	the friend of Edward = Calvin\nthe enemy of Faith = Calvin	the friend of Faith = David\n\nHere is how to figure out the answer to the following question:\nWho is the friend of the parent of Calvin?\n\nHere are the steps to arrive at the answer:\n1. the parent of Calvin = David\n2. the friend of David = Faith\n\nSo the answer is Faith\n\nNow answer the following question:\nWho is the parent of the enemy of the enemy of the child of the friend of Amanda?",the parent of the enemy of the enemy of the child of the friend of Amanda,Brenda,{}\n\n \n\n \n\n \n\n \n\n \n\n \n\n \n\n \n\n \n\n \n\n \n\n \n\n \n\n \n\n \n\n \n\n \n\n \n\n \n\n \n\n \n\n \n\n \n\n \n\n \n\n \n\n \n\n \n\n \n\n \n\n \n\n,,llama3.2:1b,2025-03-06 14:21:02
english,extensional,5,R,"Imagine there are six people: Amanda, Brenda, Calvin, David, Edward and Faith. They have the following relationships to each other:\n\n\nthe enemy of Amanda = Edward	the friend of Amanda = Brenda	the parent of Amanda = Brenda	the child of Brenda = Amanda\nthe enemy of Brenda = David	the friend of Brenda = Amanda	the parent of Calvin = David	the child of David = Calvin\nthe enemy of Calvin = Faith	the friend of Calvin = Edward	the parent of Faith = Edward	the child of Edward = Faith\nthe enemy of David = Brenda	the friend of David = Faith\nthe enemy of Edward = Amanda	the friend of Edward = Calvin\nthe enemy of Faith = Calvin	the friend of Faith = David\n\nHere is how to figure out the answer to the following question:\nWho is the friend of the parent of Calvin?\n\nHere are the steps to arrive at the answer:\n1. the parent of Calvin = David\n2. the friend of David = Faith\n\nSo the answer is Faith\n\nNow answer the following question:\nWho is the child of the parent of the friend of the parent of the enemy of Edward?",the child of the parent of the friend of the parent of the enemy of Edward,Amanda,{}\n\n \n\n  \n        \n \n     \n\n       \n\n\n \n\n   \n\n\n  \n\n\n\n \n\n \n\n\n\n\n\n \n\n   \n\n\n\n   \n\n\n    ,2029000000.0,llama3.2:1b,2025-03-06 14:21:05
english,extensional,5,R,"Imagine there are six people: Amanda, Brenda, Calvin, David, Edward and Faith. They have the following relationships to each other:\n\n\nthe enemy of Amanda = Edward	the friend of Amanda = Brenda	the parent of Amanda = Brenda	the child of Brenda = Amanda\nthe enemy of Brenda = David	the friend of Brenda = Amanda	the parent of Calvin = David	the child of David = Calvin\nthe enemy of Calvin = Faith	the friend of Calvin = Edward	the parent of Faith = Edward	the child of Edward = Faith\nthe enemy of David = Brenda	the friend of David = Faith\nthe enemy of Edward = Amanda	the friend of Edward = Calvin\nthe enemy of Faith = Calvin	the friend of Faith = David\n\nHere is how to figure out the answer to the following question:\nWho is the friend of the parent of Calvin?\n\nHere are the steps to arrive at the answer:\n1. the parent of Calvin = David\n2. the friend of David = Faith\n\nSo the answer is Faith\n\nNow answer the following question:\nWho is the enemy of the friend of the enemy of the friend of the enemy of David?",the enemy of the friend of the enemy of the friend of the enemy of David,Faith,{}\n\n \n\n  			\n         			\n  \n          			\n   			\n    \n   \n\n   \n  			\n   \n    \n     \n\n   \n   \n         \n      \n    \n\n\n\n\n  ,,llama3.2:1b,2025-03-06 14:21:08
english,extensional,5,R,"Imagine there are six people: Amanda, Brenda, Calvin, David, Edward and Faith. They have the following relationships to each other:\n\n\nthe enemy of Amanda = Edward	the friend of Amanda = Brenda	the parent of Amanda = Brenda	the child of Brenda = Amanda\nthe enemy of Brenda = David	the friend of Brenda = Amanda	the parent of Calvin = David	the child of David = Calvin\nthe enemy of Calvin = Faith	the friend of Calvin = Edward	the parent of Faith = Edward	the child of Edward = Faith\nthe enemy of David = Brenda	the friend of David = Faith\nthe enemy of Edward = Amanda	the friend of Edward = Calvin\nthe enemy of Faith = Calvin	the friend of Faith = David\n\nHere is how to figure out the answer to the following question:\nWho is the friend of the parent of Calvin?\n\nHere are the steps to arrive at the answer:\n1. the parent of Calvin = David\n2. the friend of David = Faith\n\nSo the answer is Faith\n\nNow answer the following question:\nWho is the child of the enemy of the child of the friend of the enemy of Edward?",the child of the enemy of the child of the friend of the enemy of Edward,Faith,{}\n\n \n\n \n\n \n\n \n\n \n\n \n\n \n\n \n\n \n\n \n\n \n\n \n\n \n\n \n\n \n\n \n\n \n\n \n\n \n\n \n\n \n\n \n\n \n\n \n\n \n\n \n\n \n\n \n\n \n\n \n\n \n\n,,llama3.2:1b,2025-03-06 14:21:11
english,extensional,5,R,"Imagine there are six people: Amanda, Brenda, Calvin, David, Edward and Faith. They have the following relationships to each other:\n\n\nthe enemy of Amanda = Edward	the friend of Amanda = Brenda	the parent of Amanda = Brenda	the child of Brenda = Amanda\nthe enemy of Brenda = David	the friend of Brenda = Amanda	the parent of Calvin = David	the child of David = Calvin\nthe enemy of Calvin = Faith	the friend of Calvin = Edward	the parent of Faith = Edward	the child of Edward = Faith\nthe enemy of David = Brenda	the friend of David = Faith\nthe enemy of Edward = Amanda	the friend of Edward = Calvin\nthe enemy of Faith = Calvin	the friend of Faith = David\n\nHere is how to figure out the answer to the following question:\nWho is the friend of the parent of Calvin?\n\nHere are the steps to arrive at the answer:\n1. the parent of Calvin = David\n2. the friend of David = Faith\n\nSo the answer is Faith\n\nNow answer the following question:\nWho is the enemy of the enemy of the enemy of the parent of the child of Brenda?",the enemy of the enemy of the enemy of the parent of the child of Brenda,David,{}\n\n \n\n \n\n \n\n \n\n \n\n \n\n \n\n \n\n \n\n \n\n \n\n \n\n \n\n \n\n \n\n \n\n \n\n \n\n \n\n \n\n \n\n \n\n \n\n \n\n \n\n \n\n \n\n \n\n \n\n \n\n \n\n,,llama3.2:1b,2025-03-06 14:21:13
english,extensional,5,R,"Imagine there are six people: Amanda, Brenda, Calvin, David, Edward and Faith. They have the following relationships to each other:\n\n\nthe enemy of Amanda = Edward	the friend of Amanda = Brenda	the parent of Amanda = Brenda	the child of Brenda = Amanda\nthe enemy of Brenda = David	the friend of Brenda = Amanda	the parent of Calvin = David	the child of David = Calvin\nthe enemy of Calvin = Faith	the friend of Calvin = Edward	the parent of Faith = Edward	the child of Edward = Faith\nthe enemy of David = Brenda	the friend of David = Faith\nthe enemy of Edward = Amanda	the friend of Edward = Calvin\nthe enemy of Faith = Calvin	the friend of Faith = David\n\nHere is how to figure out the answer to the following question:\nWho is the friend of the parent of Calvin?\n\nHere are the steps to arrive at the answer:\n1. the parent of Calvin = David\n2. the friend of David = Faith\n\nSo the answer is Faith\n\nNow answer the following question:\nWho is the enemy of the child of the friend of the child of the friend of Faith?",the enemy of the child of the friend of the child of the friend of Faith,Calvin,{}\n\n \n\n  						\n      			\n            \n             \n        \n            		\n            \n\n \n \n\n \n\n \n     \n\n\n \n\n \n \n\n\n \n\n \n\n \n\n\n \n \n\n\n\n\n\n\n\n      \n    \n,,llama3.2:1b,2025-03-06 14:21:16
english,extensional,5,R,"Imagine there are six people: Amanda, Brenda, Calvin, David, Edward and Faith. They have the following relationships to each other:\n\n\nthe enemy of Amanda = Edward	the friend of Amanda = Brenda	the parent of Amanda = Brenda	the child of Brenda = Amanda\nthe enemy of Brenda = David	the friend of Brenda = Amanda	the parent of Calvin = David	the child of David = Calvin\nthe enemy of Calvin = Faith	the friend of Calvin = Edward	the parent of Faith = Edward	the child of Edward = Faith\nthe enemy of David = Brenda	the friend of David = Faith\nthe enemy of Edward = Amanda	the friend of Edward = Calvin\nthe enemy of Faith = Calvin	the friend of Faith = David\n\nHere is how to figure out the answer to the following question:\nWho is the friend of the parent of Calvin?\n\nHere are the steps to arrive at the answer:\n1. the parent of Calvin = David\n2. the friend of David = Faith\n\nSo the answer is Faith\n\nNow answer the following question:\nWho is the parent of the child of the parent of the enemy of the friend of Edward?",the parent of the child of the parent of the enemy of the friend of Edward,Edward,{}\n\n \n\n \n\n \n\n \n\n \n\n \n\n \n\n \n\n \n\n \n\n \n\n \n\n \n\n \n\n \n\n \n\n \n\n \n\n \n\n \n\n \n\n \n\n \n\n \n\n \n\n \n\n \n\n \n\n \n\n \n\n \n\n,,llama3.2:1b,2025-03-06 14:21:19
english,extensional,2,L,"Imagine there are six people: Amanda, Brenda, Calvin, David, Edward and Faith. They have the following relationships to each other:\n\n\nAmanda's enemy = Edward	Amanda's friend = Brenda	Amanda's parent = Brenda	Brenda's child = Amanda\nBrenda's enemy = David	Brenda's friend = Amanda	Calvin's parent = David	David's child = Calvin\nCalvin's enemy = Faith	Calvin's friend = Edward	Faith's parent = Edward	Edward's child = Faith\nDavid's enemy = Brenda	David's friend = Faith\nEdward's enemy = Amanda	Edward's friend = Calvin\nFaith's enemy = Calvin	Faith's friend = David\n\nHere is how to figure out the answer to the following question:\nWho is Calvin's parent's friend?\n\nHere are the steps to arrive at the answer:\n1. Calvin's parent = David\n2. David's friend = Faith\n\nSo the answer is Faith\n\nNow answer the following question:\nWho is Amanda's friend's child?",Amanda's friend's child,Amanda,{} \n \n  \n        \n        \n    \n    \n    \n  \n \n    \n\n\n \n  \n        \n        \n      \n\n\n  \n        \n     \n\n\n\n\n\n\n\n \n\n \n  ,2379000000.0,llama3.2:1b,2025-03-06 14:21:25
english,extensional,2,L,"Imagine there are six people: Amanda, Brenda, Calvin, David, Edward and Faith. They have the following relationships to each other:\n\n\nAmanda's enemy = Edward	Amanda's friend = Brenda	Amanda's parent = Brenda	Brenda's child = Amanda\nBrenda's enemy = David	Brenda's friend = Amanda	Calvin's parent = David	David's child = Calvin\nCalvin's enemy = Faith	Calvin's friend = Edward	Faith's parent = Edward	Edward's child = Faith\nDavid's enemy = Brenda	David's friend = Faith\nEdward's enemy = Amanda	Edward's friend = Calvin\nFaith's enemy = Calvin	Faith's friend = David\n\nHere is how to figure out the answer to the following question:\nWho is Calvin's parent's friend?\n\nHere are the steps to arrive at the answer:\n1. Calvin's parent = David\n2. David's friend = Faith\n\nSo the answer is Faith\n\nNow answer the following question:\nWho is Brenda's friend's friend?",Brenda's friend's friend,Brenda,"{ \n    ""Amanda"": [""Brenda""],\n    ""Brenda"": [""Amanda"", ""Faith""],\n    ""Calvin"": [""Edward"", ""David""],\n    ""David"": [""Brenda"", ""Faith""],\n    ""Edward"": [""Amanda"", ""Faith""],\n    ""Faith"": [""Amanda"", ""Brenda""]\n} \n\n \n    \n\n\n\n \n\n    \n\n\n\n\n\n\n\n  \n    \n    \n\n\n\n\n\n \n    \n\n\n\n\n\n \n    \n\n\n\n\n\n \n\n    \n\n\n\n\n\n \n\n \n\n \n\n \n\n \n\n",,llama3.2:1b,2025-03-06 14:21:33
english,extensional,2,L,"Imagine there are six people: Amanda, Brenda, Calvin, David, Edward and Faith. They have the following relationships to each other:\n\n\nAmanda's enemy = Edward	Amanda's friend = Brenda	Amanda's parent = Brenda	Brenda's child = Amanda\nBrenda's enemy = David	Brenda's friend = Amanda	Calvin's parent = David	David's child = Calvin\nCalvin's enemy = Faith	Calvin's friend = Edward	Faith's parent = Edward	Edward's child = Faith\nDavid's enemy = Brenda	David's friend = Faith\nEdward's enemy = Amanda	Edward's friend = Calvin\nFaith's enemy = Calvin	Faith's friend = David\n\nHere is how to figure out the answer to the following question:\nWho is Calvin's parent's friend?\n\nHere are the steps to arrive at the answer:\n1. Calvin's parent = David\n2. David's friend = Faith\n\nSo the answer is Faith\n\nNow answer the following question:\nWho is Amanda's parent's friend?",Amanda's parent's friend,Amanda,{}\n\n\n\n\n\n\n\n\n\n\n\n\n\n\n\n\n\n\n\n\n\n\n\n\n\n\n\n\n\n\n\n\n\n\n\n\n\n\n\n\n\n\n\n\n\n\n\n\n\n\n\n\n\n\n\n\n\n\n\n\n\n \n\n \n\n \n\n \n\n \n\n \n\n \n\n\n \n\n \n\n\n \n\n \n\n \n\n \n\n,2141000000.0,llama3.2:1b,2025-03-06 14:21:35
english,extensional,2,L,"Imagine there are six people: Amanda, Brenda, Calvin, David, Edward and Faith. They have the following relationships to each other:\n\n\nAmanda's enemy = Edward	Amanda's friend = Brenda	Amanda's parent = Brenda	Brenda's child = Amanda\nBrenda's enemy = David	Brenda's friend = Amanda	Calvin's parent = David	David's child = Calvin\nCalvin's enemy = Faith	Calvin's friend = Edward	Faith's parent = Edward	Edward's child = Faith\nDavid's enemy = Brenda	David's friend = Faith\nEdward's enemy = Amanda	Edward's friend = Calvin\nFaith's enemy = Calvin	Faith's friend = David\n\nHere is how to figure out the answer to the following question:\nWho is Calvin's parent's friend?\n\nHere are the steps to arrive at the answer:\n1. Calvin's parent = David\n2. David's friend = Faith\n\nSo the answer is Faith\n\nNow answer the following question:\nWho is Amanda's enemy's friend?",Amanda's enemy's friend,Calvin,{} \n \n  ,473000000.0,llama3.2:1b,2025-03-06 14:21:36
english,extensional,2,L,"Imagine there are six people: Amanda, Brenda, Calvin, David, Edward and Faith. They have the following relationships to each other:\n\n\nAmanda's enemy = Edward	Amanda's friend = Brenda	Amanda's parent = Brenda	Brenda's child = Amanda\nBrenda's enemy = David	Brenda's friend = Amanda	Calvin's parent = David	David's child = Calvin\nCalvin's enemy = Faith	Calvin's friend = Edward	Faith's parent = Edward	Edward's child = Faith\nDavid's enemy = Brenda	David's friend = Faith\nEdward's enemy = Amanda	Edward's friend = Calvin\nFaith's enemy = Calvin	Faith's friend = David\n\nHere is how to figure out the answer to the following question:\nWho is Calvin's parent's friend?\n\nHere are the steps to arrive at the answer:\n1. Calvin's parent = David\n2. David's friend = Faith\n\nSo the answer is Faith\n\nNow answer the following question:\nWho is Calvin's friend's friend?",Calvin's friend's friend,Calvin,{}\n\n\n\n\n\n\n\n \n\n \n\n \n\n \n\n \n\n \n\n \n\n \n\n \n\n \n\n \n\n \n\n \n\n \n\n \n\n \n\n \n\n \n\n \n\n\n\n\n \n\n \n\n \n\n \n\n \n\n \n\n \n\n \n\n,2824000000.0,llama3.2:1b,2025-03-06 14:21:39
english,extensional,2,L,"Imagine there are six people: Amanda, Brenda, Calvin, David, Edward and Faith. They have the following relationships to each other:\n\n\nAmanda's enemy = Edward	Amanda's friend = Brenda	Amanda's parent = Brenda	Brenda's child = Amanda\nBrenda's enemy = David	Brenda's friend = Amanda	Calvin's parent = David	David's child = Calvin\nCalvin's enemy = Faith	Calvin's friend = Edward	Faith's parent = Edward	Edward's child = Faith\nDavid's enemy = Brenda	David's friend = Faith\nEdward's enemy = Amanda	Edward's friend = Calvin\nFaith's enemy = Calvin	Faith's friend = David\n\nHere is how to figure out the answer to the following question:\nWho is Calvin's parent's friend?\n\nHere are the steps to arrive at the answer:\n1. Calvin's parent = David\n2. David's friend = Faith\n\nSo the answer is Faith\n\nNow answer the following question:\nWho is Brenda's child's friend?",Brenda's child's friend,Brenda,{} \n\n \n  ,452000000.0,llama3.2:1b,2025-03-06 14:21:40
english,extensional,2,L,"Imagine there are six people: Amanda, Brenda, Calvin, David, Edward and Faith. They have the following relationships to each other:\n\n\nAmanda's enemy = Edward	Amanda's friend = Brenda	Amanda's parent = Brenda	Brenda's child = Amanda\nBrenda's enemy = David	Brenda's friend = Amanda	Calvin's parent = David	David's child = Calvin\nCalvin's enemy = Faith	Calvin's friend = Edward	Faith's parent = Edward	Edward's child = Faith\nDavid's enemy = Brenda	David's friend = Faith\nEdward's enemy = Amanda	Edward's friend = Calvin\nFaith's enemy = Calvin	Faith's friend = David\n\nHere is how to figure out the answer to the following question:\nWho is Calvin's parent's friend?\n\nHere are the steps to arrive at the answer:\n1. Calvin's parent = David\n2. David's friend = Faith\n\nSo the answer is Faith\n\nNow answer the following question:\nWho is David's enemy's child?",David's enemy's child,Amanda,{},116000000.0,llama3.2:1b,2025-03-06 14:21:41
english,extensional,2,L,"Imagine there are six people: Amanda, Brenda, Calvin, David, Edward and Faith. They have the following relationships to each other:\n\n\nAmanda's enemy = Edward	Amanda's friend = Brenda	Amanda's parent = Brenda	Brenda's child = Amanda\nBrenda's enemy = David	Brenda's friend = Amanda	Calvin's parent = David	David's child = Calvin\nCalvin's enemy = Faith	Calvin's friend = Edward	Faith's parent = Edward	Edward's child = Faith\nDavid's enemy = Brenda	David's friend = Faith\nEdward's enemy = Amanda	Edward's friend = Calvin\nFaith's enemy = Calvin	Faith's friend = David\n\nHere is how to figure out the answer to the following question:\nWho is Calvin's parent's friend?\n\nHere are the steps to arrive at the answer:\n1. Calvin's parent = David\n2. David's friend = Faith\n\nSo the answer is Faith\n\nNow answer the following question:\nWho is David's enemy's enemy?",David's enemy's enemy,David,{},78000000.0,llama3.2:1b,2025-03-06 14:21:41
english,extensional,2,L,"Imagine there are six people: Amanda, Brenda, Calvin, David, Edward and Faith. They have the following relationships to each other:\n\n\nAmanda's enemy = Edward	Amanda's friend = Brenda	Amanda's parent = Brenda	Brenda's child = Amanda\nBrenda's enemy = David	Brenda's friend = Amanda	Calvin's parent = David	David's child = Calvin\nCalvin's enemy = Faith	Calvin's friend = Edward	Faith's parent = Edward	Edward's child = Faith\nDavid's enemy = Brenda	David's friend = Faith\nEdward's enemy = Amanda	Edward's friend = Calvin\nFaith's enemy = Calvin	Faith's friend = David\n\nHere is how to figure out the answer to the following question:\nWho is Calvin's parent's friend?\n\nHere are the steps to arrive at the answer:\n1. Calvin's parent = David\n2. David's friend = Faith\n\nSo the answer is Faith\n\nNow answer the following question:\nWho is Brenda's friend's parent?",Brenda's friend's parent,Brenda,{}\n\n \n\n \n\n \n\n \n\n \n\n \n\n \n\n \n\n \n\n \n\n \n\n \n\n \n\n \n\n \n\n \n\n \n\n \n\n \n\n \n\n \n\n \n\n \n\n \n\n \n\n \n\n \n\n \n\n \n\n \n\n \n\n,,llama3.2:1b,2025-03-06 14:21:44
english,extensional,2,L,"Imagine there are six people: Amanda, Brenda, Calvin, David, Edward and Faith. They have the following relationships to each other:\n\n\nAmanda's enemy = Edward	Amanda's friend = Brenda	Amanda's parent = Brenda	Brenda's child = Amanda\nBrenda's enemy = David	Brenda's friend = Amanda	Calvin's parent = David	David's child = Calvin\nCalvin's enemy = Faith	Calvin's friend = Edward	Faith's parent = Edward	Edward's child = Faith\nDavid's enemy = Brenda	David's friend = Faith\nEdward's enemy = Amanda	Edward's friend = Calvin\nFaith's enemy = Calvin	Faith's friend = David\n\nHere is how to figure out the answer to the following question:\nWho is Calvin's parent's friend?\n\nHere are the steps to arrive at the answer:\n1. Calvin's parent = David\n2. David's friend = Faith\n\nSo the answer is Faith\n\nNow answer the following question:\nWho is Amanda's enemy's enemy?",Amanda's enemy's enemy,Amanda,{}\n\n\n\n\n\n\n\n\n\n\n\n\n\n\n\n\n\n\n\n\n\n\n\n\n\n\n\n\n\n\n\n\n\n\n\n\n \n\n \n\n \n\n \n\n \n\n \n\n \n\n \n\n \n\n \n\n \n\n \n\n \n\n \n\n \n\n \n\n\n \n\n \n\n \n\n \n\n \n\n,1718000000.0,llama3.2:1b,2025-03-06 14:21:46
english,extensional,2,L,"Imagine there are six people: Amanda, Brenda, Calvin, David, Edward and Faith. They have the following relationships to each other:\n\n\nAmanda's enemy = Edward	Amanda's friend = Brenda	Amanda's parent = Brenda	Brenda's child = Amanda\nBrenda's enemy = David	Brenda's friend = Amanda	Calvin's parent = David	David's child = Calvin\nCalvin's enemy = Faith	Calvin's friend = Edward	Faith's parent = Edward	Edward's child = Faith\nDavid's enemy = Brenda	David's friend = Faith\nEdward's enemy = Amanda	Edward's friend = Calvin\nFaith's enemy = Calvin	Faith's friend = David\n\nHere is how to figure out the answer to the following question:\nWho is Calvin's parent's friend?\n\nHere are the steps to arrive at the answer:\n1. Calvin's parent = David\n2. David's friend = Faith\n\nSo the answer is Faith\n\nNow answer the following question:\nWho is Faith's parent's child?",Faith's parent's child,Faith,{}\n\n \n\n \n\n \n\n \n\n \n\n \n\n \n\n \n\n \n\n \n\n \n\n \n\n \n\n \n\n \n\n \n\n \n\n \n\n \n\n \n\n \n\n \n\n \n\n \n\n \n\n \n\n \n\n \n\n \n\n \n\n \n\n,,llama3.2:1b,2025-03-06 14:21:49
english,extensional,2,L,"Imagine there are six people: Amanda, Brenda, Calvin, David, Edward and Faith. They have the following relationships to each other:\n\n\nAmanda's enemy = Edward	Amanda's friend = Brenda	Amanda's parent = Brenda	Brenda's child = Amanda\nBrenda's enemy = David	Brenda's friend = Amanda	Calvin's parent = David	David's child = Calvin\nCalvin's enemy = Faith	Calvin's friend = Edward	Faith's parent = Edward	Edward's child = Faith\nDavid's enemy = Brenda	David's friend = Faith\nEdward's enemy = Amanda	Edward's friend = Calvin\nFaith's enemy = Calvin	Faith's friend = David\n\nHere is how to figure out the answer to the following question:\nWho is Calvin's parent's friend?\n\nHere are the steps to arrive at the answer:\n1. Calvin's parent = David\n2. David's friend = Faith\n\nSo the answer is Faith\n\nNow answer the following question:\nWho is Faith's enemy's enemy?",Faith's enemy's enemy,Faith,{} \n\n \n\n \n\n \n\n \n\n \n\n \n\n \n\n \n\n \n\n \n\n \n\n \n\n \n\n \n\n \n\n\n \n\n,1370000000.0,llama3.2:1b,2025-03-06 14:21:51
english,extensional,2,L,"Imagine there are six people: Amanda, Brenda, Calvin, David, Edward and Faith. They have the following relationships to each other:\n\n\nAmanda's enemy = Edward	Amanda's friend = Brenda	Amanda's parent = Brenda	Brenda's child = Amanda\nBrenda's enemy = David	Brenda's friend = Amanda	Calvin's parent = David	David's child = Calvin\nCalvin's enemy = Faith	Calvin's friend = Edward	Faith's parent = Edward	Edward's child = Faith\nDavid's enemy = Brenda	David's friend = Faith\nEdward's enemy = Amanda	Edward's friend = Calvin\nFaith's enemy = Calvin	Faith's friend = David\n\nHere is how to figure out the answer to the following question:\nWho is Calvin's parent's friend?\n\nHere are the steps to arrive at the answer:\n1. Calvin's parent = David\n2. David's friend = Faith\n\nSo the answer is Faith\n\nNow answer the following question:\nWho is Brenda's enemy's child?",Brenda's enemy's child,Calvin,{},76000000.0,llama3.2:1b,2025-03-06 14:21:52
english,extensional,2,L,"Imagine there are six people: Amanda, Brenda, Calvin, David, Edward and Faith. They have the following relationships to each other:\n\n\nAmanda's enemy = Edward	Amanda's friend = Brenda	Amanda's parent = Brenda	Brenda's child = Amanda\nBrenda's enemy = David	Brenda's friend = Amanda	Calvin's parent = David	David's child = Calvin\nCalvin's enemy = Faith	Calvin's friend = Edward	Faith's parent = Edward	Edward's child = Faith\nDavid's enemy = Brenda	David's friend = Faith\nEdward's enemy = Amanda	Edward's friend = Calvin\nFaith's enemy = Calvin	Faith's friend = David\n\nHere is how to figure out the answer to the following question:\nWho is Calvin's parent's friend?\n\nHere are the steps to arrive at the answer:\n1. Calvin's parent = David\n2. David's friend = Faith\n\nSo the answer is Faith\n\nNow answer the following question:\nWho is Edward's enemy's friend?",Edward's enemy's friend,Brenda,{},107000000.0,llama3.2:1b,2025-03-06 14:21:52
english,extensional,2,L,"Imagine there are six people: Amanda, Brenda, Calvin, David, Edward and Faith. They have the following relationships to each other:\n\n\nAmanda's enemy = Edward	Amanda's friend = Brenda	Amanda's parent = Brenda	Brenda's child = Amanda\nBrenda's enemy = David	Brenda's friend = Amanda	Calvin's parent = David	David's child = Calvin\nCalvin's enemy = Faith	Calvin's friend = Edward	Faith's parent = Edward	Edward's child = Faith\nDavid's enemy = Brenda	David's friend = Faith\nEdward's enemy = Amanda	Edward's friend = Calvin\nFaith's enemy = Calvin	Faith's friend = David\n\nHere is how to figure out the answer to the following question:\nWho is Calvin's parent's friend?\n\nHere are the steps to arrive at the answer:\n1. Calvin's parent = David\n2. David's friend = Faith\n\nSo the answer is Faith\n\nNow answer the following question:\nWho is Faith's enemy's friend?",Faith's enemy's friend,Edward,{} \n\n \n  ,696000000.0,llama3.2:1b,2025-03-06 14:21:53
english,extensional,2,L,"Imagine there are six people: Amanda, Brenda, Calvin, David, Edward and Faith. They have the following relationships to each other:\n\n\nAmanda's enemy = Edward	Amanda's friend = Brenda	Amanda's parent = Brenda	Brenda's child = Amanda\nBrenda's enemy = David	Brenda's friend = Amanda	Calvin's parent = David	David's child = Calvin\nCalvin's enemy = Faith	Calvin's friend = Edward	Faith's parent = Edward	Edward's child = Faith\nDavid's enemy = Brenda	David's friend = Faith\nEdward's enemy = Amanda	Edward's friend = Calvin\nFaith's enemy = Calvin	Faith's friend = David\n\nHere is how to figure out the answer to the following question:\nWho is Calvin's parent's friend?\n\nHere are the steps to arrive at the answer:\n1. Calvin's parent = David\n2. David's friend = Faith\n\nSo the answer is Faith\n\nNow answer the following question:\nWho is Faith's parent's enemy?",Faith's parent's enemy,Amanda,{} \n\n \n  			\n  			\n \n  			\n \n  			\n \n  			\n \n  			\n \n  			\n \n  ,,llama3.2:1b,2025-03-06 14:21:56
english,extensional,2,L,"Imagine there are six people: Amanda, Brenda, Calvin, David, Edward and Faith. They have the following relationships to each other:\n\n\nAmanda's enemy = Edward	Amanda's friend = Brenda	Amanda's parent = Brenda	Brenda's child = Amanda\nBrenda's enemy = David	Brenda's friend = Amanda	Calvin's parent = David	David's child = Calvin\nCalvin's enemy = Faith	Calvin's friend = Edward	Faith's parent = Edward	Edward's child = Faith\nDavid's enemy = Brenda	David's friend = Faith\nEdward's enemy = Amanda	Edward's friend = Calvin\nFaith's enemy = Calvin	Faith's friend = David\n\nHere is how to figure out the answer to the following question:\nWho is Calvin's parent's friend?\n\nHere are the steps to arrive at the answer:\n1. Calvin's parent = David\n2. David's friend = Faith\n\nSo the answer is Faith\n\nNow answer the following question:\nWho is Calvin's enemy's parent?",Calvin's enemy's parent,Edward,{},80000000.0,llama3.2:1b,2025-03-06 14:21:57
english,extensional,2,L,"Imagine there are six people: Amanda, Brenda, Calvin, David, Edward and Faith. They have the following relationships to each other:\n\n\nAmanda's enemy = Edward	Amanda's friend = Brenda	Amanda's parent = Brenda	Brenda's child = Amanda\nBrenda's enemy = David	Brenda's friend = Amanda	Calvin's parent = David	David's child = Calvin\nCalvin's enemy = Faith	Calvin's friend = Edward	Faith's parent = Edward	Edward's child = Faith\nDavid's enemy = Brenda	David's friend = Faith\nEdward's enemy = Amanda	Edward's friend = Calvin\nFaith's enemy = Calvin	Faith's friend = David\n\nHere is how to figure out the answer to the following question:\nWho is Calvin's parent's friend?\n\nHere are the steps to arrive at the answer:\n1. Calvin's parent = David\n2. David's friend = Faith\n\nSo the answer is Faith\n\nNow answer the following question:\nWho is Edward's enemy's enemy?",Edward's enemy's enemy,Edward,{},70000000.0,llama3.2:1b,2025-03-06 14:21:57
english,extensional,2,L,"Imagine there are six people: Amanda, Brenda, Calvin, David, Edward and Faith. They have the following relationships to each other:\n\n\nAmanda's enemy = Edward	Amanda's friend = Brenda	Amanda's parent = Brenda	Brenda's child = Amanda\nBrenda's enemy = David	Brenda's friend = Amanda	Calvin's parent = David	David's child = Calvin\nCalvin's enemy = Faith	Calvin's friend = Edward	Faith's parent = Edward	Edward's child = Faith\nDavid's enemy = Brenda	David's friend = Faith\nEdward's enemy = Amanda	Edward's friend = Calvin\nFaith's enemy = Calvin	Faith's friend = David\n\nHere is how to figure out the answer to the following question:\nWho is Calvin's parent's friend?\n\nHere are the steps to arrive at the answer:\n1. Calvin's parent = David\n2. David's friend = Faith\n\nSo the answer is Faith\n\nNow answer the following question:\nWho is Amanda's friend's enemy?",Amanda's friend's enemy,David,{} \n\n \n  ,398000000.0,llama3.2:1b,2025-03-06 14:21:58
english,extensional,2,L,"Imagine there are six people: Amanda, Brenda, Calvin, David, Edward and Faith. They have the following relationships to each other:\n\n\nAmanda's enemy = Edward	Amanda's friend = Brenda	Amanda's parent = Brenda	Brenda's child = Amanda\nBrenda's enemy = David	Brenda's friend = Amanda	Calvin's parent = David	David's child = Calvin\nCalvin's enemy = Faith	Calvin's friend = Edward	Faith's parent = Edward	Edward's child = Faith\nDavid's enemy = Brenda	David's friend = Faith\nEdward's enemy = Amanda	Edward's friend = Calvin\nFaith's enemy = Calvin	Faith's friend = David\n\nHere is how to figure out the answer to the following question:\nWho is Calvin's parent's friend?\n\nHere are the steps to arrive at the answer:\n1. Calvin's parent = David\n2. David's friend = Faith\n\nSo the answer is Faith\n\nNow answer the following question:\nWho is Amanda's parent's enemy?",Amanda's parent's enemy,David,{}  ,220000000.0,llama3.2:1b,2025-03-06 14:21:59
