Complexity,Branching,Approach,Representation,questionId,prompt_1,prompt_2,Question,Answer,options,question_universe
2,L,SemanticApproach.EXTENSIONAL,Representation.ENGLISH,0_L_f1,"Imagine there are six people: Autumn, Brooke, Chad, Daniel, Erin and Frank. They have the following relationships to each other:;;;;",;;Here is how to figure out the answer to the following question:;;Who is Chad's enemy's friend?;;;;Here are the steps to arrive at the answer:;;1. Chad's enemy = Brooke;;2. Brooke's friend = Chad;;;;So the answer is Chad;;;;Now answer the following question:;;Who is Brooke's friend?,Brooke's friend,Erin,Autumn;;Brooke;;Chad;;Daniel;;Erin;;Frank,Autumn's enemy = Daniel  Autumn's friend = Chad   Daniel's parent = Chad   Autumn's child = Erin   ;;Brooke's enemy = Chad    Brooke's friend = Erin   Erin's parent = Autumn   Brooke's child = Frank  ;;Chad's enemy = Brooke    Chad's friend = Autumn   Frank's parent = Brooke  Chad's child = Daniel   ;;Daniel's enemy = Autumn  Daniel's friend = Frank  ;;Erin's enemy = Frank     Erin's friend = Brooke   ;;Frank's enemy = Erin     Frank's friend = Daniel  
2,L,SemanticApproach.EXTENSIONAL,Representation.ENGLISH,0_L_f1,"Imagine there are six people: Autumn, Brooke, Chad, Daniel, Erin and Frank. They have the following relationships to each other:;;;;",;;Here is how to figure out the answer to the following question:;;Who is Chad's enemy's friend?;;;;Here are the steps to arrive at the answer:;;1. Chad's enemy = Brooke;;2. Brooke's friend = Chad;;;;So the answer is Chad;;;;Now answer the following question:;;Who is Brooke's friend?,Brooke's friend,Erin,Autumn;;Brooke;;Chad;;Daniel;;Erin;;Frank,Autumn's enemy = Daniel  Autumn's friend = Chad   Daniel's parent = Chad   Autumn's child = Erin   ;;Brooke's enemy = Chad    Brooke's friend = Erin   Erin's parent = Autumn   Brooke's child = Frank  ;;Chad's enemy = Brooke    Chad's friend = Autumn   Frank's parent = Brooke  Chad's child = Daniel   ;;Daniel's enemy = Autumn  Daniel's friend = Frank  ;;Erin's enemy = Frank     Erin's friend = Brooke   ;;Frank's enemy = Erin     Frank's friend = Daniel  
2,L,SemanticApproach.EXTENSIONAL,Representation.ENGLISH,0_L_f1,"Imagine there are six people: Autumn, Brooke, Chad, Daniel, Erin and Frank. They have the following relationships to each other:;;;;",;;Here is how to figure out the answer to the following question:;;Who is Chad's enemy's friend?;;;;Here are the steps to arrive at the answer:;;1. Chad's enemy = Brooke;;2. Brooke's friend = Chad;;;;So the answer is Chad;;;;Now answer the following question:;;Who is Brooke's friend?,Brooke's friend,Erin,Autumn;;Brooke;;Chad;;Daniel;;Erin;;Frank,Autumn's enemy = Daniel  Autumn's friend = Chad   Daniel's parent = Chad   Autumn's child = Erin   ;;Brooke's enemy = Chad    Brooke's friend = Erin   Erin's parent = Autumn   Brooke's child = Frank  ;;Chad's enemy = Brooke    Chad's friend = Autumn   Frank's parent = Brooke  Chad's child = Daniel   ;;Daniel's enemy = Autumn  Daniel's friend = Frank  ;;Erin's enemy = Frank     Erin's friend = Brooke   ;;Frank's enemy = Erin     Frank's friend = Daniel  
2,L,SemanticApproach.EXTENSIONAL,Representation.ENGLISH,0_L_f1,"Imagine there are six people: Autumn, Brooke, Chad, Daniel, Erin and Frank. They have the following relationships to each other:;;;;",;;Here is how to figure out the answer to the following question:;;Who is Chad's enemy's friend?;;;;Here are the steps to arrive at the answer:;;1. Chad's enemy = Brooke;;2. Brooke's friend = Chad;;;;So the answer is Chad;;;;Now answer the following question:;;Who is Brooke's friend?,Brooke's friend,Erin,Autumn;;Brooke;;Chad;;Daniel;;Erin;;Frank,Autumn's enemy = Daniel  Autumn's friend = Chad   Daniel's parent = Chad   Autumn's child = Erin   ;;Brooke's enemy = Chad    Brooke's friend = Erin   Erin's parent = Autumn   Brooke's child = Frank  ;;Chad's enemy = Brooke    Chad's friend = Autumn   Frank's parent = Brooke  Chad's child = Daniel   ;;Daniel's enemy = Autumn  Daniel's friend = Frank  ;;Erin's enemy = Frank     Erin's friend = Brooke   ;;Frank's enemy = Erin     Frank's friend = Daniel  
2,L,SemanticApproach.EXTENSIONAL,Representation.ENGLISH,0_L_e3,"Imagine there are six people: Autumn, Brooke, Chad, Daniel, Erin and Frank. They have the following relationships to each other:;;;;",;;Here is how to figure out the answer to the following question:;;Who is Chad's enemy's friend?;;;;Here are the steps to arrive at the answer:;;1. Chad's enemy = Brooke;;2. Brooke's friend = Chad;;;;So the answer is Chad;;;;Now answer the following question:;;Who is Chad's enemy?,Chad's enemy,Brooke,Autumn;;Brooke;;Chad;;Daniel;;Erin;;Frank,Autumn's enemy = Daniel  Autumn's friend = Chad   Daniel's parent = Chad   Autumn's child = Erin   ;;Brooke's enemy = Chad    Brooke's friend = Erin   Erin's parent = Autumn   Brooke's child = Frank  ;;Chad's enemy = Brooke    Chad's friend = Autumn   Frank's parent = Brooke  Chad's child = Daniel   ;;Daniel's enemy = Autumn  Daniel's friend = Frank  ;;Erin's enemy = Frank     Erin's friend = Brooke   ;;Frank's enemy = Erin     Frank's friend = Daniel  
2,L,SemanticApproach.EXTENSIONAL,Representation.ENGLISH,0_L_e3,"Imagine there are six people: Autumn, Brooke, Chad, Daniel, Erin and Frank. They have the following relationships to each other:;;;;",;;Here is how to figure out the answer to the following question:;;Who is Chad's enemy's friend?;;;;Here are the steps to arrive at the answer:;;1. Chad's enemy = Brooke;;2. Brooke's friend = Chad;;;;So the answer is Chad;;;;Now answer the following question:;;Who is Chad's enemy?,Chad's enemy,Brooke,Autumn;;Brooke;;Chad;;Daniel;;Erin;;Frank,Autumn's enemy = Daniel  Autumn's friend = Chad   Daniel's parent = Chad   Autumn's child = Erin   ;;Brooke's enemy = Chad    Brooke's friend = Erin   Erin's parent = Autumn   Brooke's child = Frank  ;;Chad's enemy = Brooke    Chad's friend = Autumn   Frank's parent = Brooke  Chad's child = Daniel   ;;Daniel's enemy = Autumn  Daniel's friend = Frank  ;;Erin's enemy = Frank     Erin's friend = Brooke   ;;Frank's enemy = Erin     Frank's friend = Daniel  
2,L,SemanticApproach.EXTENSIONAL,Representation.ENGLISH,0_L_e3,"Imagine there are six people: Autumn, Brooke, Chad, Daniel, Erin and Frank. They have the following relationships to each other:;;;;",;;Here is how to figure out the answer to the following question:;;Who is Chad's enemy's friend?;;;;Here are the steps to arrive at the answer:;;1. Chad's enemy = Brooke;;2. Brooke's friend = Chad;;;;So the answer is Chad;;;;Now answer the following question:;;Who is Chad's enemy?,Chad's enemy,Brooke,Autumn;;Brooke;;Chad;;Daniel;;Erin;;Frank,Autumn's enemy = Daniel  Autumn's friend = Chad   Daniel's parent = Chad   Autumn's child = Erin   ;;Brooke's enemy = Chad    Brooke's friend = Erin   Erin's parent = Autumn   Brooke's child = Frank  ;;Chad's enemy = Brooke    Chad's friend = Autumn   Frank's parent = Brooke  Chad's child = Daniel   ;;Daniel's enemy = Autumn  Daniel's friend = Frank  ;;Erin's enemy = Frank     Erin's friend = Brooke   ;;Frank's enemy = Erin     Frank's friend = Daniel  
2,L,SemanticApproach.EXTENSIONAL,Representation.ENGLISH,0_L_e3,"Imagine there are six people: Autumn, Brooke, Chad, Daniel, Erin and Frank. They have the following relationships to each other:;;;;",;;Here is how to figure out the answer to the following question:;;Who is Chad's enemy's friend?;;;;Here are the steps to arrive at the answer:;;1. Chad's enemy = Brooke;;2. Brooke's friend = Chad;;;;So the answer is Chad;;;;Now answer the following question:;;Who is Chad's enemy?,Chad's enemy,Brooke,Autumn;;Brooke;;Chad;;Daniel;;Erin;;Frank,Autumn's enemy = Daniel  Autumn's friend = Chad   Daniel's parent = Chad   Autumn's child = Erin   ;;Brooke's enemy = Chad    Brooke's friend = Erin   Erin's parent = Autumn   Brooke's child = Frank  ;;Chad's enemy = Brooke    Chad's friend = Autumn   Frank's parent = Brooke  Chad's child = Daniel   ;;Daniel's enemy = Autumn  Daniel's friend = Frank  ;;Erin's enemy = Frank     Erin's friend = Brooke   ;;Frank's enemy = Erin     Frank's friend = Daniel  
2,L,SemanticApproach.EXTENSIONAL,Representation.ENGLISH,0_L_f0,"Imagine there are six people: Autumn, Brooke, Chad, Daniel, Erin and Frank. They have the following relationships to each other:;;;;",;;Here is how to figure out the answer to the following question:;;Who is Chad's enemy's friend?;;;;Here are the steps to arrive at the answer:;;1. Chad's enemy = Brooke;;2. Brooke's friend = Chad;;;;So the answer is Chad;;;;Now answer the following question:;;Who is Daniel's friend?,Daniel's friend,Frank,Autumn;;Brooke;;Chad;;Daniel;;Erin;;Frank,Autumn's enemy = Daniel  Autumn's friend = Chad   Daniel's parent = Chad   Autumn's child = Erin   ;;Brooke's enemy = Chad    Brooke's friend = Erin   Erin's parent = Autumn   Brooke's child = Frank  ;;Chad's enemy = Brooke    Chad's friend = Autumn   Frank's parent = Brooke  Chad's child = Daniel   ;;Daniel's enemy = Autumn  Daniel's friend = Frank  ;;Erin's enemy = Frank     Erin's friend = Brooke   ;;Frank's enemy = Erin     Frank's friend = Daniel  
2,L,SemanticApproach.EXTENSIONAL,Representation.ENGLISH,0_L_f0,"Imagine there are six people: Autumn, Brooke, Chad, Daniel, Erin and Frank. They have the following relationships to each other:;;;;",;;Here is how to figure out the answer to the following question:;;Who is Chad's enemy's friend?;;;;Here are the steps to arrive at the answer:;;1. Chad's enemy = Brooke;;2. Brooke's friend = Chad;;;;So the answer is Chad;;;;Now answer the following question:;;Who is Daniel's friend?,Daniel's friend,Frank,Autumn;;Brooke;;Chad;;Daniel;;Erin;;Frank,Autumn's enemy = Daniel  Autumn's friend = Chad   Daniel's parent = Chad   Autumn's child = Erin   ;;Brooke's enemy = Chad    Brooke's friend = Erin   Erin's parent = Autumn   Brooke's child = Frank  ;;Chad's enemy = Brooke    Chad's friend = Autumn   Frank's parent = Brooke  Chad's child = Daniel   ;;Daniel's enemy = Autumn  Daniel's friend = Frank  ;;Erin's enemy = Frank     Erin's friend = Brooke   ;;Frank's enemy = Erin     Frank's friend = Daniel  
2,L,SemanticApproach.EXTENSIONAL,Representation.ENGLISH,0_L_f0,"Imagine there are six people: Autumn, Brooke, Chad, Daniel, Erin and Frank. They have the following relationships to each other:;;;;",;;Here is how to figure out the answer to the following question:;;Who is Chad's enemy's friend?;;;;Here are the steps to arrive at the answer:;;1. Chad's enemy = Brooke;;2. Brooke's friend = Chad;;;;So the answer is Chad;;;;Now answer the following question:;;Who is Daniel's friend?,Daniel's friend,Frank,Autumn;;Brooke;;Chad;;Daniel;;Erin;;Frank,Autumn's enemy = Daniel  Autumn's friend = Chad   Daniel's parent = Chad   Autumn's child = Erin   ;;Brooke's enemy = Chad    Brooke's friend = Erin   Erin's parent = Autumn   Brooke's child = Frank  ;;Chad's enemy = Brooke    Chad's friend = Autumn   Frank's parent = Brooke  Chad's child = Daniel   ;;Daniel's enemy = Autumn  Daniel's friend = Frank  ;;Erin's enemy = Frank     Erin's friend = Brooke   ;;Frank's enemy = Erin     Frank's friend = Daniel  
2,L,SemanticApproach.EXTENSIONAL,Representation.ENGLISH,0_L_f0,"Imagine there are six people: Autumn, Brooke, Chad, Daniel, Erin and Frank. They have the following relationships to each other:;;;;",;;Here is how to figure out the answer to the following question:;;Who is Chad's enemy's friend?;;;;Here are the steps to arrive at the answer:;;1. Chad's enemy = Brooke;;2. Brooke's friend = Chad;;;;So the answer is Chad;;;;Now answer the following question:;;Who is Daniel's friend?,Daniel's friend,Frank,Autumn;;Brooke;;Chad;;Daniel;;Erin;;Frank,Autumn's enemy = Daniel  Autumn's friend = Chad   Daniel's parent = Chad   Autumn's child = Erin   ;;Brooke's enemy = Chad    Brooke's friend = Erin   Erin's parent = Autumn   Brooke's child = Frank  ;;Chad's enemy = Brooke    Chad's friend = Autumn   Frank's parent = Brooke  Chad's child = Daniel   ;;Daniel's enemy = Autumn  Daniel's friend = Frank  ;;Erin's enemy = Frank     Erin's friend = Brooke   ;;Frank's enemy = Erin     Frank's friend = Daniel  
2,L,SemanticApproach.EXTENSIONAL,Representation.ENGLISH,0_L_p4,"Imagine there are six people: Autumn, Brooke, Chad, Daniel, Erin and Frank. They have the following relationships to each other:;;;;",;;Here is how to figure out the answer to the following question:;;Who is Chad's enemy's friend?;;;;Here are the steps to arrive at the answer:;;1. Chad's enemy = Brooke;;2. Brooke's friend = Chad;;;;So the answer is Chad;;;;Now answer the following question:;;Who is Erin's parent?,Erin's parent,Autumn,Autumn;;Brooke;;Chad;;Daniel;;Erin;;Frank,Autumn's enemy = Daniel  Autumn's friend = Chad   Daniel's parent = Chad   Autumn's child = Erin   ;;Brooke's enemy = Chad    Brooke's friend = Erin   Erin's parent = Autumn   Brooke's child = Frank  ;;Chad's enemy = Brooke    Chad's friend = Autumn   Frank's parent = Brooke  Chad's child = Daniel   ;;Daniel's enemy = Autumn  Daniel's friend = Frank  ;;Erin's enemy = Frank     Erin's friend = Brooke   ;;Frank's enemy = Erin     Frank's friend = Daniel  
2,L,SemanticApproach.EXTENSIONAL,Representation.ENGLISH,0_L_p4,"Imagine there are six people: Autumn, Brooke, Chad, Daniel, Erin and Frank. They have the following relationships to each other:;;;;",;;Here is how to figure out the answer to the following question:;;Who is Chad's enemy's friend?;;;;Here are the steps to arrive at the answer:;;1. Chad's enemy = Brooke;;2. Brooke's friend = Chad;;;;So the answer is Chad;;;;Now answer the following question:;;Who is Erin's parent?,Erin's parent,Autumn,Autumn;;Brooke;;Chad;;Daniel;;Erin;;Frank,Autumn's enemy = Daniel  Autumn's friend = Chad   Daniel's parent = Chad   Autumn's child = Erin   ;;Brooke's enemy = Chad    Brooke's friend = Erin   Erin's parent = Autumn   Brooke's child = Frank  ;;Chad's enemy = Brooke    Chad's friend = Autumn   Frank's parent = Brooke  Chad's child = Daniel   ;;Daniel's enemy = Autumn  Daniel's friend = Frank  ;;Erin's enemy = Frank     Erin's friend = Brooke   ;;Frank's enemy = Erin     Frank's friend = Daniel  
2,L,SemanticApproach.EXTENSIONAL,Representation.ENGLISH,0_L_p4,"Imagine there are six people: Autumn, Brooke, Chad, Daniel, Erin and Frank. They have the following relationships to each other:;;;;",;;Here is how to figure out the answer to the following question:;;Who is Chad's enemy's friend?;;;;Here are the steps to arrive at the answer:;;1. Chad's enemy = Brooke;;2. Brooke's friend = Chad;;;;So the answer is Chad;;;;Now answer the following question:;;Who is Erin's parent?,Erin's parent,Autumn,Autumn;;Brooke;;Chad;;Daniel;;Erin;;Frank,Autumn's enemy = Daniel  Autumn's friend = Chad   Daniel's parent = Chad   Autumn's child = Erin   ;;Brooke's enemy = Chad    Brooke's friend = Erin   Erin's parent = Autumn   Brooke's child = Frank  ;;Chad's enemy = Brooke    Chad's friend = Autumn   Frank's parent = Brooke  Chad's child = Daniel   ;;Daniel's enemy = Autumn  Daniel's friend = Frank  ;;Erin's enemy = Frank     Erin's friend = Brooke   ;;Frank's enemy = Erin     Frank's friend = Daniel  
2,L,SemanticApproach.EXTENSIONAL,Representation.ENGLISH,0_L_p4,"Imagine there are six people: Autumn, Brooke, Chad, Daniel, Erin and Frank. They have the following relationships to each other:;;;;",;;Here is how to figure out the answer to the following question:;;Who is Chad's enemy's friend?;;;;Here are the steps to arrive at the answer:;;1. Chad's enemy = Brooke;;2. Brooke's friend = Chad;;;;So the answer is Chad;;;;Now answer the following question:;;Who is Erin's parent?,Erin's parent,Autumn,Autumn;;Brooke;;Chad;;Daniel;;Erin;;Frank,Autumn's enemy = Daniel  Autumn's friend = Chad   Daniel's parent = Chad   Autumn's child = Erin   ;;Brooke's enemy = Chad    Brooke's friend = Erin   Erin's parent = Autumn   Brooke's child = Frank  ;;Chad's enemy = Brooke    Chad's friend = Autumn   Frank's parent = Brooke  Chad's child = Daniel   ;;Daniel's enemy = Autumn  Daniel's friend = Frank  ;;Erin's enemy = Frank     Erin's friend = Brooke   ;;Frank's enemy = Erin     Frank's friend = Daniel  
2,L,SemanticApproach.EXTENSIONAL,Representation.ENGLISH,0_L_e2,"Imagine there are six people: Autumn, Brooke, Chad, Daniel, Erin and Frank. They have the following relationships to each other:;;;;",;;Here is how to figure out the answer to the following question:;;Who is Chad's enemy's friend?;;;;Here are the steps to arrive at the answer:;;1. Chad's enemy = Brooke;;2. Brooke's friend = Chad;;;;So the answer is Chad;;;;Now answer the following question:;;Who is Frank's enemy?,Frank's enemy,Erin,Autumn;;Brooke;;Chad;;Daniel;;Erin;;Frank,Autumn's enemy = Daniel  Autumn's friend = Chad   Daniel's parent = Chad   Autumn's child = Erin   ;;Brooke's enemy = Chad    Brooke's friend = Erin   Erin's parent = Autumn   Brooke's child = Frank  ;;Chad's enemy = Brooke    Chad's friend = Autumn   Frank's parent = Brooke  Chad's child = Daniel   ;;Daniel's enemy = Autumn  Daniel's friend = Frank  ;;Erin's enemy = Frank     Erin's friend = Brooke   ;;Frank's enemy = Erin     Frank's friend = Daniel  
2,L,SemanticApproach.EXTENSIONAL,Representation.ENGLISH,0_L_e2,"Imagine there are six people: Autumn, Brooke, Chad, Daniel, Erin and Frank. They have the following relationships to each other:;;;;",;;Here is how to figure out the answer to the following question:;;Who is Chad's enemy's friend?;;;;Here are the steps to arrive at the answer:;;1. Chad's enemy = Brooke;;2. Brooke's friend = Chad;;;;So the answer is Chad;;;;Now answer the following question:;;Who is Frank's enemy?,Frank's enemy,Erin,Autumn;;Brooke;;Chad;;Daniel;;Erin;;Frank,Autumn's enemy = Daniel  Autumn's friend = Chad   Daniel's parent = Chad   Autumn's child = Erin   ;;Brooke's enemy = Chad    Brooke's friend = Erin   Erin's parent = Autumn   Brooke's child = Frank  ;;Chad's enemy = Brooke    Chad's friend = Autumn   Frank's parent = Brooke  Chad's child = Daniel   ;;Daniel's enemy = Autumn  Daniel's friend = Frank  ;;Erin's enemy = Frank     Erin's friend = Brooke   ;;Frank's enemy = Erin     Frank's friend = Daniel  
2,L,SemanticApproach.EXTENSIONAL,Representation.ENGLISH,0_L_e2,"Imagine there are six people: Autumn, Brooke, Chad, Daniel, Erin and Frank. They have the following relationships to each other:;;;;",;;Here is how to figure out the answer to the following question:;;Who is Chad's enemy's friend?;;;;Here are the steps to arrive at the answer:;;1. Chad's enemy = Brooke;;2. Brooke's friend = Chad;;;;So the answer is Chad;;;;Now answer the following question:;;Who is Frank's enemy?,Frank's enemy,Erin,Autumn;;Brooke;;Chad;;Daniel;;Erin;;Frank,Autumn's enemy = Daniel  Autumn's friend = Chad   Daniel's parent = Chad   Autumn's child = Erin   ;;Brooke's enemy = Chad    Brooke's friend = Erin   Erin's parent = Autumn   Brooke's child = Frank  ;;Chad's enemy = Brooke    Chad's friend = Autumn   Frank's parent = Brooke  Chad's child = Daniel   ;;Daniel's enemy = Autumn  Daniel's friend = Frank  ;;Erin's enemy = Frank     Erin's friend = Brooke   ;;Frank's enemy = Erin     Frank's friend = Daniel  
2,L,SemanticApproach.EXTENSIONAL,Representation.ENGLISH,0_L_e2,"Imagine there are six people: Autumn, Brooke, Chad, Daniel, Erin and Frank. They have the following relationships to each other:;;;;",;;Here is how to figure out the answer to the following question:;;Who is Chad's enemy's friend?;;;;Here are the steps to arrive at the answer:;;1. Chad's enemy = Brooke;;2. Brooke's friend = Chad;;;;So the answer is Chad;;;;Now answer the following question:;;Who is Frank's enemy?,Frank's enemy,Erin,Autumn;;Brooke;;Chad;;Daniel;;Erin;;Frank,Autumn's enemy = Daniel  Autumn's friend = Chad   Daniel's parent = Chad   Autumn's child = Erin   ;;Brooke's enemy = Chad    Brooke's friend = Erin   Erin's parent = Autumn   Brooke's child = Frank  ;;Chad's enemy = Brooke    Chad's friend = Autumn   Frank's parent = Brooke  Chad's child = Daniel   ;;Daniel's enemy = Autumn  Daniel's friend = Frank  ;;Erin's enemy = Frank     Erin's friend = Brooke   ;;Frank's enemy = Erin     Frank's friend = Daniel  
4,L,SemanticApproach.EXTENSIONAL,Representation.ENGLISH,0_L_cfc5,"Imagine there are six people: Autumn, Brooke, Chad, Daniel, Erin and Frank. They have the following relationships to each other:;;;;",;;Here is how to figure out the answer to the following question:;;Who is Chad's enemy's friend?;;;;Here are the steps to arrive at the answer:;;1. Chad's enemy = Brooke;;2. Brooke's friend = Chad;;;;So the answer is Chad;;;;Now answer the following question:;;Who is Autumn's child's friend's child?,Autumn's child's friend's child,Frank,Autumn;;Brooke;;Chad;;Daniel;;Erin;;Frank,Autumn's enemy = Daniel  Autumn's friend = Chad   Daniel's parent = Chad   Autumn's child = Erin   ;;Brooke's enemy = Chad    Brooke's friend = Erin   Erin's parent = Autumn   Brooke's child = Frank  ;;Chad's enemy = Brooke    Chad's friend = Autumn   Frank's parent = Brooke  Chad's child = Daniel   ;;Daniel's enemy = Autumn  Daniel's friend = Frank  ;;Erin's enemy = Frank     Erin's friend = Brooke   ;;Frank's enemy = Erin     Frank's friend = Daniel  
4,L,SemanticApproach.EXTENSIONAL,Representation.ENGLISH,0_L_eff4,"Imagine there are six people: Autumn, Brooke, Chad, Daniel, Erin and Frank. They have the following relationships to each other:;;;;",;;Here is how to figure out the answer to the following question:;;Who is Chad's enemy's friend?;;;;Here are the steps to arrive at the answer:;;1. Chad's enemy = Brooke;;2. Brooke's friend = Chad;;;;So the answer is Chad;;;;Now answer the following question:;;Who is Erin's friend's friend's enemy?,Erin's friend's friend's enemy,Frank,Autumn;;Brooke;;Chad;;Daniel;;Erin;;Frank,Autumn's enemy = Daniel  Autumn's friend = Chad   Daniel's parent = Chad   Autumn's child = Erin   ;;Brooke's enemy = Chad    Brooke's friend = Erin   Erin's parent = Autumn   Brooke's child = Frank  ;;Chad's enemy = Brooke    Chad's friend = Autumn   Frank's parent = Brooke  Chad's child = Daniel   ;;Daniel's enemy = Autumn  Daniel's friend = Frank  ;;Erin's enemy = Frank     Erin's friend = Brooke   ;;Frank's enemy = Erin     Frank's friend = Daniel  
4,L,SemanticApproach.EXTENSIONAL,Representation.ENGLISH,0_L_pff4,"Imagine there are six people: Autumn, Brooke, Chad, Daniel, Erin and Frank. They have the following relationships to each other:;;;;",;;Here is how to figure out the answer to the following question:;;Who is Chad's enemy's friend?;;;;Here are the steps to arrive at the answer:;;1. Chad's enemy = Brooke;;2. Brooke's friend = Chad;;;;So the answer is Chad;;;;Now answer the following question:;;Who is Erin's friend's friend's parent?,Erin's friend's friend's parent,Autumn,Autumn;;Brooke;;Chad;;Daniel;;Erin;;Frank,Autumn's enemy = Daniel  Autumn's friend = Chad   Daniel's parent = Chad   Autumn's child = Erin   ;;Brooke's enemy = Chad    Brooke's friend = Erin   Erin's parent = Autumn   Brooke's child = Frank  ;;Chad's enemy = Brooke    Chad's friend = Autumn   Frank's parent = Brooke  Chad's child = Daniel   ;;Daniel's enemy = Autumn  Daniel's friend = Frank  ;;Erin's enemy = Frank     Erin's friend = Brooke   ;;Frank's enemy = Erin     Frank's friend = Daniel  
4,L,SemanticApproach.EXTENSIONAL,Representation.ENGLISH,0_L_cfe2,"Imagine there are six people: Autumn, Brooke, Chad, Daniel, Erin and Frank. They have the following relationships to each other:;;;;",;;Here is how to figure out the answer to the following question:;;Who is Chad's enemy's friend?;;;;Here are the steps to arrive at the answer:;;1. Chad's enemy = Brooke;;2. Brooke's friend = Chad;;;;So the answer is Chad;;;;Now answer the following question:;;Who is Frank's enemy's friend's child?,Frank's enemy's friend's child,Frank,Autumn;;Brooke;;Chad;;Daniel;;Erin;;Frank,Autumn's enemy = Daniel  Autumn's friend = Chad   Daniel's parent = Chad   Autumn's child = Erin   ;;Brooke's enemy = Chad    Brooke's friend = Erin   Erin's parent = Autumn   Brooke's child = Frank  ;;Chad's enemy = Brooke    Chad's friend = Autumn   Frank's parent = Brooke  Chad's child = Daniel   ;;Daniel's enemy = Autumn  Daniel's friend = Frank  ;;Erin's enemy = Frank     Erin's friend = Brooke   ;;Frank's enemy = Erin     Frank's friend = Daniel  
4,L,SemanticApproach.EXTENSIONAL,Representation.ENGLISH,0_L_eec5,"Imagine there are six people: Autumn, Brooke, Chad, Daniel, Erin and Frank. They have the following relationships to each other:;;;;",;;Here is how to figure out the answer to the following question:;;Who is Chad's enemy's friend?;;;;Here are the steps to arrive at the answer:;;1. Chad's enemy = Brooke;;2. Brooke's friend = Chad;;;;So the answer is Chad;;;;Now answer the following question:;;Who is Autumn's child's enemy's enemy?,Autumn's child's enemy's enemy,Erin,Autumn;;Brooke;;Chad;;Daniel;;Erin;;Frank,Autumn's enemy = Daniel  Autumn's friend = Chad   Daniel's parent = Chad   Autumn's child = Erin   ;;Brooke's enemy = Chad    Brooke's friend = Erin   Erin's parent = Autumn   Brooke's child = Frank  ;;Chad's enemy = Brooke    Chad's friend = Autumn   Frank's parent = Brooke  Chad's child = Daniel   ;;Daniel's enemy = Autumn  Daniel's friend = Frank  ;;Erin's enemy = Frank     Erin's friend = Brooke   ;;Frank's enemy = Erin     Frank's friend = Daniel  
4,L,SemanticApproach.EXTENSIONAL,Representation.ENGLISH,0_L_fef1,"Imagine there are six people: Autumn, Brooke, Chad, Daniel, Erin and Frank. They have the following relationships to each other:;;;;",;;Here is how to figure out the answer to the following question:;;Who is Chad's enemy's friend?;;;;Here are the steps to arrive at the answer:;;1. Chad's enemy = Brooke;;2. Brooke's friend = Chad;;;;So the answer is Chad;;;;Now answer the following question:;;Who is Brooke's friend's enemy's friend?,Brooke's friend's enemy's friend,Daniel,Autumn;;Brooke;;Chad;;Daniel;;Erin;;Frank,Autumn's enemy = Daniel  Autumn's friend = Chad   Daniel's parent = Chad   Autumn's child = Erin   ;;Brooke's enemy = Chad    Brooke's friend = Erin   Erin's parent = Autumn   Brooke's child = Frank  ;;Chad's enemy = Brooke    Chad's friend = Autumn   Frank's parent = Brooke  Chad's child = Daniel   ;;Daniel's enemy = Autumn  Daniel's friend = Frank  ;;Erin's enemy = Frank     Erin's friend = Brooke   ;;Frank's enemy = Erin     Frank's friend = Daniel  
4,L,SemanticApproach.EXTENSIONAL,Representation.ENGLISH,0_L_fcp2,"Imagine there are six people: Autumn, Brooke, Chad, Daniel, Erin and Frank. They have the following relationships to each other:;;;;",;;Here is how to figure out the answer to the following question:;;Who is Chad's enemy's friend?;;;;Here are the steps to arrive at the answer:;;1. Chad's enemy = Brooke;;2. Brooke's friend = Chad;;;;So the answer is Chad;;;;Now answer the following question:;;Who is Frank's parent's child's friend?,Frank's parent's child's friend,Daniel,Autumn;;Brooke;;Chad;;Daniel;;Erin;;Frank,Autumn's enemy = Daniel  Autumn's friend = Chad   Daniel's parent = Chad   Autumn's child = Erin   ;;Brooke's enemy = Chad    Brooke's friend = Erin   Erin's parent = Autumn   Brooke's child = Frank  ;;Chad's enemy = Brooke    Chad's friend = Autumn   Frank's parent = Brooke  Chad's child = Daniel   ;;Daniel's enemy = Autumn  Daniel's friend = Frank  ;;Erin's enemy = Frank     Erin's friend = Brooke   ;;Frank's enemy = Erin     Frank's friend = Daniel  
4,L,SemanticApproach.EXTENSIONAL,Representation.ENGLISH,0_L_fep4,"Imagine there are six people: Autumn, Brooke, Chad, Daniel, Erin and Frank. They have the following relationships to each other:;;;;",;;Here is how to figure out the answer to the following question:;;Who is Chad's enemy's friend?;;;;Here are the steps to arrive at the answer:;;1. Chad's enemy = Brooke;;2. Brooke's friend = Chad;;;;So the answer is Chad;;;;Now answer the following question:;;Who is Erin's parent's enemy's friend?,Erin's parent's enemy's friend,Frank,Autumn;;Brooke;;Chad;;Daniel;;Erin;;Frank,Autumn's enemy = Daniel  Autumn's friend = Chad   Daniel's parent = Chad   Autumn's child = Erin   ;;Brooke's enemy = Chad    Brooke's friend = Erin   Erin's parent = Autumn   Brooke's child = Frank  ;;Chad's enemy = Brooke    Chad's friend = Autumn   Frank's parent = Brooke  Chad's child = Daniel   ;;Daniel's enemy = Autumn  Daniel's friend = Frank  ;;Erin's enemy = Frank     Erin's friend = Brooke   ;;Frank's enemy = Erin     Frank's friend = Daniel  
4,L,SemanticApproach.EXTENSIONAL,Representation.ENGLISH,0_L_efe1,"Imagine there are six people: Autumn, Brooke, Chad, Daniel, Erin and Frank. They have the following relationships to each other:;;;;",;;Here is how to figure out the answer to the following question:;;Who is Chad's enemy's friend?;;;;Here are the steps to arrive at the answer:;;1. Chad's enemy = Brooke;;2. Brooke's friend = Chad;;;;So the answer is Chad;;;;Now answer the following question:;;Who is Brooke's enemy's friend's enemy?,Brooke's enemy's friend's enemy,Daniel,Autumn;;Brooke;;Chad;;Daniel;;Erin;;Frank,Autumn's enemy = Daniel  Autumn's friend = Chad   Daniel's parent = Chad   Autumn's child = Erin   ;;Brooke's enemy = Chad    Brooke's friend = Erin   Erin's parent = Autumn   Brooke's child = Frank  ;;Chad's enemy = Brooke    Chad's friend = Autumn   Frank's parent = Brooke  Chad's child = Daniel   ;;Daniel's enemy = Autumn  Daniel's friend = Frank  ;;Erin's enemy = Frank     Erin's friend = Brooke   ;;Frank's enemy = Erin     Frank's friend = Daniel  
4,L,SemanticApproach.EXTENSIONAL,Representation.ENGLISH,0_L_fpf2,"Imagine there are six people: Autumn, Brooke, Chad, Daniel, Erin and Frank. They have the following relationships to each other:;;;;",;;Here is how to figure out the answer to the following question:;;Who is Chad's enemy's friend?;;;;Here are the steps to arrive at the answer:;;1. Chad's enemy = Brooke;;2. Brooke's friend = Chad;;;;So the answer is Chad;;;;Now answer the following question:;;Who is Frank's friend's parent's friend?,Frank's friend's parent's friend,Autumn,Autumn;;Brooke;;Chad;;Daniel;;Erin;;Frank,Autumn's enemy = Daniel  Autumn's friend = Chad   Daniel's parent = Chad   Autumn's child = Erin   ;;Brooke's enemy = Chad    Brooke's friend = Erin   Erin's parent = Autumn   Brooke's child = Frank  ;;Chad's enemy = Brooke    Chad's friend = Autumn   Frank's parent = Brooke  Chad's child = Daniel   ;;Daniel's enemy = Autumn  Daniel's friend = Frank  ;;Erin's enemy = Frank     Erin's friend = Brooke   ;;Frank's enemy = Erin     Frank's friend = Daniel  
4,L,SemanticApproach.EXTENSIONAL,Representation.ENGLISH,0_L_cpf1,"Imagine there are six people: Autumn, Brooke, Chad, Daniel, Erin and Frank. They have the following relationships to each other:;;;;",;;Here is how to figure out the answer to the following question:;;Who is Chad's enemy's friend?;;;;Here are the steps to arrive at the answer:;;1. Chad's enemy = Brooke;;2. Brooke's friend = Chad;;;;So the answer is Chad;;;;Now answer the following question:;;Who is Brooke's friend's parent's child?,Brooke's friend's parent's child,Erin,Autumn;;Brooke;;Chad;;Daniel;;Erin;;Frank,Autumn's enemy = Daniel  Autumn's friend = Chad   Daniel's parent = Chad   Autumn's child = Erin   ;;Brooke's enemy = Chad    Brooke's friend = Erin   Erin's parent = Autumn   Brooke's child = Frank  ;;Chad's enemy = Brooke    Chad's friend = Autumn   Frank's parent = Brooke  Chad's child = Daniel   ;;Daniel's enemy = Autumn  Daniel's friend = Frank  ;;Erin's enemy = Frank     Erin's friend = Brooke   ;;Frank's enemy = Erin     Frank's friend = Daniel  
4,L,SemanticApproach.EXTENSIONAL,Representation.ENGLISH,0_L_fcf3,"Imagine there are six people: Autumn, Brooke, Chad, Daniel, Erin and Frank. They have the following relationships to each other:;;;;",;;Here is how to figure out the answer to the following question:;;Who is Chad's enemy's friend?;;;;Here are the steps to arrive at the answer:;;1. Chad's enemy = Brooke;;2. Brooke's friend = Chad;;;;So the answer is Chad;;;;Now answer the following question:;;Who is Chad's friend's child's friend?,Chad's friend's child's friend,Brooke,Autumn;;Brooke;;Chad;;Daniel;;Erin;;Frank,Autumn's enemy = Daniel  Autumn's friend = Chad   Daniel's parent = Chad   Autumn's child = Erin   ;;Brooke's enemy = Chad    Brooke's friend = Erin   Erin's parent = Autumn   Brooke's child = Frank  ;;Chad's enemy = Brooke    Chad's friend = Autumn   Frank's parent = Brooke  Chad's child = Daniel   ;;Daniel's enemy = Autumn  Daniel's friend = Frank  ;;Erin's enemy = Frank     Erin's friend = Brooke   ;;Frank's enemy = Erin     Frank's friend = Daniel  
4,L,SemanticApproach.EXTENSIONAL,Representation.ENGLISH,0_L_pec1,"Imagine there are six people: Autumn, Brooke, Chad, Daniel, Erin and Frank. They have the following relationships to each other:;;;;",;;Here is how to figure out the answer to the following question:;;Who is Chad's enemy's friend?;;;;Here are the steps to arrive at the answer:;;1. Chad's enemy = Brooke;;2. Brooke's friend = Chad;;;;So the answer is Chad;;;;Now answer the following question:;;Who is Brooke's child's enemy's parent?,Brooke's child's enemy's parent,Autumn,Autumn;;Brooke;;Chad;;Daniel;;Erin;;Frank,Autumn's enemy = Daniel  Autumn's friend = Chad   Daniel's parent = Chad   Autumn's child = Erin   ;;Brooke's enemy = Chad    Brooke's friend = Erin   Erin's parent = Autumn   Brooke's child = Frank  ;;Chad's enemy = Brooke    Chad's friend = Autumn   Frank's parent = Brooke  Chad's child = Daniel   ;;Daniel's enemy = Autumn  Daniel's friend = Frank  ;;Erin's enemy = Frank     Erin's friend = Brooke   ;;Frank's enemy = Erin     Frank's friend = Daniel  
4,L,SemanticApproach.EXTENSIONAL,Representation.ENGLISH,0_L_pfc1,"Imagine there are six people: Autumn, Brooke, Chad, Daniel, Erin and Frank. They have the following relationships to each other:;;;;",;;Here is how to figure out the answer to the following question:;;Who is Chad's enemy's friend?;;;;Here are the steps to arrive at the answer:;;1. Chad's enemy = Brooke;;2. Brooke's friend = Chad;;;;So the answer is Chad;;;;Now answer the following question:;;Who is Brooke's child's friend's parent?,Brooke's child's friend's parent,Chad,Autumn;;Brooke;;Chad;;Daniel;;Erin;;Frank,Autumn's enemy = Daniel  Autumn's friend = Chad   Daniel's parent = Chad   Autumn's child = Erin   ;;Brooke's enemy = Chad    Brooke's friend = Erin   Erin's parent = Autumn   Brooke's child = Frank  ;;Chad's enemy = Brooke    Chad's friend = Autumn   Frank's parent = Brooke  Chad's child = Daniel   ;;Daniel's enemy = Autumn  Daniel's friend = Frank  ;;Erin's enemy = Frank     Erin's friend = Brooke   ;;Frank's enemy = Erin     Frank's friend = Daniel  
4,L,SemanticApproach.EXTENSIONAL,Representation.ENGLISH,0_L_fpe5,"Imagine there are six people: Autumn, Brooke, Chad, Daniel, Erin and Frank. They have the following relationships to each other:;;;;",;;Here is how to figure out the answer to the following question:;;Who is Chad's enemy's friend?;;;;Here are the steps to arrive at the answer:;;1. Chad's enemy = Brooke;;2. Brooke's friend = Chad;;;;So the answer is Chad;;;;Now answer the following question:;;Who is Autumn's enemy's parent's friend?,Autumn's enemy's parent's friend,Autumn,Autumn;;Brooke;;Chad;;Daniel;;Erin;;Frank,Autumn's enemy = Daniel  Autumn's friend = Chad   Daniel's parent = Chad   Autumn's child = Erin   ;;Brooke's enemy = Chad    Brooke's friend = Erin   Erin's parent = Autumn   Brooke's child = Frank  ;;Chad's enemy = Brooke    Chad's friend = Autumn   Frank's parent = Brooke  Chad's child = Daniel   ;;Daniel's enemy = Autumn  Daniel's friend = Frank  ;;Erin's enemy = Frank     Erin's friend = Brooke   ;;Frank's enemy = Erin     Frank's friend = Daniel  
4,L,SemanticApproach.EXTENSIONAL,Representation.ENGLISH,0_L_fep2,"Imagine there are six people: Autumn, Brooke, Chad, Daniel, Erin and Frank. They have the following relationships to each other:;;;;",;;Here is how to figure out the answer to the following question:;;Who is Chad's enemy's friend?;;;;Here are the steps to arrive at the answer:;;1. Chad's enemy = Brooke;;2. Brooke's friend = Chad;;;;So the answer is Chad;;;;Now answer the following question:;;Who is Frank's parent's enemy's friend?,Frank's parent's enemy's friend,Autumn,Autumn;;Brooke;;Chad;;Daniel;;Erin;;Frank,Autumn's enemy = Daniel  Autumn's friend = Chad   Daniel's parent = Chad   Autumn's child = Erin   ;;Brooke's enemy = Chad    Brooke's friend = Erin   Erin's parent = Autumn   Brooke's child = Frank  ;;Chad's enemy = Brooke    Chad's friend = Autumn   Frank's parent = Brooke  Chad's child = Daniel   ;;Daniel's enemy = Autumn  Daniel's friend = Frank  ;;Erin's enemy = Frank     Erin's friend = Brooke   ;;Frank's enemy = Erin     Frank's friend = Daniel  
4,L,SemanticApproach.EXTENSIONAL,Representation.ENGLISH,0_L_cpe2,"Imagine there are six people: Autumn, Brooke, Chad, Daniel, Erin and Frank. They have the following relationships to each other:;;;;",;;Here is how to figure out the answer to the following question:;;Who is Chad's enemy's friend?;;;;Here are the steps to arrive at the answer:;;1. Chad's enemy = Brooke;;2. Brooke's friend = Chad;;;;So the answer is Chad;;;;Now answer the following question:;;Who is Frank's enemy's parent's child?,Frank's enemy's parent's child,Erin,Autumn;;Brooke;;Chad;;Daniel;;Erin;;Frank,Autumn's enemy = Daniel  Autumn's friend = Chad   Daniel's parent = Chad   Autumn's child = Erin   ;;Brooke's enemy = Chad    Brooke's friend = Erin   Erin's parent = Autumn   Brooke's child = Frank  ;;Chad's enemy = Brooke    Chad's friend = Autumn   Frank's parent = Brooke  Chad's child = Daniel   ;;Daniel's enemy = Autumn  Daniel's friend = Frank  ;;Erin's enemy = Frank     Erin's friend = Brooke   ;;Frank's enemy = Erin     Frank's friend = Daniel  
4,L,SemanticApproach.EXTENSIONAL,Representation.ENGLISH,0_L_cec3,"Imagine there are six people: Autumn, Brooke, Chad, Daniel, Erin and Frank. They have the following relationships to each other:;;;;",;;Here is how to figure out the answer to the following question:;;Who is Chad's enemy's friend?;;;;Here are the steps to arrive at the answer:;;1. Chad's enemy = Brooke;;2. Brooke's friend = Chad;;;;So the answer is Chad;;;;Now answer the following question:;;Who is Chad's child's enemy's child?,Chad's child's enemy's child,Erin,Autumn;;Brooke;;Chad;;Daniel;;Erin;;Frank,Autumn's enemy = Daniel  Autumn's friend = Chad   Daniel's parent = Chad   Autumn's child = Erin   ;;Brooke's enemy = Chad    Brooke's friend = Erin   Erin's parent = Autumn   Brooke's child = Frank  ;;Chad's enemy = Brooke    Chad's friend = Autumn   Frank's parent = Brooke  Chad's child = Daniel   ;;Daniel's enemy = Autumn  Daniel's friend = Frank  ;;Erin's enemy = Frank     Erin's friend = Brooke   ;;Frank's enemy = Erin     Frank's friend = Daniel  
4,L,SemanticApproach.EXTENSIONAL,Representation.ENGLISH,0_L_ecf3,"Imagine there are six people: Autumn, Brooke, Chad, Daniel, Erin and Frank. They have the following relationships to each other:;;;;",;;Here is how to figure out the answer to the following question:;;Who is Chad's enemy's friend?;;;;Here are the steps to arrive at the answer:;;1. Chad's enemy = Brooke;;2. Brooke's friend = Chad;;;;So the answer is Chad;;;;Now answer the following question:;;Who is Chad's friend's child's enemy?,Chad's friend's child's enemy,Frank,Autumn;;Brooke;;Chad;;Daniel;;Erin;;Frank,Autumn's enemy = Daniel  Autumn's friend = Chad   Daniel's parent = Chad   Autumn's child = Erin   ;;Brooke's enemy = Chad    Brooke's friend = Erin   Erin's parent = Autumn   Brooke's child = Frank  ;;Chad's enemy = Brooke    Chad's friend = Autumn   Frank's parent = Brooke  Chad's child = Daniel   ;;Daniel's enemy = Autumn  Daniel's friend = Frank  ;;Erin's enemy = Frank     Erin's friend = Brooke   ;;Frank's enemy = Erin     Frank's friend = Daniel  
4,L,SemanticApproach.EXTENSIONAL,Representation.ENGLISH,0_L_pfe5,"Imagine there are six people: Autumn, Brooke, Chad, Daniel, Erin and Frank. They have the following relationships to each other:;;;;",;;Here is how to figure out the answer to the following question:;;Who is Chad's enemy's friend?;;;;Here are the steps to arrive at the answer:;;1. Chad's enemy = Brooke;;2. Brooke's friend = Chad;;;;So the answer is Chad;;;;Now answer the following question:;;Who is Autumn's enemy's friend's parent?,Autumn's enemy's friend's parent,Brooke,Autumn;;Brooke;;Chad;;Daniel;;Erin;;Frank,Autumn's enemy = Daniel  Autumn's friend = Chad   Daniel's parent = Chad   Autumn's child = Erin   ;;Brooke's enemy = Chad    Brooke's friend = Erin   Erin's parent = Autumn   Brooke's child = Frank  ;;Chad's enemy = Brooke    Chad's friend = Autumn   Frank's parent = Brooke  Chad's child = Daniel   ;;Daniel's enemy = Autumn  Daniel's friend = Frank  ;;Erin's enemy = Frank     Erin's friend = Brooke   ;;Frank's enemy = Erin     Frank's friend = Daniel  
4,L,SemanticApproach.EXTENSIONAL,Representation.ENGLISH,0_L_efp2,"Imagine there are six people: Autumn, Brooke, Chad, Daniel, Erin and Frank. They have the following relationships to each other:;;;;",;;Here is how to figure out the answer to the following question:;;Who is Chad's enemy's friend?;;;;Here are the steps to arrive at the answer:;;1. Chad's enemy = Brooke;;2. Brooke's friend = Chad;;;;So the answer is Chad;;;;Now answer the following question:;;Who is Frank's parent's friend's enemy?,Frank's parent's friend's enemy,Frank,Autumn;;Brooke;;Chad;;Daniel;;Erin;;Frank,Autumn's enemy = Daniel  Autumn's friend = Chad   Daniel's parent = Chad   Autumn's child = Erin   ;;Brooke's enemy = Chad    Brooke's friend = Erin   Erin's parent = Autumn   Brooke's child = Frank  ;;Chad's enemy = Brooke    Chad's friend = Autumn   Frank's parent = Brooke  Chad's child = Daniel   ;;Daniel's enemy = Autumn  Daniel's friend = Frank  ;;Erin's enemy = Frank     Erin's friend = Brooke   ;;Frank's enemy = Erin     Frank's friend = Daniel  
4,L,SemanticApproach.EXTENSIONAL,Representation.ENGLISH,0_L_pef1,"Imagine there are six people: Autumn, Brooke, Chad, Daniel, Erin and Frank. They have the following relationships to each other:;;;;",;;Here is how to figure out the answer to the following question:;;Who is Chad's enemy's friend?;;;;Here are the steps to arrive at the answer:;;1. Chad's enemy = Brooke;;2. Brooke's friend = Chad;;;;So the answer is Chad;;;;Now answer the following question:;;Who is Brooke's friend's enemy's parent?,Brooke's friend's enemy's parent,Brooke,Autumn;;Brooke;;Chad;;Daniel;;Erin;;Frank,Autumn's enemy = Daniel  Autumn's friend = Chad   Daniel's parent = Chad   Autumn's child = Erin   ;;Brooke's enemy = Chad    Brooke's friend = Erin   Erin's parent = Autumn   Brooke's child = Frank  ;;Chad's enemy = Brooke    Chad's friend = Autumn   Frank's parent = Brooke  Chad's child = Daniel   ;;Daniel's enemy = Autumn  Daniel's friend = Frank  ;;Erin's enemy = Frank     Erin's friend = Brooke   ;;Frank's enemy = Erin     Frank's friend = Daniel  
4,L,SemanticApproach.EXTENSIONAL,Representation.ENGLISH,0_L_cfp0,"Imagine there are six people: Autumn, Brooke, Chad, Daniel, Erin and Frank. They have the following relationships to each other:;;;;",;;Here is how to figure out the answer to the following question:;;Who is Chad's enemy's friend?;;;;Here are the steps to arrive at the answer:;;1. Chad's enemy = Brooke;;2. Brooke's friend = Chad;;;;So the answer is Chad;;;;Now answer the following question:;;Who is Daniel's parent's friend's child?,Daniel's parent's friend's child,Erin,Autumn;;Brooke;;Chad;;Daniel;;Erin;;Frank,Autumn's enemy = Daniel  Autumn's friend = Chad   Daniel's parent = Chad   Autumn's child = Erin   ;;Brooke's enemy = Chad    Brooke's friend = Erin   Erin's parent = Autumn   Brooke's child = Frank  ;;Chad's enemy = Brooke    Chad's friend = Autumn   Frank's parent = Brooke  Chad's child = Daniel   ;;Daniel's enemy = Autumn  Daniel's friend = Frank  ;;Erin's enemy = Frank     Erin's friend = Brooke   ;;Frank's enemy = Erin     Frank's friend = Daniel  
4,L,SemanticApproach.EXTENSIONAL,Representation.ENGLISH,0_L_eee4,"Imagine there are six people: Autumn, Brooke, Chad, Daniel, Erin and Frank. They have the following relationships to each other:;;;;",;;Here is how to figure out the answer to the following question:;;Who is Chad's enemy's friend?;;;;Here are the steps to arrive at the answer:;;1. Chad's enemy = Brooke;;2. Brooke's friend = Chad;;;;So the answer is Chad;;;;Now answer the following question:;;Who is Erin's enemy's enemy's enemy?,Erin's enemy's enemy's enemy,Frank,Autumn;;Brooke;;Chad;;Daniel;;Erin;;Frank,Autumn's enemy = Daniel  Autumn's friend = Chad   Daniel's parent = Chad   Autumn's child = Erin   ;;Brooke's enemy = Chad    Brooke's friend = Erin   Erin's parent = Autumn   Brooke's child = Frank  ;;Chad's enemy = Brooke    Chad's friend = Autumn   Frank's parent = Brooke  Chad's child = Daniel   ;;Daniel's enemy = Autumn  Daniel's friend = Frank  ;;Erin's enemy = Frank     Erin's friend = Brooke   ;;Frank's enemy = Erin     Frank's friend = Daniel  
4,L,SemanticApproach.EXTENSIONAL,Representation.ENGLISH,0_L_pee2,"Imagine there are six people: Autumn, Brooke, Chad, Daniel, Erin and Frank. They have the following relationships to each other:;;;;",;;Here is how to figure out the answer to the following question:;;Who is Chad's enemy's friend?;;;;Here are the steps to arrive at the answer:;;1. Chad's enemy = Brooke;;2. Brooke's friend = Chad;;;;So the answer is Chad;;;;Now answer the following question:;;Who is Frank's enemy's enemy's parent?,Frank's enemy's enemy's parent,Brooke,Autumn;;Brooke;;Chad;;Daniel;;Erin;;Frank,Autumn's enemy = Daniel  Autumn's friend = Chad   Daniel's parent = Chad   Autumn's child = Erin   ;;Brooke's enemy = Chad    Brooke's friend = Erin   Erin's parent = Autumn   Brooke's child = Frank  ;;Chad's enemy = Brooke    Chad's friend = Autumn   Frank's parent = Brooke  Chad's child = Daniel   ;;Daniel's enemy = Autumn  Daniel's friend = Frank  ;;Erin's enemy = Frank     Erin's friend = Brooke   ;;Frank's enemy = Erin     Frank's friend = Daniel  
4,L,SemanticApproach.EXTENSIONAL,Representation.ENGLISH,0_L_cpc3,"Imagine there are six people: Autumn, Brooke, Chad, Daniel, Erin and Frank. They have the following relationships to each other:;;;;",;;Here is how to figure out the answer to the following question:;;Who is Chad's enemy's friend?;;;;Here are the steps to arrive at the answer:;;1. Chad's enemy = Brooke;;2. Brooke's friend = Chad;;;;So the answer is Chad;;;;Now answer the following question:;;Who is Chad's child's parent's child?,Chad's child's parent's child,Daniel,Autumn;;Brooke;;Chad;;Daniel;;Erin;;Frank,Autumn's enemy = Daniel  Autumn's friend = Chad   Daniel's parent = Chad   Autumn's child = Erin   ;;Brooke's enemy = Chad    Brooke's friend = Erin   Erin's parent = Autumn   Brooke's child = Frank  ;;Chad's enemy = Brooke    Chad's friend = Autumn   Frank's parent = Brooke  Chad's child = Daniel   ;;Daniel's enemy = Autumn  Daniel's friend = Frank  ;;Erin's enemy = Frank     Erin's friend = Brooke   ;;Frank's enemy = Erin     Frank's friend = Daniel  
4,L,SemanticApproach.EXTENSIONAL,Representation.ENGLISH,0_L_pee0,"Imagine there are six people: Autumn, Brooke, Chad, Daniel, Erin and Frank. They have the following relationships to each other:;;;;",;;Here is how to figure out the answer to the following question:;;Who is Chad's enemy's friend?;;;;Here are the steps to arrive at the answer:;;1. Chad's enemy = Brooke;;2. Brooke's friend = Chad;;;;So the answer is Chad;;;;Now answer the following question:;;Who is Daniel's enemy's enemy's parent?,Daniel's enemy's enemy's parent,Chad,Autumn;;Brooke;;Chad;;Daniel;;Erin;;Frank,Autumn's enemy = Daniel  Autumn's friend = Chad   Daniel's parent = Chad   Autumn's child = Erin   ;;Brooke's enemy = Chad    Brooke's friend = Erin   Erin's parent = Autumn   Brooke's child = Frank  ;;Chad's enemy = Brooke    Chad's friend = Autumn   Frank's parent = Brooke  Chad's child = Daniel   ;;Daniel's enemy = Autumn  Daniel's friend = Frank  ;;Erin's enemy = Frank     Erin's friend = Brooke   ;;Frank's enemy = Erin     Frank's friend = Daniel  
4,L,SemanticApproach.EXTENSIONAL,Representation.ENGLISH,0_L_efc3,"Imagine there are six people: Autumn, Brooke, Chad, Daniel, Erin and Frank. They have the following relationships to each other:;;;;",;;Here is how to figure out the answer to the following question:;;Who is Chad's enemy's friend?;;;;Here are the steps to arrive at the answer:;;1. Chad's enemy = Brooke;;2. Brooke's friend = Chad;;;;So the answer is Chad;;;;Now answer the following question:;;Who is Chad's child's friend's enemy?,Chad's child's friend's enemy,Erin,Autumn;;Brooke;;Chad;;Daniel;;Erin;;Frank,Autumn's enemy = Daniel  Autumn's friend = Chad   Daniel's parent = Chad   Autumn's child = Erin   ;;Brooke's enemy = Chad    Brooke's friend = Erin   Erin's parent = Autumn   Brooke's child = Frank  ;;Chad's enemy = Brooke    Chad's friend = Autumn   Frank's parent = Brooke  Chad's child = Daniel   ;;Daniel's enemy = Autumn  Daniel's friend = Frank  ;;Erin's enemy = Frank     Erin's friend = Brooke   ;;Frank's enemy = Erin     Frank's friend = Daniel  
4,L,SemanticApproach.EXTENSIONAL,Representation.ENGLISH,0_L_epf1,"Imagine there are six people: Autumn, Brooke, Chad, Daniel, Erin and Frank. They have the following relationships to each other:;;;;",;;Here is how to figure out the answer to the following question:;;Who is Chad's enemy's friend?;;;;Here are the steps to arrive at the answer:;;1. Chad's enemy = Brooke;;2. Brooke's friend = Chad;;;;So the answer is Chad;;;;Now answer the following question:;;Who is Brooke's friend's parent's enemy?,Brooke's friend's parent's enemy,Daniel,Autumn;;Brooke;;Chad;;Daniel;;Erin;;Frank,Autumn's enemy = Daniel  Autumn's friend = Chad   Daniel's parent = Chad   Autumn's child = Erin   ;;Brooke's enemy = Chad    Brooke's friend = Erin   Erin's parent = Autumn   Brooke's child = Frank  ;;Chad's enemy = Brooke    Chad's friend = Autumn   Frank's parent = Brooke  Chad's child = Daniel   ;;Daniel's enemy = Autumn  Daniel's friend = Frank  ;;Erin's enemy = Frank     Erin's friend = Brooke   ;;Frank's enemy = Erin     Frank's friend = Daniel  
4,L,SemanticApproach.EXTENSIONAL,Representation.ENGLISH,0_L_efe5,"Imagine there are six people: Autumn, Brooke, Chad, Daniel, Erin and Frank. They have the following relationships to each other:;;;;",;;Here is how to figure out the answer to the following question:;;Who is Chad's enemy's friend?;;;;Here are the steps to arrive at the answer:;;1. Chad's enemy = Brooke;;2. Brooke's friend = Chad;;;;So the answer is Chad;;;;Now answer the following question:;;Who is Autumn's enemy's friend's enemy?,Autumn's enemy's friend's enemy,Erin,Autumn;;Brooke;;Chad;;Daniel;;Erin;;Frank,Autumn's enemy = Daniel  Autumn's friend = Chad   Daniel's parent = Chad   Autumn's child = Erin   ;;Brooke's enemy = Chad    Brooke's friend = Erin   Erin's parent = Autumn   Brooke's child = Frank  ;;Chad's enemy = Brooke    Chad's friend = Autumn   Frank's parent = Brooke  Chad's child = Daniel   ;;Daniel's enemy = Autumn  Daniel's friend = Frank  ;;Erin's enemy = Frank     Erin's friend = Brooke   ;;Frank's enemy = Erin     Frank's friend = Daniel  
4,L,SemanticApproach.EXTENSIONAL,Representation.ENGLISH,0_L_fec5,"Imagine there are six people: Autumn, Brooke, Chad, Daniel, Erin and Frank. They have the following relationships to each other:;;;;",;;Here is how to figure out the answer to the following question:;;Who is Chad's enemy's friend?;;;;Here are the steps to arrive at the answer:;;1. Chad's enemy = Brooke;;2. Brooke's friend = Chad;;;;So the answer is Chad;;;;Now answer the following question:;;Who is Autumn's child's enemy's friend?,Autumn's child's enemy's friend,Daniel,Autumn;;Brooke;;Chad;;Daniel;;Erin;;Frank,Autumn's enemy = Daniel  Autumn's friend = Chad   Daniel's parent = Chad   Autumn's child = Erin   ;;Brooke's enemy = Chad    Brooke's friend = Erin   Erin's parent = Autumn   Brooke's child = Frank  ;;Chad's enemy = Brooke    Chad's friend = Autumn   Frank's parent = Brooke  Chad's child = Daniel   ;;Daniel's enemy = Autumn  Daniel's friend = Frank  ;;Erin's enemy = Frank     Erin's friend = Brooke   ;;Frank's enemy = Erin     Frank's friend = Daniel  
4,L,SemanticApproach.EXTENSIONAL,Representation.ENGLISH,0_L_ffe5,"Imagine there are six people: Autumn, Brooke, Chad, Daniel, Erin and Frank. They have the following relationships to each other:;;;;",;;Here is how to figure out the answer to the following question:;;Who is Chad's enemy's friend?;;;;Here are the steps to arrive at the answer:;;1. Chad's enemy = Brooke;;2. Brooke's friend = Chad;;;;So the answer is Chad;;;;Now answer the following question:;;Who is Autumn's enemy's friend's friend?,Autumn's enemy's friend's friend,Daniel,Autumn;;Brooke;;Chad;;Daniel;;Erin;;Frank,Autumn's enemy = Daniel  Autumn's friend = Chad   Daniel's parent = Chad   Autumn's child = Erin   ;;Brooke's enemy = Chad    Brooke's friend = Erin   Erin's parent = Autumn   Brooke's child = Frank  ;;Chad's enemy = Brooke    Chad's friend = Autumn   Frank's parent = Brooke  Chad's child = Daniel   ;;Daniel's enemy = Autumn  Daniel's friend = Frank  ;;Erin's enemy = Frank     Erin's friend = Brooke   ;;Frank's enemy = Erin     Frank's friend = Daniel  
4,L,SemanticApproach.EXTENSIONAL,Representation.ENGLISH,0_L_pce1,"Imagine there are six people: Autumn, Brooke, Chad, Daniel, Erin and Frank. They have the following relationships to each other:;;;;",;;Here is how to figure out the answer to the following question:;;Who is Chad's enemy's friend?;;;;Here are the steps to arrive at the answer:;;1. Chad's enemy = Brooke;;2. Brooke's friend = Chad;;;;So the answer is Chad;;;;Now answer the following question:;;Who is Brooke's enemy's child's parent?,Brooke's enemy's child's parent,Chad,Autumn;;Brooke;;Chad;;Daniel;;Erin;;Frank,Autumn's enemy = Daniel  Autumn's friend = Chad   Daniel's parent = Chad   Autumn's child = Erin   ;;Brooke's enemy = Chad    Brooke's friend = Erin   Erin's parent = Autumn   Brooke's child = Frank  ;;Chad's enemy = Brooke    Chad's friend = Autumn   Frank's parent = Brooke  Chad's child = Daniel   ;;Daniel's enemy = Autumn  Daniel's friend = Frank  ;;Erin's enemy = Frank     Erin's friend = Brooke   ;;Frank's enemy = Erin     Frank's friend = Daniel  
4,L,SemanticApproach.EXTENSIONAL,Representation.ENGLISH,0_L_ffc5,"Imagine there are six people: Autumn, Brooke, Chad, Daniel, Erin and Frank. They have the following relationships to each other:;;;;",;;Here is how to figure out the answer to the following question:;;Who is Chad's enemy's friend?;;;;Here are the steps to arrive at the answer:;;1. Chad's enemy = Brooke;;2. Brooke's friend = Chad;;;;So the answer is Chad;;;;Now answer the following question:;;Who is Autumn's child's friend's friend?,Autumn's child's friend's friend,Erin,Autumn;;Brooke;;Chad;;Daniel;;Erin;;Frank,Autumn's enemy = Daniel  Autumn's friend = Chad   Daniel's parent = Chad   Autumn's child = Erin   ;;Brooke's enemy = Chad    Brooke's friend = Erin   Erin's parent = Autumn   Brooke's child = Frank  ;;Chad's enemy = Brooke    Chad's friend = Autumn   Frank's parent = Brooke  Chad's child = Daniel   ;;Daniel's enemy = Autumn  Daniel's friend = Frank  ;;Erin's enemy = Frank     Erin's friend = Brooke   ;;Frank's enemy = Erin     Frank's friend = Daniel  
4,L,SemanticApproach.EXTENSIONAL,Representation.ENGLISH,0_L_cff1,"Imagine there are six people: Autumn, Brooke, Chad, Daniel, Erin and Frank. They have the following relationships to each other:;;;;",;;Here is how to figure out the answer to the following question:;;Who is Chad's enemy's friend?;;;;Here are the steps to arrive at the answer:;;1. Chad's enemy = Brooke;;2. Brooke's friend = Chad;;;;So the answer is Chad;;;;Now answer the following question:;;Who is Brooke's friend's friend's child?,Brooke's friend's friend's child,Frank,Autumn;;Brooke;;Chad;;Daniel;;Erin;;Frank,Autumn's enemy = Daniel  Autumn's friend = Chad   Daniel's parent = Chad   Autumn's child = Erin   ;;Brooke's enemy = Chad    Brooke's friend = Erin   Erin's parent = Autumn   Brooke's child = Frank  ;;Chad's enemy = Brooke    Chad's friend = Autumn   Frank's parent = Brooke  Chad's child = Daniel   ;;Daniel's enemy = Autumn  Daniel's friend = Frank  ;;Erin's enemy = Frank     Erin's friend = Brooke   ;;Frank's enemy = Erin     Frank's friend = Daniel  
4,L,SemanticApproach.EXTENSIONAL,Representation.ENGLISH,0_L_epc1,"Imagine there are six people: Autumn, Brooke, Chad, Daniel, Erin and Frank. They have the following relationships to each other:;;;;",;;Here is how to figure out the answer to the following question:;;Who is Chad's enemy's friend?;;;;Here are the steps to arrive at the answer:;;1. Chad's enemy = Brooke;;2. Brooke's friend = Chad;;;;So the answer is Chad;;;;Now answer the following question:;;Who is Brooke's child's parent's enemy?,Brooke's child's parent's enemy,Chad,Autumn;;Brooke;;Chad;;Daniel;;Erin;;Frank,Autumn's enemy = Daniel  Autumn's friend = Chad   Daniel's parent = Chad   Autumn's child = Erin   ;;Brooke's enemy = Chad    Brooke's friend = Erin   Erin's parent = Autumn   Brooke's child = Frank  ;;Chad's enemy = Brooke    Chad's friend = Autumn   Frank's parent = Brooke  Chad's child = Daniel   ;;Daniel's enemy = Autumn  Daniel's friend = Frank  ;;Erin's enemy = Frank     Erin's friend = Brooke   ;;Frank's enemy = Erin     Frank's friend = Daniel  
4,L,SemanticApproach.EXTENSIONAL,Representation.ENGLISH,0_L_pcf3,"Imagine there are six people: Autumn, Brooke, Chad, Daniel, Erin and Frank. They have the following relationships to each other:;;;;",;;Here is how to figure out the answer to the following question:;;Who is Chad's enemy's friend?;;;;Here are the steps to arrive at the answer:;;1. Chad's enemy = Brooke;;2. Brooke's friend = Chad;;;;So the answer is Chad;;;;Now answer the following question:;;Who is Chad's friend's child's parent?,Chad's friend's child's parent,Autumn,Autumn;;Brooke;;Chad;;Daniel;;Erin;;Frank,Autumn's enemy = Daniel  Autumn's friend = Chad   Daniel's parent = Chad   Autumn's child = Erin   ;;Brooke's enemy = Chad    Brooke's friend = Erin   Erin's parent = Autumn   Brooke's child = Frank  ;;Chad's enemy = Brooke    Chad's friend = Autumn   Frank's parent = Brooke  Chad's child = Daniel   ;;Daniel's enemy = Autumn  Daniel's friend = Frank  ;;Erin's enemy = Frank     Erin's friend = Brooke   ;;Frank's enemy = Erin     Frank's friend = Daniel  
4,L,SemanticApproach.EXTENSIONAL,Representation.ENGLISH,0_L_pff0,"Imagine there are six people: Autumn, Brooke, Chad, Daniel, Erin and Frank. They have the following relationships to each other:;;;;",;;Here is how to figure out the answer to the following question:;;Who is Chad's enemy's friend?;;;;Here are the steps to arrive at the answer:;;1. Chad's enemy = Brooke;;2. Brooke's friend = Chad;;;;So the answer is Chad;;;;Now answer the following question:;;Who is Daniel's friend's friend's parent?,Daniel's friend's friend's parent,Chad,Autumn;;Brooke;;Chad;;Daniel;;Erin;;Frank,Autumn's enemy = Daniel  Autumn's friend = Chad   Daniel's parent = Chad   Autumn's child = Erin   ;;Brooke's enemy = Chad    Brooke's friend = Erin   Erin's parent = Autumn   Brooke's child = Frank  ;;Chad's enemy = Brooke    Chad's friend = Autumn   Frank's parent = Brooke  Chad's child = Daniel   ;;Daniel's enemy = Autumn  Daniel's friend = Frank  ;;Erin's enemy = Frank     Erin's friend = Brooke   ;;Frank's enemy = Erin     Frank's friend = Daniel  
4,L,SemanticApproach.EXTENSIONAL,Representation.ENGLISH,0_L_eef1,"Imagine there are six people: Autumn, Brooke, Chad, Daniel, Erin and Frank. They have the following relationships to each other:;;;;",;;Here is how to figure out the answer to the following question:;;Who is Chad's enemy's friend?;;;;Here are the steps to arrive at the answer:;;1. Chad's enemy = Brooke;;2. Brooke's friend = Chad;;;;So the answer is Chad;;;;Now answer the following question:;;Who is Brooke's friend's enemy's enemy?,Brooke's friend's enemy's enemy,Erin,Autumn;;Brooke;;Chad;;Daniel;;Erin;;Frank,Autumn's enemy = Daniel  Autumn's friend = Chad   Daniel's parent = Chad   Autumn's child = Erin   ;;Brooke's enemy = Chad    Brooke's friend = Erin   Erin's parent = Autumn   Brooke's child = Frank  ;;Chad's enemy = Brooke    Chad's friend = Autumn   Frank's parent = Brooke  Chad's child = Daniel   ;;Daniel's enemy = Autumn  Daniel's friend = Frank  ;;Erin's enemy = Frank     Erin's friend = Brooke   ;;Frank's enemy = Erin     Frank's friend = Daniel  
4,L,SemanticApproach.EXTENSIONAL,Representation.ENGLISH,0_L_eep4,"Imagine there are six people: Autumn, Brooke, Chad, Daniel, Erin and Frank. They have the following relationships to each other:;;;;",;;Here is how to figure out the answer to the following question:;;Who is Chad's enemy's friend?;;;;Here are the steps to arrive at the answer:;;1. Chad's enemy = Brooke;;2. Brooke's friend = Chad;;;;So the answer is Chad;;;;Now answer the following question:;;Who is Erin's parent's enemy's enemy?,Erin's parent's enemy's enemy,Autumn,Autumn;;Brooke;;Chad;;Daniel;;Erin;;Frank,Autumn's enemy = Daniel  Autumn's friend = Chad   Daniel's parent = Chad   Autumn's child = Erin   ;;Brooke's enemy = Chad    Brooke's friend = Erin   Erin's parent = Autumn   Brooke's child = Frank  ;;Chad's enemy = Brooke    Chad's friend = Autumn   Frank's parent = Brooke  Chad's child = Daniel   ;;Daniel's enemy = Autumn  Daniel's friend = Frank  ;;Erin's enemy = Frank     Erin's friend = Brooke   ;;Frank's enemy = Erin     Frank's friend = Daniel  
5,L,SemanticApproach.EXTENSIONAL,Representation.ENGLISH,0_L_fepe2,"Imagine there are six people: Autumn, Brooke, Chad, Daniel, Erin and Frank. They have the following relationships to each other:;;;;",;;Here is how to figure out the answer to the following question:;;Who is Chad's enemy's friend?;;;;Here are the steps to arrive at the answer:;;1. Chad's enemy = Brooke;;2. Brooke's friend = Chad;;;;So the answer is Chad;;;;Now answer the following question:;;Who is Frank's enemy's parent's enemy's friend?,Frank's enemy's parent's enemy's friend,Frank,Autumn;;Brooke;;Chad;;Daniel;;Erin;;Frank,Autumn's enemy = Daniel  Autumn's friend = Chad   Daniel's parent = Chad   Autumn's child = Erin   ;;Brooke's enemy = Chad    Brooke's friend = Erin   Erin's parent = Autumn   Brooke's child = Frank  ;;Chad's enemy = Brooke    Chad's friend = Autumn   Frank's parent = Brooke  Chad's child = Daniel   ;;Daniel's enemy = Autumn  Daniel's friend = Frank  ;;Erin's enemy = Frank     Erin's friend = Brooke   ;;Frank's enemy = Erin     Frank's friend = Daniel  
5,L,SemanticApproach.EXTENSIONAL,Representation.ENGLISH,0_L_epec5,"Imagine there are six people: Autumn, Brooke, Chad, Daniel, Erin and Frank. They have the following relationships to each other:;;;;",;;Here is how to figure out the answer to the following question:;;Who is Chad's enemy's friend?;;;;Here are the steps to arrive at the answer:;;1. Chad's enemy = Brooke;;2. Brooke's friend = Chad;;;;So the answer is Chad;;;;Now answer the following question:;;Who is Autumn's child's enemy's parent's enemy?,Autumn's child's enemy's parent's enemy,Chad,Autumn;;Brooke;;Chad;;Daniel;;Erin;;Frank,Autumn's enemy = Daniel  Autumn's friend = Chad   Daniel's parent = Chad   Autumn's child = Erin   ;;Brooke's enemy = Chad    Brooke's friend = Erin   Erin's parent = Autumn   Brooke's child = Frank  ;;Chad's enemy = Brooke    Chad's friend = Autumn   Frank's parent = Brooke  Chad's child = Daniel   ;;Daniel's enemy = Autumn  Daniel's friend = Frank  ;;Erin's enemy = Frank     Erin's friend = Brooke   ;;Frank's enemy = Erin     Frank's friend = Daniel  
5,L,SemanticApproach.EXTENSIONAL,Representation.ENGLISH,0_L_peff2,"Imagine there are six people: Autumn, Brooke, Chad, Daniel, Erin and Frank. They have the following relationships to each other:;;;;",;;Here is how to figure out the answer to the following question:;;Who is Chad's enemy's friend?;;;;Here are the steps to arrive at the answer:;;1. Chad's enemy = Brooke;;2. Brooke's friend = Chad;;;;So the answer is Chad;;;;Now answer the following question:;;Who is Frank's friend's friend's enemy's parent?,Frank's friend's friend's enemy's parent,Autumn,Autumn;;Brooke;;Chad;;Daniel;;Erin;;Frank,Autumn's enemy = Daniel  Autumn's friend = Chad   Daniel's parent = Chad   Autumn's child = Erin   ;;Brooke's enemy = Chad    Brooke's friend = Erin   Erin's parent = Autumn   Brooke's child = Frank  ;;Chad's enemy = Brooke    Chad's friend = Autumn   Frank's parent = Brooke  Chad's child = Daniel   ;;Daniel's enemy = Autumn  Daniel's friend = Frank  ;;Erin's enemy = Frank     Erin's friend = Brooke   ;;Frank's enemy = Erin     Frank's friend = Daniel  
5,L,SemanticApproach.EXTENSIONAL,Representation.ENGLISH,0_L_fcec3,"Imagine there are six people: Autumn, Brooke, Chad, Daniel, Erin and Frank. They have the following relationships to each other:;;;;",;;Here is how to figure out the answer to the following question:;;Who is Chad's enemy's friend?;;;;Here are the steps to arrive at the answer:;;1. Chad's enemy = Brooke;;2. Brooke's friend = Chad;;;;So the answer is Chad;;;;Now answer the following question:;;Who is Chad's child's enemy's child's friend?,Chad's child's enemy's child's friend,Brooke,Autumn;;Brooke;;Chad;;Daniel;;Erin;;Frank,Autumn's enemy = Daniel  Autumn's friend = Chad   Daniel's parent = Chad   Autumn's child = Erin   ;;Brooke's enemy = Chad    Brooke's friend = Erin   Erin's parent = Autumn   Brooke's child = Frank  ;;Chad's enemy = Brooke    Chad's friend = Autumn   Frank's parent = Brooke  Chad's child = Daniel   ;;Daniel's enemy = Autumn  Daniel's friend = Frank  ;;Erin's enemy = Frank     Erin's friend = Brooke   ;;Frank's enemy = Erin     Frank's friend = Daniel  
5,L,SemanticApproach.EXTENSIONAL,Representation.ENGLISH,0_L_pcee5,"Imagine there are six people: Autumn, Brooke, Chad, Daniel, Erin and Frank. They have the following relationships to each other:;;;;",;;Here is how to figure out the answer to the following question:;;Who is Chad's enemy's friend?;;;;Here are the steps to arrive at the answer:;;1. Chad's enemy = Brooke;;2. Brooke's friend = Chad;;;;So the answer is Chad;;;;Now answer the following question:;;Who is Autumn's enemy's enemy's child's parent?,Autumn's enemy's enemy's child's parent,Autumn,Autumn;;Brooke;;Chad;;Daniel;;Erin;;Frank,Autumn's enemy = Daniel  Autumn's friend = Chad   Daniel's parent = Chad   Autumn's child = Erin   ;;Brooke's enemy = Chad    Brooke's friend = Erin   Erin's parent = Autumn   Brooke's child = Frank  ;;Chad's enemy = Brooke    Chad's friend = Autumn   Frank's parent = Brooke  Chad's child = Daniel   ;;Daniel's enemy = Autumn  Daniel's friend = Frank  ;;Erin's enemy = Frank     Erin's friend = Brooke   ;;Frank's enemy = Erin     Frank's friend = Daniel  
5,L,SemanticApproach.EXTENSIONAL,Representation.ENGLISH,0_L_efpc3,"Imagine there are six people: Autumn, Brooke, Chad, Daniel, Erin and Frank. They have the following relationships to each other:;;;;",;;Here is how to figure out the answer to the following question:;;Who is Chad's enemy's friend?;;;;Here are the steps to arrive at the answer:;;1. Chad's enemy = Brooke;;2. Brooke's friend = Chad;;;;So the answer is Chad;;;;Now answer the following question:;;Who is Chad's child's parent's friend's enemy?,Chad's child's parent's friend's enemy,Daniel,Autumn;;Brooke;;Chad;;Daniel;;Erin;;Frank,Autumn's enemy = Daniel  Autumn's friend = Chad   Daniel's parent = Chad   Autumn's child = Erin   ;;Brooke's enemy = Chad    Brooke's friend = Erin   Erin's parent = Autumn   Brooke's child = Frank  ;;Chad's enemy = Brooke    Chad's friend = Autumn   Frank's parent = Brooke  Chad's child = Daniel   ;;Daniel's enemy = Autumn  Daniel's friend = Frank  ;;Erin's enemy = Frank     Erin's friend = Brooke   ;;Frank's enemy = Erin     Frank's friend = Daniel  
5,L,SemanticApproach.EXTENSIONAL,Representation.ENGLISH,0_L_fffp2,"Imagine there are six people: Autumn, Brooke, Chad, Daniel, Erin and Frank. They have the following relationships to each other:;;;;",;;Here is how to figure out the answer to the following question:;;Who is Chad's enemy's friend?;;;;Here are the steps to arrive at the answer:;;1. Chad's enemy = Brooke;;2. Brooke's friend = Chad;;;;So the answer is Chad;;;;Now answer the following question:;;Who is Frank's parent's friend's friend's friend?,Frank's parent's friend's friend's friend,Erin,Autumn;;Brooke;;Chad;;Daniel;;Erin;;Frank,Autumn's enemy = Daniel  Autumn's friend = Chad   Daniel's parent = Chad   Autumn's child = Erin   ;;Brooke's enemy = Chad    Brooke's friend = Erin   Erin's parent = Autumn   Brooke's child = Frank  ;;Chad's enemy = Brooke    Chad's friend = Autumn   Frank's parent = Brooke  Chad's child = Daniel   ;;Daniel's enemy = Autumn  Daniel's friend = Frank  ;;Erin's enemy = Frank     Erin's friend = Brooke   ;;Frank's enemy = Erin     Frank's friend = Daniel  
5,L,SemanticApproach.EXTENSIONAL,Representation.ENGLISH,0_L_effc5,"Imagine there are six people: Autumn, Brooke, Chad, Daniel, Erin and Frank. They have the following relationships to each other:;;;;",;;Here is how to figure out the answer to the following question:;;Who is Chad's enemy's friend?;;;;Here are the steps to arrive at the answer:;;1. Chad's enemy = Brooke;;2. Brooke's friend = Chad;;;;So the answer is Chad;;;;Now answer the following question:;;Who is Autumn's child's friend's friend's enemy?,Autumn's child's friend's friend's enemy,Frank,Autumn;;Brooke;;Chad;;Daniel;;Erin;;Frank,Autumn's enemy = Daniel  Autumn's friend = Chad   Daniel's parent = Chad   Autumn's child = Erin   ;;Brooke's enemy = Chad    Brooke's friend = Erin   Erin's parent = Autumn   Brooke's child = Frank  ;;Chad's enemy = Brooke    Chad's friend = Autumn   Frank's parent = Brooke  Chad's child = Daniel   ;;Daniel's enemy = Autumn  Daniel's friend = Frank  ;;Erin's enemy = Frank     Erin's friend = Brooke   ;;Frank's enemy = Erin     Frank's friend = Daniel  
5,L,SemanticApproach.EXTENSIONAL,Representation.ENGLISH,0_L_feee5,"Imagine there are six people: Autumn, Brooke, Chad, Daniel, Erin and Frank. They have the following relationships to each other:;;;;",;;Here is how to figure out the answer to the following question:;;Who is Chad's enemy's friend?;;;;Here are the steps to arrive at the answer:;;1. Chad's enemy = Brooke;;2. Brooke's friend = Chad;;;;So the answer is Chad;;;;Now answer the following question:;;Who is Autumn's enemy's enemy's enemy's friend?,Autumn's enemy's enemy's enemy's friend,Frank,Autumn;;Brooke;;Chad;;Daniel;;Erin;;Frank,Autumn's enemy = Daniel  Autumn's friend = Chad   Daniel's parent = Chad   Autumn's child = Erin   ;;Brooke's enemy = Chad    Brooke's friend = Erin   Erin's parent = Autumn   Brooke's child = Frank  ;;Chad's enemy = Brooke    Chad's friend = Autumn   Frank's parent = Brooke  Chad's child = Daniel   ;;Daniel's enemy = Autumn  Daniel's friend = Frank  ;;Erin's enemy = Frank     Erin's friend = Brooke   ;;Frank's enemy = Erin     Frank's friend = Daniel  
5,L,SemanticApproach.EXTENSIONAL,Representation.ENGLISH,0_L_cece1,"Imagine there are six people: Autumn, Brooke, Chad, Daniel, Erin and Frank. They have the following relationships to each other:;;;;",;;Here is how to figure out the answer to the following question:;;Who is Chad's enemy's friend?;;;;Here are the steps to arrive at the answer:;;1. Chad's enemy = Brooke;;2. Brooke's friend = Chad;;;;So the answer is Chad;;;;Now answer the following question:;;Who is Brooke's enemy's child's enemy's child?,Brooke's enemy's child's enemy's child,Erin,Autumn;;Brooke;;Chad;;Daniel;;Erin;;Frank,Autumn's enemy = Daniel  Autumn's friend = Chad   Daniel's parent = Chad   Autumn's child = Erin   ;;Brooke's enemy = Chad    Brooke's friend = Erin   Erin's parent = Autumn   Brooke's child = Frank  ;;Chad's enemy = Brooke    Chad's friend = Autumn   Frank's parent = Brooke  Chad's child = Daniel   ;;Daniel's enemy = Autumn  Daniel's friend = Frank  ;;Erin's enemy = Frank     Erin's friend = Brooke   ;;Frank's enemy = Erin     Frank's friend = Daniel  
5,L,SemanticApproach.EXTENSIONAL,Representation.ENGLISH,0_L_cpep4,"Imagine there are six people: Autumn, Brooke, Chad, Daniel, Erin and Frank. They have the following relationships to each other:;;;;",;;Here is how to figure out the answer to the following question:;;Who is Chad's enemy's friend?;;;;Here are the steps to arrive at the answer:;;1. Chad's enemy = Brooke;;2. Brooke's friend = Chad;;;;So the answer is Chad;;;;Now answer the following question:;;Who is Erin's parent's enemy's parent's child?,Erin's parent's enemy's parent's child,Daniel,Autumn;;Brooke;;Chad;;Daniel;;Erin;;Frank,Autumn's enemy = Daniel  Autumn's friend = Chad   Daniel's parent = Chad   Autumn's child = Erin   ;;Brooke's enemy = Chad    Brooke's friend = Erin   Erin's parent = Autumn   Brooke's child = Frank  ;;Chad's enemy = Brooke    Chad's friend = Autumn   Frank's parent = Brooke  Chad's child = Daniel   ;;Daniel's enemy = Autumn  Daniel's friend = Frank  ;;Erin's enemy = Frank     Erin's friend = Brooke   ;;Frank's enemy = Erin     Frank's friend = Daniel  
5,L,SemanticApproach.EXTENSIONAL,Representation.ENGLISH,0_L_pfcp0,"Imagine there are six people: Autumn, Brooke, Chad, Daniel, Erin and Frank. They have the following relationships to each other:;;;;",;;Here is how to figure out the answer to the following question:;;Who is Chad's enemy's friend?;;;;Here are the steps to arrive at the answer:;;1. Chad's enemy = Brooke;;2. Brooke's friend = Chad;;;;So the answer is Chad;;;;Now answer the following question:;;Who is Daniel's parent's child's friend's parent?,Daniel's parent's child's friend's parent,Brooke,Autumn;;Brooke;;Chad;;Daniel;;Erin;;Frank,Autumn's enemy = Daniel  Autumn's friend = Chad   Daniel's parent = Chad   Autumn's child = Erin   ;;Brooke's enemy = Chad    Brooke's friend = Erin   Erin's parent = Autumn   Brooke's child = Frank  ;;Chad's enemy = Brooke    Chad's friend = Autumn   Frank's parent = Brooke  Chad's child = Daniel   ;;Daniel's enemy = Autumn  Daniel's friend = Frank  ;;Erin's enemy = Frank     Erin's friend = Brooke   ;;Frank's enemy = Erin     Frank's friend = Daniel  
5,L,SemanticApproach.EXTENSIONAL,Representation.ENGLISH,0_L_efpf2,"Imagine there are six people: Autumn, Brooke, Chad, Daniel, Erin and Frank. They have the following relationships to each other:;;;;",;;Here is how to figure out the answer to the following question:;;Who is Chad's enemy's friend?;;;;Here are the steps to arrive at the answer:;;1. Chad's enemy = Brooke;;2. Brooke's friend = Chad;;;;So the answer is Chad;;;;Now answer the following question:;;Who is Frank's friend's parent's friend's enemy?,Frank's friend's parent's friend's enemy,Daniel,Autumn;;Brooke;;Chad;;Daniel;;Erin;;Frank,Autumn's enemy = Daniel  Autumn's friend = Chad   Daniel's parent = Chad   Autumn's child = Erin   ;;Brooke's enemy = Chad    Brooke's friend = Erin   Erin's parent = Autumn   Brooke's child = Frank  ;;Chad's enemy = Brooke    Chad's friend = Autumn   Frank's parent = Brooke  Chad's child = Daniel   ;;Daniel's enemy = Autumn  Daniel's friend = Frank  ;;Erin's enemy = Frank     Erin's friend = Brooke   ;;Frank's enemy = Erin     Frank's friend = Daniel  
5,L,SemanticApproach.EXTENSIONAL,Representation.ENGLISH,0_L_ceep4,"Imagine there are six people: Autumn, Brooke, Chad, Daniel, Erin and Frank. They have the following relationships to each other:;;;;",;;Here is how to figure out the answer to the following question:;;Who is Chad's enemy's friend?;;;;Here are the steps to arrive at the answer:;;1. Chad's enemy = Brooke;;2. Brooke's friend = Chad;;;;So the answer is Chad;;;;Now answer the following question:;;Who is Erin's parent's enemy's enemy's child?,Erin's parent's enemy's enemy's child,Erin,Autumn;;Brooke;;Chad;;Daniel;;Erin;;Frank,Autumn's enemy = Daniel  Autumn's friend = Chad   Daniel's parent = Chad   Autumn's child = Erin   ;;Brooke's enemy = Chad    Brooke's friend = Erin   Erin's parent = Autumn   Brooke's child = Frank  ;;Chad's enemy = Brooke    Chad's friend = Autumn   Frank's parent = Brooke  Chad's child = Daniel   ;;Daniel's enemy = Autumn  Daniel's friend = Frank  ;;Erin's enemy = Frank     Erin's friend = Brooke   ;;Frank's enemy = Erin     Frank's friend = Daniel  
5,L,SemanticApproach.EXTENSIONAL,Representation.ENGLISH,0_L_ffpc1,"Imagine there are six people: Autumn, Brooke, Chad, Daniel, Erin and Frank. They have the following relationships to each other:;;;;",;;Here is how to figure out the answer to the following question:;;Who is Chad's enemy's friend?;;;;Here are the steps to arrive at the answer:;;1. Chad's enemy = Brooke;;2. Brooke's friend = Chad;;;;So the answer is Chad;;;;Now answer the following question:;;Who is Brooke's child's parent's friend's friend?,Brooke's child's parent's friend's friend,Brooke,Autumn;;Brooke;;Chad;;Daniel;;Erin;;Frank,Autumn's enemy = Daniel  Autumn's friend = Chad   Daniel's parent = Chad   Autumn's child = Erin   ;;Brooke's enemy = Chad    Brooke's friend = Erin   Erin's parent = Autumn   Brooke's child = Frank  ;;Chad's enemy = Brooke    Chad's friend = Autumn   Frank's parent = Brooke  Chad's child = Daniel   ;;Daniel's enemy = Autumn  Daniel's friend = Frank  ;;Erin's enemy = Frank     Erin's friend = Brooke   ;;Frank's enemy = Erin     Frank's friend = Daniel  
5,L,SemanticApproach.EXTENSIONAL,Representation.ENGLISH,0_L_ffee0,"Imagine there are six people: Autumn, Brooke, Chad, Daniel, Erin and Frank. They have the following relationships to each other:;;;;",;;Here is how to figure out the answer to the following question:;;Who is Chad's enemy's friend?;;;;Here are the steps to arrive at the answer:;;1. Chad's enemy = Brooke;;2. Brooke's friend = Chad;;;;So the answer is Chad;;;;Now answer the following question:;;Who is Daniel's enemy's enemy's friend's friend?,Daniel's enemy's enemy's friend's friend,Daniel,Autumn;;Brooke;;Chad;;Daniel;;Erin;;Frank,Autumn's enemy = Daniel  Autumn's friend = Chad   Daniel's parent = Chad   Autumn's child = Erin   ;;Brooke's enemy = Chad    Brooke's friend = Erin   Erin's parent = Autumn   Brooke's child = Frank  ;;Chad's enemy = Brooke    Chad's friend = Autumn   Frank's parent = Brooke  Chad's child = Daniel   ;;Daniel's enemy = Autumn  Daniel's friend = Frank  ;;Erin's enemy = Frank     Erin's friend = Brooke   ;;Frank's enemy = Erin     Frank's friend = Daniel  
5,L,SemanticApproach.EXTENSIONAL,Representation.ENGLISH,0_L_fpef1,"Imagine there are six people: Autumn, Brooke, Chad, Daniel, Erin and Frank. They have the following relationships to each other:;;;;",;;Here is how to figure out the answer to the following question:;;Who is Chad's enemy's friend?;;;;Here are the steps to arrive at the answer:;;1. Chad's enemy = Brooke;;2. Brooke's friend = Chad;;;;So the answer is Chad;;;;Now answer the following question:;;Who is Brooke's friend's enemy's parent's friend?,Brooke's friend's enemy's parent's friend,Erin,Autumn;;Brooke;;Chad;;Daniel;;Erin;;Frank,Autumn's enemy = Daniel  Autumn's friend = Chad   Daniel's parent = Chad   Autumn's child = Erin   ;;Brooke's enemy = Chad    Brooke's friend = Erin   Erin's parent = Autumn   Brooke's child = Frank  ;;Chad's enemy = Brooke    Chad's friend = Autumn   Frank's parent = Brooke  Chad's child = Daniel   ;;Daniel's enemy = Autumn  Daniel's friend = Frank  ;;Erin's enemy = Frank     Erin's friend = Brooke   ;;Frank's enemy = Erin     Frank's friend = Daniel  
5,L,SemanticApproach.EXTENSIONAL,Representation.ENGLISH,0_L_eeef0,"Imagine there are six people: Autumn, Brooke, Chad, Daniel, Erin and Frank. They have the following relationships to each other:;;;;",;;Here is how to figure out the answer to the following question:;;Who is Chad's enemy's friend?;;;;Here are the steps to arrive at the answer:;;1. Chad's enemy = Brooke;;2. Brooke's friend = Chad;;;;So the answer is Chad;;;;Now answer the following question:;;Who is Daniel's friend's enemy's enemy's enemy?,Daniel's friend's enemy's enemy's enemy,Erin,Autumn;;Brooke;;Chad;;Daniel;;Erin;;Frank,Autumn's enemy = Daniel  Autumn's friend = Chad   Daniel's parent = Chad   Autumn's child = Erin   ;;Brooke's enemy = Chad    Brooke's friend = Erin   Erin's parent = Autumn   Brooke's child = Frank  ;;Chad's enemy = Brooke    Chad's friend = Autumn   Frank's parent = Brooke  Chad's child = Daniel   ;;Daniel's enemy = Autumn  Daniel's friend = Frank  ;;Erin's enemy = Frank     Erin's friend = Brooke   ;;Frank's enemy = Erin     Frank's friend = Daniel  
5,L,SemanticApproach.EXTENSIONAL,Representation.ENGLISH,0_L_peee5,"Imagine there are six people: Autumn, Brooke, Chad, Daniel, Erin and Frank. They have the following relationships to each other:;;;;",;;Here is how to figure out the answer to the following question:;;Who is Chad's enemy's friend?;;;;Here are the steps to arrive at the answer:;;1. Chad's enemy = Brooke;;2. Brooke's friend = Chad;;;;So the answer is Chad;;;;Now answer the following question:;;Who is Autumn's enemy's enemy's enemy's parent?,Autumn's enemy's enemy's enemy's parent,Chad,Autumn;;Brooke;;Chad;;Daniel;;Erin;;Frank,Autumn's enemy = Daniel  Autumn's friend = Chad   Daniel's parent = Chad   Autumn's child = Erin   ;;Brooke's enemy = Chad    Brooke's friend = Erin   Erin's parent = Autumn   Brooke's child = Frank  ;;Chad's enemy = Brooke    Chad's friend = Autumn   Frank's parent = Brooke  Chad's child = Daniel   ;;Daniel's enemy = Autumn  Daniel's friend = Frank  ;;Erin's enemy = Frank     Erin's friend = Brooke   ;;Frank's enemy = Erin     Frank's friend = Daniel  
5,L,SemanticApproach.EXTENSIONAL,Representation.ENGLISH,0_L_eefe5,"Imagine there are six people: Autumn, Brooke, Chad, Daniel, Erin and Frank. They have the following relationships to each other:;;;;",;;Here is how to figure out the answer to the following question:;;Who is Chad's enemy's friend?;;;;Here are the steps to arrive at the answer:;;1. Chad's enemy = Brooke;;2. Brooke's friend = Chad;;;;So the answer is Chad;;;;Now answer the following question:;;Who is Autumn's enemy's friend's enemy's enemy?,Autumn's enemy's friend's enemy's enemy,Frank,Autumn;;Brooke;;Chad;;Daniel;;Erin;;Frank,Autumn's enemy = Daniel  Autumn's friend = Chad   Daniel's parent = Chad   Autumn's child = Erin   ;;Brooke's enemy = Chad    Brooke's friend = Erin   Erin's parent = Autumn   Brooke's child = Frank  ;;Chad's enemy = Brooke    Chad's friend = Autumn   Frank's parent = Brooke  Chad's child = Daniel   ;;Daniel's enemy = Autumn  Daniel's friend = Frank  ;;Erin's enemy = Frank     Erin's friend = Brooke   ;;Frank's enemy = Erin     Frank's friend = Daniel  
5,L,SemanticApproach.EXTENSIONAL,Representation.ENGLISH,0_L_pepc5,"Imagine there are six people: Autumn, Brooke, Chad, Daniel, Erin and Frank. They have the following relationships to each other:;;;;",;;Here is how to figure out the answer to the following question:;;Who is Chad's enemy's friend?;;;;Here are the steps to arrive at the answer:;;1. Chad's enemy = Brooke;;2. Brooke's friend = Chad;;;;So the answer is Chad;;;;Now answer the following question:;;Who is Autumn's child's parent's enemy's parent?,Autumn's child's parent's enemy's parent,Chad,Autumn;;Brooke;;Chad;;Daniel;;Erin;;Frank,Autumn's enemy = Daniel  Autumn's friend = Chad   Daniel's parent = Chad   Autumn's child = Erin   ;;Brooke's enemy = Chad    Brooke's friend = Erin   Erin's parent = Autumn   Brooke's child = Frank  ;;Chad's enemy = Brooke    Chad's friend = Autumn   Frank's parent = Brooke  Chad's child = Daniel   ;;Daniel's enemy = Autumn  Daniel's friend = Frank  ;;Erin's enemy = Frank     Erin's friend = Brooke   ;;Frank's enemy = Erin     Frank's friend = Daniel  
5,L,SemanticApproach.EXTENSIONAL,Representation.ENGLISH,0_L_fecf3,"Imagine there are six people: Autumn, Brooke, Chad, Daniel, Erin and Frank. They have the following relationships to each other:;;;;",;;Here is how to figure out the answer to the following question:;;Who is Chad's enemy's friend?;;;;Here are the steps to arrive at the answer:;;1. Chad's enemy = Brooke;;2. Brooke's friend = Chad;;;;So the answer is Chad;;;;Now answer the following question:;;Who is Chad's friend's child's enemy's friend?,Chad's friend's child's enemy's friend,Daniel,Autumn;;Brooke;;Chad;;Daniel;;Erin;;Frank,Autumn's enemy = Daniel  Autumn's friend = Chad   Daniel's parent = Chad   Autumn's child = Erin   ;;Brooke's enemy = Chad    Brooke's friend = Erin   Erin's parent = Autumn   Brooke's child = Frank  ;;Chad's enemy = Brooke    Chad's friend = Autumn   Frank's parent = Brooke  Chad's child = Daniel   ;;Daniel's enemy = Autumn  Daniel's friend = Frank  ;;Erin's enemy = Frank     Erin's friend = Brooke   ;;Frank's enemy = Erin     Frank's friend = Daniel  
5,L,SemanticApproach.EXTENSIONAL,Representation.ENGLISH,0_L_fcpc5,"Imagine there are six people: Autumn, Brooke, Chad, Daniel, Erin and Frank. They have the following relationships to each other:;;;;",;;Here is how to figure out the answer to the following question:;;Who is Chad's enemy's friend?;;;;Here are the steps to arrive at the answer:;;1. Chad's enemy = Brooke;;2. Brooke's friend = Chad;;;;So the answer is Chad;;;;Now answer the following question:;;Who is Autumn's child's parent's child's friend?,Autumn's child's parent's child's friend,Brooke,Autumn;;Brooke;;Chad;;Daniel;;Erin;;Frank,Autumn's enemy = Daniel  Autumn's friend = Chad   Daniel's parent = Chad   Autumn's child = Erin   ;;Brooke's enemy = Chad    Brooke's friend = Erin   Erin's parent = Autumn   Brooke's child = Frank  ;;Chad's enemy = Brooke    Chad's friend = Autumn   Frank's parent = Brooke  Chad's child = Daniel   ;;Daniel's enemy = Autumn  Daniel's friend = Frank  ;;Erin's enemy = Frank     Erin's friend = Brooke   ;;Frank's enemy = Erin     Frank's friend = Daniel  
5,L,SemanticApproach.EXTENSIONAL,Representation.ENGLISH,0_L_fpee0,"Imagine there are six people: Autumn, Brooke, Chad, Daniel, Erin and Frank. They have the following relationships to each other:;;;;",;;Here is how to figure out the answer to the following question:;;Who is Chad's enemy's friend?;;;;Here are the steps to arrive at the answer:;;1. Chad's enemy = Brooke;;2. Brooke's friend = Chad;;;;So the answer is Chad;;;;Now answer the following question:;;Who is Daniel's enemy's enemy's parent's friend?,Daniel's enemy's enemy's parent's friend,Autumn,Autumn;;Brooke;;Chad;;Daniel;;Erin;;Frank,Autumn's enemy = Daniel  Autumn's friend = Chad   Daniel's parent = Chad   Autumn's child = Erin   ;;Brooke's enemy = Chad    Brooke's friend = Erin   Erin's parent = Autumn   Brooke's child = Frank  ;;Chad's enemy = Brooke    Chad's friend = Autumn   Frank's parent = Brooke  Chad's child = Daniel   ;;Daniel's enemy = Autumn  Daniel's friend = Frank  ;;Erin's enemy = Frank     Erin's friend = Brooke   ;;Frank's enemy = Erin     Frank's friend = Daniel  
5,L,SemanticApproach.EXTENSIONAL,Representation.ENGLISH,0_L_eeee0,"Imagine there are six people: Autumn, Brooke, Chad, Daniel, Erin and Frank. They have the following relationships to each other:;;;;",;;Here is how to figure out the answer to the following question:;;Who is Chad's enemy's friend?;;;;Here are the steps to arrive at the answer:;;1. Chad's enemy = Brooke;;2. Brooke's friend = Chad;;;;So the answer is Chad;;;;Now answer the following question:;;Who is Daniel's enemy's enemy's enemy's enemy?,Daniel's enemy's enemy's enemy's enemy,Daniel,Autumn;;Brooke;;Chad;;Daniel;;Erin;;Frank,Autumn's enemy = Daniel  Autumn's friend = Chad   Daniel's parent = Chad   Autumn's child = Erin   ;;Brooke's enemy = Chad    Brooke's friend = Erin   Erin's parent = Autumn   Brooke's child = Frank  ;;Chad's enemy = Brooke    Chad's friend = Autumn   Frank's parent = Brooke  Chad's child = Daniel   ;;Daniel's enemy = Autumn  Daniel's friend = Frank  ;;Erin's enemy = Frank     Erin's friend = Brooke   ;;Frank's enemy = Erin     Frank's friend = Daniel  
5,L,SemanticApproach.EXTENSIONAL,Representation.ENGLISH,0_L_feff1,"Imagine there are six people: Autumn, Brooke, Chad, Daniel, Erin and Frank. They have the following relationships to each other:;;;;",;;Here is how to figure out the answer to the following question:;;Who is Chad's enemy's friend?;;;;Here are the steps to arrive at the answer:;;1. Chad's enemy = Brooke;;2. Brooke's friend = Chad;;;;So the answer is Chad;;;;Now answer the following question:;;Who is Brooke's friend's friend's enemy's friend?,Brooke's friend's friend's enemy's friend,Autumn,Autumn;;Brooke;;Chad;;Daniel;;Erin;;Frank,Autumn's enemy = Daniel  Autumn's friend = Chad   Daniel's parent = Chad   Autumn's child = Erin   ;;Brooke's enemy = Chad    Brooke's friend = Erin   Erin's parent = Autumn   Brooke's child = Frank  ;;Chad's enemy = Brooke    Chad's friend = Autumn   Frank's parent = Brooke  Chad's child = Daniel   ;;Daniel's enemy = Autumn  Daniel's friend = Frank  ;;Erin's enemy = Frank     Erin's friend = Brooke   ;;Frank's enemy = Erin     Frank's friend = Daniel  
5,L,SemanticApproach.EXTENSIONAL,Representation.ENGLISH,0_L_pecf4,"Imagine there are six people: Autumn, Brooke, Chad, Daniel, Erin and Frank. They have the following relationships to each other:;;;;",;;Here is how to figure out the answer to the following question:;;Who is Chad's enemy's friend?;;;;Here are the steps to arrive at the answer:;;1. Chad's enemy = Brooke;;2. Brooke's friend = Chad;;;;So the answer is Chad;;;;Now answer the following question:;;Who is Erin's friend's child's enemy's parent?,Erin's friend's child's enemy's parent,Autumn,Autumn;;Brooke;;Chad;;Daniel;;Erin;;Frank,Autumn's enemy = Daniel  Autumn's friend = Chad   Daniel's parent = Chad   Autumn's child = Erin   ;;Brooke's enemy = Chad    Brooke's friend = Erin   Erin's parent = Autumn   Brooke's child = Frank  ;;Chad's enemy = Brooke    Chad's friend = Autumn   Frank's parent = Brooke  Chad's child = Daniel   ;;Daniel's enemy = Autumn  Daniel's friend = Frank  ;;Erin's enemy = Frank     Erin's friend = Brooke   ;;Frank's enemy = Erin     Frank's friend = Daniel  
5,L,SemanticApproach.EXTENSIONAL,Representation.ENGLISH,0_L_ecee5,"Imagine there are six people: Autumn, Brooke, Chad, Daniel, Erin and Frank. They have the following relationships to each other:;;;;",;;Here is how to figure out the answer to the following question:;;Who is Chad's enemy's friend?;;;;Here are the steps to arrive at the answer:;;1. Chad's enemy = Brooke;;2. Brooke's friend = Chad;;;;So the answer is Chad;;;;Now answer the following question:;;Who is Autumn's enemy's enemy's child's enemy?,Autumn's enemy's enemy's child's enemy,Frank,Autumn;;Brooke;;Chad;;Daniel;;Erin;;Frank,Autumn's enemy = Daniel  Autumn's friend = Chad   Daniel's parent = Chad   Autumn's child = Erin   ;;Brooke's enemy = Chad    Brooke's friend = Erin   Erin's parent = Autumn   Brooke's child = Frank  ;;Chad's enemy = Brooke    Chad's friend = Autumn   Frank's parent = Brooke  Chad's child = Daniel   ;;Daniel's enemy = Autumn  Daniel's friend = Frank  ;;Erin's enemy = Frank     Erin's friend = Brooke   ;;Frank's enemy = Erin     Frank's friend = Daniel  
5,L,SemanticApproach.EXTENSIONAL,Representation.ENGLISH,0_L_pffe5,"Imagine there are six people: Autumn, Brooke, Chad, Daniel, Erin and Frank. They have the following relationships to each other:;;;;",;;Here is how to figure out the answer to the following question:;;Who is Chad's enemy's friend?;;;;Here are the steps to arrive at the answer:;;1. Chad's enemy = Brooke;;2. Brooke's friend = Chad;;;;So the answer is Chad;;;;Now answer the following question:;;Who is Autumn's enemy's friend's friend's parent?,Autumn's enemy's friend's friend's parent,Chad,Autumn;;Brooke;;Chad;;Daniel;;Erin;;Frank,Autumn's enemy = Daniel  Autumn's friend = Chad   Daniel's parent = Chad   Autumn's child = Erin   ;;Brooke's enemy = Chad    Brooke's friend = Erin   Erin's parent = Autumn   Brooke's child = Frank  ;;Chad's enemy = Brooke    Chad's friend = Autumn   Frank's parent = Brooke  Chad's child = Daniel   ;;Daniel's enemy = Autumn  Daniel's friend = Frank  ;;Erin's enemy = Frank     Erin's friend = Brooke   ;;Frank's enemy = Erin     Frank's friend = Daniel  
5,L,SemanticApproach.EXTENSIONAL,Representation.ENGLISH,0_L_effc3,"Imagine there are six people: Autumn, Brooke, Chad, Daniel, Erin and Frank. They have the following relationships to each other:;;;;",;;Here is how to figure out the answer to the following question:;;Who is Chad's enemy's friend?;;;;Here are the steps to arrive at the answer:;;1. Chad's enemy = Brooke;;2. Brooke's friend = Chad;;;;So the answer is Chad;;;;Now answer the following question:;;Who is Chad's child's friend's friend's enemy?,Chad's child's friend's friend's enemy,Autumn,Autumn;;Brooke;;Chad;;Daniel;;Erin;;Frank,Autumn's enemy = Daniel  Autumn's friend = Chad   Daniel's parent = Chad   Autumn's child = Erin   ;;Brooke's enemy = Chad    Brooke's friend = Erin   Erin's parent = Autumn   Brooke's child = Frank  ;;Chad's enemy = Brooke    Chad's friend = Autumn   Frank's parent = Brooke  Chad's child = Daniel   ;;Daniel's enemy = Autumn  Daniel's friend = Frank  ;;Erin's enemy = Frank     Erin's friend = Brooke   ;;Frank's enemy = Erin     Frank's friend = Daniel  
5,L,SemanticApproach.EXTENSIONAL,Representation.ENGLISH,0_L_pcef4,"Imagine there are six people: Autumn, Brooke, Chad, Daniel, Erin and Frank. They have the following relationships to each other:;;;;",;;Here is how to figure out the answer to the following question:;;Who is Chad's enemy's friend?;;;;Here are the steps to arrive at the answer:;;1. Chad's enemy = Brooke;;2. Brooke's friend = Chad;;;;So the answer is Chad;;;;Now answer the following question:;;Who is Erin's friend's enemy's child's parent?,Erin's friend's enemy's child's parent,Chad,Autumn;;Brooke;;Chad;;Daniel;;Erin;;Frank,Autumn's enemy = Daniel  Autumn's friend = Chad   Daniel's parent = Chad   Autumn's child = Erin   ;;Brooke's enemy = Chad    Brooke's friend = Erin   Erin's parent = Autumn   Brooke's child = Frank  ;;Chad's enemy = Brooke    Chad's friend = Autumn   Frank's parent = Brooke  Chad's child = Daniel   ;;Daniel's enemy = Autumn  Daniel's friend = Frank  ;;Erin's enemy = Frank     Erin's friend = Brooke   ;;Frank's enemy = Erin     Frank's friend = Daniel  
5,L,SemanticApproach.EXTENSIONAL,Representation.ENGLISH,0_L_cpfc3,"Imagine there are six people: Autumn, Brooke, Chad, Daniel, Erin and Frank. They have the following relationships to each other:;;;;",;;Here is how to figure out the answer to the following question:;;Who is Chad's enemy's friend?;;;;Here are the steps to arrive at the answer:;;1. Chad's enemy = Brooke;;2. Brooke's friend = Chad;;;;So the answer is Chad;;;;Now answer the following question:;;Who is Chad's child's friend's parent's child?,Chad's child's friend's parent's child,Frank,Autumn;;Brooke;;Chad;;Daniel;;Erin;;Frank,Autumn's enemy = Daniel  Autumn's friend = Chad   Daniel's parent = Chad   Autumn's child = Erin   ;;Brooke's enemy = Chad    Brooke's friend = Erin   Erin's parent = Autumn   Brooke's child = Frank  ;;Chad's enemy = Brooke    Chad's friend = Autumn   Frank's parent = Brooke  Chad's child = Daniel   ;;Daniel's enemy = Autumn  Daniel's friend = Frank  ;;Erin's enemy = Frank     Erin's friend = Brooke   ;;Frank's enemy = Erin     Frank's friend = Daniel  
5,L,SemanticApproach.EXTENSIONAL,Representation.ENGLISH,0_L_cefc5,"Imagine there are six people: Autumn, Brooke, Chad, Daniel, Erin and Frank. They have the following relationships to each other:;;;;",;;Here is how to figure out the answer to the following question:;;Who is Chad's enemy's friend?;;;;Here are the steps to arrive at the answer:;;1. Chad's enemy = Brooke;;2. Brooke's friend = Chad;;;;So the answer is Chad;;;;Now answer the following question:;;Who is Autumn's child's friend's enemy's child?,Autumn's child's friend's enemy's child,Daniel,Autumn;;Brooke;;Chad;;Daniel;;Erin;;Frank,Autumn's enemy = Daniel  Autumn's friend = Chad   Daniel's parent = Chad   Autumn's child = Erin   ;;Brooke's enemy = Chad    Brooke's friend = Erin   Erin's parent = Autumn   Brooke's child = Frank  ;;Chad's enemy = Brooke    Chad's friend = Autumn   Frank's parent = Brooke  Chad's child = Daniel   ;;Daniel's enemy = Autumn  Daniel's friend = Frank  ;;Erin's enemy = Frank     Erin's friend = Brooke   ;;Frank's enemy = Erin     Frank's friend = Daniel  
5,L,SemanticApproach.EXTENSIONAL,Representation.ENGLISH,0_L_ffcf4,"Imagine there are six people: Autumn, Brooke, Chad, Daniel, Erin and Frank. They have the following relationships to each other:;;;;",;;Here is how to figure out the answer to the following question:;;Who is Chad's enemy's friend?;;;;Here are the steps to arrive at the answer:;;1. Chad's enemy = Brooke;;2. Brooke's friend = Chad;;;;So the answer is Chad;;;;Now answer the following question:;;Who is Erin's friend's child's friend's friend?,Erin's friend's child's friend's friend,Frank,Autumn;;Brooke;;Chad;;Daniel;;Erin;;Frank,Autumn's enemy = Daniel  Autumn's friend = Chad   Daniel's parent = Chad   Autumn's child = Erin   ;;Brooke's enemy = Chad    Brooke's friend = Erin   Erin's parent = Autumn   Brooke's child = Frank  ;;Chad's enemy = Brooke    Chad's friend = Autumn   Frank's parent = Brooke  Chad's child = Daniel   ;;Daniel's enemy = Autumn  Daniel's friend = Frank  ;;Erin's enemy = Frank     Erin's friend = Brooke   ;;Frank's enemy = Erin     Frank's friend = Daniel  
5,L,SemanticApproach.EXTENSIONAL,Representation.ENGLISH,0_L_pepf1,"Imagine there are six people: Autumn, Brooke, Chad, Daniel, Erin and Frank. They have the following relationships to each other:;;;;",;;Here is how to figure out the answer to the following question:;;Who is Chad's enemy's friend?;;;;Here are the steps to arrive at the answer:;;1. Chad's enemy = Brooke;;2. Brooke's friend = Chad;;;;So the answer is Chad;;;;Now answer the following question:;;Who is Brooke's friend's parent's enemy's parent?,Brooke's friend's parent's enemy's parent,Chad,Autumn;;Brooke;;Chad;;Daniel;;Erin;;Frank,Autumn's enemy = Daniel  Autumn's friend = Chad   Daniel's parent = Chad   Autumn's child = Erin   ;;Brooke's enemy = Chad    Brooke's friend = Erin   Erin's parent = Autumn   Brooke's child = Frank  ;;Chad's enemy = Brooke    Chad's friend = Autumn   Frank's parent = Brooke  Chad's child = Daniel   ;;Daniel's enemy = Autumn  Daniel's friend = Frank  ;;Erin's enemy = Frank     Erin's friend = Brooke   ;;Frank's enemy = Erin     Frank's friend = Daniel  
5,L,SemanticApproach.EXTENSIONAL,Representation.ENGLISH,0_L_epff4,"Imagine there are six people: Autumn, Brooke, Chad, Daniel, Erin and Frank. They have the following relationships to each other:;;;;",;;Here is how to figure out the answer to the following question:;;Who is Chad's enemy's friend?;;;;Here are the steps to arrive at the answer:;;1. Chad's enemy = Brooke;;2. Brooke's friend = Chad;;;;So the answer is Chad;;;;Now answer the following question:;;Who is Erin's friend's friend's parent's enemy?,Erin's friend's friend's parent's enemy,Daniel,Autumn;;Brooke;;Chad;;Daniel;;Erin;;Frank,Autumn's enemy = Daniel  Autumn's friend = Chad   Daniel's parent = Chad   Autumn's child = Erin   ;;Brooke's enemy = Chad    Brooke's friend = Erin   Erin's parent = Autumn   Brooke's child = Frank  ;;Chad's enemy = Brooke    Chad's friend = Autumn   Frank's parent = Brooke  Chad's child = Daniel   ;;Daniel's enemy = Autumn  Daniel's friend = Frank  ;;Erin's enemy = Frank     Erin's friend = Brooke   ;;Frank's enemy = Erin     Frank's friend = Daniel  
5,L,SemanticApproach.EXTENSIONAL,Representation.ENGLISH,0_L_cpef0,"Imagine there are six people: Autumn, Brooke, Chad, Daniel, Erin and Frank. They have the following relationships to each other:;;;;",;;Here is how to figure out the answer to the following question:;;Who is Chad's enemy's friend?;;;;Here are the steps to arrive at the answer:;;1. Chad's enemy = Brooke;;2. Brooke's friend = Chad;;;;So the answer is Chad;;;;Now answer the following question:;;Who is Daniel's friend's enemy's parent's child?,Daniel's friend's enemy's parent's child,Erin,Autumn;;Brooke;;Chad;;Daniel;;Erin;;Frank,Autumn's enemy = Daniel  Autumn's friend = Chad   Daniel's parent = Chad   Autumn's child = Erin   ;;Brooke's enemy = Chad    Brooke's friend = Erin   Erin's parent = Autumn   Brooke's child = Frank  ;;Chad's enemy = Brooke    Chad's friend = Autumn   Frank's parent = Brooke  Chad's child = Daniel   ;;Daniel's enemy = Autumn  Daniel's friend = Frank  ;;Erin's enemy = Frank     Erin's friend = Brooke   ;;Frank's enemy = Erin     Frank's friend = Daniel  
5,L,SemanticApproach.EXTENSIONAL,Representation.ENGLISH,0_L_epff2,"Imagine there are six people: Autumn, Brooke, Chad, Daniel, Erin and Frank. They have the following relationships to each other:;;;;",;;Here is how to figure out the answer to the following question:;;Who is Chad's enemy's friend?;;;;Here are the steps to arrive at the answer:;;1. Chad's enemy = Brooke;;2. Brooke's friend = Chad;;;;So the answer is Chad;;;;Now answer the following question:;;Who is Frank's friend's friend's parent's enemy?,Frank's friend's friend's parent's enemy,Chad,Autumn;;Brooke;;Chad;;Daniel;;Erin;;Frank,Autumn's enemy = Daniel  Autumn's friend = Chad   Daniel's parent = Chad   Autumn's child = Erin   ;;Brooke's enemy = Chad    Brooke's friend = Erin   Erin's parent = Autumn   Brooke's child = Frank  ;;Chad's enemy = Brooke    Chad's friend = Autumn   Frank's parent = Brooke  Chad's child = Daniel   ;;Daniel's enemy = Autumn  Daniel's friend = Frank  ;;Erin's enemy = Frank     Erin's friend = Brooke   ;;Frank's enemy = Erin     Frank's friend = Daniel  
5,L,SemanticApproach.EXTENSIONAL,Representation.ENGLISH,0_L_efec5,"Imagine there are six people: Autumn, Brooke, Chad, Daniel, Erin and Frank. They have the following relationships to each other:;;;;",;;Here is how to figure out the answer to the following question:;;Who is Chad's enemy's friend?;;;;Here are the steps to arrive at the answer:;;1. Chad's enemy = Brooke;;2. Brooke's friend = Chad;;;;So the answer is Chad;;;;Now answer the following question:;;Who is Autumn's child's enemy's friend's enemy?,Autumn's child's enemy's friend's enemy,Autumn,Autumn;;Brooke;;Chad;;Daniel;;Erin;;Frank,Autumn's enemy = Daniel  Autumn's friend = Chad   Daniel's parent = Chad   Autumn's child = Erin   ;;Brooke's enemy = Chad    Brooke's friend = Erin   Erin's parent = Autumn   Brooke's child = Frank  ;;Chad's enemy = Brooke    Chad's friend = Autumn   Frank's parent = Brooke  Chad's child = Daniel   ;;Daniel's enemy = Autumn  Daniel's friend = Frank  ;;Erin's enemy = Frank     Erin's friend = Brooke   ;;Frank's enemy = Erin     Frank's friend = Daniel  
5,L,SemanticApproach.EXTENSIONAL,Representation.ENGLISH,0_L_efcf4,"Imagine there are six people: Autumn, Brooke, Chad, Daniel, Erin and Frank. They have the following relationships to each other:;;;;",;;Here is how to figure out the answer to the following question:;;Who is Chad's enemy's friend?;;;;Here are the steps to arrive at the answer:;;1. Chad's enemy = Brooke;;2. Brooke's friend = Chad;;;;So the answer is Chad;;;;Now answer the following question:;;Who is Erin's friend's child's friend's enemy?,Erin's friend's child's friend's enemy,Autumn,Autumn;;Brooke;;Chad;;Daniel;;Erin;;Frank,Autumn's enemy = Daniel  Autumn's friend = Chad   Daniel's parent = Chad   Autumn's child = Erin   ;;Brooke's enemy = Chad    Brooke's friend = Erin   Erin's parent = Autumn   Brooke's child = Frank  ;;Chad's enemy = Brooke    Chad's friend = Autumn   Frank's parent = Brooke  Chad's child = Daniel   ;;Daniel's enemy = Autumn  Daniel's friend = Frank  ;;Erin's enemy = Frank     Erin's friend = Brooke   ;;Frank's enemy = Erin     Frank's friend = Daniel  
